crash_record_id,weather_condition,lighting_condition,roadway_surface_cond,prim_contributory_cause,total_vehicles,avg_driver_age,total_people,total_injured
15cf7cb4632f3558b0a1ab66dcf0d59619d97355af197e4ab0ae8ed1413fe3fd9d708bb27591e22f0df4109ee179245f172960c6649bd737768e9937145f501c,CLEAR,DAWN,DRY,EQUIPMENT - VEHICLE CONDITION,4.0,22.0,1.0,1.0
15cf874b0f4b341c74b5af8fc05cbb0d5d427fa966e8277afff6154bf5bd22805874b28fe309e5fb712e740315c86c13227dd3446f702fcc88ccd078b59ffbd0,RAIN,DARKNESS,WET,FAILING TO REDUCE SPEED TO AVOID CRASH,2.0,44.0,3.0,3.0
15cf9161117d4147848358a81f675c880f340de443dfb572ca6460eee62e1eabe4388984a3ec6213a442662b3a9f9ee36c616419556fa9f056922f86c85e10fe,CLEAR,DAYLIGHT,DRY,IMPROPER BACKING,2.0,34.0,4.0,4.0
15cfad66c20203770b16c2a0666c1199ea3f87456a327c0f6928d52b63965531599161d67594b191c504779de9604daeb3e418dbb4e6747f2bc080f39d7f0623,CLEAR,DAYLIGHT,DRY,FAILING TO YIELD RIGHT-OF-WAY,2.0,56.0,2.0,2.0
15cfb49f47e71783c28f3239dbb4991c4bba8cb9cd92bc6fde5b4a310d07319d1379d35191489816957c0596563946db226f96d5e9dd80eaab2c6144c12f6233,CLEAR,DAYLIGHT,DRY,DISTRACTION - FROM INSIDE VEHICLE,2.0,33.5,2.0,2.0
15cfcb93234519100705de6e8f247292cf4575a407ced943ca8fd754b190ddb373778b10e01bdca8c53b497d3516d5074cd6751b9bcbaac001fd6269a46fb119,CLOUDY/OVERCAST,"DARKNESS, LIGHTED ROAD",WET,DISREGARDING STOP SIGN,2.0,50.5,2.0,2.0
15cfd2e420584cd62b7c275f710573aae80f6a066e0953313e7c4d0279430fd47ac22c26225df708f094deb6799917b84d740228369264a9c6357a9f3fdd840b,RAIN,DAYLIGHT,WET,FAILING TO REDUCE SPEED TO AVOID CRASH,2.0,27.5,2.0,2.0
15d010f8552379dfc934a7450aadbd21bd0ad90aea0b6844d4e6e23fadaa9ebc3f980cfa013237ac6d43f251f5d4f581499278cc828f63ef46a0174e9ff96f6a,CLEAR,DAYLIGHT,DRY,RELATED TO BUS STOP,2.0,40.0,2.0,2.0
15d0134c56f1b0c1913dccb32dc59d9a1c8fc6732505565bbe577cd79ce93500edff69d32b19be507a0966a6debfbd60fa72809a05a3232b374c17221cbae165,CLEAR,DAYLIGHT,DRY,DISTRACTION - FROM INSIDE VEHICLE,2.0,62.0,2.0,2.0
15d03b68bc35ba9702ee1f378c38ae30782b86b3294e21603faf94835156224d09709dabb8c51f836c4d5dae9088bc468863ae10673347f636b91647a98a29a4,SNOW,DAYLIGHT,SNOW OR SLUSH,WEATHER,2.0,50.0,2.0,2.0
15d09d3cb60dd83084b72cd0cc8b2295eed484a90cb00ffe61b31b94ef49a98d4941d3892cf52143ba14f832776363b9de5dc2f6c533b4c7d73696d6f54d467f,CLEAR,DAYLIGHT,UNKNOWN,IMPROPER OVERTAKING/PASSING,2.0,37.5,1.0,1.0
15d0c808919957d907f52875e16d2af09ba59d1a4d2aac799d6b5f0f0f1757acdf6f84c7358ce40614b1adb1a4b7a4ba0662addb4024bb3730676be6a5be510f,SNOW,DAYLIGHT,SNOW OR SLUSH,DISREGARDING TRAFFIC SIGNALS,2.0,41.5,2.0,2.0
15d0ca11a54e276c6dc5b9740eea1565138679307a5d6e948b924d0fc284df6d4959d6e6367318ab4863d5eea09ffc4e669e365ba494d9234850259591a45805,CLEAR,DAWN,SNOW OR SLUSH,WEATHER,2.0,52.0,2.0,2.0
15d0d576d8bf42abaddbd0f1e713967eefc04f970439903dfacce2cb351d43d0b7579da133441cbe668f112dea75ca689479204213e9d6f6e05e2b125dc5e572,CLEAR,DAYLIGHT,DRY,DRIVING SKILLS/KNOWLEDGE/EXPERIENCE,2.0,38.5,2.0,2.0
15d0ebbbcfbaf6336fdbc11f7cdfd80cadc2b48ff867cdf0260dd8a423af84cf4c64fac081425e2a738ad8aa05df12e01917a5fe81d65d0e9f968c56d307b685,RAIN,DAYLIGHT,WET,DISREGARDING STOP SIGN,2.0,68.0,2.0,2.0
15d0ff9c237649c2ef5558e78ce179bbfcd736bb3f65d7d668f1859625e2f7bd6975b0796a1ffc530af3ff199c8c9556c10a050d61ddffc03c17e6dd9972eeb6,CLEAR,DAYLIGHT,DRY,FAILING TO YIELD RIGHT-OF-WAY,1.0,37.25,4.0,4.0
15d10dc49b16db2bef421d9759658412eb83e6dc94f16e53bdbd933cca1fc91a04a49a7b25bd42f7d1a6c66897e7e17f711237dde17e24d0613e4786af03939b,CLEAR,DAYLIGHT,DRY,DISREGARDING STOP SIGN,2.0,48.5,2.0,2.0
15d148544d100d03331fc71a15da19f00f3fa0fa55a26ce6cff9558d0457144cc61f4d94615799e6d183ebb90745f45c5b00dd48f6245c7bcff51ed7a39f04e5,CLEAR,DAYLIGHT,DRY,IMPROPER BACKING,2.0,60.0,1.0,1.0
15d14e52c8d36a18a72647c3318c69e1524bc991866b467a64b443bc2a3bba6bd3a3dbd2d62b46b5e8f4e08c71eddde0db2f06ecac6ab2044babda6663cb37f5,CLEAR,"DARKNESS, LIGHTED ROAD",DRY,FAILING TO REDUCE SPEED TO AVOID CRASH,2.0,36.0,2.0,2.0
15d15a0aefbed7339d8ec10e1512bd5cdadf46b50aac4e748ad4125059cfbb327174be8aced302c97be0d97da8fee451ac115ac10be6c2a14cf806ef6274fedb,CLEAR,DAYLIGHT,DRY,FAILING TO YIELD RIGHT-OF-WAY,1.0,52.333333333333336,3.0,3.0
15d16ddd55286d6c9933469bac6c9878b71b6cd5cf345fe855bd5107306b6c7f140950fc9365a308698e257d838c6b65ae661097abac1e808d4b24dc7179fd33,CLEAR,DAYLIGHT,DRY,FOLLOWING TOO CLOSELY,2.0,46.0,2.0,2.0
15d17d71a5e483dcca012ecca482ca4cc961d6c5adf45b88d35cb95cfeb84ebd87eb3c4fa0585aa8fae2ebc79d01bea626ac039f664e8cf0f9b5589a80e3766e,CLEAR,DAYLIGHT,DRY,"VISION OBSCURED (SIGNS, TREE LIMBS, BUILDINGS, ETC.)",2.0,54.0,2.0,2.0
15d180235be0537c5c2ebabbe5d40ce81d19714abff18d50747dba5b77887f85bf74193ec7c736a6ca9b8a12785c1e6ce26f2a13e0c6e1c2305ae0975cac1855,CLEAR,DAYLIGHT,UNKNOWN,IMPROPER BACKING,2.0,56.0,1.0,1.0
15d18dad7e1c59ed9edeeeafe00c5880d94ac60784d5d75d6a87ad93ee9fe71ba126e5a12b5e97199cb3b01da13eae850a414a4d819a51d988c21368b55c71f8,CLEAR,DAYLIGHT,DRY,FAILING TO YIELD RIGHT-OF-WAY,1.0,21.0,2.0,2.0
15d1cf3b9ad14421d2383c597c44f75dbd6f45f2eb3d5c03e3c81dc312c13184f8f0702a3b8f210449a374e85a75625a14f65b205890b0ed09eb7e38decd1e0c,CLEAR,DAYLIGHT,DRY,FAILING TO YIELD RIGHT-OF-WAY,1.0,37.0,3.0,3.0
15d1d1dabf2e8c3700dcfe041b47cd58f2ef1ba8542a2f0c3cac2017f97b07c7060b4873e06a5cfbe99e2d79991802c092967cf60cd776954f9be7c4c6ce96f1,RAIN,"DARKNESS, LIGHTED ROAD",WET,DISREGARDING ROAD MARKINGS,3.0,22.0,1.0,1.0
15d1fe0dceb6df402c08a10d49e7f731b7baeb6b5d02eb2d841045aff6dc2d57e04ca8f57e5c9f31e265904179e866112c7328191f414966dc91f7e4ab0fcc47,RAIN,DAYLIGHT,WET,FAILING TO YIELD RIGHT-OF-WAY,2.0,44.333333333333336,3.0,3.0
15d22aa0e04c96cb720128263857885e1e93a898323e523326fb2aa2c2927c23d33668186c31c7892904afd1fbf13116c744efa6d6b4e3cb3436b4cc5fae8ffd,CLEAR,DAYLIGHT,DRY,IMPROPER BACKING,2.0,37.5,1.0,1.0
15d22c0da1e4e04edd5cad43dcc7b65ff61a78090bd8198b9c34ded64c151b7ccb51303710834d4b865280220929d4da6c205dffa32c3ed42eae64a0e708fb51,CLEAR,UNKNOWN,DRY,IMPROPER LANE USAGE,2.0,41.0,2.0,2.0
15d2542c13a959469c45610c37fbef7a5f94051c94b920cdd3ba0e4d78a7d36135caa35ab70a525ba500ebdc242baf68d4b3efc5ce07d24750a6916c3b659ae2,CLEAR,DAWN,DRY,DISTRACTION - FROM INSIDE VEHICLE,2.0,51.5,2.0,2.0
15d292079bf9bbc0f8114c4bebaf1257b6b0b1f4fe46e5b2a34586e76894ca68834d540ad0115f7f7b79f6a0815dd83700f0b69c7aee8c954d1e04ef5ecf2cfe,CLEAR,DAYLIGHT,DRY,"VISION OBSCURED (SIGNS, TREE LIMBS, BUILDINGS, ETC.)",2.0,58.5,2.0,2.0
15d2ae65c6bc4323e5252a0ba3546f5b4e6a2415c0cae9583bac812131da6e3d01668f14dcdb25efc3c85961dc8f246c7330a2295bd59a7ba2f5827a6315f963,CLEAR,DAYLIGHT,DRY,DRIVING SKILLS/KNOWLEDGE/EXPERIENCE,2.0,37.5,1.0,1.0
15d2c690621984ac561de03c12162e89368af74381a8ac551d483c0f76c14df2dd938fc8d365002c3080724629e45595c6b2784cc630054ff07b1ebe5e18bffe,CLEAR,DAYLIGHT,DRY,DRIVING SKILLS/KNOWLEDGE/EXPERIENCE,2.0,25.0,1.0,1.0
15d2e0020d90c840baef772aefaaea850cff756919d804f234b2bcabd1742dcc26120dcbad77444413946a136e4f02794c658148ccaae565eab96c11e20dc9c9,CLEAR,"DARKNESS, LIGHTED ROAD",DRY,DRIVING ON WRONG SIDE/WRONG WAY,1.0,30.0,2.0,2.0
15d2e0addfc44f20a35344ff56855efb8788f905f3d5e314b93f68279cf10c80eb8c27a5dead1a9b9cabe83740b42a94cb62d7702361c1ff48bf2fe7f0cc0aea,CLEAR,DAYLIGHT,DRY,IMPROPER LANE USAGE,2.0,58.5,2.0,2.0
15d2e85d428aecc1d639ee8c23d00841a1cd78aa6140bf7c4b8b61baf38446407260b1224c5e0335f1c32b7ed46e122051d3c7fd22c69a382a07c89923614566,CLEAR,DAYLIGHT,DRY,FAILING TO YIELD RIGHT-OF-WAY,2.0,45.0,2.0,2.0
15d2ef4f69642c99397026088a58e6fd32b520f105d484ca9bb738d34b829d855b848e9924c8d8808cca65646d6dead93f9c5f9f97a91d96503b7bcdebd13ad3,CLEAR,"DARKNESS, LIGHTED ROAD",DRY,FAILING TO YIELD RIGHT-OF-WAY,2.0,55.0,2.0,2.0
15d2f883d316feeddc13552d9307aee23e398302555de6490df1d2084a74666f9b3a520091fc5cb2ee21b28bae50fd3a229f638a0802e45b56cbb525fc84254e,CLEAR,DAYLIGHT,DRY,DRIVING SKILLS/KNOWLEDGE/EXPERIENCE,2.0,50.0,2.0,2.0
15d31081dba4e31ba4dff050d199f5a9bb9189b0a7903b4ee1ddc526ee57f29cb613f59ca4b75eefbe56d6840f0b6e180a49ee528ce496a4cd926ea0c65517f5,CLEAR,"DARKNESS, LIGHTED ROAD",DRY,IMPROPER OVERTAKING/PASSING,3.0,24.0,3.0,3.0
15d322e6d6d495b96d4cc2129b23bac1c9308bf6aebbcbba7caa3fe7637034a81aecf0b98f946e4180ffef6f82eb7ed83e237d0cc2a2fb2d1bc59e189d5cc2db,CLEAR,DAYLIGHT,DRY,IMPROPER OVERTAKING/PASSING,2.0,64.0,2.0,2.0
15d32d9d95054a4d61886933c215bc26f5741eeafd26fec1c91f89709caaf1dbc8da01ba5cb855c052dcc011ea912f1921a6ac1cd23712ad1ad4cb26e2439626,RAIN,DAYLIGHT,WET,FAILING TO REDUCE SPEED TO AVOID CRASH,2.0,36.0,2.0,2.0
15d32e9eee33c746896cd3fe8aad0d682851af4b39f0705dea306cd1ca41a7124d6b5a2ec457e158f9990bd8a7002e2105cfcb7f1c3f6cb0ab69ee7cb3987814,CLEAR,DAYLIGHT,DRY,FAILING TO YIELD RIGHT-OF-WAY,2.0,10.666666666666666,3.0,3.0
15d36153ea5ec6b13e46a94dbc7a13a7a07a898ad0adbd9d8977fc2ba577cd7186ead7167c202ea9a891ec4ed70856fd9ffcc19d99623ccc30c8b8be6ccc6e01,CLEAR,DAYLIGHT,DRY,FOLLOWING TOO CLOSELY,2.0,23.0,1.0,1.0
15d38d2d5d7b9eb24de4a20f921360c0ef231e5246e28a3e9ecf0c5a1615394ac7ce899f1e6e2cd5ea80f4d8bfec6a23bc7c6860d35537cc33564323c171cec8,CLEAR,DAYLIGHT,DRY,IMPROPER OVERTAKING/PASSING,2.0,48.0,2.0,2.0
15d3a22d180c613be983a9f49c34232683e27f971373e32c3dcc04dcfe7ce9ce8d06ab997ea8e7f5dfe063b60f0e64ce9240d1d79cf213069c3760bc530e9e55,RAIN,DAYLIGHT,WET,WEATHER,3.0,37.5,1.0,0.0
15d3a2620227ebf79db4b6442f32ff6f5064718fa3553f9461ce475f8d266e98efa111bc6a93c64bf552350580a1b9f6107008c2ff729bfe61cb2f2baf4775c5,CLEAR,DAYLIGHT,DRY,FOLLOWING TOO CLOSELY,2.0,46.5,2.0,2.0
15d3cb90b8cec9e6424aadadba51515869049a0c0ac79d7880d5195c9be8506aeb9e61aff3f38082826ff300337f00ecca9fa9a35340e28dd4fce1bf88ff7fff,CLEAR,DAYLIGHT,DRY,FAILING TO YIELD RIGHT-OF-WAY,2.0,51.333333333333336,3.0,3.0
15d3f120991d8fa7e425281057a24503b25246c26605c0e6c840c56ebe301db4a76e8ad0bb9bcb9c72b68384bf6b679a0934c9485436fef322af8fdbf07576f4,CLEAR,DAYLIGHT,DRY,FOLLOWING TOO CLOSELY,2.0,49.5,2.0,2.0
15d3fea62b933109e279e868fc9d52f6ac05e95d3ef2f656b203ea36ee6081ae33098d477fca262e6bb85cb3cab7f29a753b3e01bd84e2e38c4c89069a87562e,CLEAR,DAYLIGHT,DRY,FAILING TO YIELD RIGHT-OF-WAY,2.0,37.25,4.0,4.0
15d4074ecaf36614760ffafb38df96118e71f7c636ef5858129f615ab0a56085a39ae5e70d562e777b6be3925ec34284cb8fe847bdf1fb048937c83f5e1c2bb5,CLEAR,DAYLIGHT,DRY,FOLLOWING TOO CLOSELY,2.0,45.0,2.0,2.0
15d41c552fb4e6f4871cfa8ed812dfb6196811a5433a96635e44ecc62ae1d5459f71ab5f917fb7da522ed815fd5fe8299b7b7e8fea202264e25ac1a27983191e,CLEAR,DUSK,DRY,FAILING TO YIELD RIGHT-OF-WAY,2.0,33.25,4.0,4.0
15d42db99566cf41ed092bec5122f79ba44fbd305ad56a0241c3f3d706308e9151b6fd85ff212b4c3b3ffd3c2a40ab6fd67eaf649349ece9597af5f73fcef69f,CLEAR,DAYLIGHT,UNKNOWN,FOLLOWING TOO CLOSELY,2.0,35.0,2.0,2.0
15d451cc28501f3f400ede20b6accd87facce02a615e1eebc9f0969d5ce3a09f111169da928ef838c532d5bbb38b40af0bfd147dc9828c334ca6f08e419e10f1,CLEAR,DAYLIGHT,DRY,DISREGARDING TRAFFIC SIGNALS,2.0,31.5,2.0,2.0
15d46c82d87ec2923fabe89c9abd940b6fe6cce6d383660f7ce518121439fd0f4d3f06f51e413ebb803e4f0e656304c4dd41992935fc5c2ab35a606e0ad18324,CLEAR,DAYLIGHT,DRY,IMPROPER BACKING,2.0,33.5,2.0,2.0
15d48dc808e4e837c5ca958f1145e82c78b3b2c4d19b18389ea28ce9336ba9ff1778fe2678d01f01788739fae052df57ea185b2dce4e363c1bcce5dc016f4cbd,CLEAR,DAYLIGHT,DRY,IMPROPER TURNING/NO SIGNAL,2.0,23.25,4.0,4.0
15d4954474e9b86e19d4aa0039f3cc7347be88d952ba9a7b6fea85c95e051874f60ca2458ca4a2a07a6113d7847a659ff9fd232f92aaa45b89b766129c204726,CLEAR,DAYLIGHT,DRY,FAILING TO YIELD RIGHT-OF-WAY,2.0,44.0,2.0,2.0
15d49d319ebf93550b3942f6bfe74ea34a1c91613e2b03fa428bdaa849676b038256afb8df008a780ddfc1dcb4963a87721cd7b0f90cb05b4be6f710d4a9ce2e,CLEAR,DAYLIGHT,DRY,FOLLOWING TOO CLOSELY,2.0,45.0,3.0,3.0
15d4bf3c73d887164e26a208a79103d3d80319cd2d9674ccfdbbadbabd6854bfd37fd8e5b7ad4c0a05773a9de691aac7c82939922091c33529ce5bc844e4f053,CLEAR,DAYLIGHT,DRY,FAILING TO YIELD RIGHT-OF-WAY,4.0,38.0,4.0,4.0
15d4c942748c46f69fb8e427a779debef89ef90be75e3746996ec3831802427b53e7b1bd0d4a24225e4794f1e807c2914e4a70757f696d1c0efb605e2d1e4006,CLEAR,DAYLIGHT,DRY,IMPROPER OVERTAKING/PASSING,2.0,63.5,2.0,2.0
15d4d1eeaf69d9c3beb2c1c02b523ed26fc9cd12432e76ce865ad9bf0d5bb5e713fcdc38eeb9bdfe93e80e79b04f5b32488b8a0db959d3456b8d5c5650f9936e,CLEAR,DAYLIGHT,DRY,FOLLOWING TOO CLOSELY,2.0,27.0,2.0,2.0
15d4d26e6a6ad6dfa81afbf4ed1645af79b58cc49621deb14368b6156f1c41ae88e2ab0c21f66ef4ccd73d689d1a7f437a4c2f73f2c571d1d52442f4916dc648,CLEAR,DAYLIGHT,DRY,FOLLOWING TOO CLOSELY,2.0,34.0,2.0,2.0
15d500682523205d9a0d9f1f840ef9f0900ac91cc567fb95d4cd9d34f19faa92e358732aa715dc514f95dc8fd74f8c0192962d6e68008f3593a4702e5bd713e8,CLEAR,UNKNOWN,UNKNOWN,FAILING TO YIELD RIGHT-OF-WAY,2.0,41.5,2.0,2.0
15d50097b7e4414a114361de6435b8e9663d8deada653ee550f76e1c6437911528bb25681ef9e56fc7f85968b9f7c1ed42eeb1ba397eaa9adaf11551ec3a7e30,RAIN,DAYLIGHT,WET,FOLLOWING TOO CLOSELY,2.0,44.5,2.0,2.0
15d517d5ec7b991ef08dbd73810fbd462da381ed82360bc98fee9a3015389345577ac6564e147bc9724ba29c399356960be892c832799098a36883c11275e213,CLEAR,DAYLIGHT,DRY,FAILING TO YIELD RIGHT-OF-WAY,2.0,48.5,2.0,2.0
15d5792147d9bc9cd6b3cbb264363f493ee0efafc64fb375a2b8b05f3e58e17bf8fa67fed0e01d8c0fcf5754e8c41e4c8cb8502bc265e11f5ae1d0da05c5c723,CLEAR,DAYLIGHT,DRY,CELL PHONE USE OTHER THAN TEXTING,2.0,21.0,1.0,1.0
15d5a88a890e8e22d8dfdc07f3e6da91383bc544e087b6fd99b132fd8e649404556a6bfc8959ccaffbc0ce5c5d1c82af5064e8ffa513d98b21f3ceca50289722,CLEAR,"DARKNESS, LIGHTED ROAD",DRY,FAILING TO YIELD RIGHT-OF-WAY,2.0,34.5,2.0,2.0
15d5a8fda5d573ccbe838cb851dbb19a429f76e60d0fa4de426a2be964069851d98c86f918b2d274401b3815b4ecaf8ad1c493d19f9dc2138c101f78b3fb4bc5,SNOW,DAYLIGHT,WET,OBSTRUCTED CROSSWALKS,1.0,38.0,2.0,2.0
15d5de3e5d989109fc352da5c48c6f6c736fd4125ab3c8d19466f6a61f3ba41130c42bdcc0ae08b5bc85b236d33641113dde7bfbda82de808acb959593ec67ba,CLEAR,"DARKNESS, LIGHTED ROAD",DRY,FOLLOWING TOO CLOSELY,2.0,28.0,2.0,2.0
15d5e5c9cf6510a86bc04ebd61e19f889af9d41f46099caf73be9fc281dd3a9105819a6347f078f7af92fe8de2c0b05fed08f1afb42271d969d472ad3df97884,CLEAR,"DARKNESS, LIGHTED ROAD",DRY,TEXTING,2.0,26.0,1.0,1.0
15d5f6e25281dc73365d508c2ff06d63561c5bd0360ead8007577a97f989f21b000dcb2046d9eb03c9c34cacbfb3d9824f1ebd33298ae314303a00be0aa90cb2,CLEAR,DAYLIGHT,DRY,FOLLOWING TOO CLOSELY,2.0,35.0,2.0,2.0
15d5fcf1d6adc370d312666e67a508a4e39f0509e1cdbd0077f44bdec20e887ef26fed27209481d1a5d0a898fba6f35fcabaf9ada9be3d8c6fc48eee48b1338b,CLEAR,"DARKNESS, LIGHTED ROAD",DRY,FOLLOWING TOO CLOSELY,2.0,33.0,2.0,2.0
15d61b19c489441c40e36ab5a7ed936a38e2878c9cbd8ed51c581cd5e1991acd71a09e6126608d6384bf3dfa0b1db3b634b450dfbf8b0654b00d74d4c3d26a04,SNOW,DAYLIGHT,SNOW OR SLUSH,WEATHER,2.0,48.5,2.0,2.0
15d66a7a8c1def438e4e9c4ebf4eb5ddc05fcfd60c6298c7922e4d39d49b3ff5e8586c4edea1264cb1322f3a9678a1e0c0f5fa7fa4c037f8876ce7dcfb46c535,CLEAR,"DARKNESS, LIGHTED ROAD",DRY,DRIVING SKILLS/KNOWLEDGE/EXPERIENCE,1.0,17.5,2.0,2.0
15d684d9c92f508c75463381ba48a5b87b025c69ca87ac3efd52e852229ead10ecb973ab12392118d1cf93066ce8013a6a8091f60f2699f5df5455ef78e75b90,CLEAR,DAYLIGHT,DRY,FAILING TO REDUCE SPEED TO AVOID CRASH,2.0,37.5,2.0,2.0
15d6bafbab4c57febcdb27a469440d4a5d8d311976dcb687f991be583d1251ff055dcf141f8d53c160fe71b04fab568f991fdfec5474c727e44622797b6e03d9,CLEAR,DAYLIGHT,SNOW OR SLUSH,FOLLOWING TOO CLOSELY,2.0,41.5,2.0,2.0
15d6cd87d60793c7271a844e24af38f65e72c8f15f14e775026d6d0ae94a7300319bce8a295883586b294d1015e18b3d358cf5e376fb260b2e39500d70ed26d5,CLEAR,DAYLIGHT,DRY,FAILING TO YIELD RIGHT-OF-WAY,2.0,39.5,3.0,3.0
15d6db9d889edbf639e72422c34a25a4f6effe39531920ab38c07f7ef9b6cff391b4eafba6cb5abd0ff367216c7ea71d863edf1b827c25fb94392503cb06053a,CLEAR,DAYLIGHT,DRY,IMPROPER OVERTAKING/PASSING,2.0,30.5,2.0,2.0
15d6deb3f884d6a8fef92324e1050fb659a20478ee9a5ed56a225908301fd29de1c627d06c662d344c92ac6dc8758c426a83a0da815b6c19432d0aa83376b380,CLEAR,"DARKNESS, LIGHTED ROAD",DRY,IMPROPER OVERTAKING/PASSING,2.0,25.5,6.0,6.0
15d7036338d4876b477edcf07d0287371119f3262da84fe3148801b0297e2db7cae0eb42b853562be2b10105e597a3e51d793e47962fbea9566cdea264c96ce5,CLEAR,DAYLIGHT,DRY,FAILING TO YIELD RIGHT-OF-WAY,2.0,51.5,2.0,2.0
15d7318a6b8e42e5ad189a0e9b61d4769b33ad044218d47b6f410eb9621537014dbc0e29ed6f3dfde5a130432f5e66ae85e9c739ef7708e2b5856e8628ebc07b,CLOUDY/OVERCAST,DAYLIGHT,DRY,FAILING TO YIELD RIGHT-OF-WAY,2.0,16.5,5.0,5.0
15d738b7650097b4709382f3256cd27ad1fff4d4fe454b496d02937b434e8adbbdf9f259c62d453e9e124a2ddc2b9e38e96f27256c7ff4ddabaa26f2dd3b9ed3,CLEAR,DAYLIGHT,DRY,FAILING TO YIELD RIGHT-OF-WAY,1.0,32.0,2.0,2.0
15d774ac17d31b26ea364ce82aec98f6e533f709cb35bd2e459c34540efa156cccbb2d9dbf324a4ac92e99c1c6cf633fc15b0198bd93f4721c57108bcc1dda63,CLEAR,"DARKNESS, LIGHTED ROAD",DRY,IMPROPER OVERTAKING/PASSING,2.0,37.5,2.0,2.0
15d778ecce0f1d1a40f0aa7862f5e51cb45efad4be8064d91d68128c5dc09cc2c8ac0b47edeeaf93f1c463f1c76cc174959d48f5b8acb52c36174f7f5fb52554,CLEAR,DAYLIGHT,DRY,FOLLOWING TOO CLOSELY,2.0,37.5,2.0,2.0
15d77bad4143411939d999183788ccef2cac4c93c0c81dc962c63936827eb76efda8675354afd470c663766d5c43a20be173f8976d2b0188515534501579a7ad,CLEAR,DAYLIGHT,DRY,DRIVING SKILLS/KNOWLEDGE/EXPERIENCE,3.0,40.0,2.0,2.0
15d787e03cdd4823130a0b8c06256ad4c3a86af18dea7255d8c50ad983ec84d3eff072e9da581e54420c40bb7004f1ffebaf6e3d0cbb1edfcd0dd3099166453a,CLEAR,DAYLIGHT,DRY,IMPROPER BACKING,2.0,37.5,3.0,3.0
15d7a65041d85167357f5120507abbad3f85cbae7f411bc6ce8cd98a47c0c9b4faae0f7db71b2077e0d0686aa2a744b23803205accaff467c8f7f615bb8f7f2e,CLEAR,DAYLIGHT,DRY,IMPROPER LANE USAGE,2.0,46.0,2.0,2.0
15d7d71b169275d824466c7c0a6463968ebff14757fefe31ba61f4842bef2ab8a0b11871294d7050673e159ea3721c52594190eaaf3a4c1dd9ce30e24feb2256,CLEAR,DARKNESS,DRY,IMPROPER LANE USAGE,2.0,57.0,1.0,1.0
15d7deedcf9fcbf78afaeaff73cdf33d4651715f92051598e649ac7990d0c8c37c78e337e87324c26bf2d98da5d1d954a415419589aa0c51d1a75527537be211,RAIN,DAYLIGHT,WET,FAILING TO REDUCE SPEED TO AVOID CRASH,1.0,42.0,4.0,4.0
15d7f45339cbb6a88bc9b172d590d7aefd12aab9852e6f1b5e8f62eeb900cc1b234993e6317de17bb3bd7b4a91ccae05dc8ca93527a0fcbd257d6ddf5f4b0ac3,CLEAR,"DARKNESS, LIGHTED ROAD",DRY,FAILING TO REDUCE SPEED TO AVOID CRASH,2.0,23.0,1.0,1.0
15d8167aa04cc70cd55cc7f2c00af483e0883669b28c66d1862867f6fa6e55c7d1f3fa248cab67977a30e8ec5840cb8e5cd9fc8abe7b4e2b9c8203349d18dca6,CLEAR,DAYLIGHT,UNKNOWN,IMPROPER TURNING/NO SIGNAL,2.0,41.0,2.0,2.0
15d8227206f91232cf7db653676fcae9c32be74dcc6131006183a72637cd30423550e27e14d2478ae0f1d6c1fe163f78b96f3c2bae1ba77156fa2c8f0bed76cb,CLEAR,"DARKNESS, LIGHTED ROAD",DRY,FAILING TO YIELD RIGHT-OF-WAY,2.0,53.5,3.0,3.0
15d825be789909c87a487dd05d26f1446b6346aae3c47e182c533f311ef1b8bbb87a37e2137af1ebce66b3361f4aea5e237008c6e3bb43cfe3ae543cef06d75d,CLOUDY/OVERCAST,DAYLIGHT,DRY,IMPROPER LANE USAGE,2.0,66.0,2.0,2.0
15d83fed8651d9d0cc6b7463c5780e6e6a94d8844060e0f675ba20a056d076adbd7b98350dc781bd95605f02a5cb32f77487432a4cbf0b53f96cb6b71eb64072,CLEAR,"DARKNESS, LIGHTED ROAD",DRY,FAILING TO REDUCE SPEED TO AVOID CRASH,1.0,43.0,1.0,1.0
15d85a4b22ccf7cff6b33eeb21fb4f0267c7472f3b7d5b9795a4a4a91b9fca62dab1ffedcd7eee616ec5d7df76e481e8ebab2fa58d494d016d7a019609dcbf50,CLEAR,DAYLIGHT,DRY,DRIVING SKILLS/KNOWLEDGE/EXPERIENCE,2.0,46.0,2.0,2.0
15d85b131a7278c7b91a65483a8c073a6216f685d1b01aae1f39bb558c9c1c1ee9ba892878ffe7b2f0835919c60bf0ee161cc61c561fb0df6c480761728fe116,RAIN,"DARKNESS, LIGHTED ROAD",WET,WEATHER,2.0,52.0,1.0,1.0
15d8b469805ddb3ec11098688a7bae7bf3f58ff0f3c6a4c1df1524da2ad5d33c4f2c7b54914adc3890de8949f56448e7972e0e8ba5caedd770e59a4160dbae55,CLEAR,DAYLIGHT,DRY,DRIVING SKILLS/KNOWLEDGE/EXPERIENCE,2.0,56.5,2.0,2.0
15d8df7178caf282f0e015655ba275c920e846a2afce03237e728ea0f19c75a054af3bc3f275094fd44c592161366e26bc9c9e26ab40eae06f8a563f28538e61,UNKNOWN,UNKNOWN,UNKNOWN,DRIVING SKILLS/KNOWLEDGE/EXPERIENCE,2.0,37.5,1.0,1.0
15d9289a906f41c200a6bbba646010d8d26b6af36d26fcf7e17d4e0959eb0bec5044866eecba432fe02c50fece0d4a3e94b7a8315003b412cd5a71adc6daaa7e,CLEAR,"DARKNESS, LIGHTED ROAD",DRY,IMPROPER OVERTAKING/PASSING,2.0,28.0,4.0,4.0