crash_record_id,weather_condition,lighting_condition,roadway_surface_cond,prim_contributory_cause,total_vehicles,avg_driver_age,total_people,total_injured
15d948a0960f79db13d94761eba3e52ece0f641e69030ebb99912cdc391b32c35426b3d7af2bfd6014ba481dfb911cdcb3437bd71eee63c329dc22b7ea16a73d,CLEAR,DAYLIGHT,DRY,IMPROPER LANE USAGE,2.0,37.5,1.0,1.0
15d96f0bb25eb5687480c4345efefdce82264924e4c59549921b2b293a5716076102aa885b23ea81bb4e576a9830ab5c1f8d2b0d276bb1e3b29c3433fe226a3b,CLEAR,"DARKNESS, LIGHTED ROAD",DRY,DISREGARDING TRAFFIC SIGNALS,1.0,37.0,2.0,2.0
15d970673c3631e51e4bdf915deed318947883ae14b32ede31b8cb713ce77396884faac257eb3a1dd253c30a0434c7e0a771b1e7f2980fc51711d18713f635c4,CLEAR,"DARKNESS, LIGHTED ROAD",DRY,FAILING TO YIELD RIGHT-OF-WAY,2.0,38.5,3.0,3.0
15d98a436feb90ee5bbd6314bb7db28dee14dfac4d71332f2b7b7719bfa6e137b605b5ae3cafdb0de6aba7ace7d8a3a2e8c945c377840146421c9c5191892e2e,CLEAR,DAYLIGHT,DRY,DRIVING SKILLS/KNOWLEDGE/EXPERIENCE,2.0,29.5,2.0,2.0
15d994fad715893aa2a5f0ad1cf85104ce070b8d6d30a94fb8c0206df3215c6f87ca4c5ffc6eb87833ac20df0ae6dafec4e84984d61c5fb746bdbfcac8777a6e,SNOW,DARKNESS,SNOW OR SLUSH,FAILING TO REDUCE SPEED TO AVOID CRASH,2.0,25.5,3.0,3.0
15d9cc3f46b85ba905bd863da95e204341c776cb185b759efe28e92b5d0189336b70daed32609ade50d2efac35205413a15d23a24e8b9b3649bf6c96a70fa58b,CLEAR,DAYLIGHT,WET,IMPROPER LANE USAGE,2.0,29.0,3.0,3.0
15d9cfc73e3b016c8107a14da55a4745f829dfdeb8b7bff727652d60e5c50dd3f1b44899ccb98b250f52871f9a3b042ba44d79739a9669ca96b0dd680377d38e,OTHER,DAYLIGHT,OTHER,DRIVING SKILLS/KNOWLEDGE/EXPERIENCE,2.0,31.75,4.0,4.0
15d9d60494a8e27fc972896f2c981e8773e81b4902db5a91bb511164005ec2ffb77935017796c4450ccd08c35a09b2be34a2a52160ed2afaf2837cee1a797cfd,CLEAR,DAYLIGHT,DRY,IMPROPER BACKING,2.0,74.0,2.0,2.0
15d9e2b13af555d10b03c5e32baac5f916758e559387e0e7172b35ef832da9449f8582e3c9e631c839a497e9f184c76773ac3ffe276cbd8852c1dc82b8fb6bd9,CLEAR,DAYLIGHT,DRY,IMPROPER BACKING,2.0,56.0,3.0,3.0
15d9f01c4e204550914591e4bf58cadeac4740b7ab5c3b2b2b713b1202168781896915a5644a016b8065b37db07c44ecd94e502878b01db8e58f6856b6e023bf,CLEAR,DAYLIGHT,DRY,IMPROPER LANE USAGE,2.0,28.5,2.0,2.0
15da11ef9a0794c9ab81de41c165889464ab32b2d0ef85228e48238d1bd2aa4294f6877aa6f9bec966df07a2b89a5c32d6a8f93d28c90b6a94b6266e2e6af36f,SNOW,"DARKNESS, LIGHTED ROAD",SNOW OR SLUSH,IMPROPER BACKING,2.0,37.5,1.0,1.0
15da1f352d7c0db3b6802ed48746ad1053987d33a1264388bd8e975475c4d2d27c676b88e5fff6ab7b62ec11cc096042541913ff6de7fc512139b7e4736a4555,CLEAR,DAYLIGHT,DRY,IMPROPER TURNING/NO SIGNAL,2.0,29.5,2.0,2.0
15da307a299e2f01899a771bee1251f756342b089f7df0e05baacbc3c9b8a737e9149cd0d7da7759078c87e2a5dee296739da796cbf53b56283c7386bf4bb145,CLEAR,DAYLIGHT,DRY,FOLLOWING TOO CLOSELY,2.0,37.5,4.0,4.0
15da558c5d8bff6b1759d526ccd91de3593f5dcc11151ad8cd9cf25e29914c47f746c5c2d87b65a3cc0e58334010836f1fa834e4e6ea1992f5fe2314b3c0e23e,UNKNOWN,UNKNOWN,UNKNOWN,DRIVING SKILLS/KNOWLEDGE/EXPERIENCE,2.0,37.5,3.0,3.0
15da59603b570ee21e1821a33ddd257064f436e2108fdd8d021eef7cc59a6216bc9a89b9efe3fa1a21022e38070412f4a67e9b236678706e1df3094ca3b80633,CLEAR,"DARKNESS, LIGHTED ROAD",DRY,UNDER THE INFLUENCE OF ALCOHOL/DRUGS (USE WHEN ARREST IS EFFECTED),1.0,62.0,1.0,1.0
15da72f24d5d4dea928552afb4875f59ea6c31e505a461a367dc9c5d77944930feccc114766e37d0ac622223956645eec0ed7f4107f559f3520785e19b8c382b,CLEAR,DAYLIGHT,DRY,IMPROPER LANE USAGE,2.0,78.0,2.0,2.0
15da9d420768b9c69205b34bee1530426109df0ba03d7d5e3613517abd481ad0f2ef85ed4819fe722b43147ca5742d0fdb6610d86d9aa21bde76ec1c2f90338c,CLEAR,DAWN,DRY,FAILING TO YIELD RIGHT-OF-WAY,2.0,25.0,3.0,3.0
15dab8d4359c73923601a6bde7f5565b73a8aeb7875cbfabc3aae46316a84e3ee5d94554abc36de9b11af479bad65df896853e7d8e2fd3001361064213c5b8a7,CLEAR,DAYLIGHT,DRY,FAILING TO YIELD RIGHT-OF-WAY,2.0,45.0,2.0,2.0
15dabed65c95f32f73dfdb6f3bd177b044db84d382bfc8685ec5b4f337fdfcbec1c8a21bfaf41145919091ae664a6817ff2eb583586774e71f4ea811114c1e1b,CLOUDY/OVERCAST,"DARKNESS, LIGHTED ROAD",OTHER,DRIVING SKILLS/KNOWLEDGE/EXPERIENCE,2.0,46.0,2.0,2.0
15dac2007531bd0f8272435350c1907bbff07eaaadce142f65b3aafcd8b49206295ff8f7cffb808555679f41d55f03a1ffceb210a231fc243014ae48089d7d63,CLEAR,"DARKNESS, LIGHTED ROAD",DRY,DISREGARDING STOP SIGN,2.0,41.0,3.0,3.0
15dae7a46c0e5e3413365bb9fe18f7ac46e2dbb9cd91e7f8263fd9c28a47f64a65b6451819c935c7788b6718d3cb58315d0e44e5f0008ffa1bd63e12ef59313b,CLEAR,DAYLIGHT,DRY,FAILING TO YIELD RIGHT-OF-WAY,2.0,78.0,2.0,2.0
15db0fbb4bd59ff0048c2c1db05adefffe7aa40caab200b37abc96c3bbd1bb2aad5cb330e8be3b36f42cae794ec943e2afc59c9047f7f6fba95b2a9d4ba7be32,SNOW,DAYLIGHT,ICE,FAILING TO REDUCE SPEED TO AVOID CRASH,2.0,43.5,2.0,2.0
15db2f0f4ea7b9abe33a91fd2a68751aeca7545b8b76712d214a6b188432478159804f68a82c9e9ed2bd9f97ee278f60da93243f41159e3f49a4e7313a9fc2a0,SNOW,DAYLIGHT,SNOW OR SLUSH,FOLLOWING TOO CLOSELY,2.0,56.0,2.0,2.0
15db4789b97cb26f34afed71951cb24a782f8b272c918f37f68a0f6cf0d0cd69059ab0b4367121e0b91f1b90efb793d13b5226ad7f61ee0faa9e558b6a310f44,SNOW,DAYLIGHT,SNOW OR SLUSH,DRIVING SKILLS/KNOWLEDGE/EXPERIENCE,2.0,33.0,2.0,2.0
15db4c9dcc4aea4b02d2dac18c7d34f6e81406ec25196c2dc04183e9f48c0e2181307170b3e7fe2c8a82e474d2f0d2fc267aeb2bb144d7c03456602b578394bf,CLEAR,DAYLIGHT,DRY,FOLLOWING TOO CLOSELY,2.0,34.0,4.0,4.0
15db578d327a27c551bbf09450b64482c4ecc5b13beb789e4a503a2ae77a03f2f07cd920841f6c989f9bda0889c02216ec0b6ca3f6ba9fe2e8b67430c3c9a948,CLEAR,DAYLIGHT,DRY,DISREGARDING OTHER TRAFFIC SIGNS,2.0,53.0,2.0,2.0
15db793489ea941213699de3f5ad5da9880ea930e8a89861e46eb8b47aa52f5d4ff535b31facd3958896669eaf2c1a42a9e78fe9bbe132cc372d07c16fcee9d4,UNKNOWN,DAYLIGHT,UNKNOWN,ROAD ENGINEERING/SURFACE/MARKING DEFECTS,1.0,42.0,1.0,1.0
15db7ffd1ac4dc464b7c68e9d3099f9eb83b41229230d3c43723e7eb6487db68ecf077c4c7df80e0278f1aed1cb7148309aaf8647f37b8bf12ee256aa225c6df,CLEAR,"DARKNESS, LIGHTED ROAD",DRY,IMPROPER OVERTAKING/PASSING,2.0,19.666666666666668,4.0,4.0
15dba4d9d15237acd69558fd5fbfb30a3261577b89ed10eb24e473cd2912c9578fcf6aecdd952a960e061856c82cb9979ab0bf527906a82949dfd1179b9a6906,CLEAR,DARKNESS,DRY,IMPROPER BACKING,2.0,37.5,5.0,5.0
15dbb0cab45190f4b0dc6e36e3bf1de0f13b45430b42f35cc65a9853b9eb341375406e34f8ebca3a5aa93d3834560473871e4c569351915d6586d38700b12a93,RAIN,"DARKNESS, LIGHTED ROAD",WET,DISREGARDING TRAFFIC SIGNALS,2.0,41.5,4.0,4.0
15dbc6c8ab2288479cb19e9bca7cff5ed1eb96e7304abca81880000cb6551d96714f4c5bac6fbc358d15a98e965392e0456c970c4ed63c2d73784d0f00a30f9b,CLEAR,"DARKNESS, LIGHTED ROAD",DRY,IMPROPER LANE USAGE,2.0,31.5,2.0,2.0
15dbdf2d6e4d5534c1703eebdecd7ed73077829fc65ea279c5013d53cc46e8107b5622b63ac12cd2538d1d98794e701148244cbadf59291773733c4eec6a82ca,CLEAR,DAYLIGHT,WET,FOLLOWING TOO CLOSELY,2.0,55.0,2.0,2.0
15dbe18e766f5717636850f08509433e7eb03ce0424b48a92aabcac7bff48a805158fd4cb3a9c8d7ccb22a009412af22d36b2a0451f632342e341c006a96b6c4,CLEAR,DAYLIGHT,DRY,IMPROPER BACKING,2.0,27.5,2.0,2.0
15dbfecb0a1f017b9201a78e5c198232c849061e72b95e37d5da23fb532fcf6315c9c399fe8ba6db29058568e628da4e799994804c9db6803ea241ef3c3ff1a5,CLEAR,"DARKNESS, LIGHTED ROAD",DRY,IMPROPER TURNING/NO SIGNAL,2.0,40.5,2.0,2.0
15dc0fd4dec9eddf5af6c80312de0ccc6d47dd188bece697b94c34b96fdcf687ed492636e23c74ac72f261685552a6674d43cac658e902c8049a410d0123b871,CLEAR,DAYLIGHT,DRY,IMPROPER LANE USAGE,2.0,66.0,2.0,2.0
15dc3024dfe75652c96c35591e9f2e78a3f93a8fe5bc59f528e1254b12fe52c149c50e729948dd359e3a89f017119def976ea906060ec5bba6b339d45d6111d8,CLEAR,DAWN,DRY,IMPROPER BACKING,2.0,37.5,1.0,1.0
15dc3fce143efa19c00cac6fd4e1937dd9d0b860888b708deac3af2d0a666759ca8deb2ac0e9c5236089e73b72edd0b3721073434eb1cb73915f99a2c9da494f,CLEAR,"DARKNESS, LIGHTED ROAD",DRY,FAILING TO REDUCE SPEED TO AVOID CRASH,2.0,33.0,2.0,2.0
15dc43c917dc3cb9ab25582ff2637327e7e68fb283f9bb055a3fcb0a9b6a5b303dc054e3c9a4ba619cbee0e1c67ae297ee303874d9a2132e96632e856e367b4e,CLEAR,"DARKNESS, LIGHTED ROAD",SNOW OR SLUSH,IMPROPER BACKING,2.0,37.5,1.0,1.0
15dc4aade084e5598e18ea4cdb880dff9c240fed3f91890bb2d080c35e791ba25822a88d1efce4f37c43e71b364d3bc1cce029887acb92193154cf2fdc46b36a,CLEAR,DAYLIGHT,DRY,IMPROPER TURNING/NO SIGNAL,2.0,47.5,2.0,2.0
15dc63898f98c06910ce7476a60b201830dbc080283916f6d9507c7209965e958c149659dc81ebba5ca337c97aae864b391502ae4cb569ab8d5676b9b5c0ea70,CLEAR,DAYLIGHT,DRY,FOLLOWING TOO CLOSELY,2.0,49.5,4.0,4.0
15dc882626c606ad3588ac04369dcfbba3a2ceb5f8fdabbc005efee31ba0bdad19b36f840f2d9d48cbddbc48ac621bc52a25307adfe7955a8e413f3a4bb1f016,CLEAR,DARKNESS,DRY,FAILING TO YIELD RIGHT-OF-WAY,2.0,27.333333333333332,3.0,3.0
15dc9ddc48f283ffdd3e54a329b7541c9540a9df68bc75df86d23b141c149f7ba8fde22fd14837c60bd628ef731ae2b278f176eb17f0b463ff57f9956637698a,CLEAR,DAYLIGHT,DRY,FAILING TO YIELD RIGHT-OF-WAY,2.0,26.0,2.0,2.0
15dca44ae5a76cc698264239643024069905a91608808b23ae85ac5dd86a40da281f8aa419553e9773d44c385d0725a580968f4a89c637948dc53046a839120a,CLEAR,DAYLIGHT,WET,IMPROPER OVERTAKING/PASSING,2.0,26.0,2.0,2.0
15dce5eabe93a6667659f8a1b753923341c7866854d980e836b6f989428b30544ad85fa4daa18c2a0a1142d52e5ed2ce133673f2db5597c6fc4752ce5f0c2aff,CLEAR,"DARKNESS, LIGHTED ROAD",SNOW OR SLUSH,IMPROPER LANE USAGE,2.0,37.5,1.0,1.0
15dcea5d68ebf2b0b9defda72416452ebaacc0d219f490d0d39a10525c4f7f205425c9cac628ad9efadcb84ebe85d0136f69be7e02fa61bd86e0e9cf77ac167c,CLEAR,DAYLIGHT,DRY,IMPROPER OVERTAKING/PASSING,2.0,22.0,2.0,2.0
15dcf5c3b2a647f77c65a24df0f99eeb8e140c0090dfb62d3587c4bf359254508069913488b4d8fc988e597dafb07543aa087c2b0a6cdcf933a8bc08f33c108d,CLEAR,"DARKNESS, LIGHTED ROAD",DRY,FAILING TO YIELD RIGHT-OF-WAY,1.0,37.5,1.0,0.0
15dcffb4d9e762531936cce1706060a4723ce15a9f24069b4043a20678cae8a21197c89d94d2e41092fa0aae82127a5ca674c31818711c82e0340d7dc2dfa551,CLEAR,DAYLIGHT,DRY,DISREGARDING TRAFFIC SIGNALS,2.0,54.0,4.0,4.0
15dd8931b6881b8071b5e2dccc941ef546725ad8c79eb0e91a115dd1bbba182989f205bd7156ec5bf46d783f06089d65c5b990e5d8a93198cfdf90354dd58bb9,CLEAR,DAYLIGHT,DRY,FAILING TO YIELD RIGHT-OF-WAY,2.0,14.333333333333334,3.0,3.0
15dd975a509179e0519fcd6b3db8f1b74372b260872c6a599bfb1a99d239126aa8d6da5a43fc35e2e1d3696366c2897e6db9deb8ba73a9e6c0dfb8c288a033cf,CLEAR,DAYLIGHT,DRY,FAILING TO YIELD RIGHT-OF-WAY,2.0,46.5,2.0,2.0
15dd9b5974cf23bfc466abe832e2ef7de4f5305f0d3cdd87e21ab5be7652498f662fd9a2ba0be90960f91f3b3908f11ec02c2884e75e6b046e5df23242e55044,CLEAR,DAYLIGHT,WET,FOLLOWING TOO CLOSELY,2.0,42.5,2.0,2.0
15ddbed4f7894de89519a39d6b07970cb1db69cfec1052854a09987ac066c1f930f3380dbee227519a864b792e17f714ac272784a250c1ef874283614dec086b,RAIN,DAYLIGHT,WET,FAILING TO YIELD RIGHT-OF-WAY,2.0,33.0,3.0,3.0
15ddef603d94ebe737955f171e217b929ef9a8c867da68906d0cdb26d5fac2f6c7af45b665fa430bf94f497ba71f7b0303b405f79ae189805edcf21fc10007e6,CLEAR,DAYLIGHT,DRY,IMPROPER BACKING,2.0,58.25,4.0,4.0
15ddefed610d20537969d264a347cfa4e7133fc08168f6e562183dfae61f766e4e217b3d83674ac4dad1e8ad62f64ca156b9d61fa721aa5cbb49ac4509671734,SNOW,DAWN,WET,DISREGARDING TRAFFIC SIGNALS,2.0,32.0,2.0,2.0
15ddf1d8c723251c7aa01a5ee4a87c01cf93a7173abb2f67158a016111e10f766405003f1788892a105124e17c7108b36391fc5d3d98520ca653f8014d06f281,CLEAR,DAYLIGHT,WET,FOLLOWING TOO CLOSELY,2.0,50.0,2.0,2.0
15de006897eb57245b961f6d203ac73a8d961f89d3a0f5618568b60586f720a85ca06d47c99e47ae521bc933213be6ba024e6ee584c179002c4846624b97275e,CLEAR,"DARKNESS, LIGHTED ROAD",DRY,PHYSICAL CONDITION OF DRIVER,4.0,22.0,1.0,1.0
15de0f498cd3f62fe9228aa45142e9e9ae9d6eed415fbce3f117129adb232f00e8ff8e5be5c6408ff88faf83a927b1e285571278e844a115e248fc22757d57c4,CLEAR,DAYLIGHT,UNKNOWN,DRIVING SKILLS/KNOWLEDGE/EXPERIENCE,2.0,29.5,2.0,2.0
15de5bacd88ab7dd89f010c9d170d03c79e5039f57fc3d07de0b812b34f30ed102ebdb6473e0ee15377b9ef67926540f51288265cfa9b46b6b067d35972f9998,CLOUDY/OVERCAST,DAYLIGHT,DRY,IMPROPER BACKING,2.0,53.0,2.0,2.0
15de89c336fa23cca106d7d734ca057c6e1e50f91161bb9b673fbc4eda6af825c15ba199a40cd6ed8c69c27884cec4a34951e8e81b81725bd967701c0c92d0ca,CLEAR,DAYLIGHT,DRY,IMPROPER BACKING,2.0,0.0,2.0,2.0
15deb1b6dff83120bed8a79a3c062a769f0da8e780e9ed71ffc7bc4f9f3d80315184345f71ee356d7bab7f1b4d86da88c25748a5c776a340df4f3236548d030c,SNOW,DAYLIGHT,SNOW OR SLUSH,WEATHER,1.0,33.0,1.0,1.0
15dee1c66a3064adc7c5e55932b3764364c07fdbb541a452af4241c866f15c7169aa370d230157ee32ba21a9f69dc284c586c0a9abfcc963fbb9cae8cde9d06f,CLEAR,DAYLIGHT,DRY,DISREGARDING TRAFFIC SIGNALS,2.0,18.0,2.0,2.0
15df1574364acc7e2a166283043cabd706bcc772e84473c3415e0d2812a91e7039bc69b0924562cc1a7727c06daea9300235b8d310ab1c61bdc6482c761c9c0c,SNOW,DAYLIGHT,SNOW OR SLUSH,FAILING TO YIELD RIGHT-OF-WAY,2.0,22.0,3.0,3.0
15df449a75adc25591b152f2fc76bf90b0efad295f000178dfb48231e268a4b71fb79f2c898fd45547dc83482d0ed27d3c7d000fff8afbf624d1b81183628a5d,CLEAR,DAYLIGHT,DRY,FAILING TO YIELD RIGHT-OF-WAY,2.0,29.0,2.0,2.0
15df521462ef7e541ca95516c90ea49381ae05311317fdb830252348c5ae0655fa886bee4e5b1923ce5dbcb5867dfa9f74c48579f37289e395652c942dad5cd8,CLEAR,DAYLIGHT,DRY,FAILING TO YIELD RIGHT-OF-WAY,2.0,37.5,2.0,2.0
15df54ce5cb3dcb2280e692aa38e2e1ed6192a64c9c8796b1eae01e3dae5fd280ee50a31073be9f6f3b446610e34aa0c51fd6217c05054d3d860bd3bb59c09fe,RAIN,DAYLIGHT,WET,FOLLOWING TOO CLOSELY,2.0,24.0,5.0,5.0
15df6351fe0a5f736e32a2f1930578a46d0b3f04d4a46230dd523906f45b170ed767ffd7d28e59cb8a14b7667625c7edfb373601cddd537a6ef9683cb8cc9862,CLEAR,DAYLIGHT,DRY,DRIVING SKILLS/KNOWLEDGE/EXPERIENCE,2.0,42.0,2.0,2.0
15df83b867dc28b47c6d7785486acfeeb27e2378e409fe9d4c25295404ac73ebf63aa012350f0ab86b458cbad3da6cde9332992f31bffe3af466d24f7b462c6e,SNOW,DAYLIGHT,WET,FOLLOWING TOO CLOSELY,2.0,44.0,2.0,2.0
15df904b3c22778f1f18d91a61b349c43d251abfa360fab59c30e0645fa7b81c614eecf639f75cee804564b0c1b6de31d82b539ca8aa887b86b848ee7ff59d43,CLOUDY/OVERCAST,DUSK,WET,DISREGARDING TRAFFIC SIGNALS,2.0,41.5,2.0,2.0
15df98e7f390d1dbfae8b9e3fa213c049dbec8a4bbcbb39a61691d14e5cfb8b309fa02be41d4c72bd5e632d0c3273c3e7e0f991c060742d1baaab60a706f3916,CLEAR,"DARKNESS, LIGHTED ROAD",DRY,"OPERATING VEHICLE IN ERRATIC, RECKLESS, CARELESS, NEGLIGENT OR AGGRESSIVE MANNER",1.0,24.0,2.0,2.0
15dfd16dc23a30d28502b902eaea7b7ca6d89fbc1f6a6e57a1f1e23fb2a767e22995550739aeb1ad99ab9a21d5b6866ea2e1924856870a3628d342ed6aafa694,CLEAR,DAYLIGHT,DRY,FAILING TO YIELD RIGHT-OF-WAY,2.0,35.0,2.0,2.0
15e02ac46cef10d15a081967b06f0c93f125cdab67c4f456afc8fc75d374a57fffad109ce09014349e07e325ece16c23e1b3c51370d5584aa5855ad2314be5ca,CLEAR,DAYLIGHT,DRY,IMPROPER TURNING/NO SIGNAL,2.0,35.0,2.0,2.0
15e031257ad29202a2355c3255ec16e2197e21e43c820dac867b9fec35685d455c32a26b545e4ae90ab1b9d7621c2ffc05ab78da53e48d157757f6580d59d800,CLEAR,DAYLIGHT,DRY,FAILING TO REDUCE SPEED TO AVOID CRASH,2.0,47.0,2.0,2.0
15e03fa99898184f55feb528b8cde58e9e72e53892d95cbdc7c07709a5df13d8f9bdc545954483c8322daee2dd24cdcbe81b5a44b25b171f76e1568d48d56c34,CLEAR,"DARKNESS, LIGHTED ROAD",DRY,FAILING TO YIELD RIGHT-OF-WAY,2.0,69.0,2.0,2.0
15e0480bfd48ecdf41f32269dd3daabe75c470c915151991481c2d288a2fb5a922cff7e560c4becfad075213973ef9221dc997e9bee4c129b7366b5ef9648adf,CLEAR,DAYLIGHT,DRY,FAILING TO REDUCE SPEED TO AVOID CRASH,4.0,21.142857142857142,8.0,8.0
15e05b45ed01488d69c8e32c205e0fcc2894ef56a388f71d0f6ca6a3ee79d5ccca1acc4ed2e83f1b18f01803062d77a739d0c2d28f5671b32ba255c2dfb50771,CLEAR,DAYLIGHT,DRY,FOLLOWING TOO CLOSELY,2.0,45.5,3.0,3.0
15e08634b9c44af81bb7081045eb7f2a6951c891122f7f458cd761265eca1fdad6c672880d35b71ca5f53231a4a10ea445fa2171354c3f52a131be76a3c0bb1f,CLEAR,DAYLIGHT,DRY,FAILING TO YIELD RIGHT-OF-WAY,2.0,29.0,3.0,3.0
15e0a02a34e1099b51b2b6bb428b7e9dae6158c0538dec4d8f9c2bbe6aeada6eba9f7adbfb3b5f492245f466551ffd4c2afd133512bbb59705fb6109e4b9b3a9,CLEAR,DAYLIGHT,DRY,FOLLOWING TOO CLOSELY,2.0,36.0,2.0,2.0
15e0b589e1f3c963f605766c7eba8eff6254e6b255fce855e3ba781393f9ffcd502ca377875ff90cdba02902dcc562bf9ab1926cb3bc9227c591baa83adb43e7,CLEAR,"DARKNESS, LIGHTED ROAD",ICE,WEATHER,2.0,32.0,2.0,2.0
15e0bda2bf29d697c041962f33d102c3ded5c21f34caa5982271989983123de0923a2c75149e984cf93d589af1d9841e1a1df7f2ce700b2c80b2c3df1b5e67cb,CLEAR,DAYLIGHT,DRY,FAILING TO YIELD RIGHT-OF-WAY,2.0,33.5,2.0,2.0
15e0d56572e6ad5d7e78969d5c4d4d4f43362f981dd7eb726a5e18b1633fc44039d1b7f037818cf75147988a3c2618efd986539976353d572b1387133908a047,CLEAR,"DARKNESS, LIGHTED ROAD",DRY,UNDER THE INFLUENCE OF ALCOHOL/DRUGS (USE WHEN ARREST IS EFFECTED),3.0,27.0,1.0,1.0
15e0d72119dcc5b33e1e5d7409989d4dd87ea01fb6137340e5d3b1b5d06c8b33a549fb78beb871b52164ddf2669e86e99ab4c58cf6aae34e32ee218bcc522600,CLEAR,DARKNESS,DRY,ROAD CONSTRUCTION/MAINTENANCE,1.0,30.0,1.0,1.0
15e10789ae083d962c33885c29c4ffd223375c512cdb1b3665ba41abd532cd2040a91da0d2c534faabcbd15fb71edc4024bb67eda60193ca7385f264c49d8a4e,CLEAR,DAYLIGHT,DRY,FAILING TO YIELD RIGHT-OF-WAY,2.0,45.666666666666664,3.0,3.0
15e10a3915afc9ab92907fc08f25e865b9d3d15a17f027f630fce3938b6bd9e3c8b8504ead1bbe2cbae6479eefba563ad362af3243ea583914b0d82ea80826cd,RAIN,"DARKNESS, LIGHTED ROAD",WET,DISREGARDING OTHER TRAFFIC SIGNS,2.0,43.0,2.0,2.0
15e12be86237c842895cec8f8a90a240ba046c49fa207b3712d035aa5f2f9a99bc87e1282749e9c324660f1aef8cc94416d47180f0b5c429620c1064e6ace3ca,CLEAR,DAYLIGHT,DRY,FAILING TO YIELD RIGHT-OF-WAY,2.0,64.0,2.0,2.0
15e132377ede6cc493e11aed88aa74f7638f657562cb101e718e6dfd31b0744b9f9ef2ef0039fc13f527fd66aec435f270df19be4ef270b50d8d3f1c1c695825,CLEAR,DAYLIGHT,DRY,DISREGARDING ROAD MARKINGS,1.0,35.0,4.0,4.0
15e145157d8dc93ffa934eb865b086b20135a478121f5d31256d6ec908c424ee8f16ed0817dbfb2d3e28057c92701baf649d6ec29c7dd79909aa97f1a7bba930,CLEAR,DAYLIGHT,DRY,IMPROPER TURNING/NO SIGNAL,2.0,31.5,2.0,2.0
15e17e2e48a336ff42cc5564e45921f7f31812be92a829300609cd4141f0e0d61e94cb6e2233de2a1123bf8bbbc61aed73039f5a11962f0aa994c8b2f4601235,CLEAR,"DARKNESS, LIGHTED ROAD",DRY,FAILING TO YIELD RIGHT-OF-WAY,2.0,42.5,2.0,2.0
15e18b5cf1a2d7e7fd6cc9ed035ce03b6da30eee8a3fbeb4f216b38f20db9acaa483f6d946620830bd397454b715edc7f83573c5d8cdd6afb5dd6775fa2a467d,CLEAR,DAYLIGHT,DRY,"VISION OBSCURED (SIGNS, TREE LIMBS, BUILDINGS, ETC.)",1.0,43.0,2.0,2.0
15e199bbc8f8aaaa8fe69d9712fb15c2d791ef0984d71865c4a1e4a2d7db13bfd4251fdb0c342c9be426a34a8d94c4c8aa2ac9592a7eddd53c63d079b270b11b,CLEAR,DAYLIGHT,DRY,FAILING TO YIELD RIGHT-OF-WAY,2.0,42.0,2.0,2.0
15e1a622da179c93e5700cc5313647d97e0d89dde8c9554b1c1a39393a953508c6b6794b9c39774997325802855b45d0229f76e3a187d173103a6a2595f09ad4,CLEAR,DAYLIGHT,DRY,"OPERATING VEHICLE IN ERRATIC, RECKLESS, CARELESS, NEGLIGENT OR AGGRESSIVE MANNER",2.0,47.0,2.0,2.0
15e1adcddce9977cc3ae1531d16405302c9ba33244b514803fc3d41356cd83363c29cc6ec1460c11d54962bf4eec5ba3d1ddbe4063c42115de3cde685058f32d,CLEAR,DAYLIGHT,DRY,IMPROPER LANE USAGE,2.0,33.666666666666664,3.0,3.0
15e1bcb3f3a317689b58f3579a38b012d740cd20ed2705273f8f0efe2eb134801c2b6391e1975069eeaa982bdc7fa3daaeaa1efcc77687d48ef1b4b0c93838c2,CLEAR,DAYLIGHT,DRY,FOLLOWING TOO CLOSELY,2.0,47.0,2.0,2.0
15e1be617a44d85a45c8f0fc990e8cd2b549d3ab2ce83c84f5d3dfda3a1c474e8d5a3b033b9a8e7b6b5d611df07cf663b09861b32df0a7d346a04d78edf9ab0d,CLEAR,DAYLIGHT,DRY,IMPROPER TURNING/NO SIGNAL,2.0,49.0,2.0,2.0
15e1c118ee496acdc61c48767e73764612b4d781823ddb4e5af1275bb1fe06128303972b715dc2e27a2f792f58214777412ab926642402b0e8b4a410cb757523,CLEAR,DAYLIGHT,DRY,FAILING TO YIELD RIGHT-OF-WAY,2.0,37.0,2.0,2.0
15e1c47830b00da9ff768ac2d3b8d96a56821d8bf99c240aa915f0903e35070171dc02dd66fa0fda47b6d532600cc112a0fef6893180ecd13613972181b901d4,CLEAR,"DARKNESS, LIGHTED ROAD",DRY,IMPROPER BACKING,2.0,23.666666666666668,5.0,5.0
15e1c6cf2ccf5474eb8c9d720769de1e54ed312f1437d23819731e91ce9a823bd729ef435001b2bc9893e2bec39659c7647f92b48e7f8d50a660943da9dd7566,CLEAR,DAYLIGHT,DRY,FAILING TO YIELD RIGHT-OF-WAY,2.0,23.0,1.0,1.0
15e1c9a42ee4ad31a1392c931c5ddb0f90e3b2e24c20c47c9814f54933375a5ce3622882b2ea44b15d5252d43dc7cddab1faf4dcdf3415b765bfe4204721b45b,CLEAR,DAYLIGHT,DRY,IMPROPER LANE USAGE,2.0,37.5,1.0,1.0
15e1d0e13f3248317eb521538a4bf4ef8701ce8bd2780aeefb2ffca619655a1b1e768ccc91370e5040df2bb17927fc3c598cd746ee06c6b6bf52b263a0ee449c,CLEAR,DAYLIGHT,DRY,IMPROPER TURNING/NO SIGNAL,2.0,46.5,2.0,2.0