crash_record_id,weather_condition,lighting_condition,roadway_surface_cond,prim_contributory_cause,total_vehicles,avg_driver_age,total_people,total_injured
15e1edf86918e24278d9cd1695f1728c47ff534e483edbba4605f3674df89033ba57730e0b81ce298fa2626be29997a8ff2eaa8f43afe9478c7027ac3bffa97d,CLEAR,DAYLIGHT,DRY,IMPROPER LANE USAGE,2.0,46.0,3.0,3.0
15e238e58abc406121700579ea11c11403df77f278146abef38cf34ca0b7a581d6dc3527ffd2fcd072083bafe4c0d3066956c727dcbcbd18522773ec246be400,CLEAR,"DARKNESS, LIGHTED ROAD",DRY,FAILING TO YIELD RIGHT-OF-WAY,2.0,35.0,4.0,4.0
15e23c2dd135a7179618c4e4f1f7dbcbe8da65c033b01817a013e5fe6d4d0d6931bcab53f2b19b25bcbca76ffd7bcc159e7f7fa30f046ff6ae8975d6b8a31ce7,RAIN,DAYLIGHT,WET,FAILING TO YIELD RIGHT-OF-WAY,2.0,25.4,6.0,6.0
15e2a469efdce93e3ca839477b9fc3414dd45961bb888fd37d43d2072484936c181666965dfc2198501fb05d47236ceecf7e98ac629ae07d82b79bb74d331938,CLEAR,DAYLIGHT,DRY,DISTRACTION - FROM OUTSIDE VEHICLE,2.0,37.5,1.0,1.0
15e2dd3c046c333bb1c545ea0da7bac95b2da107ef762583f4e13ac1b7f56895a0a648d0b43a8f03a2dcf4cebdcc1d02651fe2acd9857daf1161b4565bb28483,CLEAR,"DARKNESS, LIGHTED ROAD",DRY,FAILING TO YIELD RIGHT-OF-WAY,2.0,30.5,4.0,4.0
15e2e0597abfb4d3ac162ffb54f562d8e47eb27f5f01c5749215acee76353fbfd2c65d369a9a37aaf6e5ddd5686f61324b5b80e41f3f098e01d2bb2566f011bc,CLEAR,DAYLIGHT,DRY,FOLLOWING TOO CLOSELY,2.0,37.5,2.0,2.0
15e2e36aa09796e391c63368ed21d47b3a0ac7a06e0a26fed0b4824870fa18181ae64b1f4aefd64addd07f7a4f7a0beb757dffb47d5a8d1db0fffd3afd38ec23,CLEAR,DAYLIGHT,DRY,FOLLOWING TOO CLOSELY,2.0,41.5,2.0,2.0
15e2fd6d98b6eda3107ade707c0d6fcf19c3d86d298f70d624b5493ce1eadcfb18bcfc490a1d85ac59b1a6e1e734aa803cb8c92c508cc7699bbd998c9a8fbdfd,CLEAR,DAYLIGHT,DRY,FOLLOWING TOO CLOSELY,2.0,42.0,2.0,2.0
15e3051f446135b85fc4cb1968fe589ad382062dbb1a455502be7ba1be480330a76ad46f3a3886368aad312b9974e7fa83fb91e9989dce477ca8210693b55643,CLEAR,"DARKNESS, LIGHTED ROAD",DRY,IMPROPER LANE USAGE,2.0,44.0,2.0,2.0
15e38d9640099e8ef94fe55a0b739904b64fa6c66b257c8ec1031659e4140f9c5fc4cf7207a68e6a24539dc0a148e65e6d387fd413878b40465a82aef8c36d59,CLEAR,DAYLIGHT,DRY,FAILING TO YIELD RIGHT-OF-WAY,2.0,37.5,2.0,2.0
15e3bc166af81f96ac458d7b614706f59f2120809b003311a97e36809ade9e76a4f7244ea9975e497ec9229eb89bd08ca631c9ab7e6b99c6890cc5dbdac735f5,CLEAR,DARKNESS,DRY,"OPERATING VEHICLE IN ERRATIC, RECKLESS, CARELESS, NEGLIGENT OR AGGRESSIVE MANNER",2.0,27.0,2.0,2.0
15e3be50fe3e1ccebbce64dc4c06d61e2e880ecec332c4ade4e9edacfe92758910db71f84b9013cdea5dcf3de56e09ae3513607efd0a5a2bde07c9a5bc60f084,CLEAR,DAYLIGHT,DRY,FAILING TO YIELD RIGHT-OF-WAY,2.0,36.0,2.0,2.0
15e3c4ad6e8725b10f613d9e14a72e17c0d00a3a28d997d85358f434c35cf8443f41e49a323b06a2cbab43224c0f36e0795a6c441259ba965859ef24bf7e935f,CLOUDY/OVERCAST,DAYLIGHT,DRY,FAILING TO YIELD RIGHT-OF-WAY,2.0,34.5,2.0,2.0
15e3d2af1663e3ed28caebb5d365d7f0069f9246a5453c87a67f8171c28051a48583169b4bea1957c8307f469ca482360e859f5a8a850a69aab7a8618aa14bec,CLEAR,"DARKNESS, LIGHTED ROAD",DRY,FAILING TO YIELD RIGHT-OF-WAY,3.0,26.75,4.0,4.0
15e3d78bc5437f38057c5e39b55c14929d69f9b58afd54207327d0125030928a7df70a7d671ab6608791e88c67f92688e950faecd632d395137cab87e4a73efc,CLEAR,DAYLIGHT,DRY,FAILING TO YIELD RIGHT-OF-WAY,2.0,36.666666666666664,3.0,3.0
15e3dde049c73c116a1bd8526758c0cb8e518d04164f06872185aa19953bcf9d092bfaead654296b504cdf16b97d0140f5ae20e96bf276e154d8431ee3c9db5b,UNKNOWN,DAYLIGHT,UNKNOWN,IMPROPER TURNING/NO SIGNAL,2.0,70.0,2.0,2.0
15e3eb339699ea43dca08ade0e9b2615b3aa3fa9d881262bb910b0f069b60c2298d7d9c43f721cb0f31cf0ccab27b8ad1cd955d4b68b16e4bab7b07a3f5d49c6,CLEAR,"DARKNESS, LIGHTED ROAD",DRY,FOLLOWING TOO CLOSELY,2.0,57.5,2.0,2.0
15e3fa01dfbb24a1d2ae043d11de9368f4faaa66cef293e1b10e7fcd77174192665342e87689e9de3b29b827c174397cebe34606fa2cca04d34d25b5b74a224b,CLEAR,DAYLIGHT,DRY,FOLLOWING TOO CLOSELY,2.0,32.0,2.0,2.0
15e40110bd4bbff872cfe453139e90343530d28ce62db7d7bedd89927f08893152a99809b345a5e440d610872cfc5eb0a3ef8f14415cbf0b6c20e6e45c98f8f2,CLOUDY/OVERCAST,DARKNESS,WET,FAILING TO REDUCE SPEED TO AVOID CRASH,3.0,19.0,4.0,4.0
15e40ad89e6711dbfd2a9479495b9dfc31f623c803da358a3f5e12cfce9909a40a3eeb06f6f570899ed2df8585ddeb1ac29b6ef32b327e1303200f15fb12e877,CLEAR,"DARKNESS, LIGHTED ROAD",DRY,FOLLOWING TOO CLOSELY,2.0,69.0,2.0,2.0
15e45d2ec9b09c44a1d1fbde2f760c32b6373ee7a7ad9cab5e92ee8c9ef4f404a04fc41338ce32af7ed880a4fd0cf1327efed27b7013980035b4f4efb2f138c3,CLEAR,DAYLIGHT,DRY,FAILING TO YIELD RIGHT-OF-WAY,2.0,37.5,2.0,2.0
15e4b6dc9a943a9055f822d8e2a061809f241e4e9537e824ccdb1f42b817518ceba47ab180cb2156459fd6ef5849730cde573d7c4dc416e9c096b8fd7693385b,CLEAR,"DARKNESS, LIGHTED ROAD",DRY,FOLLOWING TOO CLOSELY,2.0,37.5,2.0,2.0
15e4e044095cb4b951834687d2c66076753b498dd625d2ba1a5164585ea2318b17d34c035873497cadad654d8c596f30d10003a707a6feb60489d48a6337b271,UNKNOWN,DAYLIGHT,UNKNOWN,FAILING TO YIELD RIGHT-OF-WAY,2.0,35.0,2.0,2.0
15e507a2bdf14c2912b57198e8d538bb71f486e67fd84fefa7ea7c3c40411f51539c5d1eae6f060cb0783c5166e28201d8b22dd90f15c8d709e4aac30cd38442,CLEAR,"DARKNESS, LIGHTED ROAD",DRY,FAILING TO YIELD RIGHT-OF-WAY,2.0,57.0,2.0,2.0
15e52cdc3d4a05d00115cdc3b5d0bebd95e2c27da7ba0edd991f7d75cd16d74424d658257cbe9343fdd500d60285d8ca4e56a6d275b8662eea8ec082c405300e,CLEAR,DAYLIGHT,UNKNOWN,IMPROPER OVERTAKING/PASSING,2.0,37.0,2.0,2.0
15e54c433a5540788f3ad36c183a3980c02d22139de0870daa6f1dba2c6037b3370f8f5c1083a76c2c02b8aa61dde66d2c93646e0018c7172643c1e0e506cc86,CLEAR,DAYLIGHT,DRY,FOLLOWING TOO CLOSELY,3.0,35.0,3.0,3.0
15e54f1c32695aafbb4a5e5a2f91909c32b25e8eaa3a0c67a61278c013c7875dd4079d087492a324450c792594651cbdf8a322e29a2628ac5330a67f5466a7b4,CLEAR,"DARKNESS, LIGHTED ROAD",OTHER,FAILING TO REDUCE SPEED TO AVOID CRASH,2.0,37.5,1.0,1.0
15e58c52f3b7f3920b4b80770626eec051757e2c7737c67011719ebdbf97d892ae27e9f82c4f9cff9c590ce0c3506818b757401dbbe22de57848220701232a4d,CLEAR,DAYLIGHT,DRY,FOLLOWING TOO CLOSELY,2.0,41.0,2.0,2.0
15e59f8ad2c5e768458ea41a5e25349da1fb24f9dba1cd07eeed319d57c8be9616a0b80894805207dc65a106721d1aa8f4f433d179cd97d0ae2f204dda512fb2,CLEAR,DAYLIGHT,UNKNOWN,FOLLOWING TOO CLOSELY,2.0,25.5,2.0,2.0
15e5a56de9e295d9256ead5351ce4572ea64cbe085d0a4ad4c99cc6cddcf7dcd13b038177624932a8fc9f7b0b8a11f19467bdfe65c053f7bc126f8c573a34a85,CLEAR,DAYLIGHT,DRY,FAILING TO YIELD RIGHT-OF-WAY,2.0,59.5,2.0,2.0
15e5b5b5a986c4911b2bdade66ab88cbcc71f668be344d2461dd6c8fb6b2979cb2ecd273b77a2c64453ebdfffea64c1936ce9d11ff95d9693129275c9177af3d,CLOUDY/OVERCAST,DAYLIGHT,DRY,FAILING TO YIELD RIGHT-OF-WAY,2.0,43.5,2.0,2.0
15e5bdf8ffca807340e1c77ffe5fefe8044d42b613c62944a14e189b931962fbd8fa195a04ecbbd44a7b439abfae01daf588c1e951f48d5c31395192efeec18f,CLEAR,"DARKNESS, LIGHTED ROAD",DRY,DRIVING SKILLS/KNOWLEDGE/EXPERIENCE,2.0,26.666666666666668,5.0,5.0
15e5c7cc62fddc9a756a22210218c733e83a759fc4965e54670750c72be149866936cb945ad08d3d553de0c87157e5f3991463135c3604dab3e3b414fb748b4e,CLEAR,DAYLIGHT,DRY,FOLLOWING TOO CLOSELY,2.0,57.0,4.0,4.0
15e5d569df0562d69714511e204f4e291302d4bc5ee69c15fd5e2aa515763ae1a33b37718eee116105c140edc4ce7e6ad4895ffef4290999c798772bf3ae7c0c,CLEAR,DAYLIGHT,DRY,"OPERATING VEHICLE IN ERRATIC, RECKLESS, CARELESS, NEGLIGENT OR AGGRESSIVE MANNER",2.0,55.0,2.0,2.0
15e5d77e9cf7dc1aff5e2dc466756a5fbf99a2366509842d98aeb6e06b21e878d252d422e6e878264aaeba0a3c36e0f97b4d4a7cc6647d8bb9efcdaccd91a2b5,CLEAR,DAYLIGHT,DRY,FOLLOWING TOO CLOSELY,2.0,62.0,2.0,2.0
15e5e3ce0647ccfca2ddd65fe20b4cfe4ad26c0f6229ea19b0becd17ea9b8ea86b0e67f461b4c01d4644a89e232d56b1ca4d69e59cb7dcb03bfef257e6d9ffa3,SNOW,DAYLIGHT,SNOW OR SLUSH,FAILING TO YIELD RIGHT-OF-WAY,2.0,37.5,1.0,1.0
15e62d256a60ce580954581943e1786734ed87923903a9ca2b90b4741663d3c321e5e488ae38d817633e9cd043cfdea81b1f6d1ad9a8e04b8449df902e649f5b,CLEAR,DAYLIGHT,DRY,FAILING TO YIELD RIGHT-OF-WAY,2.0,27.5,2.0,2.0
15e6377f9ce9f1d890bacd5825459ef9bba031db15854cab0981b4a712cd6bfb8921c0b85ad86888e80244286f86893ec51c6088b2ae06fc65007433d23d74c6,CLEAR,UNKNOWN,UNKNOWN,IMPROPER OVERTAKING/PASSING,2.0,19.0,3.0,3.0
15e67148f94e8521a59caef5b4cd7a4c8e5df5075ba406a56fcbd14daeabbf14f79acb4ad85b427adff2e86dd36b79049c5624827108141f5f969b70e8df62e8,CLEAR,DAYLIGHT,DRY,FAILING TO YIELD RIGHT-OF-WAY,2.0,37.5,3.0,3.0
15e68ff83b2d39160a61b5ddbb93599270d43115cde4f6a06c151e43d35fb8cd878053d13ed44165a5a71484d888c4357ccc8762f3261edddb1d949aaaf42889,CLEAR,DAYLIGHT,DRY,FOLLOWING TOO CLOSELY,2.0,37.0,2.0,2.0
15e69a0eaa9cf83de8faa71235e8d58af725deb77bca95e0c91072962b8f7453c4397d1b84c66375619b9ee39ab84e4866321b5f0634761b6f722f6b1bca30b9,CLEAR,DAYLIGHT,DRY,IMPROPER OVERTAKING/PASSING,2.0,43.5,2.0,2.0
15e6e2690db8c317d2a8ede92ab8d4ae8dbf14804125d1c5270ef7360d5f50f701ee1775121d442e90f3b0bdc59ab8b67e07221b0fa0fcd8c394eaaddd4dbdd0,CLEAR,DAYLIGHT,DRY,FAILING TO YIELD RIGHT-OF-WAY,2.0,55.0,2.0,2.0
15e6f53dd079d827baea9829ce66932a7a8a1b9baf3191a8d8b0933a50179d24eb75349758ad7154ac8fa549df2c48e81cae303f871ddb7212ffe3b0a54206c3,CLEAR,DAYLIGHT,DRY,FAILING TO YIELD RIGHT-OF-WAY,1.0,26.0,2.0,2.0
15e70522088b6a9c8bf51d0a6799c9ec94c1124f80ed9e70b393c5185603538033aa92fc1d82ab1c3271b06afe3ccb3f1b6868f2ea5bc03d37d6682d3d41ea24,CLEAR,DAYLIGHT,DRY,ROAD CONSTRUCTION/MAINTENANCE,1.0,32.0,1.0,1.0
15e737f8cf86d8b0926e97754559017d94e08c3a2b6cf224510f729be1ecc6efa8f26cbbc5d5a173f66809f7d023cb429c0cd8c047a0ccdf9559fea69b3bc686,CLEAR,DAYLIGHT,DRY,FAILING TO REDUCE SPEED TO AVOID CRASH,2.0,49.5,2.0,2.0
15e75ed6d012922d88c3c933ae92d8b1395c45e87800afc50edde89bfb2213971b7417da549d068b681461ba7be24ad3babd39ddd5f4037635a38180abe945a9,CLEAR,DAYLIGHT,DRY,FOLLOWING TOO CLOSELY,2.0,41.5,2.0,2.0
15e77af65aebc4b8205e0b5f878e2f93f7172928c3e5ba62cf55f76bab852f5aed7080daa3649558dc44c89e41a1640f9f4680df01a853b25c3cddf1a1201cab,CLEAR,DAYLIGHT,DRY,FOLLOWING TOO CLOSELY,2.0,38.0,2.0,2.0
15e7845a565906e598580b8c6d12389a50d8f4662f2a2e3346d25d9beceb59a05f472066bff241ccca928562b34d2530e10bcdba2487cb83d5bce0f5f303d471,CLEAR,DAYLIGHT,DRY,FOLLOWING TOO CLOSELY,2.0,53.5,2.0,2.0
15e7a5fcdb2d619dada6ef36bb25c65cf60e5c9a7a3d3c2e68d01d4c30b36744c0515743c454d5db88c5cc51918b5704db917918357c2f7cb770cddee7189bce,CLEAR,"DARKNESS, LIGHTED ROAD",DRY,FAILING TO YIELD RIGHT-OF-WAY,2.0,22.0,4.0,4.0
15e7bc46324cf35218bae3bb72e475008b3c46a0695f355570a244c7511fb64eb92f23ba33b83b68ad90397507ad33b1c5e0273a7224201df54e1f580f98c78f,UNKNOWN,UNKNOWN,UNKNOWN,IMPROPER LANE USAGE,2.0,43.5,2.0,2.0
15e7be14ff4dd2b306e0d95ab8cfe54e02c3d70b37511dd8fe2d49d1ab904d7b409e6a22185ae7ffe082e0180d5f6cff63841057cd9307af130bd77f3403e46b,SNOW,"DARKNESS, LIGHTED ROAD",SNOW OR SLUSH,"VISION OBSCURED (SIGNS, TREE LIMBS, BUILDINGS, ETC.)",2.0,39.0,2.0,2.0
15e7eb6747851f442cb78803c648fe37399c991159889b10d946a8619a444817744cd4171076ad47c909ecb963a3cf8e7899b5df1569cb85bafc03a97212bb65,CLEAR,DAYLIGHT,DRY,FAILING TO YIELD RIGHT-OF-WAY,2.0,28.5,3.0,3.0
15e845dd9a916a0129d32a3df8f9fe6da5cef66351b7add980093055f9092600866750752f447add93d99ea9bf8b2e7413cca756550219c9889e462089d95eba,CLEAR,DAYLIGHT,SNOW OR SLUSH,WEATHER,2.0,53.0,3.0,3.0
15e85a746dac67f898b7f1e444a094e9896690de234a70d28512f17f9485f9ccef91bfc5a5b3ed72aae18cee4fb66ff70c57bc9f6099f25cb274a3b3fdda1af5,CLEAR,DAYLIGHT,DRY,IMPROPER OVERTAKING/PASSING,2.0,72.0,2.0,2.0
15e8789d20f032c285afd8ba648f4fd84a5964d98ce3e0bc712cdb1734f59d6fe9200914585a0f442d0b73872b1d920ba4c34942fffaf4fbbb628a16c4890da6,CLEAR,DAYLIGHT,DRY,FAILING TO REDUCE SPEED TO AVOID CRASH,2.0,42.0,3.0,3.0
15e8920a426ea47cdca0bd9b09612d7b67ffe810d794153c5266e76e822af7c7db8c6245ea8830b6bf6ba9a7806de68efa08780c4243524cff1e3c95c4b59ca9,CLEAR,DAYLIGHT,DRY,IMPROPER LANE USAGE,2.0,19.0,2.0,2.0
15e8992989169638a623bfa979d48d884b4e85e776f4444cb69651e5c90194a2aa3c47a3d6c96ad5e162c6c178948feb9da988f90c6724825b9105021ba94c83,CLEAR,DAYLIGHT,DRY,DRIVING SKILLS/KNOWLEDGE/EXPERIENCE,2.0,62.0,1.0,1.0
15e8ade29a0ff72138031181f83e31dee886c7705f19c01de0e10719e26095897f8ff0c16b6c8ca21ffffe8327be2277752a8822725cb113fa6a0f48811ff799,RAIN,DAYLIGHT,WET,FOLLOWING TOO CLOSELY,2.0,22.0,2.0,2.0
15e8c74ede6690a7277bc7015d7fabd1952449a6875053a8437cac84a7dbcfc801f21a219438573b6a42087bdeabbf4050d842354095e2587dd8143cf02b03a1,CLEAR,DAYLIGHT,DRY,FAILING TO YIELD RIGHT-OF-WAY,2.0,42.0,4.0,4.0
15e912e420f07f8f18b4fde9ef4d8650a4f6587da3ae6eac76070cdd47767fe5a5fbdd746caa96307315c7c80296a01d427ed9960f58f12c732de369d037a176,CLEAR,DAYLIGHT,DRY,IMPROPER OVERTAKING/PASSING,2.0,48.0,2.0,2.0
15e93b12880bbc675529048bd611900ac746617c63d538d1531a65795a105776fedbf004d7d542a2ebeb6b9792ec8bfd2cc61c2912c33b8c78554b1d508a7bd6,CLEAR,DAYLIGHT,DRY,FAILING TO YIELD RIGHT-OF-WAY,2.0,28.5,2.0,2.0
15e9b10bff03d8ce415b4172dd0d902e2aeddf814d2fdc3caeaa7edb4de055c33f19664aa11a4b85c1eb3bbf5a808fbd06243f1f8ccab448e4b6a7490714c52d,CLEAR,DAYLIGHT,DRY,IMPROPER TURNING/NO SIGNAL,2.0,81.0,2.0,2.0
15e9b25c62149efbe4f08494d66b9e3be7329b7825aa7d6d118da0fcc2881547e535cba273ec70edf9cc0f35f9b38aa3f0ef985cef8cea5da2d565a4c490505b,CLEAR,"DARKNESS, LIGHTED ROAD",DRY,FAILING TO YIELD RIGHT-OF-WAY,1.0,59.5,2.0,2.0
15e9befec59a5a7f8002c35fa351cb91635930716aa910c842c6655fd16cd81a39c59258fd1f85db44bd3af6b485ff13001fbb72b7de4fe0bd479036ceb35cc5,CLEAR,"DARKNESS, LIGHTED ROAD",DRY,IMPROPER LANE USAGE,2.0,19.0,2.0,2.0
15e9d76e0e45233aca5f751ded3b019a1932ea81209f023225036b2b67e59068c73856a0b08836b897e25e156e37f6273ac27d74e4e25f275361e76dc786488f,CLEAR,DAYLIGHT,DRY,FAILING TO YIELD RIGHT-OF-WAY,2.0,51.0,2.0,2.0
15ea0d864eeb51356751e0fea67a717bb6b12c144c6ddb20338d24fddb91b23fabce4cdf8727a7819ce94e1656a12872e97ad00147962b4df30a186a766a9eb8,CLEAR,DAYLIGHT,DRY,FOLLOWING TOO CLOSELY,2.0,35.0,2.0,2.0
15ea16cfe4cd3e6c938ebc6098a3edc45e033a49bb5c4d35237df970f083a5d946400dd7b1094fecda154d359356964fb41b913eb3ae2e02522089243396f26f,CLEAR,"DARKNESS, LIGHTED ROAD",DRY,IMPROPER BACKING,1.0,36.0,1.0,1.0
15ea32db5ec215fd651e6942329e8fad256fad577140a5a8912740865305bcf9f982c01db9889ecfa58af9b06ef6a9280dd2c3ea7902d71cc913afe689328abd,CLEAR,DAYLIGHT,WET,DRIVING SKILLS/KNOWLEDGE/EXPERIENCE,2.0,40.0,1.0,1.0
15ea33cd87d7c6da2b3b696b085660c8daa4becd3da1d8f9c219b91154727a4a2281d3ea1ae39e14f98696470f25b79e7980de40fb0fdcea736ae2e2729d826b,CLEAR,DAYLIGHT,DRY,IMPROPER TURNING/NO SIGNAL,2.0,20.0,2.0,2.0
15ea4a842a24ef5db811bf50e771e861197d0001782f88a11d3288c20f5ff14204b17a4475c372d8f32bc51701677d3e702bca0b22ebac63d0373ff20434db26,CLEAR,DAYLIGHT,DRY,FAILING TO YIELD RIGHT-OF-WAY,2.0,56.0,2.0,2.0
15ea6bdf435ebb3bb19129e8f1233dccdeab771286ab502b088132830d3082193d9e3e3e52fb4e1a43d3dcaf5ca8c4cf54132c75028902a4204ae23734a729f5,OTHER,DAYLIGHT,WET,FAILING TO REDUCE SPEED TO AVOID CRASH,2.0,20.8,5.0,5.0
15ea790d74d24ea70f9eb7691a9b1aeea8ee56b9e5fdfd3442e6034a6fee98c42d0ee874a4690d67097164956b756886fa4db2611d41f5b49c9000765ce021a3,UNKNOWN,DAYLIGHT,UNKNOWN,DRIVING SKILLS/KNOWLEDGE/EXPERIENCE,2.0,37.5,1.0,1.0
15eadfe1a47b97d5ce77ffe7b464d54fad9b3b6c81d01c9640f4a2672d61bf4fb877951e5eac7e2ea147de23b49c01a4fb2b2bbce740bd495cf56677060dc39e,UNKNOWN,UNKNOWN,UNKNOWN,FOLLOWING TOO CLOSELY,2.0,42.0,2.0,2.0
15eb113d21e30a519a60f2ce21a2d4c8dd96c1bfe32b552cdfa7e714d6325eea7c58b12c13338fa8de504af98ade3731115abff40df32ff153f63cd03ec1acbe,CLEAR,DAYLIGHT,DRY,EQUIPMENT - VEHICLE CONDITION,2.0,37.5,1.0,1.0
15eb1b458dfff2aae7b9ff8721fb53d1e9f078e239c093314bde39d4e2335375470b6789df42d5182d6efc0dab26f4f16f25ea72f1dd39efc3c48ecce0d0fe64,CLEAR,"DARKNESS, LIGHTED ROAD",DRY,FAILING TO YIELD RIGHT-OF-WAY,3.0,25.0,3.0,3.0
15eb212806246854b271b12ca6005576b420137687122b12a3952cf2cf9ef899879a2235c810d3e5d272114bd71be9ae867b55f88ea15fca3bc11cb9ac9065f3,CLEAR,"DARKNESS, LIGHTED ROAD",DRY,DRIVING SKILLS/KNOWLEDGE/EXPERIENCE,1.0,37.5,1.0,1.0
15eb253acd2a9cb97d52a58d1bb02d3dd2fd321b7786fc1db1a9ebc33daacb27c56595144cec5063e0bb4c258446e56ca677809b7446b97605ec8d08556b3501,CLEAR,DUSK,UNKNOWN,DISTRACTION - FROM OUTSIDE VEHICLE,2.0,55.5,3.0,3.0
15eb2fa79a656aca2a94b1736ab74e662ea02c9685282ca03940f1d137bf3052f6a6d7e7c1c41a0c603c9dcdd437d130ad401fae53eaa75b5006b4d3eebae33a,CLEAR,"DARKNESS, LIGHTED ROAD",DRY,DISREGARDING TRAFFIC SIGNALS,2.0,52.0,2.0,2.0
15eb3e65ecc0bccfd3f7b9d3bd13745203bf75237674de49f506638542a8cd96cca3272b857a38124bd356eae53b7958274721ebf6c3ad47a77387167a86e286,CLEAR,"DARKNESS, LIGHTED ROAD",DRY,FOLLOWING TOO CLOSELY,2.0,29.0,2.0,2.0
15eb43025a5f0988837f0cbf80f4d1d572f90dda9ce931f7a06e9ab20c6afd66bd0b976850c3895452c65833a5b525eaec38fa257230c6945693c10f367c0616,CLEAR,"DARKNESS, LIGHTED ROAD",DRY,FAILING TO REDUCE SPEED TO AVOID CRASH,4.0,37.5,1.0,0.0
15eb6399fca4b51492c4d53ef23813bc70dbfba59db242fc10987bd9ec8ed034865b8cfdb55106b34c494cbe95568e9e079a79fd28b21d69f63b63d61de674d4,CLEAR,DAYLIGHT,SNOW OR SLUSH,IMPROPER OVERTAKING/PASSING,2.0,55.0,2.0,2.0
15eb7bb511129969560bf101bd180d9aa0a8c33c105d51603eba213cd80dd46fa210534c41ea4971c855f1ae9dd9cd301e06d4d039ba653d23d336972e48f73a,CLEAR,DAYLIGHT,DRY,FAILING TO YIELD RIGHT-OF-WAY,2.0,53.0,2.0,2.0
15eb7eadc0142895e41329e4ee451a0cdc93c8bdcb985ad282e34b3589537304b6194ec4769b037a1133aec7dde0d7d4329d7630dbc92dc4363b4c56ff7d8782,CLEAR,DAYLIGHT,DRY,DRIVING SKILLS/KNOWLEDGE/EXPERIENCE,2.0,37.0,2.0,2.0
15ebae2d0aa5df89c8f04f6fd07ffeb24f7f67527e650a79a7a9cd0b4d716f96e922f1a9bf7691429fa8062924e646b92d614b6694c318341e9a10a3b757a890,CLEAR,"DARKNESS, LIGHTED ROAD",WET,IMPROPER OVERTAKING/PASSING,2.0,40.5,2.0,2.0
15ebf696b1bc0ab9e9d473cc9645b181704693956750a3ae13c6c7bc37d833ed438105277618d7a9a056da594facf5aa9e6c3dc6b7c8ff49c0bb69fe01e5ad55,SNOW,"DARKNESS, LIGHTED ROAD",SNOW OR SLUSH,EQUIPMENT - VEHICLE CONDITION,2.0,24.666666666666668,3.0,3.0
15ebfea419eb1e718b88dd1d8dc3abe680fb48e217020fa02aa9452228d13f982502bc05e27449c8e12492a5e6aca09ee652711138ef19db6edfb6d586ff94ed,CLEAR,DAYLIGHT,DRY,DRIVING SKILLS/KNOWLEDGE/EXPERIENCE,1.0,20.666666666666668,5.0,5.0
15ec1abc401102d0272dff203c84d7ed60d8df98cf7baefd135fb0843be557163d185d6f129313fc3ce49731ae9d248cd2741b78ba86659189bd7cf6e716cd0d,CLEAR,DAYLIGHT,DRY,IMPROPER BACKING,2.0,49.25,4.0,4.0
15ec1fa6e6223c17eeff1301698231e394554f2bf52dac6c3e04b743d5d13dc50744777107f9d7c4dec10dedbe66464edfb64dc4192a02f3fd34f51656d1ef05,CLEAR,DARKNESS,DRY,FAILING TO REDUCE SPEED TO AVOID CRASH,3.0,37.5,1.0,1.0
15ec3de571ec10aaf6cde5073b5f5419951cc5f85254a4c028f262633366a11d7ce5081ee20f76939ad060b5e1d09b5920d50647c95c8555c9279b8e8fb3efc4,CLEAR,DAYLIGHT,DRY,DRIVING SKILLS/KNOWLEDGE/EXPERIENCE,2.0,35.5,2.0,2.0
15ec928735396b11aff26c2d58475c197d1e3e407ca0311efee69dcc6819eccef4267b900f8ee9f0eba9ddc184feb1077494c5d3444e5cecad35327b6979cf70,RAIN,"DARKNESS, LIGHTED ROAD",WET,DISREGARDING TRAFFIC SIGNALS,2.0,39.0,2.0,2.0
15ecab933cf110217fcbef93c1412550945b82f10c80ffa179ab71d01ff68f2e90468c485d8423974098f7841050fc282c610f07b62995b8fcf4cc36222b527a,CLEAR,"DARKNESS, LIGHTED ROAD",DRY,IMPROPER BACKING,2.0,33.0,1.0,1.0
15ecb879a63edfe8c062e3b67eddae772d3324ff93d8380858d609de7a192d19347a6218f9bf1978f25ce59f1ce5c7120fc7f49aa8187cc9b7b6ea7c1f8b7fdb,CLEAR,DAYLIGHT,DRY,IMPROPER LANE USAGE,2.0,34.5,2.0,2.0
15ecd9810cd28340442c099d2345779fc35f89789a0b6a1cd6c497f129d50ddf9ce02f45c6a04534af9a606a38ea673b1cfed4f2eb6b651133a28f19c67bfd8e,CLEAR,DAYLIGHT,DRY,EQUIPMENT - VEHICLE CONDITION,1.0,53.0,1.0,1.0
15ecf370fe6d11f7fadbe5b2709957a04741ba1feab66360d0f32e52701b9dcc5f72afdc00862bf9fabb1511cdf69f016bc76128b08cd1ff325996eb727be213,CLEAR,DAYLIGHT,DRY,FOLLOWING TOO CLOSELY,2.0,23.666666666666668,4.0,4.0
15ed16029b14249f20e93c2353bcbef4bd7bf5ab5c2a8af5bfcf9e54e80f300fc1aa7cf04d3da52835265769b7ad97fc121737e1cb89c2fb06404c4194d5efbc,CLEAR,DAYLIGHT,DRY,IMPROPER BACKING,2.0,23.0,1.0,1.0
15ed499c95abb64cd272a96b2e4ee3980e84716d423e5e3c7eee69ad7e376c2e9913839c68eb7611b0c2368cd78db92bb2d1f8aa04ebaee03a7cebf4888684f6,CLEAR,"DARKNESS, LIGHTED ROAD",DRY,FAILING TO YIELD RIGHT-OF-WAY,2.0,50.0,3.0,3.0