crash_record_id,weather_condition,lighting_condition,roadway_surface_cond,prim_contributory_cause,total_vehicles,avg_driver_age,total_people,total_injured
15ed6a72232b370239feb1d362a68fb44a76637f9e28dc99fae1ba92c2d448ecb0a9cd8cee4b232313c98b5931354c5cee09440cdb100db2883da385b6d011a8,UNKNOWN,UNKNOWN,UNKNOWN,FAILING TO REDUCE SPEED TO AVOID CRASH,2.0,19.5,2.0,2.0
15ed8cb88e06d160079f8c8b49376e43845fb6d25cc5f26eeb10765328a128c6a27bd0682f0ed2ee0077b0e9a18ba6c4cb5b605adafa04e52222aa610ef5075a,CLEAR,DAYLIGHT,DRY,IMPROPER OVERTAKING/PASSING,2.0,40.0,2.0,2.0
15ed8dc0145b49b255106a3b9a5d48059a2e765dd8ea4e632d04de7c7bc35a6bef24bf887f3c747d89927a91701b35bc446982e23c778a1e8b8e4a19bd0878b8,CLEAR,DAYLIGHT,DRY,IMPROPER OVERTAKING/PASSING,2.0,37.5,2.0,2.0
15ed9da63550ee85457848555375202f2c9893f299f23c7016b3a8dd983b7d64dadcc36afa8c5184d0c143a5bf209f3138052d2b95eb76f8ebd114d686014b1b,CLEAR,DAYLIGHT,DRY,DRIVING SKILLS/KNOWLEDGE/EXPERIENCE,2.0,44.0,2.0,2.0
15edb1925f67673ae5625745afb16d79018e4a08346bd7a902f114639007f710c4d32c9a89399e3de6a39c997faef5101bc37de3ef4ed82a046208f26f68f3bc,CLEAR,"DARKNESS, LIGHTED ROAD",WET,FAILING TO YIELD RIGHT-OF-WAY,2.0,34.0,2.0,2.0
15edbe1af953996956ab10c1618d5a7a00c8fb1b8d450dcd6e08ddcf92b3cb1e7a411021ebd61d028c87206770d012cb8e28b875fb152b52aac271fd9a2cf5d9,CLEAR,DAYLIGHT,DRY,DISREGARDING TRAFFIC SIGNALS,2.0,52.0,2.0,2.0
15edd25aa1c0674ca2fafaea16fba724ca108cef63a1a3034c3f78af84d629e2ed522ecb8c9318c1d7840587d15090f0ba7046204968a0fa2a2771f66df5b636,CLEAR,DAYLIGHT,DRY,FOLLOWING TOO CLOSELY,2.0,48.0,2.0,2.0
15edf7add48cf960247dd171bc884b1560e458e94cbed55c9b7140fd2a7f878392764ed873d30067450a31a6e6a891161268da11578181714f0116ad20cfb1fb,CLEAR,DUSK,ICE,FAILING TO REDUCE SPEED TO AVOID CRASH,2.0,47.0,2.0,2.0
15ee129651df9892a38521a4057501998ce3258beb2d4aa868805721592db827caf25e176fb0cccd5e985b86ca29d27ab1c61de0a4c284aecf0cb7304eb7bacb,CLEAR,DAYLIGHT,DRY,"EVASIVE ACTION DUE TO ANIMAL, OBJECT, NONMOTORIST",1.0,37.5,1.0,1.0
15ee32dab48a9c3293dd7024bffabdf14d6cd7ccbe62c4918c4869f19a5568dd747a97b10a21d8300db6320d9747375fabf43713e6d937ec1dec470ebc4381ae,SNOW,DUSK,WET,FAILING TO REDUCE SPEED TO AVOID CRASH,2.0,38.0,3.0,3.0
15ee66d4cb50d557b6ae286d0788995995d0e2cb2c83beafdba926210f269578df79562b2b1b23339276aa80056c08d3be84d8e933db723a597aa446949b7ec2,CLEAR,DAYLIGHT,DRY,IMPROPER OVERTAKING/PASSING,2.0,38.5,2.0,2.0
15ee73ddda77cc35888cec68a926d7eb5f77608f881e8d5ccb59032c842eddd2a78930be65b66b6471747eadd56c56f9f0802687883362b44e34426022d99045,RAIN,"DARKNESS, LIGHTED ROAD",WET,WEATHER,2.0,33.0,2.0,2.0
15ee8aa3a22724a0a13c1ca72312f131b60ab00d153f4990170a24c0a9dfc920ec881d484835a3bf3a1913dd5f272ebbfa3134e754158baebc84b0d1a18c96d1,CLEAR,DAYLIGHT,DRY,IMPROPER OVERTAKING/PASSING,3.0,38.666666666666664,4.0,4.0
15eea3f7c70f24c130a675258356b644541b0bd3f0fb3145307951d6f85818a5e689da17ac2b6ccde6ee588f4134540cfe0973082d3c67b5b5d61c0089ff8aaf,CLEAR,DAYLIGHT,DRY,IMPROPER LANE USAGE,2.0,29.0,2.0,2.0
15eebcba599fce880e1d99c1d0c0d32321063d17668fa7e3d55dff387f0aa542e61da35061970dc4b679874ac024e855c85e37d04b2b3a9cc2b003c3a3d63175,CLEAR,DAYLIGHT,DRY,FOLLOWING TOO CLOSELY,2.0,20.0,3.0,3.0
15eed5899e5255a0ad3ca9bc2aecc94efb32033a9626b9fe6d7467c53135806f4553f7882a428b1f7982499427685225d1a8b79f3d41589b6c9514a4ca446c07,CLEAR,DAYLIGHT,DRY,DISREGARDING TRAFFIC SIGNALS,3.0,29.0,5.0,5.0
15eefb5994e9706d1d7a69f966fb4a63caed85e48db98f7c5f23e250c61aca66010acb7de48ba1eef32dd9e1f657bdc65c607165a728a2725b85a47fbf3beb28,CLEAR,DAYLIGHT,DRY,IMPROPER OVERTAKING/PASSING,2.0,32.5,2.0,2.0
15ef14d5abedee1ed1e0ca9fcb4b91b65909762ed803c972679bf8167c5c19f1a1a852f35a9cca0eaadaae676b36afd00715a7526b64036699550c968c4b0802,CLEAR,DAYLIGHT,DRY,FAILING TO YIELD RIGHT-OF-WAY,2.0,29.5,2.0,2.0
15ef1b898162898a17691440ea165d12610b7526ccc1281f9f8cd39e8c74bcc9b1b4458a3773702d312ba1b641fe4b0b8f470a9ea726217b3eb1952ae8fa074a,CLEAR,"DARKNESS, LIGHTED ROAD",DRY,IMPROPER BACKING,4.0,30.5,4.0,4.0
15ef39f29b251e4374d619fb4e4ee429f4452f978acc0a3b1a23f9557a529c7417a291c86553794f6e7e07a7d08c23c2830e38f5c3899753e1860618b170c06e,CLEAR,DAYLIGHT,DRY,FAILING TO REDUCE SPEED TO AVOID CRASH,3.0,31.0,2.0,2.0
15ef39f448e083be0d4c029012aab65c72af20f9dfc97b1282547b0a5caa3d6386549dc731534ed9676164ed3c1e36b561dc5faae0c3973ea8c86f72e1207c1a,CLEAR,"DARKNESS, LIGHTED ROAD",DRY,IMPROPER LANE USAGE,2.0,44.0,1.0,1.0
15efb7fc2394a6386311b1e5abf81fba3bd513e596c1d7e62ae03d47f8a6bb70f9d95c60462cd75f1fca08e7b2a133a518d6545c05b1007982213b0bbd604fba,CLEAR,DAYLIGHT,DRY,IMPROPER BACKING,2.0,46.0,2.0,2.0
15efc0d8de76f308e9f46d1f6a896bbf3d8b75abc49fe1e3c15fbc9799807691f38ba76ad52327dc1540223814ad05c2ec6c8ec6968f37e3d4418520c97203ba,CLEAR,"DARKNESS, LIGHTED ROAD",DRY,EQUIPMENT - VEHICLE CONDITION,3.0,26.0,1.0,1.0
15efd93d45e07668b37d355f24c788a7285d6f91e43f4d6bfc4678083207cd8da742e803f794307b881dcd52dbd1b615f02955b44aeb452e47dfda2711b416fe,CLEAR,DAYLIGHT,DRY,FAILING TO YIELD RIGHT-OF-WAY,2.0,41.5,2.0,2.0
15f0686df23ca2cb6d055b5e2bb54a24947c9b1e0b14cc97b2077943c1ec2db03fecd0c729c4bb0d851b1de72e4ef2f72bb90c53a4d46a769ca567aeeff43db1,CLEAR,DAYLIGHT,DRY,FAILING TO YIELD RIGHT-OF-WAY,2.0,21.5,2.0,2.0
15f086e1579360f340c5a9f3e3ccf044778857afa72c22cba5effea6334968dfcfcb821da1ba6c7e89159d53d7d6c6e3787084f527dfca1592733bf3f7d9abfb,CLEAR,DARKNESS,UNKNOWN,IMPROPER TURNING/NO SIGNAL,2.0,42.5,4.0,4.0
15f0aee9257c576b4605ea9d31fef874db0313b7afaeeb6711212f3d60cd02b316a81fed202e9f5e315bd66254ea73fb3dd68fc6bd6526a36a3fb8f31b2f085f,CLEAR,DAYLIGHT,DRY,IMPROPER OVERTAKING/PASSING,2.0,38.0,2.0,2.0
15f0e4986b52fbae0bb504a80ad8138170786a0dc463018d7d4b37ecc248ee744e5e9aba7602963aa3ccba90fbf0330d4c3490811dcb9f5f86fc75255367b884,CLEAR,DAYLIGHT,DRY,IMPROPER TURNING/NO SIGNAL,2.0,37.5,3.0,3.0
15f103def98dcea1bee4c4e09d5cfd71f9e44e802f7a02d883c63fa3238a9b8e6f54227d024d7b89397ac962692f23c67eab492e80fce5a34cdab09d7fa26082,CLEAR,"DARKNESS, LIGHTED ROAD",DRY,IMPROPER OVERTAKING/PASSING,3.0,32.6,5.0,5.0
15f107cfa5c38140f2a2c6e18dbd64fc6830e4f236a6ff2e83f8940826d7c53be9b794fef7fe4a184db81d5193534898582ca141bfe56f722454e15ca8e9a162,CLOUDY/OVERCAST,DAYLIGHT,DRY,FAILING TO REDUCE SPEED TO AVOID CRASH,2.0,36.0,2.0,2.0
15f144123e3611ecd12bfd6a858dcd41447f42d591f1f306fdfd1831868c8fba0d2dad18fa24b41c42e0c40b59499601757d49cc27b4cdab175db69ca7212865,CLEAR,DAYLIGHT,DRY,DRIVING SKILLS/KNOWLEDGE/EXPERIENCE,2.0,37.5,2.0,2.0
15f166bb1c9a85691fbf4ffe16c341577a4c6145eeb7d99899dfe59878accd926f60027eeb4cd58cd870067dc9ef049661700c0a7ae9c05dd6f2c61eef0e26f0,CLEAR,DAYLIGHT,WET,DRIVING SKILLS/KNOWLEDGE/EXPERIENCE,2.0,29.0,1.0,1.0
15f18cf60f94ff10353a2313652c9891b4339fc852be13942c0d252fd98e900f0edba48090518f122847a44e5fd201101a3cfd60f534d7fb528e24b1a291ca9e,RAIN,DAYLIGHT,WET,FAILING TO YIELD RIGHT-OF-WAY,2.0,27.0,2.0,2.0
15f1908bfcb2b80449ccb2f9284632a7b8a0d1866b8c01f7fb77b50bf642185c88fe22f7cf45af9c762590990c880a7ff03a6365d3f67161e612d7351169f484,CLEAR,"DARKNESS, LIGHTED ROAD",DRY,FAILING TO REDUCE SPEED TO AVOID CRASH,3.0,37.5,1.0,1.0
15f191374ac977603b4ff6eed86fa787ecb61554a7113d1bfa9f0ce037e120abb95c5f83a5c970bc2d6fd500f44eee25f3a0e8b96a31bf663a9baaaab4c2068d,CLEAR,DAYLIGHT,DRY,IMPROPER OVERTAKING/PASSING,2.0,36.0,2.0,2.0
15f19430507c2d07f1b646e71962e52a15107d3ef938cd91717ecfeb389cbbc7e66a2348ff867ebfc9da2daeef3148da5f1e292bd59c46e5009526410236be57,CLEAR,DAYLIGHT,DRY,IMPROPER LANE USAGE,2.0,37.5,2.0,2.0
15f1a21167130800ebb04d3d3b143f21d36aa317a7d706daaaf1b33a25aeae19fa5f353e8c677278308f95ce565f414a0011057d731f5843528ec706c82708a1,CLEAR,"DARKNESS, LIGHTED ROAD",DRY,FOLLOWING TOO CLOSELY,2.0,60.5,2.0,2.0
15f1bb0b23e8678cfbcd09fd70f5d1320e1fe69fa128312945fddddde90d3ede8bb3caaf2b14bb87ea26031799de7e7ff2c0e1429ced2384e8bc097183e0ada0,CLEAR,DARKNESS,DRY,DISTRACTION - FROM INSIDE VEHICLE,2.0,43.0,2.0,2.0
15f1e7d3ec02451baa66a11b94e0a5174940907a4dfdea38467db3e72759c4612d0d3d965553c5b114a2694c3c82663b6e15ea79b6caa013a4210c4d91c8943c,CLEAR,DAYLIGHT,DRY,DRIVING SKILLS/KNOWLEDGE/EXPERIENCE,3.0,18.0,1.0,1.0
15f2196a9bd7dd1622f35936d837fb574881bad49d799883f9956dbf86e14b76bb9389c639bc03688a3b88e905c9dfb04388a860d6748df67a430eb811784701,CLEAR,DAYLIGHT,DRY,DISREGARDING TRAFFIC SIGNALS,2.0,65.0,2.0,2.0
15f24a9a30843552a0a098a5d2fe43f6ca98cb88817e50324f97b8796728c86e7ab96a850d4ef612fef31e9348dd953dd379b2fa16ba30291409a36a8bc470ce,CLEAR,DAYLIGHT,DRY,FAILING TO REDUCE SPEED TO AVOID CRASH,2.0,15.5,4.0,4.0
15f258941550dcbf6462fa50df6bd89e0d7cc00a3842292598b99dd3628d09bcd40fd1dcbebcd7c65cb190250a9227b5ae1eb3caed80dc0af73dd800018d5e6b,CLEAR,DAYLIGHT,DRY,FAILING TO YIELD RIGHT-OF-WAY,2.0,37.0,2.0,2.0
15f29300c6dacb4323f4f9df455f85cb55e538e0a13e643993f644e87de12eee18c32d35da1b1a97485ca02edea6de12fe3a3e041a624d86573bd85bf67c1d14,CLEAR,DAYLIGHT,DRY,DISREGARDING STOP SIGN,1.0,40.0,2.0,2.0
15f2a8443d180a1d5f606f2515c89dafc6a0cea4557ce0e132d9f35af2c9aeadce88a3998028c0695b7892eae7fa11028df244e67ad93f30d70842f5b29c1a29,CLEAR,"DARKNESS, LIGHTED ROAD",DRY,IMPROPER TURNING/NO SIGNAL,2.0,48.0,2.0,2.0
15f2c565979d2a3a6f3d5d5caaaba755df29806e0376f1ea29f0b39e44826d0397a2c0178504ccb7b16cdfe6121c5c1b694ab9bf2ff70117e952a67e50411860,SNOW,DAYLIGHT,SNOW OR SLUSH,IMPROPER LANE USAGE,2.0,60.5,3.0,3.0
15f2deca0170585eceae9cc6916e6a481640bdb95d523775750f4d70a0c39d9e81b0d4c004440722465ea3463cc7fc81361d3594c787ddb6eaf17480e4f41553,CLEAR,"DARKNESS, LIGHTED ROAD",DRY,DISREGARDING OTHER TRAFFIC SIGNS,2.0,38.0,4.0,4.0
15f2ec6e596804b1c742848ce096961bc764cb753d6c7b7eb55feeea43fb69cbb8643169a0cc00060ec479b72d456bf2125c075a7a3262c72a70e05abd952f77,CLEAR,DARKNESS,DRY,FAILING TO YIELD RIGHT-OF-WAY,2.0,36.0,6.0,6.0
15f329dfc2a29e90bd72adf3302d11957ce2502cef694a6745b33a0c13920a21c8f14807e0297afca9f0c7844334150cbb16ebdaf287888c247583bb0962507c,CLEAR,DAYLIGHT,DRY,DRIVING ON WRONG SIDE/WRONG WAY,2.0,20.5,2.0,2.0
15f3315cdd4103f4c4903c170791829e996081819000833082a3f0b182de7f7b9a8f93928cb26e0c5fdc774abd46705a85e4a30d878bfc26ba3598082aac8633,CLEAR,DAYLIGHT,WET,PHYSICAL CONDITION OF DRIVER,2.0,26.0,2.0,2.0
15f348dc50cc556f2b436d173bf100917eeaece4a78be5fc96181365215f38e24a754c7d2a93b148580c6aa45ea7ad05a1dc1e08c47f10faef0d16b590cd4cd2,CLEAR,DAYLIGHT,DRY,FAILING TO YIELD RIGHT-OF-WAY,2.0,40.333333333333336,3.0,3.0
15f34d1300af32d2de79e5e034c91d13e69181952ca7cf8bfda82dcb94bfcc82a14de9ddcadc914fedf3c2b0256d14ed1646b0ea8a975d5ec31f0e11be12ef7e,CLEAR,DAYLIGHT,DRY,FOLLOWING TOO CLOSELY,2.0,18.25,4.0,4.0
15f3a7718fec0016595dff3e30e62681c029d4bee413ed53a9d4a0e7216a8eda3960a698ee97be84f18d5857689a829ea8c9d724bbbbd2e82db8553ca030a523,CLEAR,DAYLIGHT,DRY,IMPROPER LANE USAGE,2.0,68.5,2.0,2.0
15f3d5eb246aebec59f4597b47d05570d750b86e22e86dfbdac82e85c9857fc6c465fa38f4acc35e3171cb500025a1960a1afe2f121ffdbac50d6542b2ed7422,CLEAR,DAYLIGHT,DRY,IMPROPER OVERTAKING/PASSING,2.0,36.0,6.0,6.0
15f3d7c63401c6fcbe642624eae5fcff621c378783b743b78d2415f24f4e6a1b09c21bd78381a3580db8ba9892437d32fe1287958ecfb850b766f1ec5024f44c,CLEAR,DAYLIGHT,DRY,IMPROPER LANE USAGE,2.0,32.0,2.0,2.0
15f3e618c6af353cbcb1b1f84d62e23d7e2cf12cf3f92a0c10e28c6c1a4e7ce25df7c570713f6c067e2443882cdb3c9ac57f15e3279c53064d5c65b85c8ca7d1,CLEAR,DAYLIGHT,DRY,IMPROPER LANE USAGE,2.0,33.25,4.0,4.0
15f3fad147e7e124afac4b2444a56fd6039200137aa05b4dc20d09bd92cc9ec202d8fd9a47bc7319f984005f1a05982564928580c532963bcb175957191d2a53,CLEAR,DUSK,DRY,FAILING TO REDUCE SPEED TO AVOID CRASH,2.0,44.0,2.0,2.0
15f4276aa760865e19b07e1642783206661987fce3bd406a643c87267617e10f76755b20292983e1ecf7640caf29564cd9c9c64086c4cb0d96fd0b50b5ff37c4,CLEAR,DAYLIGHT,WET,IMPROPER OVERTAKING/PASSING,2.0,38.0,2.0,2.0
15f42a2928e82fcf920304d3f1c92a5db848dd94757927b9773256101dc342015781545fb9f1367bf4ae9a2ad945e18bdffd6585f3c74e97e044173196b78d94,CLEAR,DAYLIGHT,DRY,TURNING RIGHT ON RED,2.0,62.0,2.0,2.0
15f42d9615b6c1c922bf5bc2b0a02633a0c4da0b2d9630cc56ad35783cb7c507e99efc6a89fd940381ad97b8095a1d7756b19ecbb9803f12e3a5c75db619acd4,CLEAR,DAYLIGHT,DRY,IMPROPER BACKING,2.0,37.5,1.0,1.0
15f4382f9d2a2c7a21886a94583457a24e78cbfe900107aaef26ccebf373688d7fa509cd95eb1d7a9cbeac3692c50e858df31ae359eebdeaf120ff9270620ae4,CLEAR,DAYLIGHT,WET,FAILING TO YIELD RIGHT-OF-WAY,2.0,56.5,2.0,2.0
15f44b607a2441bae2f25f4119c266a979b0b8769f2b336d1234f20134dc51f45e10ce943c0240b998aec798c172ddfeadab275bf28732e312c0593c69603bc8,RAIN,DAYLIGHT,WET,FAILING TO YIELD RIGHT-OF-WAY,2.0,52.0,3.0,3.0
15f48d324851238dc25204f4b9da1d5dfd967274dbd38bdfc402ff1ac96972b15ce6dd5d1e8a28af09867d640729a900c4cbba9d4e57be1a02e89a89a3d82904,CLEAR,DAYLIGHT,DRY,FAILING TO YIELD RIGHT-OF-WAY,1.0,30.0,2.0,2.0
15f4a6d2fd6e6edffb85dbb892fa856c82170cc9ef5121ba3470982bdd795e5a5f0f429bc8407e2fc04ffa1d882b4da0e44a4a1be1b4c8348ecc807532b47971,CLEAR,DARKNESS,DRY,IMPROPER LANE USAGE,2.0,37.5,1.0,1.0
15f4bf3e4edbab613790576070853fc1c0835e4ec6f58f85d5f324dc0d80fe8eb42a3b57dc3deb10379e46008f884039b19b8f6d8a82479a1fee06593e50e642,RAIN,"DARKNESS, LIGHTED ROAD",WET,FAILING TO REDUCE SPEED TO AVOID CRASH,2.0,37.0,2.0,2.0
15f4ccf5a2088c3d4c076298654a5b89ab2f005efc3051dfb9c3bf7b262094652f23e32c7f17193c9659a01e8a7e300786c214e1be7a0130afd6758a7c5efc9c,CLEAR,DAYLIGHT,DRY,FOLLOWING TOO CLOSELY,2.0,39.0,4.0,4.0
15f4d95b9ed9f9e0f0bb8b92025ee2b099b3ee434aca6895cf70868c42d67b68398c191377b0224750eb2c0e873d6db4ba9faa0085ce81e88051f41ff842324b,CLEAR,DAYLIGHT,UNKNOWN,IMPROPER LANE USAGE,2.0,61.0,2.0,2.0
15f4fa0520caf1c65e18d912dd89f087a948deab9b1a56854600a12639c8165d3f1aa23b35e82a12588836ba38bc84bbe793f40364a11f6a406aed1f4690f190,CLEAR,DAYLIGHT,UNKNOWN,FAILING TO YIELD RIGHT-OF-WAY,2.0,50.0,3.0,3.0
15f5219188a0894a7b81abd76217bf5776d0be86734d98dbf2690ac378478a573f0d061c9f71202da065e890bf0879e219e3931fe4387aaa17d77e22ca5f6cdf,CLEAR,DAYLIGHT,DRY,DISREGARDING STOP SIGN,2.0,33.5,4.0,4.0
15f531f9875a827db3ff027c7a6f5658fecb37cb9fa4194af5f3bed8c253df0f2235ca34c62629bbd8f42b6a1a170144e20121a0bfbd9f10c5f887f220be7c65,CLEAR,"DARKNESS, LIGHTED ROAD",DRY,FAILING TO YIELD RIGHT-OF-WAY,2.0,30.0,2.0,2.0
15f549394c0e8ac910e4ffdf664119d2dd24679410c55916d8546fbd9d0cbff2661eb7de9018caf1bc9ab4526cd278abe74ceb160d83d756a30bbc820bcbe540,CLEAR,DAYLIGHT,DRY,FAILING TO YIELD RIGHT-OF-WAY,2.0,59.5,2.0,2.0
15f55d28d05cbb717b4e0cc5f42de92b735eb781cc7a4dbfe98a259346114715195fe6afe64303fac8c4f5cff48bb0a6322632979b8b148a72df0d2158ba3fff,CLEAR,DAYLIGHT,DRY,IMPROPER BACKING,2.0,58.666666666666664,3.0,3.0
15f5690a6fc7ca96ad8b8a05cb662a0dbff0691480bd69cbbf66353a9799aaab939d22602c7b93110f1a9d999458ab1470a25b35700652dc65164cb259564c51,CLEAR,DAYLIGHT,DRY,DRIVING SKILLS/KNOWLEDGE/EXPERIENCE,2.0,27.0,2.0,2.0
15f5a6c522b184fdec618d4f7f1f67c9344f5384e75984401d79ae565a4107fb34fea73cc01037269f0391c4e938cf69364eaed55aede872f41b7a4b72f5aab3,RAIN,DAYLIGHT,WET,PHYSICAL CONDITION OF DRIVER,2.0,46.0,2.0,2.0
15f5ad55c1bfdde9dbb21246ef2adeacd9110927fc15447ba36839feb6e6285f74d78d293089fe466356bd2d9eb5e36259fdfa87e82216c48760ee6f8143a542,CLEAR,"DARKNESS, LIGHTED ROAD",DRY,EQUIPMENT - VEHICLE CONDITION,1.0,29.5,2.0,2.0
15f5bd3eef7fe2dc76a10b1d7e3b2123e5bf89c0b0045149baed4265f5ed9a8b4f366b95fbd7c5b4395f47076234363b815303c1e2c87010a2e0595e54b757e3,CLEAR,DAYLIGHT,DRY,IMPROPER OVERTAKING/PASSING,2.0,36.0,6.0,6.0
15f5d697150c143764576b4c5f36e6511c8a02f2734b7f47c4f9c6ba567debc23cc6dcd0c986438c2198ea7cb1a2ef5d62ae558e98c713d7e1118f465ffa686c,CLEAR,DAYLIGHT,DRY,IMPROPER TURNING/NO SIGNAL,2.0,38.0,2.0,2.0
15f5e6f6530b1a9a61077096d2171bce24a52f430aead95255ec0a4ba51651dd4e2a6c8197ffaa60f4aad7a6b49770f06bc508325c2480dd0081d48bc29b561a,CLEAR,DAYLIGHT,DRY,IMPROPER TURNING/NO SIGNAL,2.0,28.5,2.0,2.0
15f62ab314eb7e9556c6b20c3d902cd648a09b0ac1a61cb7385a1b8d4c27a62b13ab4e26206f338c98a466311cbe7b182481dc008e2987d97b2c43002e2a5d00,CLEAR,DARKNESS,DRY,FAILING TO REDUCE SPEED TO AVOID CRASH,2.0,37.0,3.0,3.0
15f631aea45b9bb9e41eccbbbaa54f8f5fca7aa37645754cdc9e655455e5a5fb8537066baa1cc453b0d4cba8da2a8c9ba6fc7f16e2a79365bd7cfbfac3dcb6b0,CLEAR,"DARKNESS, LIGHTED ROAD",DRY,FOLLOWING TOO CLOSELY,2.0,52.0,3.0,3.0
15f64eb7afd29bab322fb82d6762d30d05da05845e72c5d0893d6ad6df12d8028a5ff89e2a4356162a21876dc85c2abea6ff94f6fe9dac58e5fc69cc54beb5cb,CLEAR,"DARKNESS, LIGHTED ROAD",DRY,FOLLOWING TOO CLOSELY,2.0,38.0,3.0,3.0
15f660294ef06f2a6e34a2f5d7564ee30618389bab92605113a6a258835be0f9d1a042ebdebd3976ad33372c99c0a8c7c217cac6ee8a37dbca26872e3a48d779,CLEAR,DAYLIGHT,DRY,DISREGARDING STOP SIGN,2.0,56.0,2.0,2.0
15f66c56dbf74976a4cfd0968fd958bca62f981d76c69188ed0baa76143cbf04379042b5499b65cf4078c3e8c1fe632a0ad65cbeecd27a589491148069a86412,CLEAR,DAYLIGHT,DRY,IMPROPER BACKING,2.0,33.5,2.0,2.0
15f66d0e9fa1daaedb8108349594e3f79bdd10b7260e7461ccd2bb33df1005382d0e5e09b6954e5284bbc77fde62ce31ab420a9d9b5764e3821ff054797859bf,CLEAR,DAYLIGHT,DRY,IMPROPER OVERTAKING/PASSING,2.0,35.5,2.0,2.0
15f6761a8b3937959cafcf77c2113ab220c2044a1e67e8970a59ef4c8c4ece83ef0958804d41f36fba80e1e8897293f35e77f388184891061a46c970bc3ecf95,CLEAR,DAYLIGHT,DRY,FAILING TO YIELD RIGHT-OF-WAY,2.0,21.5,7.0,7.0
15f684c9bcf8fb9d5e4de13e2193813fad1a48d7148a22c350aaefd19196f6d5a2d154429b5232d31e20a62007a7605b6da3a85a9bc3a3e3a62a4597ba200a9a,CLEAR,DAYLIGHT,UNKNOWN,IMPROPER BACKING,2.0,37.5,2.0,2.0
15f68d9d3d40ba89694504c758172c5245f1b3a6cd55b9938fdfdcb8fefed4036ce1d267f04ebdde163067f92db436c29176648630553f7e4a419db722efc028,CLEAR,DARKNESS,UNKNOWN,DRIVING SKILLS/KNOWLEDGE/EXPERIENCE,2.0,37.5,1.0,1.0
15f690689702256c2f0c970631e12254c89814a201cbed4e435d6ad86547f3f8dae0582b0b8f53245a5ac09d1e2b655fecf76bcc509f62f594154aa0f055117e,CLEAR,DAYLIGHT,DRY,FAILING TO YIELD RIGHT-OF-WAY,1.0,49.0,2.0,2.0
15f690d8032363202c8641d4b54484f17737d0a1b8eb7adc08f6084f566344996a82338519c17b17f7a2e10255bd3c5fffa2b6175bfd9184294d6c74e9d31d14,CLEAR,DAYLIGHT,DRY,FOLLOWING TOO CLOSELY,2.0,39.0,2.0,2.0
15f6a59de1aa7397d66a7fc214f532b51a75e09adeb94894f054f6e879f03f3ad0ced0f5c2c0f78877e6d6baa34a078f4027c844253dea3acc815ec8f4ff0d74,CLEAR,DAYLIGHT,DRY,"VISION OBSCURED (SIGNS, TREE LIMBS, BUILDINGS, ETC.)",2.0,29.0,3.0,3.0
15f6c76be9f457e0aea6656fc224157e53e30b379ff6305e02e067e11c76c697ddb347ff03f85793b40316b985caa4d228cd94774756b81495f132d717a2c514,CLEAR,DAYLIGHT,DRY,FAILING TO YIELD RIGHT-OF-WAY,2.0,31.75,4.0,4.0
15f6ce33089e313f6d0f530cf732d446351e028b68e753f5f1d7e5bfdf802daed03d29da3b89297ab8b1f60823ee14fee10a7dacb936cd92864eafb1c883bd2e,CLEAR,DAYLIGHT,DRY,FOLLOWING TOO CLOSELY,2.0,39.5,2.0,2.0
15f6d71b421619fbea7659f1cd2a3c476c4b899881134fa2aebe54efc987063ab49ff8f415938939570f0e4176f206f71a1e129173a36cb86ed8e883417bfa9d,CLEAR,"DARKNESS, LIGHTED ROAD",DRY,FOLLOWING TOO CLOSELY,2.0,36.0,3.0,3.0
15f6dee33e97b092df02692b336e731257a15f6795608aad2941329a5975eb9b5c94afd350b33b7620310bbfb501f43316d4d3109a01cc2f0bda51d3e4828f3c,CLEAR,DAYLIGHT,DRY,DISREGARDING OTHER TRAFFIC SIGNS,3.0,56.0,3.0,3.0
15f733d8424e8f4c37bc90da6f0edd184e3a1052c86a697def1326b8d172bbbae006c9567b5f413a4c6112749c6a765752e0f4f857ea646530fd3874ccf32a32,CLEAR,DAYLIGHT,DRY,IMPROPER LANE USAGE,2.0,37.0,2.0,2.0
15f75e900bf3c527b119d5224f0996ee3ccafde2e1d295d58274d4e729239842e3e158c4687f45277776e42294fa44eca9c86235bc7f61d5c8ca6c29fa109cc2,CLEAR,"DARKNESS, LIGHTED ROAD",DRY,FAILING TO REDUCE SPEED TO AVOID CRASH,2.0,43.0,3.0,3.0
15f786b41581ec987de511564a0bf3ab80845327407f045648e88df4cf39bedac250248ff718aee78e5ef5251bc8cd6694a82cfd84ceaeb233f52b7b554bea8f,CLEAR,DAYLIGHT,DRY,FOLLOWING TOO CLOSELY,2.0,52.0,2.0,2.0
15f7f56aa6dfa9709e910bf06faf462736755f7b216d47386c6c13d5c48c6499bde6b14e9ea38398ef803f5d1b3610bda5f0eb4ae5a9781e39c7e2a9a1317e5e,CLOUDY/OVERCAST,DAYLIGHT,DRY,FAILING TO YIELD RIGHT-OF-WAY,2.0,45.5,2.0,2.0
15f85623854b302943edaac7b4f8c69e51efe05277bd85b1c0e088f731ff070ce7c6916ce0fc3abef1c70934ac2b33865bc2443a9b55f9c07f8ea2e96dfce7eb,CLEAR,DAYLIGHT,DRY,FAILING TO YIELD RIGHT-OF-WAY,2.0,44.0,2.0,2.0