crash_record_id,weather_condition,lighting_condition,roadway_surface_cond,prim_contributory_cause,total_vehicles,avg_driver_age,total_people,total_injured
15f904e872ec3ea705b92c172e84a4695874f461d656f9defaea1f952e6777f9cea25e9dbd976ab59fbf43d19279ae91dc81c66ba631fd09494d4e37e619ae8d,CLEAR,DAYLIGHT,DRY,IMPROPER BACKING,2.0,37.5,1.0,1.0
15f96f7c57860f3c9f4822510de32ba31376a8836edfe6695a2785fd6fdcf773c8d465955cdfb23ae4f4dfda89f3ce25acbb570a1ed1813043c882d745b26062,CLEAR,DAYLIGHT,DRY,FAILING TO REDUCE SPEED TO AVOID CRASH,2.0,26.5,2.0,2.0
15f976285e8bb40fda88f596b622b7e0678efabde9349eece015e2990dd548a907fa52d5c6191d99d048a6f87166383019ed29d5ed84cf9d7df9ee25b335bd3a,UNKNOWN,UNKNOWN,UNKNOWN,DRIVING SKILLS/KNOWLEDGE/EXPERIENCE,2.0,37.5,1.0,1.0
15f980c90260b29fe12c4069142a550f689bba3056e51ae6baefa2cc1b09fefaeeef9d921827140fd79e7353f2fdcfc42a24a936deeb7788ad9f5799ea67f8e2,CLEAR,DUSK,DRY,ROAD ENGINEERING/SURFACE/MARKING DEFECTS,1.0,49.0,1.0,1.0
15f9ad5d37d51370d12a43d4bbea60a571496b977be0194359fd348b08d4ca7d02d18c065f30e091cd2960bd265690c30051816c64566c61a4f5fc8c933605ea,CLEAR,DUSK,DRY,FAILING TO YIELD RIGHT-OF-WAY,2.0,24.0,3.0,3.0
15f9b3eb46e004e519aa85a09779ce85f2f2055392eedfd9186388214c5f3021f35c5ddcbb890a2c1637a0e52673f5469ea1ae9b93a498c98ea7d66f8fe5c85e,CLEAR,DAYLIGHT,DRY,FOLLOWING TOO CLOSELY,2.0,27.0,2.0,2.0
15f9d3b48695d7575fff9d0d4817224457ba5f583f91cb1b859a0fbf049f9f40ba4ba656d5b086c087472b5325acea21448e9bf271291c9a460886240e78786e,CLEAR,"DARKNESS, LIGHTED ROAD",DRY,FOLLOWING TOO CLOSELY,2.0,31.0,5.0,5.0
15f9d64ac7f7f7d7687ec2c1a1d44ed8a4670cd12422696dc83ed12fbc1dcc6e592f9aecd02729676748f0670d7ffa791177753b86d61e1e058fcffd8cc9c376,CLEAR,DAYLIGHT,DRY,FOLLOWING TOO CLOSELY,2.0,21.0,1.0,1.0
15f9deacc6fcc2a32145c5e01cf59f415ca8aead5084ec4828d8831c1b6d80c9b6623649b374b6d7c544b3036bed7847cca4f2312414ca669f8b8185d7347c9e,UNKNOWN,DAYLIGHT,UNKNOWN,FOLLOWING TOO CLOSELY,2.0,37.5,2.0,2.0
15fa078ac011d8c72477cf4d6c7ce29483b7fc3e1c19cbdffe2ede2243a9a69cb0e6dee97e6dc2ff5be0ae56a3583f89cf8bedba6afa77cdd4f375007394e9a3,SNOW,DAYLIGHT,SNOW OR SLUSH,FAILING TO YIELD RIGHT-OF-WAY,1.0,28.0,2.0,2.0
15fa2f5bc09b4dbf8363e812d87809ac46ef95cef07c86bb4746bf1d95f03bfe0f0b9af18615849d0a26e5b38c754bbcd87133eb2f468d429d7c573df8c70c18,SNOW,"DARKNESS, LIGHTED ROAD",UNKNOWN,FAILING TO YIELD RIGHT-OF-WAY,2.0,64.0,2.0,2.0
15fa3ce8c653f49d9361ad6ee7243e2074aca3b6d6d1bf7741d24c62cfa9f9be86414a808322216949877271ba3b2a250d0e4aefa9f35ddbed2b12d7eba53ea0,CLEAR,DAYLIGHT,DRY,IMPROPER OVERTAKING/PASSING,2.0,72.0,2.0,2.0
15fa4a548e17cd075616c4eb1c9989bdea9e49e6b3e16215d1cb0af9557ca520f628ca7981f0bde5bb20561885c292326060459d5d3ffcde9ba23a347aff09bb,CLEAR,DAYLIGHT,DRY,FOLLOWING TOO CLOSELY,2.0,51.5,2.0,2.0
15fa4b57a07aaab3345be8f1992311fda1712376cf968e3dc58d546641150ca6eefc23f1e462b23eceaac9f15d18afbe06195c2576200d1640dfa423bac42ba5,CLEAR,DAYLIGHT,WET,FAILING TO YIELD RIGHT-OF-WAY,2.0,36.5,2.0,2.0
15fa66f53f637135f04b6493f586cf2243f57045a1af26fa90a1ce20c2fc3d0eca84859f89f06a48f54424770465442ee1446f470c10d07c0cbcbbee58247ba9,CLEAR,DAYLIGHT,DRY,IMPROPER LANE USAGE,2.0,38.0,1.0,1.0
15fa8026b30ddffe13cdf0261088608adff9db887540a9d73cbffe877e0dc5c75689ed1460ab88c8c990dab3180d805da10f49fa88674f9744b87cde01220d07,CLEAR,DAYLIGHT,DRY,FAILING TO YIELD RIGHT-OF-WAY,2.0,30.5,2.0,2.0
15faa01d1a444a93e0c6eec930e70eb24c5b1383c79a64fc2b2f127f1af8c91c4f21ae069eadc61f5ca9d3d1af771430a8bfcef9c7b486ad4ffddbcfac246e8c,SNOW,DAYLIGHT,WET,FAILING TO REDUCE SPEED TO AVOID CRASH,2.0,48.0,2.0,2.0
15faac699e969a4050b5cb73e8b85c9c416a2d7849cf295cb349bedb3f6c61edf6efa7fe9f40cebc6d249ccde9b4f715a8b7b76d5e29c15d2dd8d45980119102,UNKNOWN,DUSK,UNKNOWN,FOLLOWING TOO CLOSELY,2.0,32.0,2.0,2.0
15fae56ae27a8d23f40a4582c15120c94f2889bda3e0002eaaa4a18d1f6ccc98e72bfc960efaca8c56704e8b2e06462d2ea7d94ac71a3e45392d99c9371be5d1,CLOUDY/OVERCAST,DAYLIGHT,OTHER,FOLLOWING TOO CLOSELY,2.0,46.0,2.0,2.0
15fb083ae8eb8394661359ee3c660cd9177b97ef3248fb92fa7a175412f25320b816c5937ad5c6fb042a57573fd758de16fea2537bafa6647ab2b5daf4650153,CLEAR,DAYLIGHT,DRY,FOLLOWING TOO CLOSELY,3.0,57.4,5.0,5.0
15fb08bb660041a82e225b4d85bc4d52f0faf0450752db9d2fbbdadff6e6d6b0d434568485a0b68028fc589ec995ffa818289b7b645a61acde380fa0629508a7,CLEAR,"DARKNESS, LIGHTED ROAD",DRY,IMPROPER LANE USAGE,2.0,30.666666666666668,3.0,3.0
15fb418762bc38f805b7511b666f17e495afbea4e15dd4d7c213799bd7337b27401a56b89e869e35a9041fd511cb4f33822a04155ef7aeb371b14cf9a4ddc86f,CLEAR,DAYLIGHT,DRY,DISREGARDING STOP SIGN,2.0,54.0,2.0,2.0
15fb468520c342b8f2d3fef15b5f2dac73f225992630a37902958dc047ad85b98515f3b5b8e93acd1593bdda281940111dad4653a53c1ce88614b57453a3ca63,CLEAR,DAYLIGHT,DRY,FOLLOWING TOO CLOSELY,3.0,27.333333333333332,3.0,3.0
15fb6f7b756f5456daa6be85d57f3e98d207f5790dd724e5aaee821074458bb130417cd7b85d52b28da211ba5dadd9c509621ce6902393fcc218d3ae84ea7190,CLEAR,DAYLIGHT,DRY,FOLLOWING TOO CLOSELY,2.0,54.0,2.0,2.0
15fbc94032a67672c5ed6b39891132352e0368235f71731972f8448a5fc15cd06232ff3749c3a0e68146b2fcea40aec6d02b1b7e66d8b050522dc32324241abc,CLOUDY/OVERCAST,DAYLIGHT,DRY,IMPROPER OVERTAKING/PASSING,2.0,29.0,4.0,4.0
15fbcc6fbecb98d3c10ec451a020214edcd198573636fb307b745a22a38eea5c099139caee54838bce262038c74b31ac86a2c759afe219a5e80f2c371b340253,RAIN,"DARKNESS, LIGHTED ROAD",WET,FAILING TO YIELD RIGHT-OF-WAY,2.0,27.0,2.0,2.0
15fbcdd73b2513abb8a010d6d5ba871f45142c9b4bb1cb1aeaa926519ce59f03e9e2f740f2592d995fd45e92ad20feb3eb31cb827a7b2bbc8d4a80ab607c0879,CLEAR,DAYLIGHT,DRY,FOLLOWING TOO CLOSELY,2.0,43.0,2.0,2.0
15fbf9d2b0350c9be48e806eac4dee5a4b17e70491e4dd6530e458ddfb06af558273b4d98766378503a2f030d79c56d23ebe067db02816075211b10f9c2882fa,CLEAR,DAYLIGHT,DRY,IMPROPER BACKING,2.0,37.5,1.0,1.0
15fc4834e1a2cd2e8a53c0029e5aea909710f8b3857be6354076a5877b4f55f636e8d88d5e0a227009375d13ea78d8962f556b75064671e436c8a053a4ae25e2,SNOW,DAYLIGHT,ICE,ROAD ENGINEERING/SURFACE/MARKING DEFECTS,1.0,46.0,1.0,1.0
15fc6be40ab5e613db20d6c41298d728f1075c31645b49da73b80682f8eaee14811140f324a9f27e50de82d510d2e7c3104cbfdec1f95cd572e83fbc2bdf0619,CLEAR,DAYLIGHT,DRY,FAILING TO REDUCE SPEED TO AVOID CRASH,2.0,65.0,2.0,2.0
15fc739527580b983fdf02b91113d916bbac67050d289e54ec83c2c975e6f568fd3a9174d779bf9d588275f4ecefd682fdf6ca5beb1651f1cd8132f50448a486,CLEAR,"DARKNESS, LIGHTED ROAD",DRY,DISREGARDING TRAFFIC SIGNALS,2.0,27.0,2.0,2.0
15fca92c3d9e359df8a08d96dc398b269c6875b6a4e44743d2fecda6c0acadfb7b13b89a72bc20634255926cf286bede2ebcad30cb97bcb100849b982dc63516,CLEAR,DAYLIGHT,DRY,FAILING TO REDUCE SPEED TO AVOID CRASH,2.0,48.5,2.0,2.0
15fcdefff7aefbaaf4321e89b81f7bcfe34387a6b1cc4472c27411529ba60fd5a449d6f5ddda5706368008a3044569916774a1fcbea5462eb94daeb4c460da69,CLEAR,DAYLIGHT,DRY,DRIVING SKILLS/KNOWLEDGE/EXPERIENCE,3.0,24.0,4.0,4.0
15fce6746661e33adb1f4a52f3bbfdc3592c9ed62e0481715adbcf3d00006fb5e822f7d97d12f5b639004722f179256ccf645c134103db6b48ddf08c89c4912e,CLEAR,DAYLIGHT,DRY,EQUIPMENT - VEHICLE CONDITION,2.0,35.75,4.0,4.0
15fcf198fc3cbfbd60bf68cc06ac1520b62d24b484db2e89539c5840a79ca6cb2e9b33affbefb8e09692eefcd12643651324c8024986f2d0bf79d124bf687eee,CLEAR,DAYLIGHT,DRY,DISREGARDING TRAFFIC SIGNALS,2.0,56.0,3.0,3.0
15fcff5fbb6997cea1423c72bc92076a873a6cffd25665161b0c0f086410fdf9289804429e481774e3e64bc752c2f5e2e3fd704ea899aa19d565a8785f5efc64,CLEAR,DAYLIGHT,DRY,IMPROPER OVERTAKING/PASSING,2.0,53.5,2.0,2.0
15fd06914bd0b080ba9f06820f40f863bdc552cd8563abbaef38eaab2ac91d37646ef484c8cf08b31f654bc36cbe9b6a81a25ae735ec3b2b3d391778ca0716cf,CLEAR,DAWN,DRY,FAILING TO YIELD RIGHT-OF-WAY,2.0,31.5,4.0,4.0
15fd13fe50d8e683204b90b5cc87bdea980202721e6330783bb7c6e5ead9eb1ca81fd13b7a6c9559e25451598746f9f897ab36ead0c25d3d024ca9ad94f1a97f,CLEAR,"DARKNESS, LIGHTED ROAD",DRY,FAILING TO REDUCE SPEED TO AVOID CRASH,3.0,38.0,3.0,3.0
15fd2928e88d8a364cd2f69f32604bac66341284f14e90e9208a77b365fbdeb6ec03ce3105d5a8a2e114bbdac20367b835ee93263aceb67f1d5e4d09d5cc8573,RAIN,"DARKNESS, LIGHTED ROAD",WET,FAILING TO YIELD RIGHT-OF-WAY,3.0,42.5,3.0,3.0
15fd395ae7fc6505b2bd4a12f426e5b54bf9c9a1b83701808f6afac09a84547f5d6712632f17ed3a5ea72327bcd90ae369e4503f36af5ef92a44eeed4c1f9e69,CLEAR,"DARKNESS, LIGHTED ROAD",DRY,FAILING TO YIELD RIGHT-OF-WAY,2.0,31.0,2.0,2.0
15fdf3e06b2ed98332d4577ebb8cd3c24ea01d7cc2e0ebfe5174239c8a7b56722fe247acd1678e05a331037350dbff29dce3b97736fe6bc4a3f94bcbda540b87,CLEAR,DAYLIGHT,DRY,DRIVING SKILLS/KNOWLEDGE/EXPERIENCE,2.0,37.5,1.0,1.0
15fe3b3300a4bf2f468216822db23010f16d9e7434092acce25383230e25f7da6d1291d478d37e4fb8bab247532a587f6d8e73a2865d554a1518411a8662f5ae,CLEAR,DARKNESS,UNKNOWN,FAILING TO YIELD RIGHT-OF-WAY,1.0,26.5,2.0,2.0
15fe89939eebfd8b2e07cf33243bb59bc5be3bc81a5a60c5ebef57e8799ddc7c27fda7d88c648afaa483e535125b9260128658edadaf919573c1b1b83f50cfc2,RAIN,DAYLIGHT,WET,FOLLOWING TOO CLOSELY,3.0,34.75,4.0,4.0
15ff072ce8feb231d1704c90913b2c65b445f75ccb57874fc50acdb5bb01133797e933272d5d08414400cddc4b3d26bf46e79ee5bcac49c7b8d58605d68f41b4,CLEAR,"DARKNESS, LIGHTED ROAD",DRY,IMPROPER OVERTAKING/PASSING,2.0,22.0,2.0,2.0
15ff1c5e9ab37cd9b38e0686c5e338e4c89568a584d70854dfc809b0d1d05e137c1217938f4e627bc9052123d565e2cbf3df771195ef47abb24c239747f22213,CLEAR,"DARKNESS, LIGHTED ROAD",ICE,FAILING TO REDUCE SPEED TO AVOID CRASH,2.0,31.8,5.0,5.0
15ff3819cd167f84df0f5cf42eac16e82711f58254d112c83b96420ce300f59bd89c820b59e7b151c2e0ef4c0fa10eec56431e23840c1070fb18f28587a673b7,CLEAR,"DARKNESS, LIGHTED ROAD",DRY,FOLLOWING TOO CLOSELY,2.0,37.5,1.0,1.0
15ff5792974ddd3eb10d44e621fd047c601f6e5bef06547d9c2a2fa2b7caeab27b9a468a93d17c8dcf41c91b6260d4d3ad3f3e92dfaea06885e027a2c6de135d,CLEAR,"DARKNESS, LIGHTED ROAD",DRY,DISREGARDING STOP SIGN,3.0,23.0,3.0,3.0
15ff995d627a47088989967fb1880e62704aef46845dc49e9aa1be06f25ea8e14993bd994cb65d7094d87a8cb5c06ff3eb9c6288eb9badb98db875d4dbdbfdf4,CLEAR,DAYLIGHT,DRY,FAILING TO REDUCE SPEED TO AVOID CRASH,1.0,25.0,1.0,1.0
15ffabcbb4d010ecdd80fee2b4e605790438a5acf6600f42adc6670ec6a25a0bd3d53464b31307c825eb86e7f0143fa80d675f4d43686f442c2cbaa6d32a97f4,CLEAR,"DARKNESS, LIGHTED ROAD",DRY,FOLLOWING TOO CLOSELY,2.0,28.0,2.0,2.0
160022290e64ee209d85fb10acd803404620e2f285ac4b47e61ce9fb7a7c71b2250f1ba60a2c9e2cf5b5034c56e2c843dd5fec80a2aa0386154689b2927a299a,CLEAR,DAYLIGHT,DRY,DRIVING SKILLS/KNOWLEDGE/EXPERIENCE,4.0,32.0,1.0,1.0
1600482189bb1b63ce66b6e3fe3f9c723d4c7cf6c8d0ed65d30cfb15481b8f00465ec2ab4d55ad2d74f1842848f2e60b8ec383b9957ceb28f8f4d59b4b7346ca,SNOW,"DARKNESS, LIGHTED ROAD",WET,FOLLOWING TOO CLOSELY,2.0,37.5,1.0,1.0
160051049d40a808c5c2d2bd1d9de7ddd6933e1ee6fb278f195b9a3557805dbb42545e414053b400bff859a9bb5d881bce11567c22c36c931cd8b4b0474c2844,CLEAR,"DARKNESS, LIGHTED ROAD",DRY,"OPERATING VEHICLE IN ERRATIC, RECKLESS, CARELESS, NEGLIGENT OR AGGRESSIVE MANNER",3.0,32.5,3.0,3.0
1600584d228ba6eb7f944836330b0208b58cf577138079d8a38051f7c542b7b095d227b44edca1c706513fdd2d817286edd1de950d376266afeeeef07de061c9,CLEAR,DAYLIGHT,DRY,FOLLOWING TOO CLOSELY,2.0,48.5,2.0,2.0
16006d72a75de1f32f4285c76ebbfe6c53c75fcb6a551f2670fb2431a85446ee1e6faaac164a59f3fd20cae888707829bec13c64bca3f2865d8f7a0977d3cf65,CLEAR,"DARKNESS, LIGHTED ROAD",DRY,DISREGARDING TRAFFIC SIGNALS,2.0,26.0,3.0,3.0
160077e93743df55e4ed1d52d95ef346249759bdd532c1a4b3d3f87b0c0c06bf35d7624fbce99ac685ebc6a9c5c78d41b1c7cc4e6f74185971825d2247e741e7,OTHER,"DARKNESS, LIGHTED ROAD",DRY,WEATHER,2.0,61.0,2.0,2.0
1600979c603db956f1d9f77971b46b80b1008376c5e73f4d5ffa3150ea4597ec571b2d873d3c626204d601c6dfd1dcca8d147fa182948c5b5bbaa566686a12af,RAIN,"DARKNESS, LIGHTED ROAD",WET,FOLLOWING TOO CLOSELY,2.0,43.5,2.0,2.0
16009ce85d40e15731f0eea547ed4a6c973315f1ee83ad375b0e429defc1216b7925d8a4885cc40bd6b2f146a0e111b47570a1dd42af7741036a934a6e97e630,CLEAR,DAYLIGHT,DRY,DRIVING SKILLS/KNOWLEDGE/EXPERIENCE,2.0,56.0,1.0,1.0
1600a07f03057a0e5e80e47da80a57d2f640092f1ba89d8cadad11060eb5ba73bb13820b45fc43b2ec6361d874bc9337f7fe45cd4dfef92705e1b4bfadc5348a,CLEAR,DAYLIGHT,UNKNOWN,DRIVING SKILLS/KNOWLEDGE/EXPERIENCE,2.0,61.0,2.0,2.0
1600a6bd8d089509503d870a1ccb4384e64080a4aafdbfd9d231fb13795c643d6a0be8c5cafcb16ad728bd99157dcba66eaacc9c2181f398c67965a80852ed79,CLEAR,DAYLIGHT,DRY,IMPROPER TURNING/NO SIGNAL,2.0,37.5,1.0,1.0
1600b9704d0a7a3131d78b60e21aead74a27814890f957eb0dd4759b72c36bdffc004c3796f7fbd8e51521be71175cf188c9b0fb60392e3f72097aecbca5ec32,CLEAR,DAYLIGHT,DRY,FAILING TO YIELD RIGHT-OF-WAY,2.0,65.0,2.0,2.0
1600bca26d3b4d2fa17a2f9a9d787caa002c08f1f77e6ee7a16fe56d05e02246e9de408e04bac88e74d8f8abc649f1ea84add0173585019bbbf6e2ad4944b9ed,CLEAR,"DARKNESS, LIGHTED ROAD",DRY,"OPERATING VEHICLE IN ERRATIC, RECKLESS, CARELESS, NEGLIGENT OR AGGRESSIVE MANNER",2.0,37.5,1.0,1.0
1600d67fae0725ae5cd6def04c022c7c055ec38c5375716384019bece8341264dfbd4fc6057f197af2f5d3716b4824908927a4191177146758881794939b20ff,CLEAR,DAYLIGHT,DRY,IMPROPER TURNING/NO SIGNAL,2.0,37.5,2.0,2.0
1600f983478335c64e4751a92f5b6c1035c85ac69fd5c8a1e23d14ba095131601c8be18194a08884cfba837b498ea67ad372b6f9163ee270aa81e6c47d9f576c,CLEAR,"DARKNESS, LIGHTED ROAD",DRY,FAILING TO YIELD RIGHT-OF-WAY,2.0,39.0,2.0,2.0
16013674cf05f0e37ab24dab66358ff06d9b8c4287a906942ba2c675be91ccdb1af84c7fd5e26ccc69857b539dd6cd229125cdafb9a6421778dbf73df94c933f,CLEAR,"DARKNESS, LIGHTED ROAD",DRY,DISREGARDING TRAFFIC SIGNALS,2.0,47.0,2.0,2.0
1601409305832c986d7074f90fb11bf56e39ff6c939008c030824271fa0114fa1586f6baf18e25bcc14d9aa3fd0137b026b7be2bcc2556b91b3628d6e3445a09,CLEAR,"DARKNESS, LIGHTED ROAD",DRY,DRIVING ON WRONG SIDE/WRONG WAY,2.0,23.5,2.0,2.0
16015b51644ae54b7505c9eb06063790caa4d1f0cf6d1e93dea00d1ffed508390464d6dbd7afe0dba398d46e218647654776b650c5b141351d46e0997aace046,CLEAR,DAYLIGHT,DRY,IMPROPER TURNING/NO SIGNAL,2.0,23.0,2.0,2.0
1601778c10a4ddcbfa7d7146fc6225b1a9ba6c85aa0083dbada0c314c182a8e9f8ea7e5184db8cbf72076e48169cbe364eeefae8eb7b28fe33024ec300b3a406,CLOUDY/OVERCAST,DAYLIGHT,WET,IMPROPER LANE USAGE,2.0,39.0,2.0,2.0
1601853d0c701f066df2e1759d709b0c005019312817d7100588d67356ffe0f041ce18e779884f86e2d64eed72c1c753738adbfe954536d84bda1bcd222a3500,CLEAR,"DARKNESS, LIGHTED ROAD",DRY,FAILING TO YIELD RIGHT-OF-WAY,2.0,38.0,2.0,2.0
1601a182376d2cbc6cb77fefd78d00a60cd66584762db15be0f4c4ee9e31c4dbbc92e4f2217c30499b6b053a92bf3c3836f3ac6cf10418041477cf0ba8f6dfab,CLEAR,DAYLIGHT,DRY,IMPROPER TURNING/NO SIGNAL,2.0,51.5,2.0,2.0
1601a4d41aefc1242fffa9de8892b206add48a28ed2ac113a3cc61e91116a9eb2d6cc79b1cf44d330e2cc575c16cf2a8026e9f5fcfe27d52e8d9cc9fcd876133,CLEAR,DAYLIGHT,DRY,IMPROPER OVERTAKING/PASSING,2.0,35.0,2.0,2.0
1601fedc360932abd01c1ca0b95fa22107d73700b4e38e8b032edf3d1accd63cd2fd27bb6a8a0ceda2ba319ce533742a7efbd14f67304cadf7e96b9a0214a4b1,CLEAR,DUSK,DRY,IMPROPER TURNING/NO SIGNAL,2.0,44.333333333333336,4.0,4.0
160205ab0895406d5d375c98d296290c1a5d319de196f16e06e4670cf30610e4e05eba2be99ee566d240101a6456cb038129b83b5faf965aac888255d6393b36,CLEAR,DAYLIGHT,DRY,FAILING TO YIELD RIGHT-OF-WAY,3.0,37.5,2.0,2.0
160215370e2a58c57ebeaa30fa414989b5bf60981bc3f328037fa05a9882cf1e56fcd83fc332c8776cf2e54d6dfb3cf2afda4def5c12c4dcfd0d9dc4777ff0ad,CLEAR,DARKNESS,DRY,DRIVING SKILLS/KNOWLEDGE/EXPERIENCE,2.0,37.5,1.0,1.0
16021c975fdac16396fd674057e6f5fa0c13ae12082cf125f9fb464bbfc252a381071c4247f3fe48a9db258ec86b4c346ced1fd8d73b4032c775ee8e660c178e,SNOW,"DARKNESS, LIGHTED ROAD",SNOW OR SLUSH,FOLLOWING TOO CLOSELY,2.0,33.5,3.0,3.0
16029ee498813d55a34bdc46f81b8d16f71f9f43b9bd5072f7e231e44d89392c1130bb36eb6dcdc133809956524a7a4f2cc0d841f5f499cfe9d934dfaa86b415,CLEAR,DAYLIGHT,DRY,IMPROPER OVERTAKING/PASSING,2.0,56.0,2.0,2.0
1602bcd99d2c0f26794806c6424d78558fc9045f7d84fa67e447efaf2435bddc0108ffeac281469ce98ba04b2c1ad75185a9190bc40edac2c2df637746b1a46e,RAIN,DAYLIGHT,WET,EXCEEDING SAFE SPEED FOR CONDITIONS,2.0,39.5,2.0,2.0
1602bf18a5b00c440da3102b546a38c0bc99cdd01c663c94e00850de505dd99d0fa5b65b7628b9ed70669f0b96b3505fb9e65f406474afccfd52bc06d9632c2d,CLEAR,"DARKNESS, LIGHTED ROAD",DRY,DRIVING SKILLS/KNOWLEDGE/EXPERIENCE,1.0,60.0,1.0,1.0
1602cd1b250ef14782fbe01affb4b74147b4991942c0ac75023b70fab22ad199d85b3dfba908cca88191bf836ea93869b5f5a15f97e633afc822fac7c503f7a8,UNKNOWN,UNKNOWN,UNKNOWN,IMPROPER OVERTAKING/PASSING,2.0,38.5,4.0,4.0
1602da0ed6c26bd6340801c3f4b377b652785b3dd6d2463b47098aadfad2344a256790ecb2371464988dd7af67df42b03a8c9c2d8c3e18225866d32c8dc0c4fc,CLEAR,DAYLIGHT,DRY,DRIVING SKILLS/KNOWLEDGE/EXPERIENCE,2.0,16.0,6.0,6.0
1602ed6243ba24646c4f3a2e1a36d07b278d05332383413a5d6ebc44126909c5c1588443488a34fe2497b3ca63237099ebc1fee22711e0befc44e192840d63bf,CLEAR,DAYLIGHT,DRY,FAILING TO YIELD RIGHT-OF-WAY,2.0,19.0,2.0,2.0
1602f0bda8875de8099354ba6158edc8a6dd8fe2c6fab500b0af556968aa689460438efaff4c4ba95f1f5bd3a2696c05738c64c4954ad9225d07d6dbf8bc79fd,CLEAR,DAYLIGHT,DRY,FAILING TO YIELD RIGHT-OF-WAY,2.0,50.0,2.0,2.0
16030aad4a22798447dac0fffc27c9ffbc724a314ad02e29f4d6a9921325dc581158267f4446899eaac8a7e8cb4983c9e283da8852fb078f5ada374811368e0c,CLEAR,"DARKNESS, LIGHTED ROAD",DRY,FAILING TO REDUCE SPEED TO AVOID CRASH,5.0,25.0,1.0,1.0
16033f9814fc64959987695a6cb75b1f6b331492367325b6fdfb10faf8140e834b9026469f0da67f207a91eb7264afeb49cca220e818ddaba4e894bcf0d7a940,SEVERE CROSS WIND GATE,DAYLIGHT,DRY,WEATHER,1.0,42.0,1.0,1.0
160364fc7961ebd37fe4da4a1cb2ed1f73d7bc61c65eab41d88b9f4abd3ca40a73879aa839d1c191ba44452913559e026999ee4b2110a44e457f46e8ae381250,CLEAR,"DARKNESS, LIGHTED ROAD",DRY,FOLLOWING TOO CLOSELY,2.0,37.5,1.0,1.0
1603e4824937434ae136a713ee78cd1b071d4403de0ba8c18dfea2462660fb4fd66a0e3abe3fe671d017d940162265a70c49235415f78b5e06b9bbc4ad28223c,CLEAR,DAYLIGHT,DRY,FAILING TO REDUCE SPEED TO AVOID CRASH,2.0,30.0,2.0,2.0
160426ac06b282bf6887aec891453c72b2f3e07aece889bfd3a8c28805d10a7ee8703ea9d62cbc0b81170e1fd8fc883cc6241753c51bb10990b55d2af745c886,CLEAR,"DARKNESS, LIGHTED ROAD",DRY,FOLLOWING TOO CLOSELY,2.0,70.0,2.0,2.0
16043262d1c63eca31fa00b2b7eb1cda49439396c24f4269d695d2030e97a469d30918fe44f6be7aaca193828807e7b7bce42147316986ba9160613009485efb,CLEAR,DAYLIGHT,DRY,FAILING TO YIELD RIGHT-OF-WAY,2.0,40.0,2.0,2.0
16045807a2c3109a2a5bbb0eece9eba5a317bac04c53f3fba1fd707c9c1de2375a44546eb1c2e37de62d4475dcf6044822ff2dc1bf30ac0d32b209e13c2191c9,CLEAR,DARKNESS,DRY,DISTRACTION - FROM INSIDE VEHICLE,1.0,21.0,1.0,1.0
160494a2a3853df218166c99294a9b346139083c90593c85bac12ccae0f49df82bc64f1ab0de355bbc8e33ad2d27569b7a3f6377234d9e7a1d7fb3481531cae9,CLEAR,DAYLIGHT,WET,FOLLOWING TOO CLOSELY,2.0,32.0,2.0,2.0
1604b8f20ca3690e02719777792a379667f97911eefbf5b66d45ec2d9f6b794bbabd3e06fe9a7d20d3aff610071b966b401828086ffb906c18a3747de5075d7d,CLEAR,DAYLIGHT,DRY,DRIVING SKILLS/KNOWLEDGE/EXPERIENCE,2.0,35.0,1.0,1.0
1604b986e277f5f77dada2874f0d60cd3e2fa874b33600d4ea2a1f9d59c3c8258579b30def08b6c8fa97e614e79c3ddd87c03b225da2eeebc02e6c977c0b2d95,CLEAR,DAYLIGHT,DRY,IMPROPER OVERTAKING/PASSING,2.0,30.8,5.0,5.0
1604e4aa2a8ccebaa0cd3393405c6675b264b8f7c4fd570fee9ee7708712aad6380ce2f7e76db9cec225c0b187c23a9aa74276fa7c82e120184170d996f215dd,CLEAR,DAYLIGHT,DRY,IMPROPER LANE USAGE,2.0,44.666666666666664,3.0,3.0
16054df6f872598168491290f7c8cb08fc27257c55368d74cdb73d37b6fc7db7526a1432c181259cd4363a30480cc768b951bc99bf7d0439b5f60ff93888de2d,CLEAR,DAYLIGHT,DRY,FAILING TO YIELD RIGHT-OF-WAY,2.0,35.666666666666664,3.0,3.0
16059c4ff6e48aa568464e5c169bcd93f789d5dfd6c7a16b714f27f424d3db9be17dcf7e7a10cf7fcd075d443b8ed54269c2357d65b644e99f73e21bc6d079a1,CLEAR,DAYLIGHT,DRY,FAILING TO YIELD RIGHT-OF-WAY,2.0,33.0,2.0,2.0
1605a9457ea515369099d8c647bc91fb2d6147a49a473dcce241d2586137b73e91dd96653219e1aa05f4f40d8d9988f59afc83c26e3930c5376d2c8b5dda5347,CLEAR,"DARKNESS, LIGHTED ROAD",DRY,UNDER THE INFLUENCE OF ALCOHOL/DRUGS (USE WHEN ARREST IS EFFECTED),12.0,37.5,1.0,0.0
1605bb357d18dc2d4b50f9c9c534ab8cddf5c20972b835f5a3e4d01ab098b9343df427499a5ee3184022dd84ec955c98f3f55ecbcf6de5bb06fd35f36ab1b094,CLEAR,DAYLIGHT,DRY,"OPERATING VEHICLE IN ERRATIC, RECKLESS, CARELESS, NEGLIGENT OR AGGRESSIVE MANNER",2.0,37.5,1.0,0.0