crash_record_id,weather_condition,lighting_condition,roadway_surface_cond,prim_contributory_cause,total_vehicles,avg_driver_age,total_people,total_injured
1605d5dec4537ee323d76d28ab71bcaf9dd91cc930b228c4d72be45bd10683f7720e7191dcd88862ed53b3892e1ed0fff739433931bcc743cfada0998c9c9c1f,CLEAR,DAYLIGHT,DRY,DISTRACTION - FROM INSIDE VEHICLE,2.0,37.5,1.0,0.0
1605e46fc54c8e1bec0e3e192943645e4b4f1d25d4885a6c5a15273935077b66be6b975e5992c6ac3c863cbc8a084be8ef372cd4cc26168d17c1cb6dfa9a3133,CLEAR,"DARKNESS, LIGHTED ROAD",UNKNOWN,DRIVING SKILLS/KNOWLEDGE/EXPERIENCE,3.0,37.5,1.0,0.0
1605f1c15b22c7cfe44ab118ff0ab208d1f230c383e922d81f35f5443eb195eae3e24d0f611498eea74eaa8dfa2ef3eda974278101d1370ef1baa3747dcd7f7d,CLEAR,DAYLIGHT,DRY,FAILING TO YIELD RIGHT-OF-WAY,2.0,37.5,1.0,0.0
16062c3b657614dca1d2a00f916b6fa9258f46ac10343aed33092e87face2d77b3bb7a81fb725617ddd2cc2ef5f15d0d8d8957e1af15b6a98fbf68f7d4f712e2,CLEAR,DAYLIGHT,DRY,DRIVING SKILLS/KNOWLEDGE/EXPERIENCE,2.0,37.5,1.0,0.0
1606626208a2dab6731650e0c7cd0dcc27564fa94605f27dcfa9f6b90a17be55cfc7298e77b0c5b2ffd06ab4aff423a214ee540f58ecee533f4536ca62753fb2,CLEAR,DAYLIGHT,DRY,IMPROPER LANE USAGE,2.0,37.5,1.0,0.0
16067e2ff5031df89ba2c3af5ca68fcb93f10827ba4a10942b2f4eedd60c1442d75613b3a4a7e9ac0b950edb669cf96d54d47b7c5931fff235addce0eab2840b,CLOUDY/OVERCAST,DAYLIGHT,DRY,FOLLOWING TOO CLOSELY,2.0,37.5,1.0,0.0
1606a4c819d6b2758e0fd69782169bcde88feb1d26b4e9da62d372f1e4e8d47f3bb6a3461525998682a0ebbd702cea40e55a3c3caa30ab0d9dea70cb9f1ed844,CLEAR,DARKNESS,DRY,IMPROPER OVERTAKING/PASSING,2.0,37.5,1.0,0.0
1606dcf45786ffcfb6702d40f32359d0d8932a3b05474f38d27c0df935ec3aaca33b0db6130d01e7c8a78aa24c25d2b765b3ada35ebaf446444dde397b90353e,CLEAR,"DARKNESS, LIGHTED ROAD",DRY,FOLLOWING TOO CLOSELY,2.0,37.5,1.0,0.0
160702158ff3a34b08130d5eb0c8ef3fddfb23f05c87ded682e1a0d38ea42326acc846cd89cbddb44e577d0c48098721fde77aa7d81f1df8a500003c90d73b32,CLEAR,DAYLIGHT,DRY,IMPROPER TURNING/NO SIGNAL,2.0,37.5,1.0,0.0
16076f196c52baabac9fa7e5404de7e59c12421ac30eac6b3da38aa6f6e89c62d9eab99db193fd917db3a0af71299b5fdc29861f1a97e888f839381e4482da63,CLEAR,DAYLIGHT,DRY,FAILING TO YIELD RIGHT-OF-WAY,2.0,37.5,1.0,0.0
16078046fe2a50171bdefb5fb05f02113d925c814136d5b084cf4f64cabab543bb5de9de007018a1f7d56bd57d8e1d36efc79369814c833ba9451a473df85d8c,CLEAR,"DARKNESS, LIGHTED ROAD",DRY,FAILING TO YIELD RIGHT-OF-WAY,2.0,37.5,1.0,0.0
16078172eb5946a3aded5d250d0c732414e112a6c984cb7fb10ca9cef3d469c25d5807288d28f178d6fcf026825860894ea997787f49cdabd72a4bdd945a4ffb,CLEAR,"DARKNESS, LIGHTED ROAD",WET,IMPROPER BACKING,2.0,37.5,1.0,0.0
1607a0382d5b336b2635d90f8f39110b5b79a90f24d10b89747922bb1368257ca0979aa0c83c74321b6ea0a127e91c4226f807229e15a1e1045a3f80338f3efc,CLEAR,DAYLIGHT,DRY,FAILING TO YIELD RIGHT-OF-WAY,2.0,37.5,1.0,0.0
1607f599f997ab28c4d48d6a2cb12e415986ad3c62cf70eae205dbbd77a29df4f46a6d6c40a65f6bc1e32ecba6da7d24538ddf61226fd83925bc6cd239bed82d,RAIN,DAYLIGHT,WET,FOLLOWING TOO CLOSELY,2.0,37.5,1.0,0.0
1607fd52dee176acd59fd7d89eb7dff21a61d7df444eea849fb157f8428968e314938a363811ee384b38c38bc5a42b6fbf89c6a4c1d8f976861700e9a632f360,CLEAR,DAYLIGHT,UNKNOWN,IMPROPER LANE USAGE,2.0,37.5,1.0,0.0
1608287006047093ed47fe2848ab6b0fd7eaa53a7c264135112243bcd5bf9d3616a0fc9596681043fd061565d15af4e9449119247c037b35f4ae8c8660e8f908,CLEAR,DAYLIGHT,DRY,DRIVING SKILLS/KNOWLEDGE/EXPERIENCE,2.0,37.5,1.0,0.0
16083f7b7a760953f8113bfde749c048f01576221e6c45d4bedc5d15afca07c48523c0742704315620b25ac4d9c91372adb62084292fc46272b0dce807f3c4d1,CLEAR,DARKNESS,DRY,IMPROPER OVERTAKING/PASSING,2.0,37.5,1.0,0.0
1608412a5d7e109e58d6eac417a2f3d458d65e132bb479d53a423f7dca07e2005ebe5116e8d436bba7fc3884ed9409f70b95683506c1490fabd4b43cb4cd9e5a,RAIN,DAYLIGHT,WET,IMPROPER BACKING,2.0,37.5,1.0,0.0
16085edd7282c67bf953de7c1d61d2a5e5a089655f34fac133e31ce9990b01c510830798ffe6719a030fdf32296941db4262060d6cac3fb936c66ddb73bb6f8e,CLEAR,DAYLIGHT,SNOW OR SLUSH,FAILING TO YIELD RIGHT-OF-WAY,2.0,37.5,1.0,0.0
16087b61c83628978fc8b66b2bb58112e0bbf4fb92f6341db5fc51f9541ff9da338a807a3a1f9156bdc3994c88243c6e1cf08ca8a2cf9b65710a185047cfb081,CLEAR,DAYLIGHT,DRY,IMPROPER OVERTAKING/PASSING,2.0,37.5,1.0,0.0
16088c33310d8a5a434f7e251f2b97b26271a0816adedeb90d9c6b03662d18c33123911d10d1818f87daae8c3e8ca151b149066f6cb54eef03dda09c2d76c190,CLEAR,DAYLIGHT,DRY,IMPROPER LANE USAGE,2.0,37.5,1.0,0.0
16088c72e152e2666a633f765524d11f7d6ac3cd423badd49c70965365f19c0893bab4df90f58b38f43cf224ec9125524da488cd4d1c50f079c2e32aef5461d6,CLEAR,DAYLIGHT,DRY,FOLLOWING TOO CLOSELY,2.0,37.5,1.0,0.0
16088e25a9a680574c0be7d54814fc8b44edfcb750e8a61372a901b5c3d2e22b893e001af6cd53f1bbcd3d8cb1194a188bf0f083ceaab62779ea945180455987,RAIN,"DARKNESS, LIGHTED ROAD",WET,FAILING TO REDUCE SPEED TO AVOID CRASH,1.0,37.5,1.0,0.0
1609075ef88cf606477a5b90e21dc1e5a47e901fd3ab8259e4bbaa113752242097e4035f8a02befb3802a3dd37381e41e84abb290448858e2bd9a7fcfd86621a,CLEAR,DUSK,DRY,FAILING TO YIELD RIGHT-OF-WAY,2.0,37.5,1.0,0.0
160925f1eb9087ff6e95e1e34d8df66a0b672d6b0257e0b0529fdd38f623b25570b20351febbe7394a4fa779af36826bab98269b8e0c312eb2291f86d23a5f06,CLEAR,"DARKNESS, LIGHTED ROAD",DRY,FAILING TO YIELD RIGHT-OF-WAY,3.0,37.5,1.0,0.0
16093fb49109c6e8b4a2c5e59a16b2b73b5affbfe8fa0c60054a9b06c51e67f0ee39b40f5d0f21dad6a5ad95a4764aa7158b14792ee48a8dfa0889a257fdd819,CLEAR,DAYLIGHT,DRY,IMPROPER BACKING,2.0,37.5,1.0,0.0
16094186269f942542dbfa63ed0151aff045eb5ec04da75e8f003c6b990c5e6dde7efafd7da0d545a9c7e2addea29f28fd739d4609ae6fa74848b1bfde1985bd,CLEAR,DAYLIGHT,DRY,DRIVING SKILLS/KNOWLEDGE/EXPERIENCE,2.0,37.5,1.0,0.0
160943fdc954b283f4c065474579dacdef51dbc854e9cdb1a03f408b9f0fceeb59002ff13efa9a2fd8de096009ff1764e206c0e77ceb0a7d8ee9f6825f7c11a4,CLEAR,DAYLIGHT,DRY,IMPROPER OVERTAKING/PASSING,2.0,37.5,1.0,0.0
1609968464452670e2a86761f6506facd070a8ec24c620754b2a73f1de3022f83ba943227764d197baf33046bd384a425a5ef339792433ef45300416a3b313fa,RAIN,"DARKNESS, LIGHTED ROAD",WET,UNDER THE INFLUENCE OF ALCOHOL/DRUGS (USE WHEN ARREST IS EFFECTED),1.0,37.5,1.0,0.0
1609b2a8e7ec27aa568eab7401aba0c946869d1dc420f314b6827a47753685bd9f8a261f4cf969f24d86b27c81937ceb266fe8b4950594b178c3c79a39e40185,CLEAR,"DARKNESS, LIGHTED ROAD",DRY,UNDER THE INFLUENCE OF ALCOHOL/DRUGS (USE WHEN ARREST IS EFFECTED),3.0,37.5,1.0,0.0
1609b32453fb809bb710ed30cd9b58e03d2cda48fa2659dfac1e8eebe0ed8ef0cc5341e2203c9292a3893dcae9af08faef602861291a15efaac6431c986c080b,CLEAR,DAYLIGHT,DRY,FAILING TO REDUCE SPEED TO AVOID CRASH,2.0,37.5,1.0,0.0
1609d4d7fda841e209bf06bf616517a80f035ac0e301502bf2b6eb01c4d837dc2b56367f49d4693b13e1435d87f3d912addbc3d0e6473708a3a5f5fd4c8b3dbc,CLEAR,DUSK,DRY,DRIVING SKILLS/KNOWLEDGE/EXPERIENCE,2.0,37.5,1.0,0.0
1609e8e9e1741badb8875d7abacbc82fb46a9e5dab25b2de90779a1bf93ffa860cacaaa516dd055658b90a1df475b904a034d1df08100c729d8720ab5bd3c8b8,CLEAR,DAYLIGHT,DRY,UNDER THE INFLUENCE OF ALCOHOL/DRUGS (USE WHEN ARREST IS EFFECTED),3.0,37.5,1.0,0.0
1609ed8cf2de920e9e3d444ce53d3c29b5d2334aea9f3ad5c7bcd210c4c7daff7d07b508d6488441a46ebfde5c7e228088fa774c84bdaa6c1b906ccdbf5de286,CLEAR,"DARKNESS, LIGHTED ROAD",DRY,DISREGARDING TRAFFIC SIGNALS,2.0,37.5,1.0,0.0
160a0d806efacd34d7c6f2e25cb1ad64f5a14b92523504a3a76b369408f38c62408e5a2a51bde573dcff4a33ff71b8bc47eb42210cfe5fd071c798dbf5df5aa4,CLEAR,DAYLIGHT,DRY,DISREGARDING TRAFFIC SIGNALS,2.0,37.5,1.0,0.0
160a2a64b5b4542430b439338983209238efa233bee4474aa6702bb75b9bc9b711540f7c0ba98fb477b91eb8817ac45838ee2d364a92cabb79aa34aa24caa1c5,CLEAR,"DARKNESS, LIGHTED ROAD",DRY,IMPROPER LANE USAGE,2.0,37.5,1.0,0.0
160a4b9ef98fea404d01aa35c909d570f007370e67b29305ce99af37d43e731d6da952a87de4df987ecacd1b9a68684f1e97b59b54183852ac43a244c0811fdf,CLEAR,DAYLIGHT,DRY,FOLLOWING TOO CLOSELY,2.0,37.5,1.0,0.0
160a4e4eea54c24ba9cfaf1b53848a2487737728e30a6ff93fcaf0eb2cdd29c37a55cbf3d64c5ed50de862f06196c822cc4129511081f853034ee8effdf0a461,CLEAR,DAYLIGHT,DRY,IMPROPER TURNING/NO SIGNAL,2.0,37.5,1.0,0.0
160a5264ea5660e9a84a44c0abdaa2ffd6e226748556706bfef85ab40406353e160e1dc2781f8c6f15669d8869cab2a8fd70f3727eee5aeb7a4490a81c01e4e7,CLEAR,DAYLIGHT,DRY,FAILING TO YIELD RIGHT-OF-WAY,2.0,37.5,1.0,0.0
160ac22b293fb3babe814d3975d7be13965820687b8ac1f136bf0e7fc979dd290f3015feb9093d37c14a03e0868b0cbeccbcca17bf3cb8446689ba14050cc492,CLEAR,DAYLIGHT,DRY,FAILING TO YIELD RIGHT-OF-WAY,1.0,37.5,1.0,0.0
160add84a686eb5adad164a8850ab9d7424632571ff45c16bde4d6fd98b8860b3d31ace00e4d67bfc6969c34815b81449e5073d5545be2a5c702e7e93f8d3dc2,CLEAR,DAYLIGHT,DRY,IMPROPER OVERTAKING/PASSING,2.0,37.5,1.0,0.0
160aea3ff311d4e20b7791706528167f5076d9efb737e4fc85e58f78b5fc298fd5ddfbfdd4d95f1be5fb0c30d4824dad574f14cdca66cfc51d2873d224b1e00b,CLEAR,DAYLIGHT,UNKNOWN,FAILING TO YIELD RIGHT-OF-WAY,1.0,37.5,1.0,0.0
160b044e25357f19310ba0f85943253ed4f498e70b5a478dc1a2e17c7946dc458fc149ae77def5db4084b685eedcf115fb59cabe25c04aa3fb5db3d9b2bd8b5d,CLEAR,DUSK,DRY,IMPROPER LANE USAGE,2.0,37.5,1.0,0.0
160b0f14537824c7e1fd6af66b943a25aa9ae55405c6dab1d210f4bfcc3c032c35faeeeff70cc7c42957e0efae3fddad27cdbe33039f4912e2ae0f9663840532,CLEAR,"DARKNESS, LIGHTED ROAD",DRY,DRIVING ON WRONG SIDE/WRONG WAY,2.0,37.5,1.0,0.0
160b169f44649986b785eac374d1fa6022c9a2a30b31ba7b7f3e50c42134828f967fb603bb97bcbe668d00afc4a731751cc6ae5cc88daf639f7855f0b5ddc9d6,RAIN,DAYLIGHT,UNKNOWN,FOLLOWING TOO CLOSELY,2.0,37.5,1.0,0.0
160b2b73e2bc8f4d1c9d58cc7df8b56c2fb1bc332dd59d239635a9a2a12b61af826a88475e365e1327921702f964a327e657d97753eeb896cb9cea807c82b7c0,CLEAR,"DARKNESS, LIGHTED ROAD",DRY,FAILING TO YIELD RIGHT-OF-WAY,1.0,37.5,1.0,0.0
160b3c28377d8023d8cc8b404d14be7ab9f5e5ce5be7ad92228018ffee72fda3a9e55fb1df8cc151b32d631a13474a1f90d2159b423832fc07527973e8954172,CLEAR,DAYLIGHT,DRY,FAILING TO YIELD RIGHT-OF-WAY,2.0,37.5,1.0,0.0
160b43467b45d5a27814c967492b09ea15398bc70ee7f28d3ffea08fba7ee951f2d5805f79c071a8e605d008aa0534ea1fe519b25988be4c2aaa1a62e9dad96e,CLEAR,DAYLIGHT,DRY,"EVASIVE ACTION DUE TO ANIMAL, OBJECT, NONMOTORIST",2.0,37.5,1.0,0.0
160b70a34a03140df3c94a9ad0e232a4695a507255a7386c2e1a9dd4b800b2d97ccbb6dd08e5a10e547c48425ee859f4be927b1bc495032df6fb24bd70bc636b,CLOUDY/OVERCAST,DAYLIGHT,WET,FAILING TO YIELD RIGHT-OF-WAY,2.0,37.5,1.0,0.0
160b715ffa56bc3203e99ed7044f4d6de08386f4cd7a2380134ccb963487a8e56bbe18adab53bdb0a9b20b0712351b749cc586804a387f6cf497a89801361cba,CLOUDY/OVERCAST,DAYLIGHT,DRY,FAILING TO YIELD RIGHT-OF-WAY,1.0,37.5,1.0,0.0
160b74503e607744716ff0f79cd1b566dcae7be00e59ce640e8cee3a94e825287a1b17740d7b3c5642828103de8775a0c63673b66d65731dde0d0f2679c3265a,CLEAR,DAYLIGHT,DRY,DISREGARDING TRAFFIC SIGNALS,1.0,37.5,1.0,0.0
160b771a4bb93abf97370fd6bb08d82fd17a727a3a3b3c306979e2cfbecd886cd0b32c473a74cbc09114abcebc956e73ee9cfdc14c869bca21e233f2a6abfab6,RAIN,"DARKNESS, LIGHTED ROAD",WET,FAILING TO YIELD RIGHT-OF-WAY,2.0,37.5,1.0,0.0
160b90fccf0dcb7ac63c2f593e6b811af05e6f5860e5b0f25242178795b9a2213a67ed9f674ffb74da5de399ce651c6916eceacef5886b4fc5a3d56c8fdae7b1,CLEAR,DAYLIGHT,DRY,IMPROPER TURNING/NO SIGNAL,2.0,37.5,1.0,0.0
160ba8de3b743346e42d245ac74b3f33f2552e945565f137b49b50329a7f24cf529bf135a77822096b06e230d638f1ba2bd8c18305b30fe59d698a75d4c9f169,CLEAR,DAYLIGHT,DRY,FAILING TO YIELD RIGHT-OF-WAY,2.0,37.5,1.0,0.0
160babfa989521d1e98e2ff46ceecaa2c33fed8b0de40b0227cca7100916e329ce85dbb6a5171c312da45bce727fb8698afa01e5e883cda69e653f2746dc2d1c,CLEAR,DAYLIGHT,DRY,IMPROPER TURNING/NO SIGNAL,2.0,37.5,1.0,0.0
160bbe396bcb62c2e83f4d148aee5ef9c400ff71ca00e44875049041389069a9dcae46619b0f520e4fc06ecdbbb1c9233f60effa1f863a81f61012f28c09e1d9,CLEAR,DARKNESS,DRY,FOLLOWING TOO CLOSELY,4.0,37.5,1.0,0.0
160bbf11309265e04de6bbdf651cc53ed23a3b9771b8006b72405ad6096b912b6a23e6a3105a5b07f36d248036b45880dee6472e936269e6f5091a9e934bec49,CLEAR,"DARKNESS, LIGHTED ROAD",DRY,FAILING TO YIELD RIGHT-OF-WAY,2.0,37.5,1.0,0.0
160c2c7107e29a48fb105e04522589433b3da2a4110241b315f1431a5620fc35195c1a8c94b5aa16f7fc6d7f98e0ec39a7d92521b01b215a18445cd559f71bd6,CLEAR,DAYLIGHT,DRY,DRIVING SKILLS/KNOWLEDGE/EXPERIENCE,2.0,37.5,1.0,0.0
160c2eb36a2b76de4331f4c7666138d10ca49e035390efc5af72eaf896df551552841108954c5eef73d4ab71eab773031adb191e145682fa533f5d8b98035eec,CLEAR,"DARKNESS, LIGHTED ROAD",DRY,IMPROPER TURNING/NO SIGNAL,2.0,37.5,1.0,0.0
160c4312a2075926c58a93fc110cb355334ca1b9713dfd4b2b72b773f570bf52044f8ed3111e045d48c2a7be4f886c1c9c4311099d094d0b4b5cf64e0b542bc9,CLEAR,DAYLIGHT,DRY,DISREGARDING TRAFFIC SIGNALS,1.0,37.5,1.0,0.0
160c7b05266a522288618f95c32e877acd5efa72d77d613b557aabef0b456c0d056f8624c72e93fb4d657547a3f60029044eb945a9ee5aeeced23f302b44aca2,RAIN,DAYLIGHT,WET,FOLLOWING TOO CLOSELY,2.0,37.5,1.0,0.0
160c7b3c9760196072a1130d9495e04426d6332360f06aba90208d3d66d41d4e0c5a7b95d47a8a8af3e8ed613dc63feedaba456c5b34cd9c1de93451c942a144,CLEAR,"DARKNESS, LIGHTED ROAD",DRY,FAILING TO YIELD RIGHT-OF-WAY,2.0,37.5,1.0,0.0
160c8fe73df850f9f75d994660a0cad55275b9814bfdbe94cb0717ad749744c0002595a12b5c7fb401bbc4ada73dcb5e8054aee88587ceca0a881ea35839702c,CLEAR,"DARKNESS, LIGHTED ROAD",DRY,DISREGARDING TRAFFIC SIGNALS,2.0,37.5,1.0,0.0
160c902af9dd257a429ff73a6ca2099022771ecdf4dbe5c58e031e18264d515d3275f42c6e5c89ca77e35274531c64945041272fd237f18fb82c225e528b532c,CLEAR,DAYLIGHT,DRY,FOLLOWING TOO CLOSELY,2.0,37.5,1.0,0.0
160c924a82a87626f6925419b783a8c66cbce9f8fcef3f1dad926b216d61c970672f52dd5a8f111d11919337bf8d71c474d1c7f74d8afb4d0fa1826f14e65de7,CLEAR,DAYLIGHT,DRY,"VISION OBSCURED (SIGNS, TREE LIMBS, BUILDINGS, ETC.)",3.0,37.5,1.0,0.0
160c9572931363710efd5ebfe8cc310e0e4a809db577e33b6c1fd694a18315f276761d6571a3a638be9a65b8ef7995c2f97028b390bd150b575e8ef92c7c826e,CLEAR,DUSK,DRY,DRIVING SKILLS/KNOWLEDGE/EXPERIENCE,2.0,37.5,1.0,0.0
160cace983f37db3e8dca1558b50856e4a03048e43fe908608f41d6cb9e58a83fed8133df5a4647d867f5c89c22ed02227a2c0bb44ec5190040d6d947a06e1fa,CLEAR,DAWN,UNKNOWN,IMPROPER BACKING,2.0,37.5,1.0,0.0
160cae4778d33223607d8752c7de453cfc2395d7557015572c922fcdfd96b85126bcfd580b8adc095007d15b7be1f9965d9a8bf7e32417037c6fe6da836d4ce4,CLEAR,DAYLIGHT,DRY,IMPROPER OVERTAKING/PASSING,2.0,37.5,1.0,0.0
160cbca27fd8e8694a3fe3cb947dd8a7a37f181c78b87b1dafc0c1c192ec68d52bc8de5b130e132417d307a1e9f43ab55add3b377d55bd6cbd7a93f5409d1bdd,CLEAR,"DARKNESS, LIGHTED ROAD",DRY,"OPERATING VEHICLE IN ERRATIC, RECKLESS, CARELESS, NEGLIGENT OR AGGRESSIVE MANNER",1.0,37.5,1.0,0.0
160cc234b8c5f600da8b7f7944fd9c748a68ce4991f4f11184178e868e2e9834c320d78128fee7f9b093623b04f1e8c7dcc04d1a4b7f5ba6ed59fc1b9153869d,CLEAR,DAYLIGHT,WET,IMPROPER LANE USAGE,2.0,37.5,1.0,0.0
160cf1775a3c0548d8872466123d86645ea883366dd4aaf2aead6425497a85d3dc4849924c18a50251525c1966a8cefe06e41529eb46705c621c0c8abbace218,CLEAR,DAYLIGHT,DRY,FAILING TO YIELD RIGHT-OF-WAY,2.0,37.5,1.0,0.0
160cf7dadaf9d43913d1a942d710bf41f2cf0bf71caaab39b2cc3552086a3d5c14b2dfb751733f290b22c2465fe9dc78596d933bdec23a897e9b054b57de1377,FREEZING RAIN/DRIZZLE,"DARKNESS, LIGHTED ROAD",ICE,DRIVING ON WRONG SIDE/WRONG WAY,2.0,37.5,1.0,0.0
160d04da8d41127c7d5cd1bd4779a09abf26164f93500958903915385fcf9d77d5a1719f46e06b024ab511d417a41d3c7b7a2ecc2390e2e89d1cd07351fed00f,CLEAR,DAYLIGHT,DRY,FAILING TO YIELD RIGHT-OF-WAY,3.0,37.5,1.0,0.0
160d07b28b4e7a2185f1ad993bd2ee3f16c709fd795a68c87d8f78337192dd823e42f7553d2090e23c53135f418a467b72d889a3bd89c262e5ed2930f220aa7a,CLEAR,"DARKNESS, LIGHTED ROAD",DRY,FAILING TO YIELD RIGHT-OF-WAY,2.0,37.5,1.0,0.0
160d4a4941000d7bc84c90207204e996425aa782219b192ef8360babf9d016ae55af7e5c0ae7e4f005729a43cac668ae89966dae41164eb5c6125630db7a604c,CLEAR,DAYLIGHT,DRY,FOLLOWING TOO CLOSELY,2.0,37.5,1.0,0.0
160d83e637077e3ba2fa976499a6052eee86e1b18b89cad0979de4453ad5d5a16dceec176c133d7bd303416d871994e39e04a0b45ffd1e2df7f8cca69afbf502,UNKNOWN,DAYLIGHT,DRY,FAILING TO YIELD RIGHT-OF-WAY,2.0,37.5,1.0,0.0
160d84666c99f631f58a69bbf0b0f321e8b3f7d1b85499c385c7b4a17a51fc3390ad73cda35b7ed4a4ab93bd9b6d0619e7b281e71287018a0c4f2ed7be1e0b45,CLEAR,DAYLIGHT,WET,IMPROPER OVERTAKING/PASSING,2.0,37.5,1.0,0.0
160d8a1e13c0bbe4d1246216a29ec78faf8ae7a0eb07788b16247ccc7cffd6ae68f9147618b77f91d4d0bbfbd5940b7855e0743710519de9002b32b451e12fcb,CLEAR,DAYLIGHT,DRY,DRIVING ON WRONG SIDE/WRONG WAY,2.0,37.5,1.0,0.0
160d91f8325d45549f59e41d6a784741dd52d5d7bcf955ba2dfbc7db02e2b5fb34a1d3b19abb920c8f6c3d993c118a2c3f5951dd7d21cd33a1a66be8391ecf58,RAIN,DAYLIGHT,WET,WEATHER,2.0,37.5,1.0,0.0
160dc348ecae73b58d807dc9b6f3a9193ddef3f8fd539c74266d427a9054f113ec2879d282cc7165e1129c4d33f8caf88b089a80eab5ba91efed2e9f96819107,CLEAR,DAYLIGHT,DRY,DRIVING ON WRONG SIDE/WRONG WAY,2.0,37.5,1.0,0.0
160dd9e804d3e1c13d98c8ee94a9763d9d75b2894eeb72be784e95a3ac1c298e6320a458a87f96c4e5ddd1b5da8b21bc0d4b1d9dcc90ebb002562eba20fc9cf3,CLEAR,DAYLIGHT,DRY,DISREGARDING TRAFFIC SIGNALS,2.0,37.5,1.0,0.0
160de503864206a8f35e9b0b51145ec4beaaf012c0a71d3744804476396f81d1f20c3f5d3eba3bbadd38b2f34dda9472d4e718180408f7f629f145928825340d,RAIN,"DARKNESS, LIGHTED ROAD",WET,IMPROPER OVERTAKING/PASSING,2.0,37.5,1.0,0.0
160e1fc563d27c78531a5962d6b9f837eb62eeeb57e1d580fbd8e1e4fbd80a22a5d2948a4e0fb3296c5fdbc45a58dfe5da4f8133bdce7488b46210b1e5c280ed,CLEAR,DAYLIGHT,DRY,FAILING TO YIELD RIGHT-OF-WAY,2.0,37.5,1.0,0.0
160e4abbd5e5f52c6eb930a3a0230a657be861a662792d7eca535f835e8711a10ffc6babf5aa9abf63d7911ecc400d62871c6be31297f8aeb7d22b093f42c693,UNKNOWN,UNKNOWN,UNKNOWN,IMPROPER OVERTAKING/PASSING,2.0,37.5,1.0,0.0
160e55b7203cdf4a2e8c3748af33503e6a7eabfc5ac7321b30b17a6c647cae4342fe0b47ec2d8450382ea524ce44edc367ae747bf0b357c50bce4ecbe40f2071,CLEAR,DAYLIGHT,DRY,"EVASIVE ACTION DUE TO ANIMAL, OBJECT, NONMOTORIST",1.0,37.5,1.0,0.0
160e625b31da0c9220b91139e212c2033d5ed258241f83bfbba2f8105bd6567f1c283779df1c73d2a07c1c557a665fe1528631799c13747c0b25fabe54eb10fa,CLEAR,DAWN,DRY,FAILING TO YIELD RIGHT-OF-WAY,2.0,37.5,1.0,0.0
160e7394c9feb964a43d242d0e5bf0d88859413ab3bb0cee6d818425717d7a394a06d82a9a82066ee80dd435d25e2671b05e27966fa345b6ae0fae1c6b8c3b4d,CLEAR,DUSK,DRY,IMPROPER BACKING,2.0,37.5,1.0,0.0
160e8849bc4440e9788fa08700f3ff8ae92b437f41c5680b4b902c8b335db6a65f7de94f62e41a9b5a9628de86a2abd9d0042bc469cbf790e20ba8e4030d34d0,RAIN,DARKNESS,WET,UNDER THE INFLUENCE OF ALCOHOL/DRUGS (USE WHEN ARREST IS EFFECTED),1.0,37.5,1.0,0.0
160eb06eba56f11c3298de5ae94c52043eb7d5f6a7f43bcdcff2f90d2cf5430f1d1fe6a7a0c30feb0202e41572846866f2619be5ee5a2e520e7f072956c360d0,CLEAR,DAYLIGHT,DRY,IMPROPER BACKING,2.0,37.5,1.0,0.0
160ef6edf47528ea76faf41e49da416a549d22b545420d5bed3935d99f07a08fccf80f4a4269143019b13ee9d1d320606d6c367c4cb5374268c2b88366111824,CLEAR,DAYLIGHT,DRY,FOLLOWING TOO CLOSELY,2.0,37.5,1.0,0.0
160f302f094334d4154384348e2b26449f365f8dfd941eb7593da2c2add690110dfd00eb5686bd6472673ab53fddc36e973bc7a8005f1c6e26beb7beed0ed612,CLEAR,DAYLIGHT,DRY,IMPROPER LANE USAGE,2.0,37.5,1.0,0.0
160f4961e589dc0ed664a0ca907230a2878c6c3e99b582680cb83b130f31817e4e3c8f41cbcacf0c67daf112f020b3f23e3049b0492ffb033a07a0c8e238a67b,CLEAR,DUSK,DRY,DISREGARDING TRAFFIC SIGNALS,2.0,37.5,1.0,0.0
160f4a3e57c2882169124228a57ec449d73109a6ea46c5a43b61f0b86cc52da4e87b2354999dfc64567627e457aed421131b76a6b6b5c4b449c5d380ab69d659,CLEAR,DAYLIGHT,DRY,"VISION OBSCURED (SIGNS, TREE LIMBS, BUILDINGS, ETC.)",1.0,37.5,1.0,0.0
160f5392a285f85acd85f7273916e62e9e3b72d8c46a431cac526858609113bfb89fc79ad5b4f7c8d043291ef52fbe60dc91f245ef1bd2fd80e79b831fc1378a,RAIN,DAYLIGHT,WET,CELL PHONE USE OTHER THAN TEXTING,2.0,37.5,1.0,0.0
160f586e9d4539bdaa5393fd5d0c9dcfff1b6ca74195dc84e61ab717cdcd5ddeb375c2db7db017ecabbd9cf9322b3d5806b5b88f9b814ee087ef1fcdbf118c45,CLEAR,DAYLIGHT,DRY,FAILING TO YIELD RIGHT-OF-WAY,1.0,37.5,1.0,0.0
160f5a6a85149350672653d27b971482ef184e95a1465b0bf72366d52be3fae930294ebe69ce9975bea47b3efa158055fe486753d6646f9ed6ca5b10c1850efe,CLEAR,DAYLIGHT,DRY,ROAD ENGINEERING/SURFACE/MARKING DEFECTS,1.0,37.5,1.0,0.0