crash_record_id,weather_condition,lighting_condition,roadway_surface_cond,prim_contributory_cause,total_vehicles,avg_driver_age,total_people,total_injured
160f80bb4379dadbfa738dc82aa47a0f296936e6bcf38d76d09d557110f85a4db9be02fd13ba96f777d2e3bbd9cca793e74f3f5ee596cb59655b9b7ac984a9f4,CLEAR,DAYLIGHT,DRY,IMPROPER LANE USAGE,2.0,37.5,1.0,0.0
160fa3e1594d30a298fe027f29ecc6a8fd785d031202291f4b87417002a6a3b59bf2ddedabdd785d24ca11a8d2b469a9f9e1500e3636438b6dc8184a173ba9d7,CLEAR,DAYLIGHT,DRY,FOLLOWING TOO CLOSELY,2.0,37.5,1.0,0.0
160fd852c1faff7ac848b9b67e942df99d76f60ccccc62e05c4de1754cfbc7cb5213072387c76a7bf57b8d5ee241d59c98114c0170bb27a77b57a0dedf917aaf,CLEAR,DAYLIGHT,DRY,IMPROPER TURNING/NO SIGNAL,2.0,37.5,1.0,0.0
160fe965df850a075f3ae2d328939ca5d314023fb52bb565b4da4c443e4d3d9429105757b12f7e18bf7dcac2d8cbfaef77d27e3bdf2041ba2027f032b51e5825,CLEAR,DAYLIGHT,DRY,PHYSICAL CONDITION OF DRIVER,2.0,37.5,1.0,0.0
160ff8d93e6c829c186c1a09d49f1c6f69ded84b01307bc1e8e0c876a7b61ce4321e6cbe744966e034e1db032776de777d0cb64174fe77952d42f69198905b46,CLEAR,DAYLIGHT,DRY,IMPROPER TURNING/NO SIGNAL,2.0,37.5,1.0,0.0
161017696d6e4f3c4e178342b185c6d3c3949d85eac5762cd5dd47464dadfcf420e464de62a449ae9e676fd00218657feab7bf746ae9cd8132036cc687951ced,CLEAR,"DARKNESS, LIGHTED ROAD",DRY,FOLLOWING TOO CLOSELY,2.0,37.5,1.0,0.0
16103e6d922b9b4e4e90243ac98996887a3df988c37b6881a9a51657e2132a20af7af46784d6026f45cf66b12b0325df4aff302de953f2708b9f379fe7f60b63,CLEAR,DAYLIGHT,DRY,FAILING TO YIELD RIGHT-OF-WAY,2.0,37.5,1.0,0.0
16104060be3a839bf851bb4a17880a131f01d1661bc9cca4da864dac60e7e1f25c6900132a01886621dc8a38d8a4f91cb88102c833efced16f0aaa7fb7643af3,CLEAR,"DARKNESS, LIGHTED ROAD",DRY,FAILING TO REDUCE SPEED TO AVOID CRASH,2.0,37.5,1.0,0.0
16105f2a524a49230b486ca1d0a77e07cf8087badcae6afa198ad85a565dbb5000853276d0e4fe33a522f910cf1519c0dccfaafa6894bc4abd80759ddc49544b,CLEAR,UNKNOWN,UNKNOWN,DRIVING SKILLS/KNOWLEDGE/EXPERIENCE,2.0,37.5,1.0,0.0
16108cecab866c5a64c92eb6eed458c8e3fe45fcac38d7739bc40b69d8ee6e6916deef230453b9c2d8052160af45f0ee8804b3b0083291a1dd58e63fe85c48c8,CLEAR,"DARKNESS, LIGHTED ROAD",DRY,ROAD CONSTRUCTION/MAINTENANCE,1.0,37.5,1.0,0.0
16108d96eab119e5ccfd07a6d2501294c0861233cf29aa9ff0ad6868261c4d1d2fc92d91eadc56a0f2db882450f8da949a78ff513d652fae7708613d43fe92ef,CLEAR,DAYLIGHT,DRY,FAILING TO REDUCE SPEED TO AVOID CRASH,3.0,37.5,1.0,0.0
16108e9321587c637da64987f1d63af0c7d327ac9fee81ba358ae381691c8ba8e2982e3e6fd97d0d1b34e2fcd8d765142ee70edf5c7358b11e28800d2438c926,CLEAR,DARKNESS,DRY,PHYSICAL CONDITION OF DRIVER,2.0,37.5,1.0,0.0
1610947ff4520d97f17c9718bcbd171a3109e69e221bbefa89a93d7d68969b0aa32356f07494264ff377b08e5ba1039a24c40e79080230d7cd6ca804d7624827,CLEAR,DAYLIGHT,WET,DRIVING SKILLS/KNOWLEDGE/EXPERIENCE,3.0,37.5,1.0,0.0
1610c7a8621e1f1d87bacee54605b080a2a2cbe9e556e9bedd34a2765fc5c029ec3390053d22564a043c442855ef8913f0704f2c838b03ba994641d3a0a92eec,CLEAR,DAYLIGHT,DRY,IMPROPER OVERTAKING/PASSING,2.0,37.5,1.0,0.0
1610cd37a31053c26707deb56d397384e71c4e4734322e98d66abfd2e0ca22d53b1c443910f50b17488a6a619678f2d5cd46c6a19bcec6ea445b212fb89ed435,RAIN,DAYLIGHT,WET,FOLLOWING TOO CLOSELY,3.0,37.5,1.0,0.0
16111d6139e770f87d045eb8ed0cef5f5c209e60e6c02023f54d41da23f5814a61e7d9b8d30a1a58d4204556c7cac738c85e51e3be56b5b99c0c5c24c6e1deb7,CLEAR,DAYLIGHT,OTHER,FOLLOWING TOO CLOSELY,2.0,37.5,1.0,0.0
16114dccdee3f559f2b7427fa02a8a4363dfcbc4fdf0f3ff398d512c05efa15471aac3d1124843268bddefef1e1864b7c436a91ad7c47a35b8647ecbe5171f7c,CLEAR,DAYLIGHT,UNKNOWN,DISTRACTION - FROM INSIDE VEHICLE,2.0,37.5,1.0,0.0
1611a80553da3973a5481e3e5bc4796f8931620d0b05524451e6af800bfcdfe40e6a897c59d8de9070c78f264f7199c6018902080eb48499843dd012c27873dc,CLEAR,"DARKNESS, LIGHTED ROAD",DRY,FAILING TO REDUCE SPEED TO AVOID CRASH,4.0,37.5,1.0,0.0
1611bf1c461a427c76adf1aa1652727bb1000417a2cd4839be5e909394aaf03b32047b4266c4c6e37ac33cf0ef8e7e9f75fc0fb9632b0f2ca9636c215d491bc3,CLEAR,DAYLIGHT,DRY,FOLLOWING TOO CLOSELY,2.0,37.5,1.0,0.0
1611ee1fab3ceceee4e4734184f35c02549729b7116121fa825751a035627ca4aae3d90c93e887877b65f4f223ce05579aa666824eb0da20bac4a33476da72ea,CLEAR,DAYLIGHT,UNKNOWN,FAILING TO YIELD RIGHT-OF-WAY,2.0,37.5,1.0,0.0
1611f461bea583f99a3f3e0b7bdc51e389d8c0171abe95e6dc2837599f40a1840281755150c7db9f574be21707db6286c1a2d8f0bb3745efb77e3a486fa13000,CLEAR,DAYLIGHT,DRY,DRIVING SKILLS/KNOWLEDGE/EXPERIENCE,2.0,37.5,1.0,0.0
16120d57ec8fd0554eae26794faa4e237cdc1184d43490b37e5d05560182d9e2e5abe21c54dc5ce74fa29db541371cb32abb5a89b7f6206103b9edba594f87e2,CLEAR,DAYLIGHT,DRY,FAILING TO YIELD RIGHT-OF-WAY,2.0,37.5,1.0,0.0
16121814e3a7452e93f383934c942ef56c826321a9fd1b3090fa695e82818ea1ef920a8be0835647951d9921ee51d6e04261f10be92e622f54c045477d4a5140,CLEAR,"DARKNESS, LIGHTED ROAD",DRY,IMPROPER LANE USAGE,4.0,37.5,1.0,0.0
161223eb86064a8af75c99cafddcf7ad3aea5b3f13ebf36abe4ab3825654e70067f1d23c63b0fe155ad116cd9a6862d372b9f565a4e939b771452ff17f5273f4,CLEAR,DAYLIGHT,DRY,FAILING TO YIELD RIGHT-OF-WAY,2.0,37.5,1.0,0.0
161253df8939c7a5d8eb0ca88fc4269b530dbf30a28941f01edaf249ad0f2207335e6b38bee017fc3eb7ec9e94f7fa26cbf8709f9e1cfbad30dc9ee142634ca0,CLEAR,"DARKNESS, LIGHTED ROAD",DRY,IMPROPER TURNING/NO SIGNAL,2.0,37.5,1.0,0.0
161278711089d31d4ae88076b01d4d2c0b2f8fed90bf5205ba5c303f7562d123d42e21aa75a51ef6c7e9e9a558eb0e24f8225722f5b6e2fb5f95c3e63c8d9a2d,CLEAR,DAYLIGHT,DRY,FOLLOWING TOO CLOSELY,2.0,37.5,1.0,0.0
16127a7bc6c5fa349c1be6c6aec58b00c85d7597fd522e648749c730191cd70e157e4c7531f9c8754bfa4b842aedd8d1b9326abe573e4c8541611e84e528f8b1,UNKNOWN,DAWN,UNKNOWN,FAILING TO YIELD RIGHT-OF-WAY,2.0,37.5,1.0,0.0
16127cdb18adf3b9c9c587c619fafca3776423140e248d638f7b050fbd78d0ce2fbee05fb4a5ebb2baa344b3a046c19e8e030a916cb47043ac71e424ef96a8d4,CLEAR,UNKNOWN,DRY,FAILING TO YIELD RIGHT-OF-WAY,2.0,37.5,1.0,0.0
16127d5b4d5d3f33f7ebd56e05bf0d9f8135057047fbe7131e8571066fb23e77d4d45e3dc2dcbddd837f64b6dcbe283447323a3a20fb7de8ed16087c9bbb6f0c,CLEAR,DAYLIGHT,DRY,DRIVING SKILLS/KNOWLEDGE/EXPERIENCE,2.0,37.5,1.0,0.0
1612b178dee618eb1690daa78353935caec40f0cc0748b0ab412cb27c4091b46cfcc26dd649a811da6d199851655744b6aff755f7a073910cc8be7e0e8f66f77,CLEAR,DAYLIGHT,DRY,IMPROPER BACKING,2.0,37.5,1.0,0.0
1612ed43783410840e702e4c8fc7c1c680a6bc7231514d4796283d5aaabbf334873bf88e52460058f4473c6ac1e03f860b698ab6ca2051e8deff7bfaf92e4618,CLEAR,DAYLIGHT,DRY,FOLLOWING TOO CLOSELY,2.0,37.5,1.0,0.0
1612f6351168f3e80ddf68911123b939834fb047f1f5a62d0171d2c445a14b247aeccae69c38b20ff9513459bf53a618586d0812217d9bd4c1671a86f09d57dd,CLEAR,DAYLIGHT,UNKNOWN,DRIVING SKILLS/KNOWLEDGE/EXPERIENCE,2.0,37.5,1.0,0.0
16132bf0edc81893315a9f792ba7b565f58a6238071a48463cd683fc0ca0dcfa3a8b7c870400d531c722059ff95a0d8a8d4ab82779044d7b1f333dc919dedac9,CLEAR,DAYLIGHT,DRY,FAILING TO REDUCE SPEED TO AVOID CRASH,2.0,37.5,1.0,0.0
161370e9f3d3a3bfb4eee6e1dde78db62ed9ca82fb114c0f96e6ed612bc85c34263a337786d4a8d7ecc5887582ea58c19ac40eeb55005a5137f3b45fa1756846,RAIN,DAYLIGHT,WET,WEATHER,3.0,37.5,1.0,0.0
16137fdd813b19f700ab82f73947007210d450a416052aed7659076ac16382ba1a057914d87a8c163b090de35f0c162aa08a19aad492a7fba0b59da9e9531b47,CLEAR,DAYLIGHT,DRY,IMPROPER OVERTAKING/PASSING,2.0,37.5,1.0,0.0
1613aa326b5ff543bd0ac20623584c876c8d0be74ab87fe11345b1988196124398b454ad6a932b0d0f6f013234f13a6d55bca20e6467159e88c7f50a204c5dee,SNOW,DAYLIGHT,WET,DRIVING SKILLS/KNOWLEDGE/EXPERIENCE,2.0,37.5,1.0,0.0
1613c39d52866029f71a327ebdb853fe9cc322115ca35f8b33142f93dd59b372d3897c36b139d91698f7fdb88d159cbd9646395f82ec85d5ada084f1eff72901,CLEAR,DAYLIGHT,DRY,FAILING TO YIELD RIGHT-OF-WAY,2.0,37.5,1.0,0.0
1614160f67ad14ab48cd72995fff58d3f42267094842f69c349087f809b4489ee46e074a00b1bddffb4d6d3ec994dec0738b9502792b921e394bd18619edcb50,CLEAR,DAYLIGHT,DRY,IMPROPER LANE USAGE,2.0,37.5,1.0,0.0
16145e57464571dfbc6528c51ddc04d1a5b5c77d9cf464a990ea7949226eccedd2fc8bd6233f2c2faa439484ad1b2fd489f836939733c771025d2a1bd30d782d,CLEAR,"DARKNESS, LIGHTED ROAD",DRY,FAILING TO YIELD RIGHT-OF-WAY,2.0,37.5,1.0,0.0
161462e59df9d4d23a4387fe7452bfb4f620e54833cd94c4ae03f8e8172e511f2dd10dfc104e63eface4b25366192cfce22da3875c73bafab6bac16663d272cc,CLEAR,DAYLIGHT,DRY,IMPROPER OVERTAKING/PASSING,2.0,37.5,1.0,0.0
16146fe8fd7825fcd8647a6d7e6dc4412b3c13851831191bb1e39438a33f1800486f5e3b99289cabef58c613aec6e46089eb3c209ccfae3cc747c11bb99b3b1a,RAIN,DAYLIGHT,WET,WEATHER,2.0,37.5,1.0,0.0
1614fca0dffcda6053ac8b8b5e0cd781a77317ba49d7ac1ddc48d55daf585b883a779d9bd2061ff7a305d5e17f3438a53ae96021b651c2419ceb779a63b708aa,CLEAR,"DARKNESS, LIGHTED ROAD",ICE,WEATHER,1.0,37.5,1.0,0.0
1615043b4b55c5459b5374dcf4438eeff6f0f2ec3687970fbc3bad863a39776622760f518db9dda68afa9b2957247a60289adfc9b0518d0915a26be3f056e2a1,CLEAR,DAYLIGHT,DRY,FOLLOWING TOO CLOSELY,2.0,37.5,1.0,0.0
16151e77e6599479c4c190978a80b8b869df5fdf377b9c4d548ce317c8898790a375e5bb23acd9b4f9342a5f6f2c81f48a57f73eda7e2901c48d2a36cd1f9e33,CLEAR,"DARKNESS, LIGHTED ROAD",DRY,UNDER THE INFLUENCE OF ALCOHOL/DRUGS (USE WHEN ARREST IS EFFECTED),1.0,37.5,1.0,0.0
161533883e99f90b882a7c8e0c2de9fb6313297ab379403b5eb294ada033f66853ad08e05587648e74f6f1078d8d66e325a86c8206d7f0ef5c3a3bf1eb6d4a44,CLEAR,DAYLIGHT,DRY,FAILING TO YIELD RIGHT-OF-WAY,2.0,37.5,1.0,0.0
16153869d8a3778be5948106a9012e613bb1086df0b2a5a2842d67e0e803655b35494838d9b35166226275a817794a5c7f522d138f78376ab78c23e0cc710019,CLEAR,DAYLIGHT,DRY,FAILING TO YIELD RIGHT-OF-WAY,2.0,37.5,1.0,0.0
161559e329840e1f86f39e90cb783d3cc0af4aef5a1089f3ba4a719c6944f31e6ed9bf04ded5de3ce1ccfa829c7c658e4111636542870c0e2539857555df7164,CLEAR,DAYLIGHT,DRY,DRIVING SKILLS/KNOWLEDGE/EXPERIENCE,3.0,37.5,1.0,0.0
16158f87b3d52e81958811a8d530bc1f176c10146ea4543d142b381a42120954e2ddc30708ca21eb4355b1e929de56039dccc067c8cd98fc80fae31109a10df0,CLEAR,DAYLIGHT,DRY,IMPROPER OVERTAKING/PASSING,2.0,37.5,1.0,0.0
16159672aafcb60aa019195b45d16c54ae98998f3e75b8cac9a341a183ed731386ac471b9fc3cb62af5f2ad46489492a66a0233d38cb0ea65ba4f947a1d8b0b7,CLEAR,DAYLIGHT,DRY,FAILING TO YIELD RIGHT-OF-WAY,2.0,37.5,1.0,0.0
1615994d83818392b004d3488b3129c72d3e272e8c562670d339dccb95e8fd060e0bb6684cf7f95cdd82c52e875cee0a26a1c6f1dca64ca3109967f044fcbb82,CLEAR,DAYLIGHT,DRY,IMPROPER LANE USAGE,2.0,37.5,1.0,0.0
1615d8d0e109b113d385137ae919686721d7439b60e0b56c986450fed3cc16bef5bb257ed509482febe1afe5b0361f525f42e323e9f528b9f7621207a0ee9d3b,RAIN,DAYLIGHT,WET,IMPROPER BACKING,2.0,37.5,1.0,0.0
1615dc4a61052650290ae2eb55904da1871bebcdae198ea3fa2f19da68c29bb7119acea5e1240f3332f44d1e83ae1327e6ec7de795ec9b6e135dc7235893c1a9,CLEAR,"DARKNESS, LIGHTED ROAD",DRY,FOLLOWING TOO CLOSELY,2.0,37.5,1.0,0.0
1615eb726964247ceb6c6baadbac7594f2513c440622086c3755f5e7f6690a0b0f369d4dacb47823dc8ef47ad05ce8de40e7a2f4d448d2ab753aca7e6d943837,CLEAR,DAYLIGHT,DRY,FAILING TO YIELD RIGHT-OF-WAY,2.0,37.5,1.0,0.0
1615fc45d65d1146123059e54254d54cee989df58db087768f1b76ea8c32034ab7081f5a478f58a104ad82f2669df6a2e66e6353d7ab3fd3df4f390de3d5ba8c,CLEAR,DAWN,DRY,DISREGARDING TRAFFIC SIGNALS,2.0,37.5,1.0,0.0
161614adb8f7b6ad13581bace9c3bf41c2ea27fddd6cd07c5d0e9403b36311f0eb217d34e6437d2e5d1e01c8fe366b380bcdc834c9428ff4a86cb62947f619ff,CLEAR,DAYLIGHT,DRY,FOLLOWING TOO CLOSELY,2.0,37.5,1.0,0.0
16162ace7a04ab9304ad0cd92a0280cb357c06ff53c31381bff3d5690be273f994693199a167a6465f70c9d4a071b16bb88330310fc4589a1c1be40e8846ecb8,CLEAR,DAYLIGHT,DRY,"VISION OBSCURED (SIGNS, TREE LIMBS, BUILDINGS, ETC.)",1.0,37.5,1.0,0.0
1616a0bcb7e5d10f542ae97f1e5bf836e373a0598786acc38a504333ce9314343bd0e531a70eb29f1631e6335363452560f3602dbc5f7631e253fb398fffb6b1,CLEAR,DAYLIGHT,DRY,IMPROPER BACKING,2.0,37.5,1.0,0.0
1616aa404df33b9088974f8eacec80ab99b10f870acf3e44934694b3a38ca04c6bd576392f736ca10079fe9d2d9256316db67b115b90a0e90272c78cffe50ff0,CLEAR,DAYLIGHT,DRY,IMPROPER BACKING,2.0,37.5,1.0,0.0
1616c4ed8d1174a4f75e7a3e8dd082f53316aaae977018615adc7213538bb35149de613ee4a5b8b49c66f7ce392fefc433703c0b1d13c118b3a31eacce096a01,CLEAR,DAYLIGHT,UNKNOWN,IMPROPER OVERTAKING/PASSING,2.0,37.5,1.0,0.0
16171090ae2cd190fe3ce0963adbdc2ec3de6452594d68deca7634521d4dc63b004cb39e0093817ec1ad9884f40eaaf219fb869440c86785ad45c063384428cf,CLEAR,DAYLIGHT,DRY,FOLLOWING TOO CLOSELY,2.0,37.5,1.0,0.0
16171ecaeeb1deb4fb6a74d4a0a727b5e34a68496c37b9de2b583a93010e5ef5e06fbf95e704b7393a91e658e42a8094b4938fe840ded69bd39c5a620bd8f237,RAIN,"DARKNESS, LIGHTED ROAD",WET,FAILING TO YIELD RIGHT-OF-WAY,2.0,37.5,1.0,0.0
16172138acd64718e931dcd6bc7aa62e7c3e9257a5661161fe4efa43c0a2f1f4f3affb18c9e790283b864a3674025562424714448a2b806e6665ea74e0109f41,CLEAR,DAYLIGHT,DRY,IMPROPER BACKING,2.0,37.5,1.0,0.0
1617344b9a31f4e91170a8cffc74c805193af8eecb317e7daf6ebfb65f6f6c5ccbef22e087086d4c708a27350a751b5c3bab7e636b6e5eac0c79519fd03bab7d,SNOW,DAYLIGHT,SNOW OR SLUSH,FAILING TO YIELD RIGHT-OF-WAY,2.0,37.5,1.0,0.0
16173d1e0f6b9d3fb73a999174687d152587056a62c0a8df632994c72da048826e88300a3e6612c69b05b4bc095b43d035579f61dc1f10f00910846cd753522a,CLEAR,"DARKNESS, LIGHTED ROAD",DRY,ROAD ENGINEERING/SURFACE/MARKING DEFECTS,1.0,37.5,1.0,0.0
16174c039a677fce81ed11e6bcc8a5e380c22add1d5b4e55691a9f5f5f34b42f1484164743c12c3c8daeebc35dc12f1ccad1a16337bcc8129aea2356a06be8ad,CLEAR,DAYLIGHT,DRY,IMPROPER OVERTAKING/PASSING,2.0,37.5,1.0,0.0
16174c0eda15decaf70088a69341f5e2bff33f2a084a9ef3a3e9ca0d3a55053c48787d404114efbaae17a7b4561ad223d43282f621572b2285b67254125b6b9f,CLEAR,"DARKNESS, LIGHTED ROAD",DRY,IMPROPER BACKING,2.0,37.5,1.0,0.0
161751a4f71164a5be4e4e1d4a91162c01c3caa45c6cecb0b1d345cdee957b10d4befcf1679601abb45e021471cf8dfe48127d2c463cfebfdf614c745fc76256,CLEAR,DARKNESS,DRY,FAILING TO REDUCE SPEED TO AVOID CRASH,2.0,37.5,1.0,0.0
1617687bb8657746af7a499c4c90c8f67b999fc17233f70c10bde07f5c3a641f75dfe7e6bf6728f0f286f2fbf6a58b6207a30b87b411f99277edb32b8ddd49ae,CLEAR,DAYLIGHT,DRY,IMPROPER LANE USAGE,2.0,37.5,1.0,0.0
1617866e50e206f358162357853fe0d00987d48abb0d45c2d8732e7562c10936e2ff706be65d8325b4707700612ff30cc60cfe4a68103d6a95227dcbb87a21c0,CLEAR,DAYLIGHT,DRY,FOLLOWING TOO CLOSELY,2.0,37.5,1.0,0.0
1617869089ec0416a55e9a5e43a318e2face9648c3941ebb278a011c96ff8bda6667c11c39e7f2cb8a8eef9448f107b91689f32734d45a1f5eac23eb6f1c0d20,CLEAR,DAYLIGHT,DRY,FAILING TO REDUCE SPEED TO AVOID CRASH,2.0,37.5,1.0,0.0
161787d9ee4febb14b0fdcf6a5345d7e4a907e0ee2ddae925025a8bfdbbbbc5a0529526903ee7b725c850e7d95e5f519e68fccf3efe828238084c4ea0b0d63ef,RAIN,DAYLIGHT,DRY,DRIVING SKILLS/KNOWLEDGE/EXPERIENCE,2.0,37.5,1.0,0.0
16179295b8e9ccbf46021ef11cefde48887fd1d4808c0f330a656f2c098c74139727c4b674f04330ef260b1a73be2429c14d2dacce7eb71849160335932f8b50,CLEAR,DAYLIGHT,WET,FOLLOWING TOO CLOSELY,2.0,37.5,1.0,0.0
16179f8a0023604305e96c38637be491507cad335a6d11a92782c11ffd8bd26fd6d66c2e81863b471cdd3f05ca7f5ead3f1afa7679ce7d36c95265376ed65990,SNOW,DAYLIGHT,SNOW OR SLUSH,FAILING TO YIELD RIGHT-OF-WAY,2.0,37.5,1.0,0.0
1617ab2821b21f3de22ddaa47fe0debe5e0fbe0b82d7c28616932cffd1787d627f15fcbeffdfd29d8435ff2aae78c165e805535b026fce6a8c780273e63041d2,CLEAR,DAYLIGHT,DRY,"EVASIVE ACTION DUE TO ANIMAL, OBJECT, NONMOTORIST",2.0,37.5,1.0,0.0
1617b7cc17d99a39b87b0c1c82d10f60a8b16335bf644754f729cbbede9eb3552ba8e6cea26bec82a53a9f8fef3ce174920a969ab7fa2b04f8849269cd8b532b,CLEAR,"DARKNESS, LIGHTED ROAD",DRY,FAILING TO REDUCE SPEED TO AVOID CRASH,2.0,37.5,1.0,0.0
1617c7b00df3e4d6a23c3f9b43c1b35bbbef0e9237674d347cb4fe78c59ffb57f14385382ab093349de81c354f12d0d7c48633396b73bf8ba89530f85627e645,SNOW,DAYLIGHT,SNOW OR SLUSH,WEATHER,3.0,37.5,1.0,0.0
1617d5e0eeb3148d284f17a4ce1f53a7db73ffd2eb369a82def0e60d1ef7830f4110652b09f18611e09f5ec9fc6034cf1436f14015555f6258d7ad3a6c31ea4e,CLEAR,DAYLIGHT,DRY,FOLLOWING TOO CLOSELY,2.0,37.5,1.0,0.0
161813249676801a6cd6df774165e0ae177b8be53db7c78682dff9098d84f6f987a43f5c6f65a86028a73a4f31e12b9cce9bb76454b472a7953a564b3aedd085,CLEAR,DAYLIGHT,DRY,FAILING TO REDUCE SPEED TO AVOID CRASH,2.0,37.5,1.0,0.0
16181ad5b9c0906b84d8a9f3b54c903406da8a4c2c7b0315bc9dcfedb81ec987b01166b7853163c6928d0777901212782207f7f964fe3510d14028fe99954922,CLEAR,DUSK,DRY,DISREGARDING TRAFFIC SIGNALS,2.0,37.5,1.0,0.0
16182b993e9cd3da463f718c87b2a1b72757d62e5cf857fe40136e5179d2fd27ace4ea0ca4ddd32673da2f4e805a69875a34ddcfb41d3e7091f1827b8a071e4b,CLEAR,DAYLIGHT,DRY,FOLLOWING TOO CLOSELY,2.0,37.5,1.0,0.0
161830a725402e91a91b9dc955d263d93211ae50302faada8d7dee04d77201704945e4ee299a3e8b4c0a7d9df77ebe28637f9c7b895790faaeb5268908225a19,SNOW,DAYLIGHT,SNOW OR SLUSH,FOLLOWING TOO CLOSELY,2.0,37.5,1.0,0.0
16183a479db940e4eb76875a4c6adc502c9cb178997132bdede76ec7a9b54bd065bc70055ec392819a9eefe8372722919dc258f496b020740c7602b6806c089d,CLEAR,DAYLIGHT,DRY,IMPROPER BACKING,2.0,37.5,1.0,0.0
161883f0bf9b9b90b79e55d6b3ba06e7f5c1b7978b6d4db005fe38893a4e3fb87bf032a3f6066d8df4753a43c90f6491bc6d9f2f965ce1eb844ba2320f1684b8,CLEAR,DAYLIGHT,DRY,IMPROPER TURNING/NO SIGNAL,2.0,37.5,1.0,0.0
1618a9b64679bb04f360dd87114374c2c15b3caf426e525b3055ff730e20c8821af4faed921717fff84a1697ffd8378a3a600c898434b7b40eaaa886603289ff,CLEAR,DAYLIGHT,DRY,FAILING TO YIELD RIGHT-OF-WAY,2.0,37.5,1.0,0.0
1618d9579c525044c40f847bbedf0a2ae16fd629e711781f8cde183f9c5ddc96a98e5e4ca97c47ad97472e87826c633779726c547fddce7249a12a6c683c50a9,CLEAR,DARKNESS,DRY,FOLLOWING TOO CLOSELY,2.0,37.5,1.0,0.0
1618e979b849d2f7ea566e2e45fedbda1b7657bfe61b56684d36d3faf6deab3639af68958d1a1797ef3acafd937046f0c6b23a5bdf885a27392df4d75bd2e285,CLEAR,UNKNOWN,DRY,IMPROPER LANE USAGE,2.0,37.5,1.0,0.0
1618f937e7baa9a089fc13aff3b5c88d732f451153fa7539269c057ed744d8c5d32b47b07c42060c710dd0a1fd6a97fc25132b0fe6876ec129c107918f40f8d5,CLEAR,DAYLIGHT,DRY,IMPROPER OVERTAKING/PASSING,2.0,37.5,1.0,0.0
16192c459fbea095159f0bb09244bcae1ea766ebc7b0b2443d0f8f311889cb97a244a036673762ce2326f72c517ee8442a22ab944ef1faa186d5037097a82c26,SNOW,DAWN,WET,WEATHER,3.0,37.5,1.0,0.0
1619474e45cd7a4e3799f784d6c0e715c3c80678f633d2e7736d274803f0925b014c7f018c6365a094ab9c9da980fb9a769e3a6b545f602fb96463bdd2d13d8f,CLEAR,DUSK,DRY,IMPROPER TURNING/NO SIGNAL,2.0,37.5,1.0,0.0
161949abe30e418139630c36b2e0f2d3814174c3e3a053b2f1a6f7dbbdf5fe1b3c1446f23f356457afe6890391e2a48030663ae750888667f7945b57b945d405,CLEAR,DAYLIGHT,DRY,FAILING TO YIELD RIGHT-OF-WAY,2.0,37.5,1.0,0.0
16197f4347c27d2946f2ac889f5b855d224c0c1c1128288de20ca58252dad28d92bdb63805d607a9126788a53b55f55e7829fabd5e9fe022ed4e1a58894874e6,CLEAR,DAYLIGHT,DRY,IMPROPER OVERTAKING/PASSING,2.0,37.5,1.0,0.0
1619aa9bffa87cf757bf76431dcdea7ffc7c2a8b847f9de90cff20f3c28ed7ddee7c8ac35d53c760093d9ca1b2138ca931b739df76e3dc904be7637bad4cf43f,RAIN,DAWN,WET,DISREGARDING STOP SIGN,2.0,37.5,1.0,0.0
1619ac79dd24ee97e23424973a6b69c69315a2d8060f668069481db285b572543d853d968548fa77a8b39cabb8f70a924f49fd77bdeb82bfbddf228761f6d6b4,CLEAR,DAYLIGHT,DRY,FOLLOWING TOO CLOSELY,2.0,37.5,1.0,0.0
1619ae1a84d1e68a76e8214efb3377bce1a4aa2e7c9ca17f356765282fbf659e7feec84db47776bc4d2128bea9f739d4400b3c2f3a4ba57f5c089801180aa32a,CLEAR,DAYLIGHT,DRY,FAILING TO REDUCE SPEED TO AVOID CRASH,2.0,37.5,1.0,0.0
1619cae6911a8d27b657e7b4ae358e45731e87a781586a74a034f6df9d2127ae007ed0b3b8aba98fcf8b31374f875959dcadc1ab4dac7ae9f6e8b164aef81409,CLEAR,DAYLIGHT,DRY,IMPROPER OVERTAKING/PASSING,3.0,37.5,1.0,0.0
1619d395e7324ee287e0acf0a8d30aad4f1036c5959729a3435837dbb70cefd4eb2766ce506ff1725244c09b3a181ed3f01b25414cdfc3e332d3a4d364070b1b,CLEAR,DAYLIGHT,DRY,IMPROPER OVERTAKING/PASSING,3.0,37.5,1.0,0.0
1619fcb9e7b84ba9167e858f8e1bd3cba5a89c2242ece038fc38d29d82292b94c0266e89ea02f83bb0e702348cf9350e98d0459a7fd9b53a20207a6c3666e768,CLEAR,DAYLIGHT,DRY,"VISION OBSCURED (SIGNS, TREE LIMBS, BUILDINGS, ETC.)",1.0,37.5,1.0,0.0
161a02ed5f872938ecd6a85d0dca1d156c1e20c4accaf3c658be7a2283fbb05844e88603acfbc090d7fa7102b417a56848c8c5be8e6d70c9e7a0e65415f2cd59,CLEAR,DAYLIGHT,DRY,DISTRACTION - FROM OUTSIDE VEHICLE,1.0,37.5,1.0,0.0
161a1b08c58beec5ef86f111e811922a7dab5462c183d38c979b350ce81a6476f8bfea951ac118bf11971885bfd0ed5684d21026c9b029f035520a3829771872,CLEAR,DAYLIGHT,DRY,DISTRACTION - FROM INSIDE VEHICLE,2.0,37.5,1.0,0.0