crash_record_id,weather_condition,lighting_condition,roadway_surface_cond,prim_contributory_cause,total_vehicles,avg_driver_age,total_people,total_injured
161a1c92104fa05e3dd0af8aab21a7ebe07fc883cbdde76e1949f1532d59e2375d49ba0a43514e15ae56c46bc71ef5d732c39bd255dd1de71bdf20acfde97e00,RAIN,DUSK,WET,FAILING TO YIELD RIGHT-OF-WAY,2.0,37.5,1.0,0.0
161a4af4fd8d61f21df91098a8fd746b885cd2884b4c4099c056269f15fc1024688f3d4b565feb253742105fb2a160f86c1fd43a41743ea48024c2a9bc927a52,CLEAR,DAYLIGHT,DRY,FOLLOWING TOO CLOSELY,2.0,37.5,1.0,0.0
161a750aa226f3a8915f1edfccd019b265e43a05622ba45976e6385e1439bef80fbd3a88e87971b10445dcacf4eb7207ab4cc58e0f4fa0abd455e7aa9c854cb6,RAIN,DAYLIGHT,WET,FAILING TO YIELD RIGHT-OF-WAY,2.0,37.5,1.0,0.0
161a77d04380f65e3bf089e44c420feeeb13da021e17887e1ac5581f8e6f4adb960f737d1bc611e961351ec8d047bba9a2b59ea0c0a8de634d614144a4d1731c,CLEAR,"DARKNESS, LIGHTED ROAD",DRY,DRIVING SKILLS/KNOWLEDGE/EXPERIENCE,2.0,37.5,1.0,0.0
161ab1d8f9179de8992f3ab2c4e5c669eca9ded1e33eaf511d8240f1b4d816c049f1c72b8f2064796214e375d8451b5ea0810219548f967dff4a471f4a1a3976,CLEAR,DAYLIGHT,DRY,FAILING TO YIELD RIGHT-OF-WAY,2.0,37.5,1.0,0.0
161ad653d0a7ab0aee80843eef933dcaeffb7624e6302990ec8390bad5fa8247af96c683ed15cd372198f28afc72033d46fe8574ecac190a93ab5d5e2de8886d,CLEAR,DAYLIGHT,DRY,IMPROPER TURNING/NO SIGNAL,2.0,37.5,1.0,0.0
161b2e3e628e93de39d74a3cffc6f8cf9b16c35ce68732f8d416fdb1f4f0d34e2bd93301af042550f66ebb4a992b8110fb1c3e93e1019b1752fdeaaf1c561ead,CLEAR,DAYLIGHT,DRY,IMPROPER OVERTAKING/PASSING,2.0,37.5,1.0,0.0
161b2fce653a30c71dd9ed113e77758b292c2790897be6855f04aa87857d9b29f2330a0adf0e0f99f7675d519a75f04c3f5c8ddf8d8757ba3f5435e928878add,CLEAR,DAYLIGHT,DRY,IMPROPER BACKING,2.0,37.5,1.0,0.0
161b97593801a3173ec92e4ca8877a7e1db073ddef9491cf7c06c0156cac48066040d62eab6a6a1c7a0be746235054e2793b36e67254ea2002283422a899da5f,RAIN,"DARKNESS, LIGHTED ROAD",WET,IMPROPER OVERTAKING/PASSING,1.0,37.5,1.0,0.0
161ba7162fad8cd92db92b5fc27bf972e09b9eb7c16d4188ae7c4b3727e969d04334d551389755d2925f395fa21cf058507bbea3501ae5f6726aea1c69af5da4,CLEAR,DAYLIGHT,DRY,DRIVING SKILLS/KNOWLEDGE/EXPERIENCE,2.0,37.5,1.0,0.0
161bb5d8f3368d2d488558c14c9e90dade99e191bfafe75a85495892d291af1e6a3f6dd534c930d39616daaaa51cc02565289a2bcf76cf17ff0a027afc442869,CLEAR,DAYLIGHT,DRY,DISTRACTION - FROM INSIDE VEHICLE,2.0,37.5,1.0,0.0
161bbf54b792d3f36ce35c32dab71d23f225f7887ec8b6062b4f735c0bc44dff7a88bbb1fb486f74f1d968c2c31c2fd808548680bd3eb09a1e0158a85277d4f0,CLEAR,DAYLIGHT,DRY,DRIVING SKILLS/KNOWLEDGE/EXPERIENCE,2.0,37.5,1.0,0.0
161bcf2caba485a369cd76bca8267cfa8e8d3c85a8be63aaa582898542b902604d9aa596de8f821dfe19bae96095b893134e946ae6f4bf939681d34d94808d04,CLEAR,DAYLIGHT,DRY,FAILING TO YIELD RIGHT-OF-WAY,2.0,37.5,1.0,0.0
161bde43f2d69315c06ed4e2a8b40b017695c9090b94140d3be88a3d8add4e1e3c856ad9230fc2d56663f806d384b3e7320c15e997198bffbf99736fe15795ce,CLEAR,DAYLIGHT,DRY,FOLLOWING TOO CLOSELY,3.0,37.5,1.0,0.0
161be9ae99714fd7e6bece9c673f302a562d6149848a7b2175e4957607b91d2cced41d2a92a38aeec8d699557ce56e3199cfd9f2fd9d013b04d118e56351f9c4,CLEAR,DAYLIGHT,DRY,IMPROPER OVERTAKING/PASSING,2.0,37.5,1.0,0.0
161c4e8b8ffbbf65eb219e121e354a9936ff90a889e92d0cb93fa10d2435fb0ec2a894870e2cd28c70d778219ff44567dc1acfe0d2a207b734748f32c8316b8c,CLEAR,"DARKNESS, LIGHTED ROAD",DRY,FOLLOWING TOO CLOSELY,2.0,37.5,1.0,0.0
161c73d089d04a7b21238debeb72dca0d263ec0c5336b70eb6ababad2ad591212820a2ece136fc11366604915a142d22b54317ddbb6a602e07da192d2dd5be10,CLEAR,DAYLIGHT,DRY,FOLLOWING TOO CLOSELY,2.0,37.5,1.0,0.0
161c78a9a43b84137f8fa678d15a046cae1ff64906706edbdaf7f9645989c979fc476d8fc14bf5c01d57ea479f64fc7ac04cbba103d9efb15f3d68761084bf9b,CLEAR,DAYLIGHT,DRY,IMPROPER LANE USAGE,2.0,37.5,1.0,0.0
161c960369520d26bbfbf733c3b4ef4303b441462627eb6fce69fa1d834fc0c3eb7b018b6f87bbbf61c0f41afe6ec039660d3fefd1645d405830954e864ea5df,CLEAR,DAYLIGHT,DRY,FAILING TO YIELD RIGHT-OF-WAY,2.0,37.5,1.0,0.0
161c9a215bb9c918ad4f9526223d44e8a3bf1e38853b463b35d81472e6b6ce1e6f29c190bb29248c2663873d3b9c927fd697788c6f36a60d50be6582be182455,RAIN,DAWN,WET,FOLLOWING TOO CLOSELY,3.0,37.5,1.0,0.0
161cb064485e3a5909c6d77b0d10249f7e9a48bbfcb03ddfd01cd90299306271576c0d211ae12f695d256b0b31288442c7de85253174346eefcf3a618afeb91d,CLEAR,DAYLIGHT,DRY,FOLLOWING TOO CLOSELY,2.0,37.5,1.0,0.0
161cb388e464e3c22e914820cd53f0cd51d0ec20bb06ce4d1765dc01e3361fbc7303ca13a02b6569d8450e327857084d52c23e51ce751f2eaaf0033304a71987,CLEAR,DAYLIGHT,UNKNOWN,FOLLOWING TOO CLOSELY,2.0,37.5,1.0,0.0
161cbe16c4e3da561baf286dc034f14e61e97b763d02c93285b79791fef1a94b815b57e53c87280af3c6f9c11828a9efd7b178e0ea6acf6b71aeee065ae3cf8a,RAIN,DAYLIGHT,WET,FOLLOWING TOO CLOSELY,2.0,37.5,1.0,0.0
161cf990a28f34c3c9665b835924cfb7b33feebf651bd8853492a078861bead8847e9314f894c1b614c4db4fffdb016799c8c724f7f501172851f39f37a0c58f,CLEAR,DUSK,DRY,FOLLOWING TOO CLOSELY,2.0,37.5,1.0,0.0
161d3ce202f1bbe30b8af2ea1f8310eaa2533068186532d088937af63c8495bc455601a2eb6f4730663f285c1ad6c6dfa1ecb52bd47de5bf26552138d87d19b2,CLEAR,DAWN,DRY,UNDER THE INFLUENCE OF ALCOHOL/DRUGS (USE WHEN ARREST IS EFFECTED),5.0,37.5,1.0,0.0
161d86c9910fa908b25d50ad51a588f43f97ac5a7426b3813b9b22d6774d4bd10448d9c62ba826cc08b1e38c4f371bd5c571abacd03cebefd3e3a58966fa51a2,SNOW,DAWN,SNOW OR SLUSH,WEATHER,2.0,37.5,1.0,0.0
161dba0516f573d8a9d3ff3b7b341a0625fb4f307f9147decd4a0b1c08df4b4a2ba53ac0215024f38abc2ffdb7d080304dc779d43375689f4ac4bd5587aff1a2,CLEAR,"DARKNESS, LIGHTED ROAD",DRY,DISREGARDING TRAFFIC SIGNALS,2.0,37.5,1.0,0.0
161ddb8118a747c228184c53bf076e0b9601975d1257a5293618316baa57cf3dbe42b252876d3a90a746b9b1a5a6f55e3fb413d10b65272e9df5e0fc652ea4e0,CLEAR,DAYLIGHT,DRY,IMPROPER BACKING,2.0,37.5,1.0,0.0
161e1670ae64c1f3bd34d7aed655be447337e2ebceaeea4502227331496611286c3301051c679aaeb81ca68886e3cd4c142226c30da8be24fe34d21372cbf4f5,CLEAR,DAYLIGHT,UNKNOWN,FAILING TO YIELD RIGHT-OF-WAY,2.0,37.5,1.0,0.0
161e1cd83a8c473d777e1681954dfaed49bedfef96577723ef45aa24033705318c55b1a37c5c9cacdaa1ae71bb524a677887351df83e0ae82243a0ce363b64c2,CLEAR,DAYLIGHT,DRY,FOLLOWING TOO CLOSELY,2.0,37.5,1.0,0.0
161e24e32a4f44bd7706da7981c8dcc84a58909245d532ef1ae0d63857efdde487d938292e14338ea98ed729557618df1216261807137a171def953a1d1e6b8f,RAIN,"DARKNESS, LIGHTED ROAD",WET,WEATHER,1.0,37.5,1.0,0.0
161e38ea9e59a10e1a6a07260fa32e8349b644099b49144b7b402c67550943dc125410f6882fffa18ad3b766c7edf9cff53e06aef9b83fd9c9ad7cf6fa26efbf,SNOW,DAYLIGHT,SNOW OR SLUSH,FOLLOWING TOO CLOSELY,2.0,37.5,1.0,0.0
161e61894dbce54d67570b18f875f5a2ca8af3dedd707f2dcc9c39f60b127272a704a19424415e2d1e5497420873f70870ad8d2dad7131bb7e06cf0534579976,CLEAR,DAYLIGHT,DRY,IMPROPER LANE USAGE,2.0,37.5,1.0,0.0
161e78084ecbacf8dfad957db350a7af269c45b10b3dd3792cf616347c0449b31898f0060c182459a90aab393b071bac6b3f0b3721f02881ff3294221754cf68,CLEAR,DAYLIGHT,DRY,IMPROPER TURNING/NO SIGNAL,2.0,37.5,1.0,0.0
161e7bc6074178aac49d74a42e140add21019c85da6897335497a3cf1e547dc04ea95f22a52f6cce90f2fe4f1328fa4ea574e7f928b634587e2585fb95132996,CLEAR,DAYLIGHT,DRY,IMPROPER TURNING/NO SIGNAL,4.0,37.5,1.0,0.0
161e90ba6bfee393b75ab450f73a48aa94553dc7e6007583ffad6bdb8a520cb08bd1d7ad640fb2b1c7251d8944ba65db4af0f89e04cdc62f2383be6c7b536120,CLEAR,DAYLIGHT,DRY,FAILING TO YIELD RIGHT-OF-WAY,2.0,37.5,1.0,0.0
161ea2a56c63f246c798a68eaeb851f83ea901344b3785967f8f391c0b876d9298a3c370ed1bebe6877b7ed5718fe4c0bf3fefcf844aff0804043332ab78584f,CLEAR,DAWN,DRY,FAILING TO REDUCE SPEED TO AVOID CRASH,2.0,37.5,1.0,0.0
161ec10522970c02228917fc1f7772506d9b8eb3795df63f35369a995887730eca6af04b620773d6560ef8a21cdea8984927f7d7be318d43af0b048dbbaf83b9,RAIN,DAYLIGHT,WET,IMPROPER TURNING/NO SIGNAL,2.0,37.5,1.0,0.0
161ed286ac955ac2836e4ba094f6a868689710438febc727b032a852e4a514ebe46c18af664e95f6caeec7220f71e8a8089065ab17140b78fa0fd8bf57884675,SEVERE CROSS WIND GATE,"DARKNESS, LIGHTED ROAD",WET,ROAD ENGINEERING/SURFACE/MARKING DEFECTS,1.0,37.5,1.0,0.0
161f16c2c69bbbd52b7ed0f9fd8a88336fde45b56869378fd2207b9eebd99c65c6b1af51583363b85279c52cedb46b57fcfa757360446fd590ac1219f6ebe9a6,CLEAR,DARKNESS,DRY,FOLLOWING TOO CLOSELY,2.0,37.5,1.0,0.0
161f1985e8d3c858bca00d1cbbdba636cd61510454364c60b3429ed0660d137b3c215beb9fd0f034375fc72f48425f0844b3b33c65671d6a76c9fb311a0ba462,CLEAR,DAYLIGHT,DRY,FAILING TO REDUCE SPEED TO AVOID CRASH,2.0,37.5,1.0,0.0
161f2389aa0fdc326313e0270f03ad4a5f15e8109e6a3a5a5b043e75bf0075660a7ff3653541b10d40554ef34e5d9626d3a6529ac52eef94a7bbf4db446ffe1f,CLEAR,DAYLIGHT,DRY,IMPROPER BACKING,2.0,37.5,1.0,0.0
161f6872b51ff263d06cc22206be05155037269f41bd0728a6a8dc597ce988ebe5ac4508e73a1741e688214d241a7a1d205b85c467309c865df51423d8535a8a,CLEAR,"DARKNESS, LIGHTED ROAD",DRY,IMPROPER BACKING,2.0,37.5,1.0,0.0
161f80a7dd7726696d1d451e01dbdf299103458f04653ab083b3d6f374e0570b804cb1f09cb58d97d5e5b1cb3d97b525949f3e8b27edc6bf17453ec00cff3f9e,CLOUDY/OVERCAST,DAYLIGHT,DRY,IMPROPER BACKING,2.0,37.5,1.0,0.0
161fbebe16e12283d48986d3e9a6eadadff07e285ecb0a5e8b61c02cc30238357df66a93d28da9d1c9f6b1c513cc1ef4917bbec5055037ef860e4f04debec8f5,RAIN,DAYLIGHT,WET,FAILING TO YIELD RIGHT-OF-WAY,1.0,37.5,1.0,0.0
161fc84c19243ffae75a3e04f19d71f9269d25f9030376aa4d986347db436fc3c05bcceab376f19f67a3218edb97389f999f3982ab9151841c9a0779a31dca02,CLEAR,DAYLIGHT,DRY,DRIVING SKILLS/KNOWLEDGE/EXPERIENCE,4.0,37.5,1.0,0.0
161fd22c820f21b795dc6414f751eddb0fecffa19df96fe2546beb74a17f8514067a36a3754f59fa5e0749dd862dff568caa3bb0410631c4be818ed5e9231e22,SNOW,"DARKNESS, LIGHTED ROAD",SNOW OR SLUSH,FAILING TO YIELD RIGHT-OF-WAY,2.0,37.5,1.0,0.0
161ff459c7fff8e1359204d1c54db502674fdfbf7036a921e4f939bbd1cda22d7fbb9b186bacaa543131555188baeb7e13fabf1d5f837febd13c10314ff30cb5,CLEAR,DAYLIGHT,DRY,IMPROPER BACKING,2.0,37.5,1.0,0.0
161ffe9ab11915873c27cee15ab282921ee95dab392a4f1cc37fdfe7ef4c0690092400b9a27fa60bc52ecc3cee3cc9a6e2ade8860ee396e5341b030a7e02a326,CLEAR,DAYLIGHT,DRY,IMPROPER OVERTAKING/PASSING,1.0,37.5,1.0,0.0
16200b974df5882b274daea33e6a4749628054f200d06c6add6a0bbcf9e8bdd1b802c075e9a95d9cdaad18a754039907aae2e5f0c44e6bd62e436fac263769b0,CLEAR,DAWN,DRY,DISREGARDING STOP SIGN,2.0,37.5,1.0,0.0
16200dd4ef101bc77a317ec0c94a7a14ca0a030e499d7b10fe83e04ca26842dccd769c9c035bb0633b658228a1dc428e04fccd8772ea5c09d25ad4d8fa0e90b6,CLEAR,"DARKNESS, LIGHTED ROAD",DRY,IMPROPER BACKING,2.0,37.5,1.0,0.0
162070f864056cf1db7c9d1fdf3230d4f4a4f65a41dd3f233c8ec7292c6c1c1ce7951b08b81616ae16534c49d96dc44ce930199992eae77ea27d914b6943d872,CLEAR,DAYLIGHT,DRY,FOLLOWING TOO CLOSELY,2.0,37.5,1.0,0.0
162088fbf3b2805461e220dbd82d8a6fcd2887fd408143301aed3ff494a2feaa9e3b174042ecdab91b8af855cb2d4ae69e8c0ec5814a620180579f9d2d631950,CLEAR,DAYLIGHT,DRY,FOLLOWING TOO CLOSELY,2.0,37.5,1.0,0.0
162098453854aa8305280461327ec337747b17e037878883bfcfdb724fec8c5960a2d8c3ccd0f52cb3d20c60a1dcd5917099cb1eef46eb16cff17afedec4343d,CLEAR,DAYLIGHT,DRY,IMPROPER BACKING,2.0,37.5,1.0,0.0
1620a391c4affabada3c2fd69d841f34b8a1f711d655c74e2b3ad0f6027e3160f8352ee904e6eb53bc14fb0ffd8f8292f08cb78371091ede71cf0e762bf65c90,CLEAR,DAYLIGHT,DRY,IMPROPER BACKING,2.0,37.5,1.0,0.0
1620afcf3780bfb4ef76dff1419e9970fb284b380fbd71df7ae68235d4aad9d3703f651d9ab43f54e4742a5417330699da6bb8044b7ce91ae26e2b33d911950f,CLEAR,"DARKNESS, LIGHTED ROAD",DRY,DRIVING SKILLS/KNOWLEDGE/EXPERIENCE,2.0,37.5,1.0,0.0
1620f62c9985c8355d2c9b0aef77d3e3d4b74a2c78067ed20079043abe3be21667afeb2f13c54da58e8af4b91dcbe6e1484b99aa66d17fdb565c1b214eddd4e3,CLOUDY/OVERCAST,"DARKNESS, LIGHTED ROAD",SNOW OR SLUSH,FAILING TO REDUCE SPEED TO AVOID CRASH,2.0,37.5,1.0,0.0
16210fc53ff3097f34697d7c1e4071bc99f31e8ab5951e2ef67b4e7ec568fdbfaeb44b928abdc00cc006d998e7ff9d336c88db5964c00932055233924a6bc424,CLEAR,DAWN,DRY,ANIMAL,4.0,37.5,1.0,0.0
162131d8a75044c2a76f472f3f0d3886ea8f0c0912cb2933e555ba4e2ff860348fe0c845ee908e4398191f08b84ba711da384063a8402205b8b78dbead581241,RAIN,DAYLIGHT,WET,FAILING TO YIELD RIGHT-OF-WAY,2.0,37.5,1.0,0.0
162140ce6ff9ed6a0b1c8400daf743b8e86b87d5d16ebae691a2e3fb936aba5eb5e57942564f6f5246177d41a2f0f72edd83dc395ae1d498b49d2380b354ae26,CLEAR,DAYLIGHT,DRY,DRIVING SKILLS/KNOWLEDGE/EXPERIENCE,1.0,37.5,1.0,0.0
162146dfce8fadba65b3588a4c4a6719aaa19d7569bc0ed08e68d9bb218e8302d99c7c52601a23c2bbcfd1c879c9821d1e783341cd1691ba945908f861f515de,CLEAR,"DARKNESS, LIGHTED ROAD",DRY,FAILING TO YIELD RIGHT-OF-WAY,2.0,37.5,1.0,0.0
1621719cf6402643c7de846f3dd31d28be8195583d90d2c7ce8e6c2cadf48ac872b8379079f8a3911c3e77d6c44406c41a1aa2092aeeba3f36b0876b8b99ecbd,CLEAR,"DARKNESS, LIGHTED ROAD",DRY,DISREGARDING TRAFFIC SIGNALS,2.0,37.5,1.0,0.0
1621864b187731e55ef0c4c1839ec1af17b433e62105115eaa3d7d80a58efb544d7bcf31dc88e7fa5b012e62cb34498fbb90614c947946ce4e2e1320136fc5d5,RAIN,DAYLIGHT,WET,DRIVING SKILLS/KNOWLEDGE/EXPERIENCE,2.0,37.5,1.0,0.0
162245974a8b4375403b53b2cc3139b002834eba687b4af2e73618fc695686c1b31e0f555424e1a6e88fd0288321e4471431fbcb935853be4891fb7fd15cee3f,CLEAR,DAYLIGHT,DRY,IMPROPER OVERTAKING/PASSING,2.0,37.5,1.0,0.0
1622821f4386ea161769f1d35e2a413b38c55b04f08647a871d39b290057d4daf5f534ab3b37c2537f252f294384291351d14de0f4c28c8f27bc151678dd8573,CLEAR,DAYLIGHT,DRY,EQUIPMENT - VEHICLE CONDITION,3.0,37.5,1.0,0.0
16228fb50328749810e78548b1465899a4fb5fd6350ef02bf190c9d6aa6df03b34ba52ad116f4da48ba8a86d8164bd4bef7890cdb4988a226774d2f1069395a8,CLEAR,DAYLIGHT,DRY,IMPROPER TURNING/NO SIGNAL,2.0,37.5,1.0,0.0
1622a896944105270548b8141cbaa7ab67d216d06bddedb8830f185a6c445802a02f720fdcc7b375d1b02dd7b76fa5ba7355a0e318a7427db8ef12dbf2349fe3,CLEAR,DAYLIGHT,DRY,DRIVING SKILLS/KNOWLEDGE/EXPERIENCE,2.0,37.5,1.0,0.0
1622d192a44e0e91f91c98ee00ade0d8a457317e6d6d765f0a2405e5be78a1e67660c2bb9f93995726c48c3e8485f23e50e164c6668f93ae30757d0185ec1650,CLEAR,"DARKNESS, LIGHTED ROAD",DRY,IMPROPER BACKING,2.0,37.5,1.0,0.0
1622d42f5023e0506e60f6012e30acc1616b03af22385ff3f690b45e429f3d6aafa87ce1ba3e973e0d58fe178583351760b1aec002bd3a11d6b1bb3a9fb97a34,RAIN,"DARKNESS, LIGHTED ROAD",WET,DISREGARDING OTHER TRAFFIC SIGNS,2.0,37.5,1.0,0.0
1622dfa895653459469f3b6e22c09626ca3e7fe94030cdf5c5f46f6a70dea9ff1c5c92dd28ec9aab47d9f3864ebf9a73fafe0544196260a985e54ceb5576d23d,CLEAR,DAYLIGHT,DRY,DRIVING SKILLS/KNOWLEDGE/EXPERIENCE,2.0,37.5,1.0,0.0
1623077ba61105215d78d03036b30835708084d53fe44ce86c08f877c688009ad37279685a444b0152b444a86598c3ce530252c75c47985d4db5dfee136e72f9,CLEAR,DAYLIGHT,DRY,DRIVING SKILLS/KNOWLEDGE/EXPERIENCE,2.0,37.5,1.0,0.0
1623173760ed99ee44820cb46c79f33bc8dc93a9467f9eec3f48ec47db594efed69dd269f479e91096fe35104ab1091d4b7d70e66dc4ccc8c1b11be1f75a965c,CLEAR,"DARKNESS, LIGHTED ROAD",DRY,DISREGARDING TRAFFIC SIGNALS,2.0,37.5,1.0,0.0
162322aa5f3ea9927c682e978857b50e9b2da9d968f04c428dd7799274bcb2b601c5a71933f47141b96bd05ec2ff860e434426ce954a2a647d64af3f6b19dbd5,CLEAR,DAYLIGHT,DRY,IMPROPER TURNING/NO SIGNAL,2.0,37.5,1.0,0.0
16232fa0d4008da4ea0d3a44b1f64863432a4b5da0631ad37468cd55baad8d51b3c03b31f6a67eff514e7b95aa484d16a35b8298d35f8794434757dd68e002a5,CLEAR,DAYLIGHT,DRY,IMPROPER OVERTAKING/PASSING,2.0,37.5,1.0,0.0
162343a8434b81c5c82e050c78559eeac70af0283bc7ce78d73d53b03f158167c025e77b450f670c131ab12edaa134c2272afc11092b2e15397b7cdc25b0c185,CLEAR,DAYLIGHT,DRY,IMPROPER OVERTAKING/PASSING,2.0,37.5,1.0,0.0
16234f48b0bfd8dd9ef6a6ed7b0f52ea0bcc4e9a9cc77e093280c0763da8706468774a66c26fbce6ae4b6e66cb34db958884adeeef04a02d0e52ac47bc9f9e06,CLEAR,DAYLIGHT,DRY,FOLLOWING TOO CLOSELY,2.0,37.5,1.0,0.0
162377e9b033cec0c13c5304bd912351d550454ef62bd46b10e493fea5aec1f1847d0acd1e0b7292bfd266a746d659b3cbf954a7ab23c728aae00ab14cef98d3,UNKNOWN,DAWN,UNKNOWN,IMPROPER LANE USAGE,2.0,37.5,1.0,0.0
16237e4bae7b792710e65dabc3ab53e211c66075dd50e95ffa750eddad4f065050c3823362e676cbd844f7dfc7293666364c8f8e0b2a513380b71c3c7ee1077a,CLEAR,DAYLIGHT,UNKNOWN,IMPROPER TURNING/NO SIGNAL,2.0,37.5,1.0,0.0
1623a9d528a760db20bab1c43e046d5118944f7e856d9ef3569d58183785abeabfaeb81611480607d8fcb531aaae7aba459bb041fb945a3eff7a1a4bf5003660,CLEAR,"DARKNESS, LIGHTED ROAD",DRY,IMPROPER OVERTAKING/PASSING,2.0,37.5,1.0,0.0
1623ab6dd7cb869981ebcab3ad747abbc382b8229c4394085f958a859e51e0ba99339bebba61103a074e39318dfcb6ce52888262f7965daf2f613c7cb2847858,CLEAR,DAYLIGHT,DRY,FAILING TO YIELD RIGHT-OF-WAY,2.0,37.5,1.0,0.0
1623b3d18bb8e48431f5cf0bf2c60f972d59ed425d3f3c98444d267696aa52dcd96de0c28a690355eeb0e7c728ff9d2260fb69f7bb4487e519c07a280112d2c7,CLEAR,DAYLIGHT,DRY,IMPROPER TURNING/NO SIGNAL,2.0,37.5,1.0,0.0
1623d41c978f64d73df9d293879d6d71d777d6bb225fe5df6bccbb8083844518fb95f8ddf3722a8beec0ae8d0ac7e97f5a64dbd38b711e2046a0a36d4baaabd3,CLEAR,DAYLIGHT,DRY,DRIVING SKILLS/KNOWLEDGE/EXPERIENCE,1.0,37.5,1.0,0.0
1623e11f4f11c1e87598714b90593fd1357b64e608c690f2c24b1b893aab3b3817241e465fc9f67849b7da0e01097678668cc2b8083fef44d79eb1c45a8af4f1,RAIN,"DARKNESS, LIGHTED ROAD",WET,FAILING TO REDUCE SPEED TO AVOID CRASH,2.0,37.5,1.0,0.0
1623eb7a85d99207fd902e90b36a60fd21647cb016d2e6887c0bb42d561671364630d3fbeda4eefe091d4cef85bd50662e0a27c888f2e2a1f1001dfa4a30121d,CLEAR,DAYLIGHT,DRY,FAILING TO YIELD RIGHT-OF-WAY,2.0,37.5,1.0,0.0
16241c5643dcce494ff00a18c5a319093f1777e87db291cce6614cd7cbb86fba3ae7cbccd0a5c3a4853b90d524fe76e7401030faf6d1d2ae76f093d5ec3213fd,CLEAR,DAYLIGHT,DRY,FOLLOWING TOO CLOSELY,2.0,37.5,1.0,0.0
16241daed956dd55e4185e7303fe9d4a1c6b36f34f997423d00b26a9c65f9f0bd26ed721d5872c4f2a5a820eae643342e1d987aceb2bcd5f926fd873748ebb02,CLOUDY/OVERCAST,DAYLIGHT,WET,FAILING TO YIELD RIGHT-OF-WAY,2.0,37.5,1.0,0.0
16244c52056000476eaaccfd7b56487be23774883c59b18a3819815018b600875ce112ef0b60fd3c44f667fb17256ee7dd5353070433f7b3de76caeade2fb3e1,CLEAR,DAYLIGHT,ICE,IMPROPER TURNING/NO SIGNAL,2.0,37.5,1.0,0.0
16245a0952e0196e1fdf35714040c84271931f96fec241c46126263ec6dd3ca47957feee39bca4341e70798216a07aae2d01e51be1943394b083c9656eb51718,CLEAR,DAYLIGHT,DRY,FOLLOWING TOO CLOSELY,2.0,37.5,1.0,0.0
16245ef101fd00a4d406c0c1183878e1d30ce07ebfc97e0a83cee27b2bfc1dd4b1cec027b6262a332ad880b173b797c0603da76224df9a821fe3472606519b1d,CLEAR,DARKNESS,DRY,FOLLOWING TOO CLOSELY,2.0,37.5,1.0,0.0
16246b757a1ac68e42b3174e6279236c0b72fca9d7c090b92827d95729daa1645cec2e995a14e0273ac6f85a612a9bc8dc741a61e1b458712925d05891840d19,CLEAR,DAYLIGHT,SNOW OR SLUSH,IMPROPER TURNING/NO SIGNAL,2.0,37.5,1.0,0.0
16246d4a36f23c1c3e4487df5a311293f5dfad5f388a85f9da19763fbd0e55e71be637efd69babc07d52f755ece9006414c67a73f917d05d48316dadf1ca0f46,CLEAR,"DARKNESS, LIGHTED ROAD",DRY,IMPROPER TURNING/NO SIGNAL,2.0,37.5,1.0,0.0
1624732b3da42752c220cb76598c594594927dc8b98529a92ceceecbe1f5cc8d87733ece7f81ce2d09ffe36abb44f3600d13c6683a3b19b189abf42fe221f605,CLEAR,DAYLIGHT,DRY,FAILING TO YIELD RIGHT-OF-WAY,2.0,37.5,1.0,0.0
162492e7104c9c57484bb13a0b44bb1b005bd07b2e239a8ae6b7d7097e5b651d878d4ed27c6c1b9079d01b26521539f1933ed671e5ddb883abec6677cad7c8da,UNKNOWN,"DARKNESS, LIGHTED ROAD",OTHER,DISREGARDING TRAFFIC SIGNALS,2.0,37.5,1.0,0.0
1624c962a9ce9bd2a735eb1b71a5b37fe6ec35ff0a21cc5fba67bb380f188bf9e67ba77140cda57c593cf4b816e45d50a86ba7693101e73816e2c763456947c4,CLEAR,DAYLIGHT,DRY,FOLLOWING TOO CLOSELY,2.0,37.5,1.0,0.0
162518b0ef8c8a712f102b11ba457fd630ba668bb61d111e41c5248b0d5a158d0e8a30f4cb63e57156374fe5d4206d1205665f80290ecc395d9477aaa42af98e,CLEAR,DARKNESS,DRY,FAILING TO REDUCE SPEED TO AVOID CRASH,2.0,37.5,1.0,0.0
16252d0ded079051df327c5890c9c8c7b725dedf97f4aef0aaf7d1f9d5a0915910b588b774e4139db637eec2d6934f7b77ece912cb8891e8c5e3facc9d8f7358,RAIN,DARKNESS,WET,FAILING TO REDUCE SPEED TO AVOID CRASH,1.0,37.5,1.0,0.0
162549003ace5198043f12f454b6c654caeadcbebe6ea43cae3f59cdb8928249bde794dcceda8aeec829825b0bfdd22d7f9ed55fe9a415561eca7d04fc490dec,CLEAR,DAYLIGHT,DRY,FOLLOWING TOO CLOSELY,2.0,37.5,1.0,0.0
16257a67b464ecf7c586426f983869510ce69e8313e23bd74282fb9573b0467054d73633ee744c86863f69e3210cf347a72a1054b55921d577df32d698b17909,RAIN,DAYLIGHT,WET,FAILING TO YIELD RIGHT-OF-WAY,2.0,37.5,1.0,0.0