crash_record_id,weather_condition,lighting_condition,roadway_surface_cond,prim_contributory_cause,total_vehicles,avg_driver_age,total_people,total_injured
1625841c2fad9a2a16abb67a71b42c366b9435fa0aa4c6a02e67d7c5280548aa92bf5c9aa3b097e8c997fbe317fdd1e1f3269addb0ec4e789b2ca5a4d87d3a2e,RAIN,"DARKNESS, LIGHTED ROAD",WET,IMPROPER TURNING/NO SIGNAL,2.0,37.5,1.0,0.0
16258f7d92fcd25352cfad18d967315f42fd699941df977d15ed47f57a8b2d172a015f5bc91fd59d29e2d378825dbfe44c8f7cac641f80b604e82f1e0c8635a5,CLOUDY/OVERCAST,DAYLIGHT,DRY,FOLLOWING TOO CLOSELY,2.0,37.5,1.0,0.0
16264fe3038a0ff71a2c4014d09e93e1f10d2feec794ec4ee964b1c0afbc1062c896194202abe83326bd4bf701cefff1b0e8eca3492f4b97e98a12ea6ef118d3,RAIN,"DARKNESS, LIGHTED ROAD",WET,FAILING TO REDUCE SPEED TO AVOID CRASH,3.0,37.5,1.0,0.0
16268f60b9f6512a095c21f9408783b0f1313e585895c4a16e3bebec3537855d0b6ab8c95af3e910cff7eb52a10d737ee785b66f5e684542793c7ad5ffa244f4,UNKNOWN,"DARKNESS, LIGHTED ROAD",UNKNOWN,FOLLOWING TOO CLOSELY,2.0,37.5,1.0,0.0
1626a39c82c8501ab9c652f8ff025ab13e707ad6dd85fa37d98352bc283fd5dddbbb774d86ecd0d6513c324f45eb28afb29ba103912f60a5cbda90c403231e67,CLEAR,DARKNESS,DRY,DRIVING SKILLS/KNOWLEDGE/EXPERIENCE,3.0,37.5,1.0,0.0
1626b042040f77e0a146b919b5ae03ec31409f3a10829554927d826dd1818acb10b60acae23807cee6052e5c25a377e9b0003c734ee86e4bbe1260bd647f2914,CLEAR,DAWN,DRY,DISREGARDING TRAFFIC SIGNALS,2.0,37.5,1.0,0.0
1626c50b19c9e98bfdd06b8a6b388dc7bb86ca8cdf2542a40a49b8bdce56657b542f652b7b8b9d4330a751b1e224a61929af54f8b8be213b6ffc7e9771bf2bfe,SNOW,DAYLIGHT,SNOW OR SLUSH,WEATHER,3.0,37.5,1.0,0.0
1626d78f013402970b7e4be258f80a33f4b3605a7914d496f9209a1d502d51846864c5c105a2a0ffc0d3a5e0c572ce6eb1dcbf841764d63df5b640da57459f19,RAIN,DAYLIGHT,WET,IMPROPER TURNING/NO SIGNAL,2.0,37.5,1.0,0.0
1626d85adcbdd00d09eacd4f9595ff138b05e61f7768ca900e9fa11b13a4bb444aa9ed7ac7a85c7b21a65ae3931767a4acf34a2359e84ae3a774847e246a8af3,CLEAR,"DARKNESS, LIGHTED ROAD",DRY,FOLLOWING TOO CLOSELY,2.0,37.5,1.0,0.0
1626e2fbcf7151d51d5987f26ca3e01f458221962c0d4964e568e80bb8e17efe8edd5662589542f7909f868a832e40f1a611fbc646ed36acb6b7ae3bbbefd69a,CLEAR,DAYLIGHT,DRY,FAILING TO YIELD RIGHT-OF-WAY,2.0,37.5,1.0,0.0
1626ffee1383064bc2cbbbf40fb4bcf2b7c89f1443a94943639d6c87b328af9a94467f346b952255cf5597f69e79e2a8f6869e904fd959d9cb0b5c08b5472cd1,CLEAR,"DARKNESS, LIGHTED ROAD",DRY,FOLLOWING TOO CLOSELY,2.0,37.5,1.0,0.0
16271ce606a7145aa7b14f61971b73a187430cfc1b1c461374f928a1a5e6e7d3ae5ff5f2909edab44ac9cb9a56c969e179e21ba36c66a9af3db902e393c6b43b,CLEAR,"DARKNESS, LIGHTED ROAD",DRY,FAILING TO REDUCE SPEED TO AVOID CRASH,2.0,37.5,1.0,0.0
16279b0fcc1c71c7a5e8340dd5ffe1036685ecab32985c6c4854412573b040a328b4ede0e1d68dd6d8fb574d843df3ade514bdfe95766dff863bd80df5a7ec5e,CLEAR,DAYLIGHT,DRY,FOLLOWING TOO CLOSELY,2.0,37.5,1.0,0.0
16279e0691c58bc50adc9257a66e59a2a03919da3e1e6dcdf10c1f65baefeb9cf5b68bc1794cb9b700f4306586b6a131abf911d348088fe02538daaa98fdfb82,RAIN,DAYLIGHT,WET,IMPROPER BACKING,2.0,37.5,1.0,0.0
1627c5973c196bcb63898dc5a416a334ca5603850b73ef8cb4de3ffae370824920a7749bdddb607b6799b18ff0ff65df4cc93deb23a105a9365525b6eda1cd61,CLEAR,DAYLIGHT,DRY,IMPROPER TURNING/NO SIGNAL,2.0,37.5,1.0,0.0
16281c27cae9b38ef920d4ccf7465d0626c888e78fc0514fc494d67d580a5b76d598bbbdf311e754e7b389f4ab78ea577acf1535260ff7110ec5d0bffb84c2e4,CLEAR,DAYLIGHT,DRY,DISREGARDING TRAFFIC SIGNALS,2.0,37.5,1.0,0.0
16282ce1ffc85d22d7d646d556f7ada755bbdd53f58cbe516da4ab2a6d1e5113843844221180b0bf356fc8683b44ac5cb5c6bcc65479bbdd15d3f7fc48d53a7b,CLEAR,DAYLIGHT,DRY,FOLLOWING TOO CLOSELY,2.0,37.5,1.0,0.0
162832091454245c7c08ac4fd0ee6f1920f35c2caec87f4245377042fa31fd86864ebbb3bc91902d8e13d01976e1a6de2d7ac295784bc0f5b986856d7e753be6,CLEAR,"DARKNESS, LIGHTED ROAD",DRY,FOLLOWING TOO CLOSELY,2.0,37.5,1.0,0.0
16283994717e24aca3888d8b3ba24926dc707bc86470fcfbaa2844ac20f4da50d5c86ce929d8f37b45abe8decef41a65fb6cc8ec659af47e8a7c936a11fa2b29,CLEAR,DAYLIGHT,DRY,FAILING TO YIELD RIGHT-OF-WAY,2.0,37.5,1.0,0.0
1628541357b220f717dc46e724381dc4a56e54b6a8bc8a0424c98a9fdd7f3de4a1d6cdbcd6835c6f145839452fc811a5b5ce065b12145d490c787efe2258df60,SNOW,DAYLIGHT,WET,IMPROPER BACKING,2.0,37.5,1.0,0.0
162878c3de8b4178d33a91042d7b774e22dd7805ea235a1cf94b535db47e0058fbd783003325e24c84958834815d7c7f8487f5c013d26cbbb52c3f662e559c86,RAIN,DAYLIGHT,WET,DISREGARDING OTHER TRAFFIC SIGNS,2.0,37.5,1.0,0.0
16288b05bb0971fd282788c413fd9603801f9b22753b0990dfe43de831d6899aeb03b7dcefa8afffeccb1a6fdfa57c1c89989f038f089071412f2255b52105cc,CLEAR,DAYLIGHT,DRY,FAILING TO REDUCE SPEED TO AVOID CRASH,2.0,37.5,1.0,0.0
16289176b03fa946a9fa8a19f088c14c5239a7ab69af02b6d2b28de86ca8afa2df2377c58fbde9e0ac45e7296fb58d65cf0b435ec583b556a422f00fb869e97c,CLEAR,DAYLIGHT,DRY,FAILING TO YIELD RIGHT-OF-WAY,2.0,37.5,1.0,0.0
162892e9c680d69c279adb173e94d1a091755ae1c8f9b05f15e2d30f1666b148636eae318765728947a0ef6ba8e0ebbb62bc5311d25e6da8be871ab86624263c,CLEAR,DAWN,DRY,IMPROPER TURNING/NO SIGNAL,2.0,37.5,1.0,0.0
1628a310f68d29517ad8d3d120a8184180a850d92726ee80ffe810c609571606ad723d5f6cadc9f76725b13414567b2a2a8b35da9773581153fe53a8b1de7412,CLEAR,DAYLIGHT,DRY,FAILING TO REDUCE SPEED TO AVOID CRASH,2.0,37.5,1.0,0.0
1628cbd12a6c5cae05c7710bf29c013fff3d9a8dfe607af912b6e2f29a8c2e0f899f9a41cec48597044493149c3aebad14d5987465815136d25753ec4dc52054,CLEAR,DUSK,DRY,DISREGARDING STOP SIGN,2.0,37.5,1.0,0.0
1629058d48e44f5e60be07970709881e603f6738d998763f4c9fbe04656d5b882a4224d559598cfd8956b9e4c94f5b559d9887ce2c97f1d80281f62b3fb30ec7,CLEAR,DAYLIGHT,DRY,DRIVING SKILLS/KNOWLEDGE/EXPERIENCE,1.0,37.5,1.0,0.0
162908dfc59879691d791bca2dfe97d1dc47cbe7e49fe57e838fe2aff80802f796bff311da0407d156e1d7753522df2a8fdf1fe75d1b21814ab8a6e7b4c2af1e,CLEAR,DARKNESS,DRY,TURNING RIGHT ON RED,2.0,37.5,1.0,0.0
162936de0aa28f4c0771969e8c09d5bdd7b39205be4b456f499afef65362529e00fc4b2dff60a48f2dc9cc414e184a34721bac49bc2414096896ad112679b110,CLEAR,"DARKNESS, LIGHTED ROAD",DRY,IMPROPER OVERTAKING/PASSING,2.0,37.5,1.0,0.0
162941f3657de5be255454e80d63a9cb8beaa0ab19b55341531ac72975ef18429634f637d3a6ca2c27300ddeb13983f5bf93220efd87673d07c3ee4ac18ed988,CLEAR,DAYLIGHT,UNKNOWN,FOLLOWING TOO CLOSELY,2.0,37.5,1.0,0.0
1629533a84775bfc32fa90027ddfc27a8656b8296217a52f43c4e7c613bb0ddf50d80fb84b4b89641ea536cf70af80d8a75348921bcc6f4eb7d0e879b93a2950,CLEAR,DAYLIGHT,DRY,DRIVING SKILLS/KNOWLEDGE/EXPERIENCE,1.0,37.5,1.0,0.0
16296395ab692cb4708cea43720ae913e171fe27c471cc69a54a7a1060c60e928d1207f3f718a8c0522fd74a11e6031107ba4c20f4bd3aead3f806d5491b733b,CLEAR,DAYLIGHT,ICE,FOLLOWING TOO CLOSELY,2.0,37.5,1.0,0.0
16296e1fd6dc08d733957f355fad52fc122bf19d8c19efe1ec0c2ada76d8c1fded39b8ce254f4bb604c825b64355b051c9c994a4f213aa49b693bb025b4ab62f,CLEAR,DAYLIGHT,DRY,IMPROPER LANE USAGE,2.0,37.5,1.0,0.0
1629865a066a148383d7f52f2275bc699afbee9ac26b303678e285cfc4339f6e4550793c7698fb3538449c5d2fb889696683755dddb6ac3cbb12709d28925cca,RAIN,"DARKNESS, LIGHTED ROAD",WET,FOLLOWING TOO CLOSELY,3.0,37.5,1.0,0.0
1629954a295df43a71fa12febcc0b7c1f14921f7632fecbafff7d2b70f2788173b34862d71a318b81bb0371ff37aa758bfdbbd89faf9ce4d20a323132f13d502,CLEAR,"DARKNESS, LIGHTED ROAD",DRY,FAILING TO REDUCE SPEED TO AVOID CRASH,2.0,37.5,1.0,0.0
1629a0b26c05929765fd956cfd289881964749dcd99c1da73171695a85fa2bef266d50793f96e1126c33cc0da4322252e5fccf4ce9c48f41dd52cceab183fbbc,CLEAR,DAYLIGHT,DRY,FAILING TO YIELD RIGHT-OF-WAY,2.0,37.5,1.0,0.0
1629b6765b5b2fb5bcc272ae2af8b59a6b294aaa0ae77d786d110b320a12ae3a7855a70a85667cbe9c77e9ebb428f60cc0377607f545537fccd62553ac273276,CLEAR,"DARKNESS, LIGHTED ROAD",DRY,IMPROPER TURNING/NO SIGNAL,2.0,37.5,1.0,0.0
1629d9a1fd46c39c61ca683e6d2c9569d0bb00d8e018b881944880b1515a787658e5a2a982867b48768b102284e00a777c491032d1af649e9625e63238b6f6d8,CLEAR,DUSK,DRY,FAILING TO YIELD RIGHT-OF-WAY,2.0,37.5,1.0,0.0
1629e211d869ea16c3892efb0d3e2a966be76b71de1e110551423b606d311982b6df79f3926af12ce1fceeaf8606d80504ad33f5b78989526f9f101d0fe5baa0,CLEAR,"DARKNESS, LIGHTED ROAD",UNKNOWN,FAILING TO REDUCE SPEED TO AVOID CRASH,2.0,37.5,1.0,0.0
1629ff3facbd2fef0a37d2e049252b2fe273e9cc8c8008d216426835c5315df2f638b3e59dadc06b6ae1012ccf3dee7b3dc62a4dd0352e4cc57e3e9a5a61a557,UNKNOWN,DAWN,UNKNOWN,FAILING TO REDUCE SPEED TO AVOID CRASH,2.0,37.5,1.0,0.0
162a26424f2320d777ec071cb58a531879fe4437964946eeb04c023c74bf2af1c1b2bbe9b04162803122aaf3f537c3c43907d53a0e579fc73026b33c70dddd7d,CLEAR,DARKNESS,DRY,DRIVING SKILLS/KNOWLEDGE/EXPERIENCE,2.0,37.5,1.0,0.0
162a3eafd463c3dba17835f6a6b65fd8d423d07f63d2623eadcefa14389cc8a6c56fe7e3d895d24437c55007e329b0291b616962c5f95b66b11f7daa6cec0ccd,SNOW,DUSK,SNOW OR SLUSH,WEATHER,2.0,37.5,1.0,0.0
162a44fef541ce1a4470980f4c974fa0c0586de6d51f5d177bea5697bf39823c039674387a400ab53858e7815072bbacc2e4e1c7ec160cc7c851a4d10dd85393,CLEAR,DAYLIGHT,DRY,FOLLOWING TOO CLOSELY,2.0,37.5,1.0,0.0
162a4b1dc88b9cbe8d48b0f4744a6a86d86a64ed0e1d7037a0c7e4a6f24bc68f84e1bf7961e69fad5b378b9e68a5c8a2a373f35e79b7df54d161c39145759da7,CLEAR,DAYLIGHT,DRY,FAILING TO YIELD RIGHT-OF-WAY,2.0,37.5,1.0,0.0
162a749f3bc5c52af4807500632983e12ed6140b671a5de7b49b4644840a054fbeb6aa28de491794367159eec66628a3786ff0dac24661b7f907032e850ca124,CLEAR,DAYLIGHT,UNKNOWN,IMPROPER OVERTAKING/PASSING,2.0,37.5,1.0,0.0
162a906d1284d8fe3c24a92320bf5b19f2d08973fbd05c7e87b24329aa96af8432b5b6c617c7c3aaf99566e8c708e29771c6932a914541fb03635fdf58cc2f9e,CLEAR,DAYLIGHT,DRY,DISTRACTION - FROM OUTSIDE VEHICLE,2.0,37.5,1.0,0.0
162abbe90ae24a6aa4c1ea7de8d5546c546eb6e84276c7a4d8afdc81fd7fec644b7b22ac4e80d139a9dffdfc95c743d0a7ec1671b7e51168c9e71f219c16c5d5,RAIN,"DARKNESS, LIGHTED ROAD",WET,"VISION OBSCURED (SIGNS, TREE LIMBS, BUILDINGS, ETC.)",2.0,37.5,1.0,0.0
162af8d3ee7dff768e495a93b794f7a15fd17613fa8eff18393407b3e5fd0bb7a00db23da5dfac6c4876ab5bb946f3eebd36561a91b57a067886858b8145e561,RAIN,DAYLIGHT,WET,IMPROPER TURNING/NO SIGNAL,2.0,37.5,1.0,0.0
162b0e872db335a07ca819ad998eb48fb72081c81201bef3645be125f95a8a5b420aa75f94b14b49b137320c451f05ea2b9be56985e80e3c4bfaea9e42f8cc85,CLEAR,"DARKNESS, LIGHTED ROAD",DRY,FOLLOWING TOO CLOSELY,2.0,37.5,1.0,0.0
162b3715df66e369d5c1fe3b530c036528f7dbfad3bb3fb4aa538792d77da8d39e1cf2034296643cd3d15248392a3e862774c120d5c308047dabdb3064a23e85,CLEAR,DAYLIGHT,DRY,IMPROPER TURNING/NO SIGNAL,4.0,37.5,1.0,0.0
162b4992c8b2d377890a61c556b57bb197c25deaa2e541fa2e0d65e1811abb31f983f5984f0a2e26dc7c2fdac7a32d15fdda99e05fa71226c8e23cfa9ade2259,CLEAR,DAYLIGHT,DRY,IMPROPER BACKING,2.0,37.5,1.0,0.0
162b8f0c971d72cd5910d0b2739b3799039e207ec6ee72d977a6491985154e68201e3c3effbd4a1640e4b17c5aad9b2255d215ffc883648f352a65563fc5231d,CLEAR,DAYLIGHT,DRY,IMPROPER LANE USAGE,2.0,37.5,1.0,0.0
162bbd0dbc62ba6425562751c6a0cff9807194b7e7172f56a04b38cfe2efc0aad0b975e12f82aa97cdf57f51c9dc1a9c50e452f771f061ee325b184cebfb8877,RAIN,"DARKNESS, LIGHTED ROAD",WET,FOLLOWING TOO CLOSELY,2.0,37.5,1.0,0.0
162bc6506454dd334707276efc7fe30134a4b42b888be2e0bddd0b7cfc05de917fb8e2e712a470a26422e1c1bae2f5df34a9941d1e7512356aced4ffbd6b8f8b,CLEAR,DAYLIGHT,DRY,IMPROPER LANE USAGE,2.0,37.5,1.0,0.0
162bdec2b8d59258da66314a4dd339d2734bf08f9debbae936cd5411d9d6e548344aea32536f6e92ad661e7a4f80d9d66e7c12bcbc35301e57d68d233f62651f,CLEAR,DAYLIGHT,DRY,IMPROPER LANE USAGE,2.0,37.5,1.0,0.0
162be4fd5444e30a854d1e6eebe02cb4c6f261630014182d923072dd066e6b7885cb5ff0508c3266c43850b3db7457e9abf9b7478beadd20e0d789c60b051902,CLEAR,"DARKNESS, LIGHTED ROAD",DRY,IMPROPER BACKING,2.0,37.5,1.0,0.0
162c1abf70f3483bbcfff922c4b3c5403605de17ff7962e79c49ea26a5e3fa1123fb5f3d012a059ca38dc54f43f1b6b439ce4372e0057ac2b36c12f213cdcb8b,CLEAR,DAYLIGHT,DRY,IMPROPER BACKING,2.0,37.5,1.0,0.0
162c3b8d1f85ffec9ae3f887795964d260908d617a439161d7e0fd30c401c5cdf133a1fa39ef08db944849dd723a84e93bd3cad2f5a0d4899edb25a1a5356a3f,CLEAR,DAYLIGHT,DRY,FOLLOWING TOO CLOSELY,2.0,37.5,1.0,0.0
162c622e2a722376ab03be27b2b434509e6d810304830e0f13c1db8f13d4e4bfeb5bf60c1ff5df493df2e1e64075f59d4858f5c5d109e606f0914001009ede31,CLEAR,"DARKNESS, LIGHTED ROAD",WET,IMPROPER LANE USAGE,2.0,37.5,1.0,0.0
162c6cf40bd367a5213e91888b4484a3c6e8261e98f51573748aa34464f62e4766a21aef3a629f5410900bc51367bf4783a41cb34572525e24a17655f447988a,CLEAR,DAYLIGHT,DRY,FOLLOWING TOO CLOSELY,2.0,37.5,1.0,0.0
162caef1d797126b80fb7bbeafebdd834dd299a69b0cac4805721b5169c954182a499b82b31e973aed5f9ac84560716d0955ba4288fd6a53f9799b16658a3b8f,CLEAR,DAYLIGHT,DRY,FAILING TO YIELD RIGHT-OF-WAY,2.0,37.5,1.0,0.0
162d295e8e4c5a2f02da07e0e2ee2049e4da848a8764dca882aa09cc45ec524efae331a575ab2b4ef9518e7b0b98629fcc6f03cd06d3d468599806b706c5b34e,CLEAR,DAWN,WET,DISREGARDING STOP SIGN,2.0,37.5,1.0,0.0
162d299c2e882a15362fc2b75d7aebe05cc4ca9abc007379645e052d0393c8d051cbfd98784f394b1fce9ffdc229d54044f93955b0c18ad3e4173568d41609e4,SNOW,"DARKNESS, LIGHTED ROAD",SNOW OR SLUSH,FAILING TO YIELD RIGHT-OF-WAY,2.0,37.5,1.0,0.0
162d31442b2441a5e5dae6d44ceffa27ea15edfac9b21c75d5256c63262b939b602594fefc97866ba04a4e7eca3c650e9bd5d0c0c5d6735e0fa7c61518332157,CLEAR,DARKNESS,DRY,IMPROPER TURNING/NO SIGNAL,2.0,37.5,1.0,0.0
162d3c4f81de1e6fead14dda7b9bea71723d42b72944efeba5e35875abc33cc0e9e437c3eab6c2b96c5c5ec094229ed9a5e4c0669b53554525ec9c3c7e66baae,RAIN,DAYLIGHT,WET,WEATHER,1.0,37.5,1.0,0.0
162d4dba447d1e69accafdefb4f926b39c98908de444d9d67beb9989a8976676bf84a01166c539ca54a792399670b830f2e04c660b3be8c5ac63d79a88262f1a,CLEAR,DAYLIGHT,DRY,DRIVING SKILLS/KNOWLEDGE/EXPERIENCE,2.0,37.5,1.0,0.0
162d64253393bbf9ba5af935d9501c9c9584f4bd49456d7cd66bb6b3ac30ad1b05ee16112a70eb43a65bf86908ec5792176de5c06d9bf19284be883395f40637,CLEAR,DAYLIGHT,DRY,FOLLOWING TOO CLOSELY,2.0,37.5,1.0,0.0
162d66db9d872192c07de7a66891bccaef75dba1a0b879238b7178907fbc6a01d2294617378a13138c6c486a70b6235b7e2e340919a882352431abf656f38abf,RAIN,DAYLIGHT,DRY,FAILING TO YIELD RIGHT-OF-WAY,2.0,37.5,1.0,0.0
162d72122291a9e44844b1d82ca93c78e90191e240235e32ab1ed4d132be2920095365ffd2a7b4614ef2e5e2278ed97c34732c1ed1b6231e6d245d0d9e19ca35,RAIN,DUSK,WET,FOLLOWING TOO CLOSELY,2.0,37.5,1.0,0.0
162d902b22708532f3f2bf004e17dc0d32d1d1c1e347f91c7d584ef45f232a126cf51b783e9a250e47fcacff0116b52606b00db15aed85e5b164dbc3afc4ca0a,CLEAR,DAYLIGHT,DRY,FAILING TO YIELD RIGHT-OF-WAY,2.0,37.5,1.0,0.0
162de453c67d5b5e413f7e849a5915ee2977cd0b4922bca3581cfbe19513de028362291b25127f99d3abf62721cc58b868ed5c3d29ee3e74fd40eb719940b6cb,CLEAR,DAYLIGHT,DRY,FAILING TO YIELD RIGHT-OF-WAY,2.0,37.5,1.0,0.0
162df0030c44150f343535cee4dfc727906c6719052439ed7e0dabd40d0b5faf3383294679657bd38935bc1e0748cb1ae37bd6193159020e638248341c2266db,CLEAR,DUSK,DRY,"VISION OBSCURED (SIGNS, TREE LIMBS, BUILDINGS, ETC.)",1.0,37.5,1.0,0.0
162e10f42b79cc87bd23fffa5c636a7fa7894fb3f4dc8cfcee46ffc4520551dd12e557cb05640133012b7769c9fbc8a260b5d1f072d19548522888a1428bfecf,CLOUDY/OVERCAST,DAYLIGHT,WET,FAILING TO YIELD RIGHT-OF-WAY,1.0,37.5,1.0,0.0
162e115e341dd6a7db2aa9cf7c0065d55626ee582c8e8f6ebb6c869b0e1f3f06c2e5a1b58c9f762bf4ae620f76378b8cdce950876289ae0c4592d89776994014,CLEAR,DAYLIGHT,DRY,FAILING TO YIELD RIGHT-OF-WAY,2.0,37.5,1.0,0.0
162e448aeab270416740f2b7e4c5dbb4f74f3e427ec7ddd0773116d77f38cf369f73200c5eb25ea4b5ea74384792033281b207e69223500bdd9ad97f74fddd06,CLEAR,DAYLIGHT,DRY,FOLLOWING TOO CLOSELY,2.0,37.5,1.0,0.0
162e4dc1c4ec42653d6e8d271d16fccd4b27ba4df7739200ee7bb2be5b9c738c34d2851f664ada4919b7727b855cba3f66e1c3bb2764749d5752da6b1aca41f1,RAIN,"DARKNESS, LIGHTED ROAD",WET,PHYSICAL CONDITION OF DRIVER,1.0,37.5,1.0,0.0
162e5acdf28f4c8eca0ad9c5087c47b22dd54f826c2237c3e2106b2b9504d523e352c597d7f723f4ad517e51ad108f1868411b6fb87c4766b7a10812f255f746,CLEAR,DAYLIGHT,DRY,FOLLOWING TOO CLOSELY,2.0,37.5,1.0,0.0
162e95784eafe44ef62ccef9083ea2ba7c719d2ea4d89ec0bc405e6ecd5d81e38ecd2d47b388535d87a6888961da0bbc43b5dea8e8dfe9cc4c07a6f2b4ac2fa7,CLEAR,"DARKNESS, LIGHTED ROAD",DRY,IMPROPER LANE USAGE,2.0,37.5,1.0,0.0
162eac3d585623455b257a6ae97f34b1ade69c21105538edac66ad95cee0609520faa4e5c3a63153ae3f271cd55543ff317b76ff1d7586b33a47770e8ce31d68,CLEAR,"DARKNESS, LIGHTED ROAD",DRY,FAILING TO YIELD RIGHT-OF-WAY,2.0,37.5,1.0,0.0
162ebcfc8c3c949826002827eab05379aadfb56aba278a12f078c60e217e2242c85ffa362561f09d7fc5fd1f3f7b1da6760683b2772cc2f06f678c2d4016b86e,CLEAR,DAYLIGHT,DRY,IMPROPER OVERTAKING/PASSING,2.0,37.5,1.0,0.0
162ee43a74b085805c42b2aafc5fe2b83f0bd1e0296c336b442c7b8ef9ceefdc025fc80f62a8ab2ff5aba847b5b9f9e588bef58826b0420b50f2812b696d7e55,CLEAR,DAYLIGHT,DRY,PHYSICAL CONDITION OF DRIVER,4.0,37.5,1.0,0.0
162efe734f87edb4e93e160a9f93f051474f8db4cbf624e3aa3ccd4ec08aab0c5b7ab658f54df6e19c6e502256e4a2fdde3a65a445527ecfcc4b9409df53dbd4,RAIN,DAYLIGHT,WET,FAILING TO YIELD RIGHT-OF-WAY,2.0,37.5,1.0,0.0
162f08923df205fc4b489b0d79801a9061c413539f4621d3837fd7f6593564e2791fae7c9f396727420f2df22b038a5243a773178b8c8a822a4431c8d5faf98d,CLEAR,DARKNESS,DRY,IMPROPER LANE USAGE,2.0,37.5,1.0,0.0
162f0c6351bd51ef747c0391b6a0a46ae6376603614dd7cbc2b9bff4e3354efc335e834797af75d1d577bad613dc710b6f157679869d4a2f472413b0f059f4bb,SNOW,DAYLIGHT,SNOW OR SLUSH,FAILING TO REDUCE SPEED TO AVOID CRASH,2.0,37.5,1.0,0.0
162f27ee81b7cc6179a1aadfeebc579129f0725980ce154d5c5eb05dd6a2116f150f6fcb39e65178e6272b117c7275072d402cbb9d3bde573f00858590b731e7,CLEAR,DAYLIGHT,DRY,DRIVING SKILLS/KNOWLEDGE/EXPERIENCE,2.0,37.5,1.0,0.0
162f689fe95885db388d1eb7100773bac5bfc759b0e2dab7dbb60c7db0122ee887dbe9ae997f1f5b21060e61d073de4b23b91f728971ba0c51a732e02beec882,CLEAR,UNKNOWN,DRY,DRIVING SKILLS/KNOWLEDGE/EXPERIENCE,2.0,37.5,1.0,0.0
162f6b42c5e37705ce0401ea3791d22d128c451eea4e263843335427b99b506e0d770c7159761af82bd310b79496ca20f7403f957c48be028f25999645e593f0,CLEAR,DAYLIGHT,DRY,IMPROPER LANE USAGE,2.0,37.5,1.0,0.0
162f82d53a269cedec23744ed7c4c9256b42ce6f45e19bea3254d21ce2959f68212c9f48abfce065c7c2bc92db6997777bcdca298a2a137537c10d98702cf4d4,CLEAR,DUSK,DRY,FAILING TO YIELD RIGHT-OF-WAY,2.0,37.5,1.0,0.0
162fcb32017df1e525c98556e12801c79c8a34d938f1319368121b7cc1dbd54b8a506a21c22f183049ef95a3b8352c5ee5c7418344af0944205259864435bb08,CLEAR,DAYLIGHT,DRY,IMPROPER TURNING/NO SIGNAL,2.0,37.5,1.0,0.0
162fd21beaa4aac9dddf400de29e1d5225e610be83cb64777a2dbb0135f58d6de29142dccb982f88dc4d1696b5d06330f0a163648b3bea4c2acace26641c43d5,RAIN,DAYLIGHT,WET,DRIVING SKILLS/KNOWLEDGE/EXPERIENCE,2.0,37.5,1.0,0.0
162fdca4d7b1d1c104baa0591e4ec0d07a10e62927ac29889c0d6830b4d8a274be9a16576d622d2589a5f48a9411d970fea245369571ee18c9a239a04777f9ca,CLEAR,DAYLIGHT,DRY,FOLLOWING TOO CLOSELY,2.0,37.5,1.0,0.0
162ffaa5896ec7e6a433d94ecca06387864d17e2bb1de7a51c56b7a30117a8619034deaec6f84c3ed049a6bc301c03801b5a46289603e2c8c6f3133d587d45b5,CLEAR,DAYLIGHT,DRY,FOLLOWING TOO CLOSELY,2.0,37.5,1.0,0.0
163017493aefd20b952fe340fc48db3d43e077ea7b8081e208d2086ba3d30059110926bf10d4619201629f40a9fc866bc25352cbd07a5412b3df006c7dd0080d,CLOUDY/OVERCAST,DAYLIGHT,DRY,FAILING TO REDUCE SPEED TO AVOID CRASH,2.0,37.5,1.0,0.0
16301c4a9cdb39c54ab8e04a51e491b688d262309b765ea46e3ecb4dda6303efe0e9678d8e1ceff9d6896e620333bceefae06343560bf64c77b68b1645f26f3f,CLEAR,DAYLIGHT,DRY,DRIVING SKILLS/KNOWLEDGE/EXPERIENCE,1.0,37.5,1.0,0.0
16301d437e540d90e4afde461e434be38a22b04409cbe12f4d2b65b1b8d6af54f9841b6350e432d8ef434bc07c449f1b3520e6af2f2d0e5d10f8ed3deeea0c9d,CLEAR,DAYLIGHT,DRY,IMPROPER LANE USAGE,2.0,37.5,1.0,0.0
163031d40470d18bdd37a4214b9ec1f52fbf7808f2d33e8d1f837f44e2ef008d35edaf20bab7fd4b7a24129b9fdb6d8dd2d20d5b8d768db65cca73bdcf764951,CLEAR,"DARKNESS, LIGHTED ROAD",DRY,DISREGARDING TRAFFIC SIGNALS,2.0,37.5,1.0,0.0
163034b481480811120cf902658147d1c90e231025bc6678c068ec43c6e53401a640dbd073edacc75a33cb1e82e5e8466167f7783cb62b440f6134b0578cffbb,RAIN,"DARKNESS, LIGHTED ROAD",WET,IMPROPER LANE USAGE,2.0,37.5,1.0,0.0
163038a5c160029ab025a3cbf4f690ba0db9a14ec7cacdc2b37e4e50c2d1d9b343e1549dcf9fa584b8a5227cc84b68a8f4400c9354044f98e8319d146c8d7334,CLEAR,DUSK,DRY,IMPROPER BACKING,2.0,37.5,1.0,0.0
163063f490d27e51546ba51552a4692f5a6e0a41e2879d9ec5bef767a13d4fffb6fca446ebeaafac11a0117f627a51cd8ead6794ee134bd88158ce2efc5fe7a4,CLEAR,DUSK,DRY,HAD BEEN DRINKING (USE WHEN ARREST IS NOT MADE),2.0,37.5,1.0,0.0