crash_record_id,weather_condition,lighting_condition,roadway_surface_cond,prim_contributory_cause,total_vehicles,avg_driver_age,total_people,total_injured
1630782a082e9df9105790fe67094b3e60c86d3218a84da344dfc7a7cd92d01457599e0868c2b7146903f68a0a19e8fd0b9f82b0505a4341f79f038465e906e1,CLEAR,DAYLIGHT,DRY,FAILING TO YIELD RIGHT-OF-WAY,2.0,37.5,1.0,0.0
16308cae7f4856de52463181c9d1d84080303b610dc63d1941019be7dd0a36573526d3f47e7bed5103d3c283fdde5667cb701cd72ce50f21eedfaa5234c98ab8,CLEAR,DAYLIGHT,DRY,FAILING TO YIELD RIGHT-OF-WAY,2.0,37.5,1.0,0.0
1630d44edf79c2a62719c490a3b99ca1964db26be94ffa07e2fcb526b90f363122d71c06dabaedebc7b3f17099379f13f0a720fba00cb8107a557228810ac356,CLEAR,DAYLIGHT,DRY,IMPROPER TURNING/NO SIGNAL,2.0,37.5,1.0,0.0
1630daaeefd64b24ade7dbef0baf23103f694bbaba5bda0f513d9830a302bb20b1ae94d0710f2ee7466e21272637f0dc62fe50702bf2f1ed21d0d451774b5f3b,CLEAR,"DARKNESS, LIGHTED ROAD",DRY,PHYSICAL CONDITION OF DRIVER,3.0,37.5,1.0,0.0
163107406f4c4fe5265f8554cbc9c77e6af0571d149dc4a7bb705d310f6bacbd51fe17d097db611d2439bd3f43911a455bdfac4b3b115e17a19246e92d474c44,CLEAR,DAYLIGHT,DRY,FOLLOWING TOO CLOSELY,3.0,37.5,1.0,0.0
16319424e809990b6c16d646dc4f656be7cba3697828f3ac1b2b55c719f98ab2d3106cbd68b7dba79754fb99ee3485023fe123bf13a0d851e2f943caa0ce85e0,CLEAR,DAYLIGHT,DRY,FOLLOWING TOO CLOSELY,2.0,37.5,1.0,0.0
16319bb27f9827ab4c68f8275f26d400c24382973e05b188ce3568d6bb61d6f64a9b62937d138bdcf2b0b990875b275f99cd7bc953992120dfde0d6b8026f4f3,CLEAR,DAYLIGHT,DRY,IMPROPER OVERTAKING/PASSING,2.0,37.5,1.0,0.0
16319c322dd302a58e5b5f406efc302072563463659a901b514d699d494c79a01f5f5877ac6fb010f637cb4f016b656b610cd2b508dccb26e3995ecfadd9af62,CLEAR,"DARKNESS, LIGHTED ROAD",DRY,FOLLOWING TOO CLOSELY,2.0,37.5,1.0,0.0
1631a2cb4d693802bef8ef552c250bc4814f7b6d58a731141596f4d01012775080f58d3d06e4ec76b387c780c692020284fb33cec32d9d286fc0f85edfe245c3,CLEAR,DAYLIGHT,DRY,"OPERATING VEHICLE IN ERRATIC, RECKLESS, CARELESS, NEGLIGENT OR AGGRESSIVE MANNER",2.0,37.5,1.0,0.0
1631a7498e82ad8ab9792b1cce26359ee286f195eaf209f0a0c3c4d68ec83d39b16beb4ea5e20f361b12ee6695315dfb4ee9a0ab5dd239fb4cef903494e322ac,CLEAR,"DARKNESS, LIGHTED ROAD",DRY,IMPROPER LANE USAGE,2.0,37.5,1.0,0.0
1631b6eee41bf688040e0e6b9487183f08decbb6b38f9b496f6203b8feda85f9677599a4102147be463f1e2c42a4a4d55202eddd37396ce119e29ee772f93de7,CLEAR,"DARKNESS, LIGHTED ROAD",DRY,FOLLOWING TOO CLOSELY,2.0,37.5,1.0,0.0
1631deb77b1f7040a0a076c21be093c02bffc5d39caf99922753b4e61aaecc5b76b8e7461348e50384fef40c699961826d18229e0853e3d54161b96b5022f2ec,CLEAR,DAYLIGHT,DRY,FAILING TO YIELD RIGHT-OF-WAY,2.0,37.5,1.0,0.0
163205d0208062a81fec326a61adf1c7e83ee6915a297e484e72fe3491adb907d566d8b568744c43c910272a374952734fa319d2223ee4016c91f4279fbd7fd8,CLEAR,"DARKNESS, LIGHTED ROAD",DRY,DRIVING ON WRONG SIDE/WRONG WAY,2.0,37.5,1.0,0.0
16321dc727a6ee7d0f3481f8b7fff25f38f77a5a5af6eef059d01054307de80e97e609ca008b5182b01f82d9f5bc933987a22f566c886efd28b39492fd2bacbd,CLEAR,DAYLIGHT,DRY,FOLLOWING TOO CLOSELY,2.0,37.5,1.0,0.0
16322a9650c1b688082642260825ac673b375ad01d55267632f4038e7d7d9a3431dc45b9ff15eac2d3e3d3edb48789ecc7082a31d8b7198f2b7c3ad07e80e987,CLEAR,"DARKNESS, LIGHTED ROAD",WET,DRIVING SKILLS/KNOWLEDGE/EXPERIENCE,2.0,37.5,1.0,0.0
16324421cad9dc0b40968dc9f54a7d6ca9f956c3ff894c4a72d32dfe5c47bfe33c4ebacc470a07dcc2e737985fe0251541423a788dcd421b7e99c4a52b9bb11d,CLEAR,"DARKNESS, LIGHTED ROAD",DRY,FOLLOWING TOO CLOSELY,2.0,37.5,1.0,0.0
163248dc03431e3a70d10be8775c7c8ba064d75932480394dc0648d320d18d1a1ea8bba8d050195a543be8fd7be40f52591f30de73393bca87c49e6556ecedd5,CLEAR,DAYLIGHT,DRY,DRIVING ON WRONG SIDE/WRONG WAY,3.0,37.5,1.0,0.0
163249040ab4c23611695e4570d7ec7fd14cfd8decde57edd8f0a338bc826492042d3db5d2ee5b0ed52bfb9882abce5671432a8e3f16411802b7db0d2eee863b,RAIN,DAYLIGHT,WET,IMPROPER LANE USAGE,2.0,37.5,1.0,0.0
1632569c2ff945843960e767a5d9327bc35e28d1826de41c797e6439ec8c34679bb129413a317a116c2d0d5dc8eadff047e85d1057d4284381eb64e46c4ed83f,CLEAR,"DARKNESS, LIGHTED ROAD",DRY,FAILING TO REDUCE SPEED TO AVOID CRASH,1.0,37.5,1.0,0.0
16325c8287d10d91c6d0e0e0415f33b32bd926661fbbd7d3bdb9e44a40100e1aa619ed15b295ac13f62a989534da7c0a04a8e51d904b0a6cd20387d0c82d30ea,CLEAR,DAYLIGHT,DRY,IMPROPER LANE USAGE,2.0,37.5,1.0,0.0
16326354fa870c7ad3fdfa1b2dc4ead09d92912cb49d30b86d1785a071a927d736500bc46d8f9675f1cc288129a16f22c8aefb45b861d55d868c17a65dcd45a6,CLEAR,"DARKNESS, LIGHTED ROAD",DRY,IMPROPER TURNING/NO SIGNAL,2.0,37.5,1.0,0.0
163280f96e52e3187e42805a995d44aa1de293967d2d44f239da074c5ce67e25d83b973264d3ffe327ba9d7cd0c0c056225a897da4ad1969e7c677cc99c35c82,CLEAR,"DARKNESS, LIGHTED ROAD",DRY,IMPROPER BACKING,2.0,37.5,1.0,0.0
16328de600f51d9dd589ff8a98b141bc9ea715bf5df6c7ca617c186b8b3a52ebc77fabab1c58a93504c323269d5e0d984671ac45ceb4f07713f2c38daf735655,CLEAR,"DARKNESS, LIGHTED ROAD",DRY,FAILING TO YIELD RIGHT-OF-WAY,2.0,37.5,1.0,0.0
1632a90640cfd0066d5eafb123615cc39e07984d78e2bd5a8f819b5c46bdd57b916340476f94e566c329b220519e63237d1681d67833a206d76577d8240a1439,CLEAR,DAYLIGHT,DRY,DRIVING SKILLS/KNOWLEDGE/EXPERIENCE,2.0,37.5,1.0,0.0
1632ad403a464c2687a6005d8a4deeee9ff4932b2b5e934c5d227918c27b7b824ac71c42c0e7269df83d528399b79216f12a55d470ef59858c628aa2aded6b38,CLEAR,DARKNESS,DRY,IMPROPER BACKING,2.0,37.5,1.0,0.0
1632b0954e000b255717aaf2c5d516112472aea2a50e1f26ee763c7db72948584245e9dc5c68f1c8b9ba9e42179794a28978d3a8ebb9b9ac790e0f28a68e4157,CLEAR,DAYLIGHT,DRY,IMPROPER BACKING,2.0,37.5,1.0,0.0
16330e85ab0e29fae3925510315534b5d86f49123b6157fb8c0590387eee25fddbf8619dbb633d57b79b94e6d0a751318bed1289b9a18de81aeec00de93f32d8,CLEAR,DAYLIGHT,WET,FAILING TO YIELD RIGHT-OF-WAY,2.0,37.5,1.0,0.0
16332ba5cdd66a2aa990454fb08efb1f67584ad6d51ecb24da7ccd4fd5296ca0c10d989f86c5b14414a892e31e8bc22b52a3a9d8e63d1c2096daf51a027992b6,CLEAR,DAYLIGHT,DRY,FOLLOWING TOO CLOSELY,2.0,37.5,1.0,0.0
16333f629f127f6e186beb61ed116aaab2b47116273b7a251b1c175d10883dda6130eb83bae00781e22ca5162de0796951fcb0356c4b254d6ea9b243783df85e,RAIN,DAYLIGHT,WET,IMPROPER OVERTAKING/PASSING,2.0,37.5,1.0,0.0
16334fe578deca05e4a6935db7523461840eff9a000f6a7d5e1a98b2e0714a2ae8b31c1615908d35acb902baff262cc181e481f4d93e77944de8065f9f5275d2,RAIN,"DARKNESS, LIGHTED ROAD",WET,CELL PHONE USE OTHER THAN TEXTING,2.0,37.5,1.0,0.0
16337d2c9893ac7f304fea7fda412b9b393f3966622bd979f106389ba41e06220b6dc737b7b4bac92e26c115bcb5d77a4c4ae16c55d5a8a3ff57979fd4d77175,CLEAR,DAYLIGHT,DRY,FAILING TO REDUCE SPEED TO AVOID CRASH,2.0,37.5,1.0,0.0
1633b2569017ee9841bf972f4eaa5a04379c91a3699631e8a63b1b176379b253c9e4efd161d9686986c59385293f8cb2ea7c4e90aa246ee0bc2bf6001a9c9947,CLEAR,DAYLIGHT,DRY,IMPROPER TURNING/NO SIGNAL,2.0,37.5,1.0,0.0
1633bf089d975566d2c9662d6abaf9fde97614d07d2caf9c2c181d8434a80e6edac1241047e476867996f4a7a2f9df9a60e88358d80b9314d57e80440b31a33c,CLEAR,"DARKNESS, LIGHTED ROAD",DRY,"OPERATING VEHICLE IN ERRATIC, RECKLESS, CARELESS, NEGLIGENT OR AGGRESSIVE MANNER",2.0,37.5,1.0,0.0
1633d3a602635c84729e6e77da663090a3112da746f777f3e34ebbff052cdc62677e3964bb350f300c78d697d74ef6ee343b50e438dba0efebcbc67490d9ff8d,RAIN,"DARKNESS, LIGHTED ROAD",SNOW OR SLUSH,DRIVING SKILLS/KNOWLEDGE/EXPERIENCE,2.0,37.5,1.0,0.0
1633d60ce6c34e5c1a208ddb04b0ea43f221f7eadc20ab03f83305e92906bcd415b8123840b92c5e8f84efb467a7cce930e1657407a5a1f4acfe76d9cc9e0260,SNOW,"DARKNESS, LIGHTED ROAD",SNOW OR SLUSH,FOLLOWING TOO CLOSELY,4.0,37.5,1.0,0.0
1633ea055a58377d74fc47ed17462110635e98f3f9e7b8cbb61f73c5885395bff51de80f2c2a7d9b356c5b5505660849c3db7e799b9977563595192fbe6a273b,CLEAR,DAYLIGHT,DRY,IMPROPER OVERTAKING/PASSING,2.0,37.5,1.0,0.0
1633faaae969fa46c24eacaed9a0d4927047e04807f0b12a868fbc2ef4fce8356bee81c55d019693da29ab2e802e0fa8bed305e837dda52217ffdc1ef2496d61,CLEAR,"DARKNESS, LIGHTED ROAD",DRY,DRIVING SKILLS/KNOWLEDGE/EXPERIENCE,2.0,37.5,1.0,0.0
1633fe702f76166837ece198f7d0fb8c51afda5c2f66377d8b4529e471423f1892404bebbec71811b1c7dc1a893e279adb87341c98498905cc49d4559918ebef,CLEAR,"DARKNESS, LIGHTED ROAD",WET,FAILING TO REDUCE SPEED TO AVOID CRASH,3.0,37.5,1.0,0.0
16340d101f423871598689a56c1900a17ae11c665da6f9c91f8a95fcb0f87412800e74db36b6ccfb5c1b428aadfbc40d071624000f91e4ef0e69534a4362fe6d,CLEAR,DAYLIGHT,DRY,IMPROPER LANE USAGE,2.0,37.5,1.0,0.0
16341d4598086f805106d1468adb344e255cffdfa6947a7500c25dcabfcbe50d4f07d3a3fec555f81c839a292491283d6f7381c907e36fba90bf10d296ea771c,CLEAR,DUSK,DRY,IMPROPER LANE USAGE,2.0,37.5,1.0,0.0
163440b5493d072526d8636c79ee2120a7db12b164c6792ba58457ebb4552604300ee4f3e2728acb7db6c07ac5e6de464f798f768b7e24b4cda1e18ecfaa6abb,RAIN,"DARKNESS, LIGHTED ROAD",WET,DISREGARDING TRAFFIC SIGNALS,2.0,37.5,1.0,0.0
1634432c3f12a03b45f3b68f0c14b4c71c83ea2cf94912a373288b85737d880dc2e50fb4ea95d5b571808dd881e0b87f4befe44e441ac5530b3d23209b189012,CLEAR,DAYLIGHT,DRY,DISREGARDING TRAFFIC SIGNALS,1.0,37.5,1.0,0.0
163454edb0d875b4afffec8831e0e1e51ea03c451ea55cc55b93cdc349ccc88eccd85e99ca6336ac3675283e850fdfce72c6dd16f6e53e48cce9b37a8eb5c8c0,UNKNOWN,DARKNESS,UNKNOWN,DRIVING SKILLS/KNOWLEDGE/EXPERIENCE,2.0,37.5,1.0,0.0
163455a0b58d2598af6ca2495c9165a5c378894f71ce8d8985ecd4b9adc6d407975a7f9ee302f7e5205ea41a043bde25aa292486135ee5acc14f5ea6d403d726,CLEAR,DAYLIGHT,DRY,DRIVING SKILLS/KNOWLEDGE/EXPERIENCE,2.0,37.5,1.0,0.0
16345668460c260bacf9eaa6e0f07c03af4d315e2ece8bff303b7851983d6d9269930320b0ade02eb5c75de0a517ad3113346c11aa1f8ee321a886ec06254017,SNOW,DAYLIGHT,SNOW OR SLUSH,DRIVING SKILLS/KNOWLEDGE/EXPERIENCE,2.0,37.5,1.0,0.0
163483d6902600d940362dd293fb45c1b58baa5846e93d762ef35a661447687b42aa77954c99910cb49c0d795950c5ec94d21bd2aadc2a4eaab7fb98c8515365,CLEAR,DAYLIGHT,DRY,IMPROPER TURNING/NO SIGNAL,2.0,37.5,1.0,0.0
1634a5ef65ecb74e72d28a96e7d39c510945f4f25e9cd410342dddbbfb5b7862bbc5f2d85531ea852c6d95f1c6a3c8d5af4fb9b0718ca04d2a3a25e6e03b5690,CLEAR,DAYLIGHT,DRY,FAILING TO YIELD RIGHT-OF-WAY,2.0,37.5,1.0,0.0
1634c24daf348803b59c321d3175dbb14690ba4987a78fb068c6b237600b273e97d0dcde52f098980d47469ba46e4beebb4e718855238763e51b6f7aaa3dfed8,CLEAR,DAYLIGHT,DRY,FAILING TO YIELD RIGHT-OF-WAY,2.0,37.5,1.0,0.0
1634d18fbacf374a08565c3917e030ed2a0dcbc991e63777bed46ee115f2ccdb63669efb6493d2921ad56b094fe24f7907d1e8c3462fe311cf16b7a118e5005f,CLEAR,DAYLIGHT,DRY,HAD BEEN DRINKING (USE WHEN ARREST IS NOT MADE),1.0,37.5,1.0,0.0
1634dcdd6540ae21c2a98aa75efaca127e00ac393cecba73f7e2891ae9fe2a1661476b871dc479e8eb6ed26a2f30b66a26084a1cf020cc2f13365c5ce4bf3d40,CLEAR,DAYLIGHT,DRY,FAILING TO YIELD RIGHT-OF-WAY,2.0,37.5,1.0,0.0
16355aaf799e0d9fa96e3227b55504c177c25003c98d7675ec40267837d29b73347bfb87b37c688a2a8b8ad79aef3572753da3f9cfdcf4c0514e19e8936c44da,CLEAR,DARKNESS,DRY,FAILING TO REDUCE SPEED TO AVOID CRASH,2.0,37.5,1.0,0.0
1635603bd242b3231b7f80b2f989c3e07a55e2dc19285523c4027c59ae8f46f0ddfa543041acee8b9e0716643d8ed5766c0c6aea75680488361fbfcbf4f357df,CLEAR,DAYLIGHT,DRY,IMPROPER BACKING,1.0,37.5,1.0,0.0
1635c37dbf98b384dbdb653d3ea96bb264d19e855038cd325915432fb0012e3ef2c25bf16c103c809b065e0af49d64e71a54b3e95816bc4eb9d107c7d24d9609,CLEAR,DAYLIGHT,DRY,DRIVING SKILLS/KNOWLEDGE/EXPERIENCE,2.0,37.5,1.0,0.0
1635c3a253453bc5b80c9865ecf410686a93bce2479fd49b2a19266dabffcea49aea209ef95090710c44f810a9f23d2cb116720742ffc52729f49daee1ab7470,CLOUDY/OVERCAST,DAYLIGHT,WET,FAILING TO REDUCE SPEED TO AVOID CRASH,3.0,37.5,1.0,0.0
1635c4612e92512d023701a28ca11347f725113cd0221fd411e9ec278b23be1f472111b919732580d825d9632ef2df5675a5db21f78dd606c4b58a0196c0b05f,CLEAR,"DARKNESS, LIGHTED ROAD",DRY,"OPERATING VEHICLE IN ERRATIC, RECKLESS, CARELESS, NEGLIGENT OR AGGRESSIVE MANNER",1.0,37.5,1.0,0.0
163619b65815adc68b92452a7ab2681ae45a3a289a3075aaa7b17c41848c07483110c016b534888acbe2b7c2ae2c9f53932c3e05ce809cc2c384bc7f006582e4,CLEAR,DAYLIGHT,UNKNOWN,FAILING TO YIELD RIGHT-OF-WAY,1.0,37.5,1.0,0.0
16362ce0d63e46f549b2b0e050c02b387cb027eb0dc16d861d39e8a9fe644cc97fc3d555fb80dda07928ea1ece026203964e2b160db287f19b169b0b55bfd2eb,CLEAR,DAYLIGHT,DRY,FAILING TO YIELD RIGHT-OF-WAY,2.0,37.5,1.0,0.0
1636473ea8a32dbfbed4b341f2cbe0a5bd3201c1f713cd164011b35c2509fd54ab35f791a69d4aac8326f0c1a2b03e0630b9217ed79ca3df6c465afd073e9765,UNKNOWN,DARKNESS,UNKNOWN,DISREGARDING STOP SIGN,2.0,37.5,1.0,0.0
16364f51b2417fb91dd54a5dd4a3808609189d05c1b04dee0dcfdb5271529861e914cd74857453fb2e89f0fc5d07877cb6141296444103023e95775209cf355d,CLEAR,DAYLIGHT,DRY,IMPROPER TURNING/NO SIGNAL,2.0,37.5,1.0,0.0
163668cee01639c290ff87ed37cb80eacf9b14fe6f0fbb2395f771a247748ed719a7d318226f673951ba1810bf9598ee052098e06b40b0d5fdf3a65b818f5b32,RAIN,DAYLIGHT,WET,FAILING TO YIELD RIGHT-OF-WAY,1.0,37.5,1.0,0.0
1636b4c22fe9632e177f333276256fbb5f22f92f9f81fda40870261421caca84504a281eb9a28757d59bd2f925c3a20976afc29f0d2937b3b9702158e8726525,CLEAR,DAYLIGHT,DRY,DRIVING SKILLS/KNOWLEDGE/EXPERIENCE,2.0,37.5,1.0,0.0
1636b51c75c65559ca836b957bd2c88402e3379c7e419b8f301d4a56967ad0ed47762e2acd67601bb17eb3bfc239c72868a4c50511a82a32bd2a169b2113f184,CLEAR,DAYLIGHT,DRY,IMPROPER BACKING,1.0,37.5,1.0,0.0
1636d067b366bc78b926fa8fe44af1c6c9ce9606f4cf126e05fbc769d1b7145b7d2a1eb5094a39e69d4b95a0230e1e72b0fe11749b9088a300b04e32b32e0949,CLEAR,DAYLIGHT,DRY,FAILING TO YIELD RIGHT-OF-WAY,2.0,37.5,1.0,0.0
1637044d30e52e9cb70d76f57e6d9b9baec24d421910d41f25c79dae347b8d5431836b45bcf34f07778966cc62cc918ad194b341a1adfcab8a9e0be97933d21d,CLEAR,DAYLIGHT,DRY,IMPROPER OVERTAKING/PASSING,2.0,37.5,1.0,0.0
1637401a81ec852441ec7a8c92d2e84ab9627960c8015b970460233acfd1d94e42e349dd0e8b00395f07b458803faeb7ed278a2fb5e31a1ad133bdacbea1b929,CLEAR,DAYLIGHT,DRY,FOLLOWING TOO CLOSELY,2.0,37.5,1.0,0.0
1637b8e3fa09599b117aa147a7a540462aa7c34d271e74e2483daf403371c3a8894ba0d20c9efa497791e7b53928a8c15fa6c1c1fc0dc9f90c97ec5da07bebd5,SNOW,DAYLIGHT,SNOW OR SLUSH,FOLLOWING TOO CLOSELY,2.0,37.5,1.0,0.0
1637d351b9fa942a6c3f175b497c62c93a820a06a4db52efc8abc07ed4a697075a0ceba980d9ba5c4fe2dfd295134a3031f43baf1f7f1ea2360fc5f337fa5029,CLEAR,DAYLIGHT,DRY,IMPROPER OVERTAKING/PASSING,2.0,37.5,1.0,0.0
1637d404450fd233ffb94eb6be8e96dc50bac28bb34e4db860c16e226a09dc14431506574f3e3b915a2cbf67870cbcf3f1a46e4d23b34cab40f5d159c9ce5b08,CLEAR,DAYLIGHT,UNKNOWN,IMPROPER BACKING,2.0,37.5,1.0,0.0
1637e63426037f6ec2fb0f23ca5482b4338a50fae70a3897c3554de48432d831b969297cd4e88f7b89488404fb186d715ada3ad797b22a1f05b3aeff44928922,CLEAR,DAYLIGHT,DRY,IMPROPER LANE USAGE,2.0,37.5,1.0,0.0
1637ed36de0a9464c890676f6c50986ebbdb7a1f34e1d7a342397198e65e9f9665b241cf62ec5579a2e89db955581277a24bee10bbacf55f3065914f1d1d2fcc,CLOUDY/OVERCAST,DAYLIGHT,DRY,FAILING TO YIELD RIGHT-OF-WAY,2.0,37.5,1.0,0.0
1637fa738393814a16033b10324059f1b2a851c558d7133c3f4fa8eef5c6e97fb39b949b27c11aae537208a94faa64371bb96b32df84106da5dcb22a4c926a6a,CLOUDY/OVERCAST,DAYLIGHT,WET,FOLLOWING TOO CLOSELY,2.0,37.5,1.0,0.0
16380924cdc4a61759ddc92b3cbfeba0337b2bb4de56ad5dff4dee87880ed3daa3e377113a9d23ef1f04b489747ccbd36abde5abe0ef15266191e2350a57f088,RAIN,DUSK,WET,FOLLOWING TOO CLOSELY,2.0,37.5,1.0,0.0
1638113c4a1c6a820ccc7722c41faebca52933f10f841957b1a34255daca5d4eb88d0a414493f0a471b06fa85044f9934777d0dc01b2b1d096e159972ebd6fd6,FREEZING RAIN/DRIZZLE,DAYLIGHT,ICE,WEATHER,2.0,37.5,1.0,0.0
1638b8557506c18d42896405e16399f607d12690f6f182d508c651d88bde8f35d3411e667813c927d0e15bf78d99ad44c523d944902f958c4ba13efa6f7821f2,RAIN,DAYLIGHT,WET,FOLLOWING TOO CLOSELY,2.0,37.5,1.0,0.0
1638c55196ade8deec7fcf9643830c3534e1fada8f982cefca6ab88a6fafc4e49195650e83798f81de4d0974974010aecdc0fbc96ce15ba2ae215e1f92572211,CLEAR,"DARKNESS, LIGHTED ROAD",DRY,FOLLOWING TOO CLOSELY,2.0,37.5,1.0,0.0
1638e055e06268829d4a29dd0dc517b49f19a4841be376531e737dc27afb3782aa8189a5a0b075c3348b87b742b599e57033e494e945972182661bd306780f7e,UNKNOWN,DUSK,UNKNOWN,IMPROPER OVERTAKING/PASSING,2.0,37.5,1.0,0.0
1638e39426b66b9bbe76310f9d23ec3611ae28fa49c23650bbfe5c53f91cdc9d92ac3dc5ebfa067ea6e9ec94d6a98c766da2b315c377345a5458a25b167cd902,CLEAR,DAYLIGHT,DRY,IMPROPER OVERTAKING/PASSING,2.0,37.5,1.0,0.0
1638eafdf028cd911ace7fa4cef9811efc43c3c6a909f0ce67d982b8cd86130d6deebee7077b3263d79de4095b44376ec6ef1787d00430732248685cbd3b6b95,CLEAR,DAYLIGHT,DRY,FAILING TO YIELD RIGHT-OF-WAY,2.0,37.5,1.0,0.0
1638ecb183b20d913b7d3581645d767669458bd33aee34c1f0d01456a0d4a896d8d568fee6ab88e2a69afd8d66757b4e35b9b97a86e52a76c7c412e4c7e745fd,RAIN,DAYLIGHT,WET,"VISION OBSCURED (SIGNS, TREE LIMBS, BUILDINGS, ETC.)",2.0,37.5,1.0,0.0
16393910dde2191b1785fbb4600a43a2abaf4cac8d3d0eb426ad9da1e6c8bd01dc1a3735788c65dae5769b2e0f9dffaa95ea936aeff2ea0f7710e24530e4229e,CLEAR,DARKNESS,DRY,IMPROPER LANE USAGE,2.0,37.5,1.0,0.0
16395f463498e8033c3163aec4f4df81e8fe1eec3fec87147af96c9479f25497d2a6c22989a7be683b2ededd8d517d09f32576a7615876b9c7bc031187ed3439,CLEAR,DAYLIGHT,DRY,FAILING TO YIELD RIGHT-OF-WAY,2.0,37.5,1.0,0.0
163960bfec956f62a236c8e255345dac9a9ac139ccfb3438dbe6db8898b7aecd304d9885baecb7a230bddaae67e041786db57810d18fed78157ca2be6a0fa71f,CLEAR,DAYLIGHT,UNKNOWN,DISREGARDING OTHER TRAFFIC SIGNS,2.0,37.5,1.0,0.0
16396447d52f1ac0396decc175eeb8c9210227eb4767d456e29ae16ed2c0ed30713af14801a1756d30fbacb12ea78c161964df896415768d27601efa5712af4e,CLEAR,DAYLIGHT,DRY,"VISION OBSCURED (SIGNS, TREE LIMBS, BUILDINGS, ETC.)",1.0,37.5,1.0,0.0
16397d4236dc31e8783fe324932cb3b7d9019a44ada3a0d451b8cbd77083c47220581690ae36958355b13a87776add73874687746b52097550e74ee92e867189,SNOW,DARKNESS,SNOW OR SLUSH,FAILING TO YIELD RIGHT-OF-WAY,2.0,37.5,1.0,0.0
1639873bccc2160f72f3e49c1b9aafe41fdffb382efdfef37cfe2ceb5a96b938e08c9c9c846a908442cce6c4255f10cfdf7047f3ecb6a0b545bcc0aea9d4c484,CLEAR,DAYLIGHT,DRY,FAILING TO REDUCE SPEED TO AVOID CRASH,4.0,37.5,1.0,0.0
1639b5831dcca7b1a800b9102fbc52989867706a2de3d73eac38ce063f50f4cca079f7592b1f07153b0abb29680bd3f058a70b0bca73c48056fb2b614220881b,CLEAR,DUSK,DRY,FAILING TO YIELD RIGHT-OF-WAY,2.0,37.5,1.0,0.0
1639b6671625fd3e2ee9d0e5f5d4fe882273ab9607de1af5764c18c2bc86da1acf084129d81a02568b7214c9ab00835e222464e1eee6bda4befcc8bf867c30b3,CLEAR,DAYLIGHT,DRY,IMPROPER BACKING,2.0,37.5,1.0,0.0
1639bca81d6a0aadd5b577c5ee2ee904728a3101a86ff521be6b853a84e6553214a16d352bfa53d7facc986b1e1c1bcb2c4d93e11c48cd95f50e2b01a8771c90,CLEAR,"DARKNESS, LIGHTED ROAD",DRY,DISREGARDING TRAFFIC SIGNALS,2.0,37.5,1.0,0.0
1639c34f70064bfed1efc0b48a8e1dc6219b801c0e35882ee295848d3956322cd81de508295c80a83f2b0f09affcfd0e700d6525c730b99cd4af023b6cf79266,CLEAR,"DARKNESS, LIGHTED ROAD",DRY,FAILING TO YIELD RIGHT-OF-WAY,2.0,37.5,1.0,0.0
1639c9f76e2cbf7432b8a1368619f4e3e863022fc5c88ec1ae9d337048a914dc3e87ace4700c6723746d753650462c044762447402c4d2fd26f0f700fd33c57e,CLEAR,"DARKNESS, LIGHTED ROAD",SNOW OR SLUSH,EXCEEDING SAFE SPEED FOR CONDITIONS,1.0,37.5,1.0,0.0
1639cac41c4e3dcd2fd48412f85119af7ae91a5a6dd5a24bd6cdeb11db60b6c8454cd7ce86598c9807e5c02cab9a47587ef59ddbac1215e278874275f91112ea,CLEAR,DAYLIGHT,DRY,IMPROPER OVERTAKING/PASSING,2.0,37.5,1.0,0.0
1639d84fe2278a0001d85d88fe1563adef476fe07e2b8b9f348496db7b678a2937aa8db989570b4288fc3b063f5c793291f31eea99a78673cdc04ac4659939a6,CLEAR,DAYLIGHT,UNKNOWN,IMPROPER LANE USAGE,1.0,37.5,1.0,0.0
1639e278353ed61bdb654921a69acdef659d0d850bb8976cc41c0845e8ef12b313cf50ec3fde07f15b33c2e0abcc3e99bec2ab9bdc14f6a2fc56041ccc8e14ce,CLEAR,DAYLIGHT,DRY,IMPROPER TURNING/NO SIGNAL,2.0,37.5,1.0,0.0
163a1657fd6fe5382177c1ba1a6c5840ba54a0fc670f9af93b5bfb2a85331574784a90f0d8bff2eec169adf037c775e046ef5dfd593c4cf6a85a541987d8766e,CLEAR,DAYLIGHT,DRY,DISREGARDING TRAFFIC SIGNALS,2.0,37.5,1.0,0.0
163a2e271fe3002a4fdbe05a94be8b7195e749e15497cd90d0a84c4ffc80ce0838362b673271ab668ad6ea58f960aa5f5618c22065196f15ebae5ee0e64171fd,CLEAR,DAYLIGHT,DRY,DISREGARDING STOP SIGN,2.0,37.5,1.0,0.0
163a355843f87b92bd9d0cae8d55e60448bfb47bf015f66e82964b84e23024e74ada6ddd33d396222a77cb4b934cbfaa5ba8e26957224c209151a8f0e95c8482,CLEAR,DAYLIGHT,DRY,FOLLOWING TOO CLOSELY,2.0,37.5,1.0,0.0