crash_record_id,weather_condition,lighting_condition,roadway_surface_cond,prim_contributory_cause,total_vehicles,avg_driver_age,total_people,total_injured
163a65e01f56e1cfdb13a921746b275fd1d5fa40b578cfb511560a32431351c9e4f4e23572ef874e2a8c2ec78f0b8aa023558588fb41fe75c61d21c130869ada,CLEAR,"DARKNESS, LIGHTED ROAD",DRY,FAILING TO YIELD RIGHT-OF-WAY,2.0,37.5,1.0,0.0
163a7ba878850f0c8f5e7a5c21f694301e36db3848cf3fea3c9a7530c2982a84c8efe2766bc6e177bea6e1a6780816130c1771809019b80a3775b2009d1ed79c,CLEAR,"DARKNESS, LIGHTED ROAD",DRY,IMPROPER BACKING,2.0,37.5,1.0,0.0
163ab517a1e6c0973e5f99bedbeee63dbeff3e6c5fa5807a1697f0e6da69fae32d0e913e30f3f4f0a048438fc982be010781d5e02c896abe89f5abb18dde8d4f,CLEAR,DAYLIGHT,DRY,IMPROPER BACKING,2.0,37.5,1.0,0.0
163ad4f3a19a9cf9b32e117507dedc48aa5cd4acd450020a4cda65d33a3b4ff10f015df9ba29bc954a8fff0262a16e6370d51b4fb5041fe416333f84d6809739,CLEAR,DAYLIGHT,DRY,FOLLOWING TOO CLOSELY,2.0,37.5,1.0,0.0
163adff71594120cbb73fa1088ff8ef1df0f916cee938dce67a61ef47faa2e733d6355ff5e3876a64336111ec5b942a73ec4b03f120a6f6669c686602a3994ec,CLEAR,DAYLIGHT,DRY,FOLLOWING TOO CLOSELY,2.0,37.5,1.0,0.0
163af30df499d6dbb3e493591e35369510096d30f58fe6b675031bd3f5d61ecd893945f5c698ac6e115a314701e127b99311f4e8dc050539a46d82537f8b792c,RAIN,DAYLIGHT,WET,FOLLOWING TOO CLOSELY,2.0,37.5,1.0,0.0
163aff77cf2a5f741bd38af96e781bed1a06977fae91a198646d4559e21b202cc847996e5a360bae438a4acfc1f2dd25a553229bae7e1dc8498315f99eab4574,CLEAR,DUSK,DRY,FOLLOWING TOO CLOSELY,2.0,37.5,1.0,0.0
163b1bce7ed2fc7ba967fed17abf5a0944860405f382d48f18a749a72fa56a5e00e209025c2c0770df6fe12a1d551b72cb45b19cef4a4b4c5133fbc0b92c0550,CLEAR,DAYLIGHT,DRY,IMPROPER OVERTAKING/PASSING,2.0,37.5,1.0,0.0
163b64144dbe5165ab31dae58757a2fd90f744a964933e367faa93b17c8871331a98cd08e9913dd7953dbb52da89c555079fe26f59a246467f5cd4ebeb852317,CLEAR,DAYLIGHT,DRY,IMPROPER OVERTAKING/PASSING,2.0,37.5,1.0,0.0
163b6f2418e37f3a69339d1f8408c877e1bf4009ba916ac6fa41cdc732385093b03b145cc1f3d56981569952a2eeb00420a9a1ab25ec52b0c455286257d2ed07,CLEAR,DAYLIGHT,DRY,FOLLOWING TOO CLOSELY,2.0,37.5,1.0,0.0
163b82a1552430093fd22a682572b25b820476db870954041e5dfdbca1a109e54b34f2bdc0bcc49bb31ef304b80a26ac5483241a29112ec3e824ea9a7590d94d,CLEAR,"DARKNESS, LIGHTED ROAD",DRY,FAILING TO YIELD RIGHT-OF-WAY,1.0,37.5,1.0,0.0
163ba4b1a00654171079c939c9c3c325cfc3033e8e3521c64b1e894459e5f44d4b7e2bc2b1fa1589fa1efcf5126eee6fa7301cd45798ff900db089142a1e7fef,CLEAR,"DARKNESS, LIGHTED ROAD",SNOW OR SLUSH,UNDER THE INFLUENCE OF ALCOHOL/DRUGS (USE WHEN ARREST IS EFFECTED),2.0,37.5,1.0,0.0
163bd56b48f88e354b301eb21c47e8bd208c3a67bbf1e9edd440bd27fb4a62f79ab62c433fb78be42c2503ce8bd433cb66752e30aa29656d91253454930d79a8,CLEAR,DAYLIGHT,DRY,FAILING TO YIELD RIGHT-OF-WAY,2.0,37.5,1.0,0.0
163bffdaaf713e97f21dec19247881c76053552299a1c134b88a566f7149321c2c3e8a242478346bb066d01f8e9835a0d2f56030a54b6a402eaec1ecf8d8b484,RAIN,DAYLIGHT,WET,IMPROPER LANE USAGE,2.0,37.5,1.0,0.0
163c06954e0bc08bcc49cebd2d6f4dde274dc31e33d0f6b66a49598c6262f8fed431200c36db8b6073c110f0c2b9b37ef4b2c66b4ae05fdd4ade798a2bb53131,CLEAR,"DARKNESS, LIGHTED ROAD",DRY,IMPROPER LANE USAGE,2.0,37.5,1.0,0.0
163c2a88f60754899d73840fee3c3ce6bf836986eb2b123b6dd291ed2940249964b0999d141303d37f8d09bd18edacd1a7d8b8d3e5303f79fc2f8a670899a964,CLEAR,DAYLIGHT,DRY,DRIVING SKILLS/KNOWLEDGE/EXPERIENCE,4.0,37.5,1.0,0.0
163c33dc9d81272929f9cbfe899a051f5f8fad7d8d971682d8fdf086bee86cf0635eef01eca9b9e8a825db677d84a60822250eee30605ed39915074eb67c2e05,CLEAR,DAYLIGHT,DRY,FAILING TO YIELD RIGHT-OF-WAY,3.0,37.5,1.0,0.0
163c4a2cad4aecdc95b6cd9db723e13aae65d4253b9e4c06613afee6f94fd51e6066aeb3f6efa2698933b52b3ae6ebf6f17643952e1369f2f7b3d449d520dd49,CLOUDY/OVERCAST,DAYLIGHT,WET,IMPROPER TURNING/NO SIGNAL,2.0,37.5,1.0,0.0
163c510bfc835171843933cbaef665b664fd2c704479bce8a91fb34595811e975ba03f039840eaa329c9d04467a6d07645ee4acd917b7ad5d5d36cc574a2d735,CLEAR,DAYLIGHT,DRY,FAILING TO YIELD RIGHT-OF-WAY,2.0,37.5,1.0,0.0
163c61b329a92e58136c126b425160513934d8c32d28f8a2660910a98c102e158487c44f1865c803a7708084ccb0575828159d8c4553deb0b074596eb96c6786,CLEAR,DAYLIGHT,DRY,FOLLOWING TOO CLOSELY,2.0,37.5,1.0,0.0
163c9abc8a2a4ace8f1bae2c397b2375f53a88060252dc6c776fd2f41d7ea995e96872f41d825acb9609642dbf4a9f224900a36dfbdf63c97995e6ae84fb5eed,CLEAR,DAYLIGHT,DRY,"OPERATING VEHICLE IN ERRATIC, RECKLESS, CARELESS, NEGLIGENT OR AGGRESSIVE MANNER",2.0,37.5,1.0,0.0
163c9f58f76932852f18035338048f2ada3d26916250d24f6d48bc88e46d17821c079101cb30420fe2730591131711751338c0eb9c25174a97457cb182b50abd,CLEAR,DAYLIGHT,UNKNOWN,IMPROPER TURNING/NO SIGNAL,2.0,37.5,1.0,0.0
163cb5deaa2f5d4129e154b0af5656923c1e7b6a45add371d1f96d8ced5a0c02ffc6e1c639bcb3c454f3437d731670740d033cd15cbc6ad53e55e46cac02ee9c,CLEAR,DAYLIGHT,DRY,FAILING TO YIELD RIGHT-OF-WAY,1.0,37.5,1.0,0.0
163cb95dcdc64cefb1aaa75191e33176af3f04663003254837acf23c2a6be3e55c0d544344ba3844766d664b686a5dcd17a63e768492f429c988c3e113e36c5a,CLEAR,DAYLIGHT,ICE,WEATHER,1.0,37.5,1.0,0.0
163cbb0c79a1c416b4722a0ba4888e6dc042ca0d95e14b5c9da7ce722911efdf40114794361498820021853a986497f8de7848522e730871c059fb3ef8f3ad9d,CLEAR,DAYLIGHT,DRY,IMPROPER LANE USAGE,2.0,37.5,1.0,0.0
163cd33b57df0c97871800cd48052593254225a1ec9a9acada9e582c4c56985ce2695fbab41376f0912dcf5c52ac34d2744340da290bebcfc45cd17cd8b8e359,CLEAR,DAYLIGHT,DRY,DRIVING SKILLS/KNOWLEDGE/EXPERIENCE,2.0,37.5,1.0,0.0
163cde566249a79a390ced0f66ecdc3c3c7f74f83b9e1f6febc2ecab0ece9387d018e8d6424ac998ba932e2a074f31425a5c944cd308c1f10eecd6a6db50b4ac,CLEAR,"DARKNESS, LIGHTED ROAD",DRY,FOLLOWING TOO CLOSELY,2.0,37.5,1.0,0.0
163cdf38793ac9275c5c5d0ff936b4002837d18d499c8afe3a26b1f9f40f229efcc0a0a68d59d6b9df4039b498d48a7ec39f3d5ac7feedcb652faee3d493684f,CLEAR,DAYLIGHT,DRY,FAILING TO YIELD RIGHT-OF-WAY,2.0,37.5,1.0,0.0
163d1192fae42d511ec445ec1c7c2e1746ace583482d361d4cae47c980281810c46fe26a9afec70d702ad2d04ac93d3365a8b50ba9f3a5ffed545a2e7867ad4d,CLEAR,DAYLIGHT,DRY,IMPROPER OVERTAKING/PASSING,3.0,37.5,1.0,0.0
163d190871dc9fe3b0b1c692ce7707ce5203b1138970ba25c4c65c3a399e65cf6edb6a1c22f469f240fb7f093d0f5be59d99ebb5690ff35257a210a7b11f698d,SNOW,"DARKNESS, LIGHTED ROAD",SNOW OR SLUSH,FAILING TO REDUCE SPEED TO AVOID CRASH,2.0,37.5,1.0,0.0
163d1fe2f41db0309329f2cf36b2063525264295340e2f04f99fee355eecba66a92ddcdf257fb2249886eb0d891d06bb61bd9c5fd9a50c50f7586eec7a95373a,RAIN,DARKNESS,WET,FOLLOWING TOO CLOSELY,2.0,37.5,1.0,0.0
163d51deace9e208130227512c4761134f722305d30c7f6e74387545e66897063ced195b45240fbe2ba793793d811640ea2a4e6391345209231457862a996680,CLEAR,DAYLIGHT,DRY,FOLLOWING TOO CLOSELY,2.0,37.5,1.0,0.0
163d7a8f6012d3ecc2f3e4b50d62bbf24cf47eee6d6695b6f1002afa7f6afa1addcdcb0f2207b9da1a0d257f9f268e827401ba1f12db1581e0ae626169878e9f,CLEAR,DAYLIGHT,DRY,IMPROPER OVERTAKING/PASSING,2.0,37.5,1.0,0.0
163d8dba3d45228bb4d1da9f029232307e94eb495df7c9e27c24040492712e31e2c130f6d10792373ff88c1e2baed4dda7b972048660df53c7ee437a364d561e,CLEAR,DAYLIGHT,DRY,DISREGARDING STOP SIGN,2.0,37.5,1.0,0.0
163d8f11f53f2824cd2f06e979396a5503c57f73f38b32425586eb165c7f17859f3b79c7e0cc719915aadf46eb01b8188f4504e5048526468cab25a215f9acb8,RAIN,"DARKNESS, LIGHTED ROAD",WET,IMPROPER TURNING/NO SIGNAL,2.0,37.5,1.0,0.0
163d994ac42c6e8518285c326a990c52d5466ecc5f967201b52002146f8e5834c065f5e34ba031d44a969750ff77dc088d0628307b61e0e6bec2156f96c45c6e,CLEAR,DAYLIGHT,DRY,IMPROPER OVERTAKING/PASSING,2.0,37.5,1.0,0.0
163da75077e00eeb00c30b9fda278b19e1fd69d9db6b04186141be8de5225fea5da565bf6567f38c7a9f204fa14694661b49166cdedbb6389c70917bffd50f60,CLEAR,"DARKNESS, LIGHTED ROAD",DRY,FOLLOWING TOO CLOSELY,2.0,37.5,1.0,0.0
163db2542a5595d0c7e3d1f927c8f2253a22e2ad71972e01033094eb0c4d500f9bba0cc3f85de916a0f9d3e2bdc90683dbf2380fabbfd500464c5d9584409edd,RAIN,"DARKNESS, LIGHTED ROAD",WET,IMPROPER TURNING/NO SIGNAL,2.0,37.5,1.0,0.0
163dbc14e8ea4e780d8f0079aa0931a4f098ab9763f03a146f85b5a3ba18ffe617cb7c3c419fc5e65753520f61f54c246e1c6894faf2096dc302f435c2b397a5,CLEAR,DAYLIGHT,DRY,IMPROPER LANE USAGE,2.0,37.5,1.0,0.0
163df4d4f67fd1089a3ec2da128af8c9f23895fd571d4e415359f640642ae792aa861153c3a944b57c34c811ab3b47185d45021098a6fda7d16898f326f5e14d,CLEAR,"DARKNESS, LIGHTED ROAD",DRY,DRIVING SKILLS/KNOWLEDGE/EXPERIENCE,2.0,37.5,1.0,0.0
163e2178e1692a3afbd17f0158335b4710a73d551f42dd2ec54b647253f57ceb1f72a4305d1dd95c1fe11569e6540fb6387cb38ff960f0fbcdc37b77ca884d79,CLEAR,DAYLIGHT,DRY,FAILING TO YIELD RIGHT-OF-WAY,2.0,37.5,1.0,0.0
163e59987b692ed1d27e58a54c7df76a49fb34b0f19943725c6d51cc58e2f464fb8395a727d69df4e4d6cf8617853169f7052748b7847319b893a893f4e1f9f9,CLEAR,DAYLIGHT,DRY,IMPROPER BACKING,2.0,37.5,1.0,0.0
163e6296784b8fdaa401b1f4ca2cd872e60f53fc403fd26cc566f4c9b25a75d178d8a9c6ccb81ab01813fed0b7b5c50b5b2fa55cde14ef063ed511d7ba0b889c,UNKNOWN,UNKNOWN,DRY,DRIVING SKILLS/KNOWLEDGE/EXPERIENCE,2.0,37.5,1.0,0.0
163e9ce63650a795d7bb8ec260acec49bd0386a456e23d270c7e0ad48d9b7cf785ed86e9aaad950e1b56035f1db2cece5082817816f631521062b2c7f5fb0dff,UNKNOWN,UNKNOWN,OTHER,FAILING TO YIELD RIGHT-OF-WAY,2.0,37.5,1.0,0.0
163eae2b22767278711998f9fc000ef3ba3ceb858c38b6cd481b87c1c134cea16b9e1ef3f05e70cc4c8751b44b548bf1bef5e0020912b0396eda1c653bb44936,CLEAR,DAYLIGHT,DRY,IMPROPER OVERTAKING/PASSING,2.0,37.5,1.0,0.0
163eb1bf62deb8116874879a2267dd80059902421c4d8538501316233c3578e199dd1b2b30721dc0eead4385f6d6757885e6cc6c9aa4a07ca25c2c83cdd893cd,CLEAR,DAYLIGHT,DRY,EXCEEDING AUTHORIZED SPEED LIMIT,3.0,37.5,1.0,0.0
163eca1c8ae301ae00d259c7e416b8ae7d5a09d586b7f39c6ac1727a566820b249c7162045a97634a4b2c363171cea1354e160a43f501915b0ae962d0116ac19,CLEAR,"DARKNESS, LIGHTED ROAD",DRY,IMPROPER OVERTAKING/PASSING,2.0,37.5,1.0,0.0
163ed3c5d6503edc945ce3459ee279294bc34f125595bd52b19c2b10ac6b5f782f924f288f00c08b10325624a3a67de84a0e0d776dc12283baad57c5c9aa8174,CLEAR,DAYLIGHT,DRY,FOLLOWING TOO CLOSELY,3.0,37.5,1.0,0.0
163ee1338553480c82872e4e79c1a9a3aeac29dd1a3bb7b3aa7ddb4a810d89fae82cb64992ba18e92bc3200d2114cc0f0e2b0e427cc9edc2edd0d2e0d5cf8846,CLEAR,"DARKNESS, LIGHTED ROAD",DRY,IMPROPER OVERTAKING/PASSING,2.0,37.5,1.0,0.0
163f1238906f471de7f262c985dc35451ae6645d67c81e4bd9a6a915294e45e6484d1a553d434e807ba0f2f0762b67adf3162aa8f159fb8d11501c1fd40aee6d,RAIN,DAYLIGHT,WET,WEATHER,2.0,37.5,1.0,0.0
163f168c8a81cf2c757e94f43393fe6954ae45be86b1450350b858f2ee49968c038621bef04489c7fdc271ec510a7731a6aa8a14be644ec9118a4082d5bbf0d5,CLEAR,DAYLIGHT,DRY,EQUIPMENT - VEHICLE CONDITION,3.0,37.5,1.0,0.0
163f2c8e5f1dce4366c4c49ca2c2258742dca40698bcdfbdfedffada0913ea26cdf5b6a51b9248980d129d2ccd6d8efc9fa0498baf37bd44755342abf55969a1,CLEAR,DAYLIGHT,DRY,DISTRACTION - FROM OUTSIDE VEHICLE,2.0,37.5,1.0,0.0
163f2f6bbf711e03b84ccf6607db18a92fd93bf70bd816c6dddca667b4b2734d68dd3dc6c8fce9e775003ec461e90c314258687d72a4fd7313782a1fecd13516,CLEAR,"DARKNESS, LIGHTED ROAD",DRY,IMPROPER BACKING,2.0,37.5,1.0,0.0
163f71a1613fabd482ea80b5432d349e3c1012551b11cef5a3acec07f222765c64a9b031cfa242c5ab8938d6da0c5e3ea467cd96e662d42c6ad0284977e00128,CLEAR,"DARKNESS, LIGHTED ROAD",DRY,EQUIPMENT - VEHICLE CONDITION,1.0,37.5,1.0,0.0
163f8d2b6a5fba2bc793df5c98d6e4379dfd3f36f91396e072aa5b29280a501e4efdb17f8ec5e9e897c382305f30bc3b4be4bffa8988e0e582904c2a3142b67d,CLEAR,DAYLIGHT,DRY,FAILING TO YIELD RIGHT-OF-WAY,2.0,37.5,1.0,0.0
163f928914c50ba914ed37e2231cd59d8e5395a3652c34304e849246e72582f860ea22b1098d3ccfc8d37f06c8a47f9b10f8288282b2266a0e42d773ffa5c0f1,CLEAR,DAYLIGHT,DRY,FOLLOWING TOO CLOSELY,2.0,37.5,1.0,0.0
163f94b9247e95b431eed66bdfede9effde2cc38b421f4b8d8ddba7ffd2e846e62b5e4de9f3dab650f94648328d9412e1c5edaf141d39587dfe77b7b9a5c9803,SNOW,DUSK,DRY,FOLLOWING TOO CLOSELY,2.0,37.5,1.0,0.0
163f9f77d83cbe1f318a2be526e82deb53ca20215b926e9921e1e6a1809b997951636c37798e104bab3573a0a2f922ddddee5ab9fde89d549c01c283767c0bdb,CLEAR,DAYLIGHT,DRY,DRIVING SKILLS/KNOWLEDGE/EXPERIENCE,2.0,37.5,1.0,0.0
163fa014adbd7e5b77d2c1e8f288143452fb76c3360c71489292594c2859f8790e9df5c011ae9fb1486ec8ed7f891b1ff3d77b648c1b74c32b8207f73aaac35f,CLEAR,DAYLIGHT,DRY,FOLLOWING TOO CLOSELY,2.0,37.5,1.0,0.0
163fa84a9af954d0fffe4871a9997ea49356990c395fd9ae0f8029de5a8c9bcfba6ae59586416f64c55729c41e891af061f6451413e123382fb06005276a754b,CLEAR,DAYLIGHT,DRY,FAILING TO REDUCE SPEED TO AVOID CRASH,2.0,37.5,1.0,0.0
163fff304444f241ce14adf4d5241d2fc82e2dff7004b754cbd82b122bfa90d6a783ab34ac3d1507188b7f0b5a1648f66610520b9e5d419726482fb1d519d539,CLEAR,"DARKNESS, LIGHTED ROAD",DRY,FAILING TO YIELD RIGHT-OF-WAY,2.0,37.5,1.0,0.0
164013e29906142af9b0056a528d98dfa89cb060a18611e5b6e0f90b01537591674ceb3bc3af44b9071366daac831136aa925a695cc608ef32ffadd541d08791,RAIN,"DARKNESS, LIGHTED ROAD",WET,FOLLOWING TOO CLOSELY,2.0,37.5,1.0,0.0
1640260b170672e2931134ed824fbd7282388b21f8d1a988e00aed4e3e1cd0d3bb850248e50d606a2550b284f1cb14e7f0dfa87ad9e01d1b2a3b7378e4c1baf3,SNOW,DAYLIGHT,WET,FOLLOWING TOO CLOSELY,2.0,37.5,1.0,0.0
1640597d2e46db19559f2c5cd905621cc715a0202c0a6510eab6e458f0086b1d428ab810121b9b7172e569fd796db0847ffdb289d1a5a2319424b3d3cb90e9bf,CLEAR,DAYLIGHT,DRY,IMPROPER BACKING,2.0,37.5,1.0,0.0
16405e86c30966626be9363cd7a2c29302e1767d7fac61f8c8e26df501d46d570c82799508063b143186234feedf7131f35cdfcaeb63ae9f519cd8cea4af38f6,CLEAR,"DARKNESS, LIGHTED ROAD",DRY,IMPROPER TURNING/NO SIGNAL,2.0,37.5,1.0,0.0
164060af182608e660d4cf8177367d3aab4df224906c860efd9afb156d16c4dfd119e77d168971a32b1d88b78483e27210be33b0d653cd3899bb0930ad5ea6ea,CLEAR,DAYLIGHT,DRY,IMPROPER OVERTAKING/PASSING,2.0,37.5,1.0,0.0
16409c945a410335c52db871a25de936000b24d4a07e85784bbb926b615cdf88041b5e5979b92c3dffb6c12e629725eebd4814b790f18e44f8faef33a77a2c8b,CLEAR,DAYLIGHT,DRY,FAILING TO YIELD RIGHT-OF-WAY,2.0,37.5,1.0,0.0
1640c17cea66f26586573c3da29efed694d160d51e52461ae4022a3ce20977e24f2aa6d95ec1fee9873a6f94389f3adc8d9c5e1f954cfe930391d116a96c15a0,CLEAR,DAYLIGHT,DRY,FOLLOWING TOO CLOSELY,2.0,37.5,1.0,0.0
1640d119f3b8c7159f1a5ebba0c4625e204a21496c7069c6848105a8b941955a30a282e88c4550cec833fac68696baec2ffa8e8edee1b8a3d362c05dcc3c1e29,CLEAR,DAYLIGHT,DRY,FOLLOWING TOO CLOSELY,2.0,37.5,1.0,0.0
1640eb6a99a358b801d9d5ff3d35436e9f15bfe49e32edfefbb2829753dfbe4cb819a4bf1e407667a6aa22761c5adc854b2bee9e24eaad90a956794f88bf041d,SNOW,DAYLIGHT,SNOW OR SLUSH,WEATHER,2.0,37.5,1.0,0.0
16410e9d931fbe50c72ff7bb22e86f8716648193c1282ad53df1bb1175b77d8ed0e1ac21d2ac38ebf592b1206e2dc8c69f34738fcc3347caa1ed4e09bf88c6ef,RAIN,DUSK,WET,FAILING TO YIELD RIGHT-OF-WAY,2.0,37.5,1.0,0.0
16412269df9b93bc7b77f547c2ecf873d4bcc9a1e45dcfe1ff6c3d480a2f76ef7915a6b1ab3fc9f472d76ff0a7b8957aa715a8ee6ee89cd55061d602c6c2868f,CLEAR,DARKNESS,DRY,IMPROPER BACKING,2.0,37.5,1.0,0.0
164139c4b8a857cf8d7a6bc9bfc554f6df7b7730d6f97dbc8c75c7ec8d1ea56cb515c5b397b2ca61dbf3c051f9bd32f04771733031f9d06818bdbc7845517a0d,CLEAR,DAYLIGHT,DRY,IMPROPER TURNING/NO SIGNAL,2.0,37.5,1.0,0.0
164158b7dab5a866f1a653dd9ad3a50ec2f00f415e6726ded56a1dce4a7322d9ee293303e8a3bb877eaa0e785d72a92477bd076676f80e2974f683d007641d25,CLEAR,DAYLIGHT,DRY,IMPROPER BACKING,2.0,37.5,1.0,0.0
1641678825baae6eadf8f65fb0196bf96849f12d5040e9697c2f0ced124c151ccfef75e2d7a2130b603eaad8286322b07bb02c235440ac2bf011939218cff908,CLEAR,DAYLIGHT,DRY,FAILING TO YIELD RIGHT-OF-WAY,2.0,37.5,1.0,0.0
16419d3bf8b6e582380b29349c25cb72a9c57680777f1d649e05777d9c9048596fbd8e823b7a528e2ffda993fbed33e838421fcaf953b6fc8f7e3fb92fbf6caa,CLEAR,DAYLIGHT,DRY,FOLLOWING TOO CLOSELY,2.0,37.5,1.0,0.0
1641a7af9a521fcdcc4af9bfd61e7d855a96a8d8f19e12ff811e7e593091e4b73158fdebcd0f06072011551f970be78ae9e1c2e4c693b6d098de5f4c744abc5b,CLEAR,DAYLIGHT,DRY,FAILING TO YIELD RIGHT-OF-WAY,2.0,37.5,1.0,0.0
1641d11aff71715c3f8f879fa60878b11c058f14d1474d6caa4d4bff4ab7acba535c71d8e42d159e3348885625695b241dd10356219ed6a8aad89e2d9f43336b,CLEAR,"DARKNESS, LIGHTED ROAD",DRY,IMPROPER OVERTAKING/PASSING,2.0,37.5,1.0,0.0
1641ebbb85371d1188fe260c2c08d40f2687833032169163b66de30bf2ff55a3222a4977504895c24fe1618aef555f0182b59a437a8328866e4e9b14178faf1b,CLEAR,DAYLIGHT,DRY,FOLLOWING TOO CLOSELY,2.0,37.5,1.0,0.0
1641fb41de40d6d7e36072c693740048eff25cdb7ae4c1c51ced2d0a20cc101293734588a6ff4a73e934b5b8bd197aec905f127a4f5b2021beffbcc0fc34d2dc,CLEAR,DAYLIGHT,DRY,DRIVING SKILLS/KNOWLEDGE/EXPERIENCE,2.0,37.5,1.0,0.0
16420184dbe3524d5d46ea871e4efaefe26c88f0888ce6fcfd28cf312cfb73d6b7f2b67f62766eb5f2eea046fbcbcb9d3b249fc83e2f169dd107545d8c1918ae,SNOW,DAYLIGHT,ICE,MOTORCYCLE ADVANCING LEGALLY ON RED LIGHT,2.0,37.5,1.0,0.0
1642785de37582f9fc358ae44669d685b597c8c7d9e6f810535e066223c0c83abd2417111c5578e042ec4bec93844a8430002509046b1b414225f411526e907e,CLEAR,DAYLIGHT,DRY,IMPROPER BACKING,2.0,37.5,1.0,0.0
1642a108f6347c40737c91d30bc83ce13fd0c2c639a9f9c4fef9636b06295d7020f988e33b7446f4fc7ea774c3003be125573ff6053719bcc3ed3ffc912b3d06,CLEAR,DAYLIGHT,DRY,FOLLOWING TOO CLOSELY,2.0,37.5,1.0,0.0
1642bad5e5a5f775be1c159dab79ab4759c89bdbd90f278aa736b26838cd7d5df3dfe86c4b8d54d496ac2ea79626f8fedf87c251272569a01a8b6bc1dbccf854,CLEAR,"DARKNESS, LIGHTED ROAD",DRY,DISTRACTION - FROM INSIDE VEHICLE,2.0,37.5,1.0,0.0
1642e44ac0bd796d346b1311fa936f44fa9ee3865beff954e17af2ec34b25ae24c19cbf1c946df62a38723c7167ce60079c27aefd641c0640706aa53a827dfd6,CLEAR,DARKNESS,DRY,IMPROPER TURNING/NO SIGNAL,2.0,37.5,1.0,0.0
1642e690ce2707e4b9636d0638d8cd3071f5b8c035ff8d0f17382faf57cf5c5222ca26e09c04bf162a35321a4937e064af46b355c0e637009492945f2f9e6416,CLEAR,DAYLIGHT,DRY,DISREGARDING STOP SIGN,2.0,37.5,1.0,0.0
1642f8606983bb48bb79f88abb831f0dfa738161222e7a17817301e5de828f163afde95ee74985aa84476421c51429f09987424c3938743765f02561631724c6,CLEAR,DAYLIGHT,DRY,DRIVING ON WRONG SIDE/WRONG WAY,1.0,37.5,1.0,0.0
1642f95174e3c94fc072f1995baa18975f7ab87e830453e4d830df8c9eb266130c525115aecbafee5cbe31cd39f00dcc127e05348a9d1127212af90dd0a4f840,RAIN,DAYLIGHT,WET,FOLLOWING TOO CLOSELY,2.0,37.5,1.0,0.0
1642fc7888fba194ca29e043fab6c16b2419831bf4fdfaf4270e18541be91a0bd7deae59be2a3a46a84e85118a694c1c472717f37ebc692dc2e80916d1d81b49,CLOUDY/OVERCAST,DAYLIGHT,WET,DRIVING SKILLS/KNOWLEDGE/EXPERIENCE,1.0,37.5,1.0,0.0
16430a114aa3d6b42ca63ed6078ce2d14980da444204e79e58888c97ea3f3fa005190ae143cf9c4ba14e60a2c5d5d063e1689251eb8bdf44924e3ba0d849071a,CLEAR,DAYLIGHT,DRY,FOLLOWING TOO CLOSELY,3.0,37.5,1.0,0.0
1643161302ee9f1c8a5fc1fd7a989ae53ea922217a18eed769b5679800f943f4362d94b042f3b91c9c088670f5d6e0ae4047accfad2f6694e7967a8eb1941960,CLEAR,DAYLIGHT,DRY,FOLLOWING TOO CLOSELY,2.0,37.5,1.0,0.0
164339cd4882d46e36a8c53262c315a25fa2ce764b4559e9ef288bd19e2238d7e3f14340f9464b81f344f5a4699fedff51b6d5907915c9e4e59c865e0943aebe,CLEAR,DAYLIGHT,WET,FOLLOWING TOO CLOSELY,2.0,37.5,1.0,0.0
16434bb42cda1f8b6621764046aeaa19a00e53692dcb19c15d3171d703ec193ba45db56746398593d98a46b47eb2fe076e248edc375d8c1264fe751031dc7955,CLEAR,DAYLIGHT,DRY,IMPROPER BACKING,2.0,37.5,1.0,0.0
16435c4e2be194c2fa8930290283323941693a046f2d06bddc45abd193618952aa4bf5d0eabf41175b9f70cd064f8e9b716357e752e856c58fe6b3b0a06c8c82,RAIN,"DARKNESS, LIGHTED ROAD",WET,WEATHER,4.0,37.5,1.0,0.0
164370913908823d01d9f64fde418c6538a0f42cf665d529201a65de1fb55a44f587de633d60d6e096b77e854742a16e2db25dc0c9e5478f4026f9968d25536f,CLEAR,"DARKNESS, LIGHTED ROAD",DRY,IMPROPER LANE USAGE,2.0,37.5,1.0,0.0
16438d01686b367df78c39c9676183d7cc43da164c2409b06877269f1723d77078eb7b6e6b7b2a09682fdadd4484d6a919bbf5388aac91ac5ec109f76e2e70fe,CLEAR,DAYLIGHT,DRY,IMPROPER TURNING/NO SIGNAL,2.0,37.5,1.0,0.0
16439084d1cbfd7bdf140e613db687c2d46a87255e6509fb80cb2051c295c379988837b3df4cdd5a2b559347576c66385e97010260c54895e071eb9f86b46263,CLEAR,DARKNESS,UNKNOWN,FAILING TO YIELD RIGHT-OF-WAY,2.0,37.5,1.0,0.0
1643b70ab1883245b9428436f20563566fd4602e6c9c74809f78f809c142784a70b089c038e34831269267bb99bd36b1a8c963af217a1307d33ca8f366a5526e,CLEAR,DAYLIGHT,DRY,IMPROPER TURNING/NO SIGNAL,2.0,37.5,1.0,0.0
1643b734fbe2246ff73be2379ae26def5b0bd52c06fc64b2dd16454203fd8c95ee47c3dd51fb2511a82107a3705f089ddd7443c25cf196e777eca430ef04c5cf,CLOUDY/OVERCAST,DAYLIGHT,DRY,FAILING TO YIELD RIGHT-OF-WAY,2.0,37.5,1.0,0.0