crash_record_id,weather_condition,lighting_condition,roadway_surface_cond,prim_contributory_cause,total_vehicles,avg_driver_age,total_people,total_injured
164420252f85576cb4094633fee3f1060bbcc1ef942914c2a1e069a45999f1fd9e51baf37afa8a87cc3f86c2149051e5b23f438c61449082c514d97bb5e7a247,CLEAR,DAYLIGHT,DRY,IMPROPER BACKING,2.0,37.5,1.0,0.0
164424d1c1d1478b09893b7a46331dc3f671672188ef2efa50a518128a26ee6d7061f0ed3769aaf18794aaf20b90a2cbbde63e839a1d81487a3a24f4c8153b67,CLEAR,DAYLIGHT,DRY,FOLLOWING TOO CLOSELY,2.0,37.5,1.0,0.0
164455be04e61b022bb5be33522f54f4d9d20e26f2b21926fb9f6bd0b73a7f1142f260c9a9bdc779809ea1c259276ce4afd08651a88fdec630c56d7533b52494,CLEAR,DAYLIGHT,DRY,FOLLOWING TOO CLOSELY,2.0,37.5,1.0,0.0
164457bbb81855a93b020fb41b87b5dd85fd245374a084849b030cd5400ca4ee837d4b1960b3a9a46b368a0bb86c27aa7b664eeec304b93c85336b4a90815e52,CLEAR,DAYLIGHT,DRY,FAILING TO REDUCE SPEED TO AVOID CRASH,2.0,37.5,1.0,0.0
1644b3a2b8ea2e9b9c408314388c50f0deb237230327f798b067eca267cce12d9a8f34d99a980a4dc175a4cfd113df545815143be65164b5cc76160dae1fd16b,CLEAR,DAYLIGHT,DRY,FAILING TO YIELD RIGHT-OF-WAY,2.0,37.5,1.0,0.0
1644b983143fac252e76b0d8bd264b85529b44fbb2a466451b131408e8508e8681634883ac7e0ad63a8bbf7f2f684cccfb84d94d18b61e1fa8580a9aa927eb2c,CLEAR,DARKNESS,DRY,FAILING TO YIELD RIGHT-OF-WAY,3.0,37.5,1.0,0.0
1644c522f17b688e59fe9a186671304f54aa9b8968f6860cccf82de60d2cbb7c96959d9fb593373a0fe568a6cfde2b9c51de1ea7bd3b01521a04f10903284eb4,CLEAR,DARKNESS,DRY,FAILING TO YIELD RIGHT-OF-WAY,2.0,37.5,1.0,0.0
1645046e2a34fabadaac1490e2a8216b695b3e7b2fb739683e2759d8508d1dab72d39a284922a88b008248b4a3fc11f4865b909c32b4bea498fabaeee64941ce,CLEAR,DAYLIGHT,DRY,IMPROPER LANE USAGE,2.0,37.5,1.0,0.0
164531e1b1f5fa57978d0ebd9300ff4e9f70376c24e0cfd3e9852bd19d133499b43bdd82220a0728acfc547da60c3b65c6568bd1c305fb645638ef520c0ad803,CLEAR,"DARKNESS, LIGHTED ROAD",DRY,FOLLOWING TOO CLOSELY,2.0,37.5,1.0,0.0
164545be94c2612fc6e4af7850e5faf37f52323a66abd8dc729320edf8de8d5433f075457e56aa884b7f74444aa7cfe3978e39f8cdac57c7aeac415c675d21a6,CLEAR,DUSK,DRY,DISREGARDING STOP SIGN,2.0,37.5,1.0,0.0
16455278fc6ad1bdde682ce35c40b618372d690b87233cc87e41f14dadee11ade945b3f3281054e616cac5d7af0a6c7410b49c30afa23dc5da2fcb299c3b5e08,CLEAR,DAYLIGHT,UNKNOWN,FAILING TO YIELD RIGHT-OF-WAY,2.0,37.5,1.0,0.0
16455850d2df95a465b496350d7ce9967deb0a1bfaad90a66d1c6d5f2971d2f0d5047c15a503d11f0f92fe9c9fbbafa172ba6f66d83ca8a006aa43c6fa8829ee,RAIN,DAYLIGHT,WET,FOLLOWING TOO CLOSELY,2.0,37.5,1.0,0.0
16455bea2d3110eee12f3731e78fb71978b86b66a407384d4cd730a1a33c11ac80449c6ab916e8341e232a1668f2ae4c5d146f74094ddc4cc41fb8c140812786,CLEAR,DAYLIGHT,ICE,IMPROPER TURNING/NO SIGNAL,2.0,37.5,1.0,0.0
1645862886f909302f065d2d117af06e3a614d92ab5547fda2d9654b658449a81d9aab9c8b4eb06a6348453803ace86c8513a40d8db35ef1cef2a049eadebec1,CLEAR,DAYLIGHT,DRY,FOLLOWING TOO CLOSELY,1.0,37.5,1.0,0.0
164587df13192bc879b0aee2184e089e83c2fc64b8242605553ed2ce3726578a646b987429d0c47fcfadb1ac355ed2ff5f414f70c3449ac42deabe2954e76693,CLEAR,DAYLIGHT,DRY,EQUIPMENT - VEHICLE CONDITION,2.0,37.5,1.0,0.0
1645ce05ed1cc07ea3bb2a2bd2c46e4051d89cce9314aefb14fa2449c6be36ec69673b5f7f5e638a3da3f98d0338f97e387a3f70da203744ddb2aa960c8baae0,CLEAR,"DARKNESS, LIGHTED ROAD",DRY,IMPROPER OVERTAKING/PASSING,2.0,37.5,1.0,0.0
1645fbf3bbdb32877e6dc1af0f87cf5bec645f43416e962dcd98ff8b8a6f5c093bad98bdfec8ad5cef0bf5599fe86e18786a9e1c4487c473ac8be21da739c2ba,CLEAR,DAYLIGHT,DRY,IMPROPER TURNING/NO SIGNAL,2.0,37.5,1.0,0.0
16461ce7383f496beeffa0c02125a844ef327d267c2f6e9f0b512b76e52990e32360c98891f82053a51b145ac1d719d328a57b934ad0b4f771956bdd15ce583a,CLEAR,"DARKNESS, LIGHTED ROAD",DRY,IMPROPER OVERTAKING/PASSING,2.0,37.5,1.0,0.0
16461e743db185b688b5dc4ff1cfc495e86f563946d092d5481041966878e6975a23db7cffdf155ad7474f7ecda18b19f49eca9f7676737e4b034f70fced8802,CLEAR,"DARKNESS, LIGHTED ROAD",DRY,IMPROPER BACKING,2.0,37.5,1.0,0.0
16462962b90e5ca9536b411962349a58fa01aaf0781ee3111f87c5fccbbb5fae29dbb69518442e6597073a1f8d8d008e23f0cb48abcfcf84c6bf54c02d49a979,CLEAR,DAYLIGHT,DRY,DISREGARDING STOP SIGN,2.0,37.5,1.0,0.0
16466838ed0472fc5cc9a89c863cbbbf27727d7a81441895323eb24ad95f7b3bbdc5ef33c4c26bbe6d0e4771ee58f1de92820b4b704a34a9b8576e3e2d3ea631,CLEAR,DAYLIGHT,DRY,FAILING TO REDUCE SPEED TO AVOID CRASH,2.0,37.5,1.0,0.0
16466e7b45dce7b1dec58b4f55d07432c7e14dc3662cb5c5272b1ce119d597e85e6956519b5abb5c349b59b00c6a10ccd37bb93c0e2cae3a0553bc4666320983,RAIN,DARKNESS,WET,DISREGARDING TRAFFIC SIGNALS,2.0,37.5,1.0,0.0
1646b5d331c75d29b0df8fb32700d7ffca5c80e6933c5b26380a6d6f3e9b339283253ac88218da8574f507014e18aed67ccbcf775d6e077cbe6acfaeab778c21,CLEAR,DAYLIGHT,DRY,IMPROPER OVERTAKING/PASSING,2.0,37.5,1.0,0.0
1646e29644d69085f4b51c4b3d6c18a803aaeae85209cc3652870979807a17c4996077e921cd44fca53653aeac3e501fc16323bb7740a3c17fa28ef27fab987a,CLEAR,DAYLIGHT,DRY,IMPROPER LANE USAGE,2.0,37.5,1.0,0.0
164715c2de846edb5d4659b302c02ee36e9b6bb37e88ae3e21160f4899d88bd935fd0d07b68bb8d1fd4125c588dad15cf34c98be467142c02b48f93d85915c2c,SNOW,DAYLIGHT,SNOW OR SLUSH,IMPROPER LANE USAGE,2.0,37.5,1.0,0.0
1647560c999ec0bab6dd33a34b62dd1186213806164967b5ba4f31778281a2d2533b1bab21b17ff7165ced4b900a4e09e57ae74d6af3c3019bee9f45e3faf874,CLEAR,"DARKNESS, LIGHTED ROAD",DRY,IMPROPER TURNING/NO SIGNAL,2.0,37.5,1.0,0.0
1647677ae144d9fb17af9ac1794047306cd199ccb90786f63cd73d89a1bff1f3b6ab31178fa717d82b27c283bbeb86832afd9a4607759757666674f2b5e0a69e,RAIN,DAYLIGHT,WET,FAILING TO YIELD RIGHT-OF-WAY,1.0,37.5,1.0,0.0
164784f7eb6010002ee80ff622c493684a428d8012967b2ab6d06897be00f3d7cb8f98c94ebe4b46476a23bca44e1e5969253d640e4a622f6a4b89eba483770e,CLEAR,DAYLIGHT,DRY,WEATHER,2.0,37.5,1.0,0.0
1647acd4a1afacb34532b026e67062cee7f873abf66789ed51b6b7c6d1b0c1f523a7958d5029ebcc1dceb31df7a7c9f0b133d47b281efcb57f2468da3032e352,CLEAR,"DARKNESS, LIGHTED ROAD",DRY,IMPROPER OVERTAKING/PASSING,2.0,37.5,1.0,0.0
1647ea9131893d35a3afa5fd26fa5753cb9a62bd62af757900a9847ce9d798e1118485995a03d4f55979b02035c32c6fc278af741e0887a0647d6cd3fea18fa9,CLEAR,DAYLIGHT,DRY,FAILING TO YIELD RIGHT-OF-WAY,2.0,37.5,1.0,0.0
1647f781d48a69d1dd861ce3fc5026d08582a0eb827886839572ce4354ecf1c0a8ffd9d4a184841dea014270d91263b9ddcfdde70f2a5e36ecb3fa561e170fbe,RAIN,DAYLIGHT,WET,"VISION OBSCURED (SIGNS, TREE LIMBS, BUILDINGS, ETC.)",2.0,37.5,1.0,0.0
164805bbbabc5924efa4937be6352c18010d2dd323a5d8f20f1a3719131c0ca1eb102f9c0aa0f4f8725e9f7167725eee943bf95613a9195192569a982d0c0151,RAIN,DAYLIGHT,WET,FAILING TO YIELD RIGHT-OF-WAY,2.0,37.5,1.0,0.0
1648212b5b5402b0a4def8152ffb8cff419a9ef9fe6d8da534c6c64e3064c52e81d8738fa84e792197bb20f2465ec7ae891b8cd4ed70b9d37342701407462393,CLEAR,DAYLIGHT,DRY,FAILING TO YIELD RIGHT-OF-WAY,2.0,37.5,1.0,0.0
1648462df979860aea80ad9b05375776e76aa2fe4e4b492acfbbf245666a5b25dfc0fc9b1d45912522e63c4d81247d2b1f7081252ecd267515a0937535ee2dbe,OTHER,DAYLIGHT,SNOW OR SLUSH,IMPROPER BACKING,2.0,37.5,1.0,0.0
16484cef909faf102fb90ae6c1bfbc580b4848eb52ef34367af1bf0d9d8834a4ea84829e8bceec82349c4d4434a863ac51cf15dced92e45ba3a87f7ab3271edc,CLEAR,DAYLIGHT,DRY,FOLLOWING TOO CLOSELY,2.0,37.5,1.0,0.0
16484d465204357776674a3eae02d205de920170a0d76e29ad50dd8f80608d71845194eda4f3df7cd38f74bbb8ecd569c1b9830a23d1d10ebee0ab6c774a41d3,RAIN,DAYLIGHT,WET,FAILING TO REDUCE SPEED TO AVOID CRASH,2.0,37.5,1.0,0.0
16486dcad6fad9424990614a3d647b7f83f35472ed6fcd38a1a4205e814ea6166127c3c115d1673a2bc31b3212bd5e1398c5e1b34505d959c2cd306699c31794,CLEAR,DAYLIGHT,DRY,FOLLOWING TOO CLOSELY,2.0,37.5,1.0,0.0
164882f7e30225dadbf55fc84245bf99f6ced41d8bccb0403e9628803556f0be0d360471bfdc916813b44bd0aa3ab5af3be944c46f1e95c7de7489778f03dee8,CLEAR,DAYLIGHT,DRY,IMPROPER LANE USAGE,2.0,37.5,1.0,0.0
1648b35c6d883601ac2c9d7f485ee845b6dcb879b23210ce105c7e23654d2db595ab9143c0ad7d3f2940c0dc8c8af87db857418290983ed9d528923333ac5e35,CLEAR,DAYLIGHT,DRY,FAILING TO YIELD RIGHT-OF-WAY,2.0,37.5,1.0,0.0
16493786aba61b236d38a2ad298799aca90258aec61724da601784f97d8b6175d8162ae5607afa5f08405abc147b9be2ba64b9cc4ca5bd149e403d95423740db,CLEAR,DAYLIGHT,WET,"OPERATING VEHICLE IN ERRATIC, RECKLESS, CARELESS, NEGLIGENT OR AGGRESSIVE MANNER",2.0,37.5,1.0,0.0
1649520d339cc50d89fbe28cffef32e63c3b1c00fc688e2f93f95e99cd4c1d8729de99a2531a4ea6c57e70dbbd916672dfbd0263bb0c30efd4c45d6ce401c5e6,CLEAR,DAYLIGHT,DRY,IMPROPER BACKING,2.0,37.5,1.0,0.0
16496eb6bff044e0a1fa08d0c780d34341cfe8a7d95ddef96c31500d20e6fd09e96e79b5bf3837d433bf07636b064f49489ac37217340ed0a1b1fc8f6d41e971,CLEAR,DAYLIGHT,DRY,IMPROPER OVERTAKING/PASSING,2.0,37.5,1.0,0.0
1649b27c317f3e50e639ed0db592c680d93ec3e529cc613811abbeae852807f9606f89296b3ea8b62da0b05e3d4c082b03e8227ae4bcfc9bee89c578b3d99613,CLEAR,DARKNESS,DRY,FOLLOWING TOO CLOSELY,2.0,37.5,1.0,0.0
1649c38e5eeb62d8692842a010621366aa3f79a40f1bae9cb8bdd40cd1cbc37e1d3d5b7545b0ba2dba97e72afdfca67cb639fb52979da15936f68e089e77d569,CLEAR,"DARKNESS, LIGHTED ROAD",DRY,IMPROPER OVERTAKING/PASSING,2.0,37.5,1.0,0.0
1649c5651fa4e722896248f8d28a019decae596807ef4e7ccad3890e242c234962de7ce5a32554c23a7b42930323a6e30cc4b415e1872fd3a11b62f32a3274d5,CLEAR,DAYLIGHT,DRY,"VISION OBSCURED (SIGNS, TREE LIMBS, BUILDINGS, ETC.)",1.0,37.5,1.0,0.0
1649c777a2e29b33395038ea777dfad639bd7ebfb8f90c5ac05fca2e071f13573b50b82962644dfebac2fa4f29cda9e7ed47bf2f6a18506dc8733f3119eca57f,CLEAR,"DARKNESS, LIGHTED ROAD",DRY,FAILING TO YIELD RIGHT-OF-WAY,2.0,37.5,1.0,0.0
164a138cb75a435358d7c7cb45b08ba6347c876094b187cf6b56c53088cbc37355f83753707da78a97fdd608986b336014e8bec92e8da3030bf5fc2452126337,CLEAR,"DARKNESS, LIGHTED ROAD",DRY,FAILING TO YIELD RIGHT-OF-WAY,2.0,37.5,1.0,0.0
164a4bac3df546c51473a6e11a2a36759577eb1285b2fa0aa80525f5d73889209b31f949d8946a9f5e3ac02840ba11ef3c88d4b14889291534bb53b6eb6e6945,CLEAR,"DARKNESS, LIGHTED ROAD",DRY,IMPROPER OVERTAKING/PASSING,2.0,37.5,1.0,0.0
164a6c521b68b602573c6fe7c81d4f5b7de0a4b03605ccb4a2b31f40f7bcebdcdc9a50f73232873d2d8da3c96d17d63604a1bccf5aae797dcc9df136b5daf70a,CLEAR,DAYLIGHT,DRY,IMPROPER OVERTAKING/PASSING,2.0,37.5,1.0,0.0
164a913a576ff029107c3d7579559ac9922aba2bdc76e11719501e9286894c9fb6c7239b6fdad93e538b9877b22d4d4ffd6a8c11766cd26d4d88276017d536e3,CLEAR,"DARKNESS, LIGHTED ROAD",UNKNOWN,FOLLOWING TOO CLOSELY,2.0,37.5,1.0,0.0
164abdcbedb3fe334ca29c143dc3dd48234994c01c27ae1d994bc463617a19afcf356774a739f0c4abb392c06974799c59d8d22b3fc4586b1be6fe3db1dedffd,CLEAR,DAYLIGHT,DRY,IMPROPER BACKING,2.0,37.5,1.0,0.0
164ac51a1948f015c5eff51555bacb7a67a934acd090149509e881efbef1b86e252ed21683992733a96256e1f9023acf48b8df670a7767a1e1b3c1ac4d3297ab,CLEAR,DAYLIGHT,DRY,IMPROPER TURNING/NO SIGNAL,2.0,37.5,1.0,0.0
164acab5f61eb534cb27391d9ef0e94735dce299b0cfafd84d96bb2558b307dfdb7657dd9da79840596627840de85e3f614a419771bde63cd84ab6eaafe10fbd,CLEAR,DAYLIGHT,DRY,IMPROPER TURNING/NO SIGNAL,2.0,37.5,1.0,0.0
164aefcf8169a6f5ff44e6f00a4ae1d381d60eb51552ffadbc1ec795c91d8229e8bce77167cdb06e306fdc0f2d52d2a0b3c4386154154e97b0dd03975548ea18,RAIN,"DARKNESS, LIGHTED ROAD",WET,FAILING TO YIELD RIGHT-OF-WAY,2.0,37.5,1.0,0.0
164b442451df12e16da2e5985db3ba6810c2ddef91af5865cc0bc5abbe48967649ab3f54583bfe886ee2d5676a43f4fc007fff16e2fd3464776c372912ab02af,CLEAR,DAYLIGHT,DRY,FOLLOWING TOO CLOSELY,2.0,37.5,1.0,0.0
164b89b7fe82a36e3b467f16ccd9d6528caf39f65a521ae42da7777f87dc6a4e56fb00a8e3cfc20a77acc9fb35c1e294146b2656f083ca39df2e3d88963a73db,CLEAR,DAYLIGHT,DRY,"OPERATING VEHICLE IN ERRATIC, RECKLESS, CARELESS, NEGLIGENT OR AGGRESSIVE MANNER",2.0,37.5,1.0,0.0
164bf522efa58d71716ca4497c292b19b8c752139fdbc69bbd84f295d8add9be9fdf018c93418e1ea7a2f2d4cb441159fe961852b1763f65f4dcee1ee8ae9116,CLEAR,"DARKNESS, LIGHTED ROAD",DRY,DISREGARDING TRAFFIC SIGNALS,3.0,37.5,1.0,0.0
164c2a238d4d97808100b7bb483705787199f66b4c45e01666a507f1aceb4cbdeaa4dc6c643982c3f2fd0358f3d52caf0b516ab6e6c8c90491f80edf070e67df,SNOW,DARKNESS,ICE,WEATHER,2.0,37.5,1.0,0.0
164c416df4bcc90572a41a6b07c236de231475b6b5ed8ec7153eadeff51522984448e9bdf4f0b885d5738e11ede8101019576cdf4c5a128f649872a94862763e,RAIN,DAWN,WET,IMPROPER TURNING/NO SIGNAL,2.0,37.5,1.0,0.0
164c45da6cc5a105658a5aa73211ac2fb7297ebd0ace8672e4d71285566315b11459d2636a3f3da904227a62351280e6ff0b6825d7ed45ef1a98361efe441006,CLEAR,DAYLIGHT,DRY,FOLLOWING TOO CLOSELY,2.0,37.5,1.0,0.0
164c66fcc75006b93b50453c94c7a4e27d0cba28b5291641389e0fa8fe059ed469149b37caeffe2378e6ec37f5a9d11eba4340f3228eb35138db370eeffc050f,CLEAR,DAYLIGHT,DRY,IMPROPER BACKING,2.0,37.5,1.0,0.0
164ca8ce7db1a09e61cccbc5b7ee5c79e2d159060441a5370f8aaaf9e7638d0503b01478f8950da5b42d03ec3c07ea2a3b9a084b6cc415638f7d8f832b658e01,CLEAR,DAYLIGHT,DRY,FAILING TO YIELD RIGHT-OF-WAY,3.0,37.5,1.0,0.0
164cc982d5caf0f49997fd874f0dcf4d21958ab14091a66689f2b0791cd0d53a32c08756b146f4bdb1719c2bdc4fb7a2d55f1f81442feb109154786db7cb1bd1,SNOW,DAYLIGHT,WET,DRIVING SKILLS/KNOWLEDGE/EXPERIENCE,1.0,37.5,1.0,0.0
164cee9bbcb6716d52f6f5d04b960dc3b20b7f7f865bad168effcf65a6f36f0e8eb042c862e8da9b77758cb485372f30495cf5912234b1ce0a25d8ffab6683f3,CLEAR,DAWN,DRY,FAILING TO YIELD RIGHT-OF-WAY,1.0,37.5,1.0,0.0
164d1b265b9a869d71f4717deab4567ee5be966d8e9d48b44477064c4d933a1ef6c7a4f8580da9e32cbb40101dc77a6f7c5199e93355ffa5f5ac9a5f310476a7,UNKNOWN,UNKNOWN,UNKNOWN,DRIVING SKILLS/KNOWLEDGE/EXPERIENCE,2.0,37.5,1.0,0.0
164d1ee3fe40a8ecab0d5a6fb36d6034b13cf330ff44d24c67897df432b5aba816bc51b200cc6cb6fa6f30fe776e70e5f0c6e291e5ba474bfa5355ea66798eaf,CLEAR,"DARKNESS, LIGHTED ROAD",DRY,IMPROPER OVERTAKING/PASSING,3.0,37.5,1.0,0.0
164d2489089bf3d5284f54e3ce2ed52d002b65f0468b5a23976beb57142ae2571187afdcd490ba262aab16e882940ce7071bfcaf51c68bfd1a39c4741e0a7c09,CLEAR,DAYLIGHT,DRY,FOLLOWING TOO CLOSELY,2.0,37.5,1.0,0.0
164d2a920b204c324d10f92bcc1944e6e2ae813270864273496b1bca172a2641633e9c5a8aaba49d0290b8a370779a164742eaac2d7ef7e309e8cd6b9b305161,CLEAR,DAYLIGHT,DRY,"VISION OBSCURED (SIGNS, TREE LIMBS, BUILDINGS, ETC.)",1.0,37.5,1.0,0.0
164d53c9a04e2992d632221692b7c98342fd5bebe8c8eb61a1c66bc063575e35bb46a81428092389e9dd65af8a862b2a550fae50234b9f704b750288f0076c4b,CLOUDY/OVERCAST,DAYLIGHT,DRY,"OPERATING VEHICLE IN ERRATIC, RECKLESS, CARELESS, NEGLIGENT OR AGGRESSIVE MANNER",2.0,37.5,1.0,0.0
164d6b69f9dbb766894a990b19bd0aa598f1a9ae0a2fa532f4133ae9e65d628fe19e10822b554896853bbca1180462cc02d295561d483baf6f1ea44b939f78d1,CLEAR,"DARKNESS, LIGHTED ROAD",DRY,FAILING TO YIELD RIGHT-OF-WAY,2.0,37.5,1.0,0.0
164d8ddaaf28a3239dcf3f7a7b4d3dd935869ad1e4c51488e3c977126a1835143d613a8ebea9395fa3a9aa0a0646c7416ab3e57e6c698be2574cd093a259bd07,CLEAR,DAYLIGHT,DRY,IMPROPER LANE USAGE,2.0,37.5,1.0,0.0
164d923bbbd6f32d3d903d248e0c3e664d1ad27330046806a1ffabbdce570104cbe3e9a59d1ead25e97e692eff97adea86a426c8d73851298495ce10f030387c,CLEAR,DAYLIGHT,DRY,FOLLOWING TOO CLOSELY,2.0,37.5,1.0,0.0
164da2ff1767ba5288daf527610dc26eff94597bef5e43ba48196b1c223cdb3c575b2d1d1fe4ab1428bc6d5bc6c16049e9d8d817ec06c7aab0abc4da79572488,CLEAR,"DARKNESS, LIGHTED ROAD",WET,IMPROPER TURNING/NO SIGNAL,2.0,37.5,1.0,0.0
164dd977722452c468065f47a2b9113219e274e569277e1afc16761d2fbd63572da80d7b2cdd0e382a390497ccfd95236f1584e18e9b1efe317fac11819ce15a,CLEAR,DAYLIGHT,WET,DISREGARDING TRAFFIC SIGNALS,2.0,37.5,1.0,0.0
164df74d618fb93279470c807ed153230b96501d36ee742152cb7ae5f572c614860ee1b7c42fa50943c62b36128f4771c678820ddaed19025400dc0896918074,UNKNOWN,UNKNOWN,WET,IMPROPER LANE USAGE,2.0,37.5,1.0,0.0
164e0ef5fa72fcfdc65af18eb9a7fa56160ed9bb50b9422c245dd85a55fd0cde17f82a7f3573a9ccc9d2344ae0312c8333c144a05f8fcbd2a77f7fb957a57006,CLEAR,DUSK,DRY,"EVASIVE ACTION DUE TO ANIMAL, OBJECT, NONMOTORIST",2.0,37.5,1.0,0.0
164e130750f3ec2c85a075e623cf9575f3b55afd01ecec15d3ded206699cb49a7e558069b187f31efa1b3244a9f398d0567e2535f5e3775a5834aabc153bee5c,CLEAR,DAYLIGHT,SNOW OR SLUSH,IMPROPER LANE USAGE,2.0,37.5,1.0,0.0
164e94f3565321b5f36ecdf59a4eb40fcd615e121d71f44619ae8eb4d42eda910fde164cd0d4265549f639b8c8a0a9ac3344ffd35e502bef3f444c3d2ca497c9,CLEAR,UNKNOWN,DRY,FAILING TO REDUCE SPEED TO AVOID CRASH,1.0,37.5,1.0,0.0
164eaf914bf4f9a497f4105149e7b05ff3c5b6224848ed3504deb09631b870956e149d89053b4b6acac039797967948bf2e6ba13cc2dbb757af4a8baef595152,CLEAR,DAYLIGHT,UNKNOWN,IMPROPER OVERTAKING/PASSING,2.0,37.5,1.0,0.0
164ece98eb5c5bf07a837ff79578522735468fc6d34f44c707534306f39230cf7b2e543c2553817a02965527c3a91b37c0806f982f996e51a5f5b45dea23eeda,CLEAR,"DARKNESS, LIGHTED ROAD",DRY,FOLLOWING TOO CLOSELY,2.0,37.5,1.0,0.0
164ed1a55247cc0b89bb2058adf41a052709b454baaf8858a6a639fb0a1c9a55248a56e79ca12d6c9a32d2b2329ba96e55fc59597ee4d54e8a59ac1969640fb4,CLEAR,DAYLIGHT,DRY,FOLLOWING TOO CLOSELY,2.0,37.5,1.0,0.0
164eec7099188dc014439f06ebdb5866d0b56f229ec8245c1594240f196923c643a0137edc3567d92544b7940290eb0e7650b4d813b232b92ed6b0928b235a6a,CLEAR,"DARKNESS, LIGHTED ROAD",WET,IMPROPER OVERTAKING/PASSING,2.0,37.5,1.0,0.0
164f5d976570d684f246efe53e4e44143bdd88421198a2fd4d558cb1a1f2ab2d7a8e338e17413788aa1a51cd97fb6b206d806ba6950d7bac5f932f9bce2e5157,CLOUDY/OVERCAST,DAYLIGHT,DRY,FAILING TO YIELD RIGHT-OF-WAY,2.0,37.5,1.0,0.0
164fa4ebb01becfff7ad37a2161a00620079cd8dfcc790f86c84b6a56f57d7ae1a7e93eca99d384b86052c8d050b0891b3fa38484517756c879aa469488e8575,CLEAR,DAYLIGHT,DRY,FAILING TO YIELD RIGHT-OF-WAY,2.0,37.5,1.0,0.0
164fd941b89b8aa50ce67fa8c8ce15a7f97b226f0bc7c81ac81b096ea832b754938111777cc021d3532c7de11183b7f92a636f18b265eee33ae446084ceeb933,CLEAR,DAYLIGHT,DRY,EXCEEDING AUTHORIZED SPEED LIMIT,5.0,37.5,1.0,0.0
164fdd2b00ab9267d5b957bb13cec35a1bb46b6e6760e5c1da828077d55758ecf82f8771eb8eb3acea1d2c245210466cff9e8b88ce35b2be778d448ee949a314,CLEAR,DAYLIGHT,DRY,DRIVING SKILLS/KNOWLEDGE/EXPERIENCE,3.0,37.5,1.0,0.0
164feccf41fccd781cc538b9a805660a1d6a45bab4cff83c1354ffb79b76614c26e70576225326e8c33d48a0c1036c3b344cbf6270016c13695dfc5158d241a9,CLEAR,DARKNESS,DRY,FAILING TO YIELD RIGHT-OF-WAY,2.0,37.5,1.0,0.0
16502ca5679ea281bb50b96cac787d7be7405ec1a7419bb9ee4dc7c4ceb7fec301a500b8c9dab282c9fb07840154526385691c9278ab97c4bcda5bf5f40b9bd9,CLEAR,DAYLIGHT,DRY,FOLLOWING TOO CLOSELY,2.0,37.5,1.0,0.0
1650321bbb8cb00edcce05544b7e65aee94e20540cf214aa7099d1a992a33e179f208601c068e47422cdd2a3db9d13ef02b8d67cf76d01122d6e5a32a85146f9,CLEAR,DAYLIGHT,DRY,IMPROPER LANE USAGE,2.0,37.5,1.0,0.0
1650426fa77d2f68ebd719a68b07ea5e1d54179d74d01874546a28df4baf28b20dd3ba829f00e340a0f0978973a61c1848ad13c7e6150b9ebe4e66dacc615d3f,CLEAR,DARKNESS,WET,FOLLOWING TOO CLOSELY,2.0,37.5,1.0,0.0
1650ae3cf76b33cd2910ebf8acc93fda5560994abc255f076eabf8ad8e1bbf446e59f538fa8169eadda6c6d7af0b09e8c4f0183e6b75c8e470ff3617ed2af0e3,RAIN,"DARKNESS, LIGHTED ROAD",WET,DISREGARDING TRAFFIC SIGNALS,3.0,37.5,1.0,0.0
1650b51c07a22017eb6974e5fa633daf19fd305bc12a6c7a908407f205829e117792f334666d4bc5bdc3c3019d3a88b6b76bbbbb058c9507d5d9a2f7fe2f185b,CLEAR,"DARKNESS, LIGHTED ROAD",DRY,FAILING TO YIELD RIGHT-OF-WAY,2.0,37.5,1.0,0.0
1650d269396f97581401fa47d5e94202fbf7e685165717d88a2ffbf4cd078495bce03bbd0cdf804de3b8a19a4dd7aab2ae427b59dfc821823bc27f33c64a2998,CLEAR,"DARKNESS, LIGHTED ROAD",DRY,FAILING TO REDUCE SPEED TO AVOID CRASH,2.0,37.5,1.0,0.0
1650dd496b1ed326d1c2ad507622505692eefbdbecdf9bc07364e81bc30dbfc3049d79125750a81b894d9e4271c8f0bc0e9df9841a4b01c0b30b17e0d5fef73f,CLEAR,"DARKNESS, LIGHTED ROAD",DRY,IMPROPER OVERTAKING/PASSING,2.0,37.5,1.0,0.0
1650ea8bfccedd26cf947ded54d37fecf1c6c7fc8f5e30f3dea8474bb3e90ef1ea09ed603442242a75e7eab089113d8afdc9801bc93f1c202dd4745a1912c321,CLEAR,DAYLIGHT,DRY,IMPROPER OVERTAKING/PASSING,2.0,37.5,1.0,0.0
1650f0df94ca6628f062b6867653e0ced31e0e5111fbb841e0d41d0d8e7115f0cc27e8b3145113e5fea7fb5c3c0237835ca6c47d2ab99375718215588cfc0bda,CLEAR,DAYLIGHT,DRY,FOLLOWING TOO CLOSELY,2.0,37.5,1.0,0.0
1650f4d89d6f526817911249b743eba93791a8c040454fbf74ae6f9347ddafc16886b4d4e4c650583b455b696fe3d27ba3fbea7588d3c3f5e616f3d020ffb1a8,CLEAR,DAYLIGHT,DRY,FAILING TO YIELD RIGHT-OF-WAY,2.0,37.5,1.0,0.0
1650f7dede4d269736813e14ec71a94e3001ae7cf87704cda013f42a6de46af14aa0c894798b0c3013209ff3e1f51a8b3fc61b0f597e162fec68196b8a0e53d4,CLEAR,DAYLIGHT,DRY,"DISTRACTION - OTHER ELECTRONIC DEVICE (NAVIGATION DEVICE, DVD PLAYER, ETC.)",1.0,37.5,1.0,0.0