crash_record_id,weather_condition,lighting_condition,roadway_surface_cond,prim_contributory_cause,total_vehicles,avg_driver_age,total_people,total_injured
165119fec7e19967ea85e2db10b7735349779e0802c704b578c8020f4d43a67bb566d834d417b225c321768136fe6a23b182f8dea22605793092e0e557243f9d,SNOW,DAYLIGHT,SNOW OR SLUSH,IMPROPER TURNING/NO SIGNAL,2.0,37.5,1.0,0.0
16511d0bc56b42981faa25c80601cee2d201f806bbe4a0f92cc113f36b97b04bac2fddb58dd1a8213381ddcfc55d06fb28389df5af62a6954021a7e78e36a0c7,CLEAR,DAYLIGHT,SNOW OR SLUSH,EXCEEDING SAFE SPEED FOR CONDITIONS,2.0,37.5,1.0,0.0
16512f2694d46407e764e3cc93eb4876c14727a9fb3ba93638222cb13afbe02236ad6769a5dbfb9fbc077689fb395643793f18b50cdf41afc8ec4fffcbfd528e,CLEAR,"DARKNESS, LIGHTED ROAD",DRY,FAILING TO YIELD RIGHT-OF-WAY,2.0,37.5,1.0,0.0
16514cc3bb80cf2b61419c200c4b43da2e0e7764fe5adda85aedc3d73b8857bba29fbceb5d0cb96713f72cef76d98991322050b83f2cd250fafe275bfc6484b8,CLEAR,"DARKNESS, LIGHTED ROAD",DRY,IMPROPER OVERTAKING/PASSING,3.0,37.5,1.0,0.0
165155e5261064359dc94ee862b36550aa92d812e1666c31dae91628d1d447ebb8dc2394855073e73bb130bca5262792fa27e25a5244cc7f404a775b2006748d,CLEAR,DAYLIGHT,DRY,FAILING TO YIELD RIGHT-OF-WAY,2.0,37.5,1.0,0.0
16516367a6bd4ba7991187983aa3630e9b75a0b7f70f6b80d3fab5d3f710e699a42459b8a1bef157c805ff53900af52426e400865a86947efcd5312e605ead12,CLEAR,DAYLIGHT,UNKNOWN,FOLLOWING TOO CLOSELY,2.0,37.5,1.0,0.0
1651652126daa9f8f13236a075917097057657f896075f65522b11715c37d6047967f83551963be457cc907d7b7bf19d8620e3f7e899b1c241e2112e6f19a5dc,RAIN,DAYLIGHT,WET,DRIVING SKILLS/KNOWLEDGE/EXPERIENCE,1.0,37.5,1.0,0.0
1651977998c084de03edd3a94ba9ed3e566e72303b2102652e83c1fef77b3cc53a5f17c268aa4d4a8133d26de2351bf434e6208f12e0b133adca39c74eae517d,CLEAR,DAYLIGHT,DRY,DRIVING SKILLS/KNOWLEDGE/EXPERIENCE,1.0,37.5,1.0,0.0
1651a6849617805bf771c51dd583d06897337bdb9675508dd9f8b635c829de62bf4024e88b8f0cc5f9fa4e4dcfcf6acc988ef3efecf5ecb4982ca84b3662d4de,CLEAR,DARKNESS,DRY,FAILING TO YIELD RIGHT-OF-WAY,1.0,37.5,1.0,0.0
1651c3ff4c4c85ef771719f1252164572bdd6e66c21a17bb0347b1d3effc355597af8c4131c37ce20681fba7e038c975a838c0f193d0b3e07dd92824eee365b9,UNKNOWN,DARKNESS,UNKNOWN,IMPROPER BACKING,2.0,37.5,1.0,0.0
1652019e0a56180c3a2be93e6284f85fe41c8df8ce01da6d1d1f39e73ef8002eeb6ab034d7fdebd310be6b0508cca405b3fdc67f1629259512e93a5cd19834b2,CLEAR,DAYLIGHT,DRY,DISREGARDING TRAFFIC SIGNALS,3.0,37.5,1.0,0.0
16520ac801d46c2b2dfb39a141e1accc8d17ab73fb91d74397bd8facacdf0843f2956bf127918805ae3ee173b157a4cb7f07136defcaaab358ff276794e366ea,CLEAR,DAYLIGHT,UNKNOWN,DISREGARDING STOP SIGN,2.0,37.5,1.0,0.0
16522f618a32745a115ee3ff5cd6dc9bdd9a0e5ffe67626836d98d53df517aa11216502ab751724c077bf4e8a3ed1c1694706de346c3065d03c99a2c79436a8b,CLEAR,"DARKNESS, LIGHTED ROAD",DRY,IMPROPER OVERTAKING/PASSING,2.0,37.5,1.0,0.0
1652609f5567b60d87e67544cc44cf04c881a3bef910507aae329cba0472392bc1758e2435ad80d1c02fe73b22a04b5b177521b5485789f609ac402f336e61a5,CLEAR,"DARKNESS, LIGHTED ROAD",DRY,FOLLOWING TOO CLOSELY,2.0,37.5,1.0,0.0
16526a35960f754598d4043a0329aa03503445fbc7ffd6261d7e033c2e35c7ba5fe846bda017b3b5437f43e327a9741d8ee1d28e24a3d8b92c9a02c6d397a581,CLEAR,"DARKNESS, LIGHTED ROAD",DRY,FAILING TO YIELD RIGHT-OF-WAY,1.0,37.5,1.0,0.0
16526f68c0a1d7c0a287c6507bfd6a2d4e2b812a8f624e0fe6d5aaa9f1a2eb2589276db1ed19a35a7e05e98b201866aae15c8fe168966503ee723cc7ca50b447,CLEAR,"DARKNESS, LIGHTED ROAD",DRY,FOLLOWING TOO CLOSELY,2.0,37.5,1.0,0.0
165271ee78373ab64fbcf84a4f0de398f1e281a977644d6c07d06daa806c9df4de8ed868752916012187c80a68e63123b9971ef8b9d761c442b1475ffa1f6b8c,CLEAR,DAYLIGHT,DRY,DISREGARDING TRAFFIC SIGNALS,3.0,37.5,1.0,0.0
1652785ff1fd31ed33fde13d4db445e7810f6e1d687a90021c9ba709bfb73eef00e226dc2b6ca6292e4b46dbb97720441a08336f1851987d72b43a576b2c7925,CLEAR,DAYLIGHT,DRY,IMPROPER BACKING,2.0,37.5,1.0,0.0
16528b51c9088526e404eb8b92c6899cc09a9b1cd70569f999d1a9bd930d6161183d0f706d4a44f5c6ec5130ad7ad14884d0ff3dd263cf913469c115b09eee6b,CLOUDY/OVERCAST,DAYLIGHT,DRY,IMPROPER LANE USAGE,2.0,37.5,1.0,0.0
1652bedb667b2d436546c376167656059183c00f881c88944ddaaa431685ce64ae7c336d5561dbb9b7f89481c1c70fd8bf105e5f97fcbee614497737899885ea,CLEAR,"DARKNESS, LIGHTED ROAD",DRY,IMPROPER BACKING,2.0,37.5,1.0,0.0
1652cc8db9e95646fc7fd68a1fb70109a0ac745501ea2b87a226ca4ad652570de110ee04b0d557365f01e80ab790705370ee74da4725deadf765bc56a29b9059,CLEAR,"DARKNESS, LIGHTED ROAD",DRY,IMPROPER LANE USAGE,2.0,37.5,1.0,0.0
1652d98eca54c21aa5d9e4753980680dfdb582e0eb4257e93452d0962ee22701de946086f6ff651a1bab737822fab3e6aec8d5292b7ee4b4ca2cc52767589406,CLEAR,"DARKNESS, LIGHTED ROAD",DRY,IMPROPER LANE USAGE,3.0,37.5,1.0,0.0
1652ebd5ffe3ec0713255274d68d78d75fa91a2e9e780cc0bdc2a9d9eec8482e9e7ca157593dfce08968d3affd4dfa32191d43918dbdf9315557a9e0b0c697bd,CLEAR,DAYLIGHT,DRY,FAILING TO REDUCE SPEED TO AVOID CRASH,3.0,37.5,1.0,0.0
1652fdbb46c2fb08bb71d210f53ac922c0cebdc6a88e1310da9dfb49032bbbaf06f5a93c604f21e376fbe090ca2a62e4997e933ae4097a5ba450a8bb9f09916b,CLEAR,DAYLIGHT,DRY,FOLLOWING TOO CLOSELY,2.0,37.5,1.0,0.0
1652fe1b11ea6420e88851bd74d63331489a6ada535c1c10cbe5a1187982be80020a43d762504fc6f003494b1821a3c512b613ce6321a11303d91fed12c859f1,CLEAR,DAYLIGHT,DRY,DISREGARDING TRAFFIC SIGNALS,2.0,37.5,1.0,0.0
16530e2ab4c7f1ae99e7bf369cd812b09c1f8776002065af8e3cf5a030e5e023b3ff70bcc70760ae313d5ed6b874cf6c1997f002b378bacd81868a1d1475f000,CLEAR,DAYLIGHT,DRY,DISTRACTION - FROM OUTSIDE VEHICLE,2.0,37.5,1.0,0.0
16531253163e9ed675523502bd5738de8520e4c43d48827935cd36d20265d7c8692438dab3f4965bd486529fb370eac58ec4c6a19fa9b835a493e037cf07b805,CLEAR,DAYLIGHT,DRY,FAILING TO YIELD RIGHT-OF-WAY,2.0,37.5,1.0,0.0
165332c8c47a261007f10efecfb6a9b6ec089bdeda149217e81e9183f6e1ad259bcaee404c3e4c3887fb7cf0b71951f65eb2ccd327d61ee981ddf9a65de2d401,CLEAR,DAYLIGHT,DRY,DISREGARDING TRAFFIC SIGNALS,1.0,37.5,1.0,0.0
16533e1c2a87ecfa46d9e079b99ef0c218f4780dedb39b257458d542d650056cda3583f42c57e7f50912fa133616b12dac6792da62aa6124c04b738816b95ed6,CLEAR,DAWN,DRY,TURNING RIGHT ON RED,2.0,37.5,1.0,0.0
165363169fe08be47cf32b7193733db9d6eb82e61ad1d72d6e511c13c8a5d3f3472a85f4ab69c616d8a337afddbe03a8e0e593b85d9c102f01afddd6f3e7a79e,CLEAR,DUSK,DRY,FAILING TO YIELD RIGHT-OF-WAY,2.0,37.5,1.0,0.0
1653861d7c2e0157594c1e6dd13697f520e6a40bfd1a6ccbaf8868378e7905962ed075df0697c96e51c33d9aa56b1839001ec14c92a6c44389537d5aad7bfebe,CLEAR,DAYLIGHT,ICE,WEATHER,2.0,37.5,1.0,0.0
16538bd102793c2aa93e06a611885fb248e5aa7c3cfcaa58bbaec93776c59cddb9980fdba180ad43d1ab55b7c0fa80f96a6aecf63144f1364774f968eb7aa70c,CLEAR,DAYLIGHT,DRY,DISREGARDING STOP SIGN,2.0,37.5,1.0,0.0
165398daa984b3223b1d44a298b0f5c3490db6f90c0950ab14e10b098592b0ecac1f6f08ad97969e8eff2dceffb7be9951f5748fb06f50f265c738ee7fcbf883,CLOUDY/OVERCAST,DUSK,DRY,IMPROPER LANE USAGE,3.0,37.5,1.0,0.0
1653d6d7edd206a9b651480ea62472c25a8092683155243e745606e2567b7766b5d97c7a38de590a6cd9fe78457a3fb1c7db5fe6253a2be1a9ce142272b3ee82,CLEAR,DAYLIGHT,DRY,DISREGARDING TRAFFIC SIGNALS,3.0,37.5,1.0,0.0
1653dc6be3aaf9a8cf810a2ef348827b2d4ebbe3552ed12a31866afc6aecea0c305d77a3a9fd4397c3aa60d6695e4e296c569b98e396db8955bc417b8f574539,CLEAR,DAYLIGHT,DRY,FOLLOWING TOO CLOSELY,2.0,37.5,1.0,0.0
1653f2f6ed7f3a9ccc957c8f3e56e841fd220dbca5f4b5a2da60123129300366e09a51fc9cd5800d74948d7bdeabff759f41a2f20ffc77f4fa34a04c533252bd,CLEAR,DAYLIGHT,DRY,FAILING TO YIELD RIGHT-OF-WAY,2.0,37.5,1.0,0.0
1653f79472f26683c018a7c9efc524a2548bef0d4bd7196f50496d918a0891aa58c3087f57b6767c50f521a4dece63394f907af77ffcfa7e5b187572bea6bee3,CLEAR,DAYLIGHT,DRY,DRIVING SKILLS/KNOWLEDGE/EXPERIENCE,2.0,37.5,1.0,0.0
1653f92693c8865a20cbd424426a226f59a2b76b8df4405b9cb0b31a7fcb3592bbfbf4870bef74e18dfcac718c693c3899ea9d2dc8fe0ab4e9a24056132837f2,CLEAR,DAYLIGHT,DRY,IMPROPER OVERTAKING/PASSING,2.0,37.5,1.0,0.0
16541c729372827a2228f5b1acd02d8f848320a12235c389ceeea686f0e034821dce688f9ca68c3757eb3a1848187d7d51e49e53f53dafb8ed5fd98f7a5a67f5,CLEAR,"DARKNESS, LIGHTED ROAD",DRY,FAILING TO YIELD RIGHT-OF-WAY,2.0,37.5,1.0,0.0
1654260fb034c1cc92df9c1ba6ab1ccf555de9e105a05ec885b1662f0a7fdd7cacbe64a36e4db11d8f3e337981d93785720a0cb8be3eac18747839088bd1a8f6,CLEAR,"DARKNESS, LIGHTED ROAD",WET,FAILING TO YIELD RIGHT-OF-WAY,2.0,37.5,1.0,0.0
165460ecebc5ece557bfa2ef26239e189ebd872ca2de5097a780f57d01ecbef75a362086dc9950619dd67fd05b304f59822a4d713655ad79a1f518b5cbd10c3c,RAIN,"DARKNESS, LIGHTED ROAD",WET,WEATHER,1.0,37.5,1.0,0.0
165474f911a0e50192e2c5bc729159f1bdbaec784cbb82e708b542f98083068cc98a9b57d8fed29f93cdfbc14aace1142d1dfb6ec5741dc4b13991f1d33fd6d7,SNOW,DAYLIGHT,SNOW OR SLUSH,WEATHER,1.0,37.5,1.0,0.0
16547574cb90a6735e052e5c53243b927c19a8acc355c059bcc90e417d03c0483af4dba0d784aa9fa16584d64d97c05f6c118fe290e51dd7cbe82439dccd0dbe,CLEAR,DAYLIGHT,DRY,IMPROPER LANE USAGE,3.0,37.5,1.0,0.0
16548cef62d8b629ff4bc9d94fb9c7f4d1f0babf952062ea9b408b54389db929adedd597f8e45a0e9394f2002d850000afae4e560ba69babceb70af9820ba891,CLEAR,DAYLIGHT,DRY,FOLLOWING TOO CLOSELY,2.0,37.5,1.0,0.0
16549f029d1e901672bbc0878a75f55e1593e5758696178e3655569d53b978bf6398d871f354a8dd1691e18357413d7454ec0d796cf24cab60045539e60642ca,CLEAR,DAYLIGHT,WET,IMPROPER BACKING,1.0,37.5,1.0,0.0
1654e8f66c96d4db64ce3061e07313de575c6e536fd77e4aaa0bff2f893321c85f66f3a736acf7ca47766fed9733d4cb7f8562466043c331a8b5434c7d36f985,CLEAR,DAYLIGHT,DRY,IMPROPER BACKING,2.0,37.5,1.0,0.0
16550c3b608a424c18f906eb4c461bc10739598395825c09043050665b33c49e2df2d9c26e2abdcbdf4ff0854b6d1a4aa0266ad9afb39d407d15dc62c19df135,CLEAR,DUSK,OTHER,IMPROPER BACKING,2.0,37.5,1.0,0.0
16551140ff617ac975487b6fc78a152cda19be0dcc5791609c08b93238fe1df49f617b0c0f7c57e26127b94a3335db0cba0e637faee00d685600e31d7e477315,SNOW,DARKNESS,SNOW OR SLUSH,WEATHER,2.0,37.5,1.0,0.0
1655284ebd69c8d46820d3542356e92ee7d1562debd6cc2b29de0cae9a5068ded7514a036d68caf7eae410b0c50a4169e05302487bf3378ec129a04fad7731af,CLEAR,DAYLIGHT,DRY,FOLLOWING TOO CLOSELY,2.0,37.5,1.0,0.0
1655346fcfe3fd0e048447588be5518e09fa6d6ee308d95ec333b41ee48be6acbfdf1726c04785f78427c1f84fba839205c8ad16bf161787e4a413966802b161,CLEAR,DAYLIGHT,DRY,FOLLOWING TOO CLOSELY,2.0,37.5,1.0,0.0
16553b547a108916ba4fce11f7539acde84c9ecc841e0c318a7ce70819c81c607361835047311f1bb038c4c4820a3b873bb8bc4f7dc5433da013484e245b44aa,CLEAR,DAYLIGHT,DRY,DRIVING SKILLS/KNOWLEDGE/EXPERIENCE,1.0,37.5,1.0,0.0
1655407cf5f997c60457ac1ab22128f2a9db1fde8e2771374cfb35c37cc01e99bc74cec5ca59e650621a73aa7872ee63c88adf814336a5e55ba0612001f61747,CLEAR,"DARKNESS, LIGHTED ROAD",UNKNOWN,DISREGARDING ROAD MARKINGS,3.0,37.5,1.0,0.0
165543ebbf1a7f765bea09d0fb17e2ebfaab46124dd060c9ecf5a87e5dc2f5e28e026ce2ff22b6ba87ce7abf8d6bcb68f2abc1993d4f5dd4e02d363a98dc9a94,CLEAR,DAYLIGHT,DRY,PHYSICAL CONDITION OF DRIVER,2.0,37.5,1.0,0.0
16558b2ec78d335f1af89a492d38b090cfc976b08d7b18e76ecb34a3bbaa7ff16d2d1518f948c39e6f26f91ccad49367c304e012933467e8ba060f33a4e53aaf,CLEAR,DAYLIGHT,DRY,IMPROPER OVERTAKING/PASSING,1.0,37.5,1.0,0.0
16558c57b3bb5efb36374da190047a7a4d558ab0c7ac42b0d647f7ef3f3b474c3ca8f751b77c698938b10c9f12e3c98a5899d81655e386618b6f61872a9c3a31,CLEAR,DAYLIGHT,SNOW OR SLUSH,DISREGARDING TRAFFIC SIGNALS,2.0,37.5,1.0,0.0
1655b20d89962edf82e7ed1bf5756d240f738a6391ba493164f5d558b88b101f6afee232ddcf8cbd496c82d53745a051ee2e81325651dc759a885b0b466db4e0,CLEAR,"DARKNESS, LIGHTED ROAD",DRY,IMPROPER OVERTAKING/PASSING,2.0,37.5,1.0,0.0
1655c14ddac593fc84ec8529a1b3e8493b445c4deb909814aec44b0862e5e9641b2fc5277e89294e9476a54d113a62a15754eac01fad0bc0d5687994593f01b0,SNOW,DAYLIGHT,WET,FAILING TO YIELD RIGHT-OF-WAY,2.0,37.5,1.0,0.0
1655ee5b95441c20aa6e76ad31fae7e582eb56bdb81f33e07952e818e032e5b10b4e835735fe63382be2f3a0566c9b0b41442e21778db4aa647470a0837a477c,CLEAR,DAYLIGHT,DRY,IMPROPER TURNING/NO SIGNAL,2.0,37.5,1.0,0.0
1655fca3ecf3239d610770583b2d9f0cd1b69cc225607f22a37155cf13a131b47477240f24b758c84f99e3ec9253501de5b0fa12ddca1b418520d249ef9467a5,CLEAR,DAYLIGHT,DRY,"OPERATING VEHICLE IN ERRATIC, RECKLESS, CARELESS, NEGLIGENT OR AGGRESSIVE MANNER",1.0,37.5,1.0,0.0
165614553578b863fbfc8c3e0e61aebaa7ff08ae97284fdedfe62ba58cfddbb0fcf2ca27912dbebce361c70690af9bf0ff1aa17b7435083a1a4becaa17eae34c,CLEAR,DAYLIGHT,DRY,FAILING TO YIELD RIGHT-OF-WAY,2.0,37.5,1.0,0.0
16561d3c88aa4f07653b59006696f7975208e78344c2567923c68a0737245262797a6ee7685c8cfc8525a30ac9cb6423bec78435845a4c0ff4d3176fd3abbb5a,CLEAR,"DARKNESS, LIGHTED ROAD",DRY,IMPROPER OVERTAKING/PASSING,3.0,37.5,1.0,0.0
1656399fcb5d2bbf93e8bd9c57b151928439aee0acf313ec2dbe81e1de823df6d47dfde8bc601b36f640669ea787c10943b96d18d09da5b08f36b62ca0ee43e7,CLEAR,DAYLIGHT,DRY,FAILING TO YIELD RIGHT-OF-WAY,2.0,37.5,1.0,0.0
16564dc55430208ed88cabbab24349c5223245519f16a4a3c863e298e90f34d1948be5a599b74682c8cb39fa1f8801c025c9432193dc7306e4fc5eecb35d73ef,CLEAR,DAYLIGHT,WET,FOLLOWING TOO CLOSELY,2.0,37.5,1.0,0.0
165656229352e16ddd847178033737dd072e4005d1f3169ecc0bdb5628270ff77fc390067bf86bfb28259e00a1466eca7e52fc03d761f075e8985942e061e0da,CLEAR,DAYLIGHT,DRY,IMPROPER OVERTAKING/PASSING,2.0,37.5,1.0,0.0
16566e13128108e66b2b82871d2983f0c3b73b18a3369e84f3820359b9c409a7720669376c20a0e9a307bd542ff2866477871dbcda9e96bbcbe5d34e5244ec04,CLEAR,"DARKNESS, LIGHTED ROAD",DRY,FAILING TO REDUCE SPEED TO AVOID CRASH,1.0,37.5,1.0,0.0
1656838dd7f53bddb548ffc7bd61d8616bf3edcf1f83fee64e169aa3a9ad76d28398ae43fb47ffb9c1a72ebd099c6ad3b3d2fb2856f3f72c4ca6f7722d144e06,CLEAR,DARKNESS,DRY,IMPROPER LANE USAGE,1.0,37.5,1.0,0.0
1656ac6510b3e6d5fe1be4984f7ba05b621d8a1b1a1eb7ee73e7a81b2f47638e87cb6434b5b61ce0ffd36fed5ce4aaf3c6d4eb5c59c41d92dbcdf0fbf0d86a2d,CLEAR,DAYLIGHT,DRY,UNDER THE INFLUENCE OF ALCOHOL/DRUGS (USE WHEN ARREST IS EFFECTED),2.0,37.5,1.0,0.0
1656cdf5e4acc01362a1c8dffce836be7722d4b04db8f1e6c3d628f8bd798d27677a105766b4e991ffcdd5faf2a007d4822bdd689b41c95b1db7ca226d6b38e2,CLEAR,DAYLIGHT,DRY,IMPROPER BACKING,2.0,37.5,1.0,0.0
1656d61413d0f3e0ebb4ce02905a4d57e935c75534d41a2e18c1887a5cef9bd5fbe803b2681cf25441f96aa95d9e02f009786307ee89491af6ef2f7c4752cec2,CLEAR,"DARKNESS, LIGHTED ROAD",UNKNOWN,FAILING TO YIELD RIGHT-OF-WAY,2.0,37.5,1.0,0.0
1656daf7a3d715fd5538bb3acd02bd4c43851085187aa6a3d75834c3d6a473658085189ad30e03af72192fe38d9fcbb214e68a8db272f23f76145a84b593049c,RAIN,DAYLIGHT,WET,IMPROPER LANE USAGE,2.0,37.5,1.0,0.0
165754f71a440b001f32db28f8fca3d4632a69c868b15f064cfe2dd2697808964c31dcfae115cc20dbada2a77c14842f9e28a0be582da899932401b2ff185042,SNOW,"DARKNESS, LIGHTED ROAD",ICE,WEATHER,1.0,37.5,1.0,0.0
16578a480e8a865036aac678fc94ec444429e9a084b4dead4ccd54b0b83a9bfdd9037147b22b023fcf2a53eb1c8d7772836d08c9d4abccc17d95e6b8bbaa2c53,CLEAR,DAYLIGHT,SNOW OR SLUSH,WEATHER,1.0,37.5,1.0,0.0
1657959a2daa70c4c551cfa47f52ca46442936976d7a3bebf4a973562f5ba6f5f1de703dff8b4a569d14dae8c160990aad8f0983b96bddea1c6b485307c4a4b5,CLEAR,"DARKNESS, LIGHTED ROAD",DRY,IMPROPER OVERTAKING/PASSING,2.0,37.5,1.0,0.0
16579b0a34d854385c8f13779e5fce3fee83831136bec4c49b373a5de832acaa66fa7b24de9386c95497e01f96b723291c364fa74a2b19780729adffe5af9e1c,CLEAR,"DARKNESS, LIGHTED ROAD",DRY,IMPROPER BACKING,2.0,37.5,1.0,0.0
16579df707e14fcac71830bab531934cac7339093b92135bc1c63f6172c54293205bde857c22d4a3a7d14f796071e4ad4b66896cf4511c8486cb14be239557f8,CLEAR,DAYLIGHT,DRY,FAILING TO REDUCE SPEED TO AVOID CRASH,2.0,37.5,1.0,0.0
1657acee42eee2c6d5da099240f2f986bd8e8c811444b39db00eac6645c05d9ea0c9d9e9693dcfbd8c660a5b6ec1142df415141354ea842caf0f5ab68bc6f3cd,RAIN,DAYLIGHT,WET,WEATHER,2.0,37.5,1.0,0.0
1657af838b58565b0d80928a8605afc2438ff997f7ea396a545322fcee6fbf50188c8a2444cf575857fb8b3512c18075ecdcb09b3868813da25a7c628b15bbe2,CLEAR,DAYLIGHT,DRY,FOLLOWING TOO CLOSELY,2.0,37.5,1.0,0.0
1657cccdf0f36bece00e2b998bc35b3700c6356a30929582b54a3a86b64a6bafb610a12b646a4d489990e421135769726a869f7fc1f04155c31344c45bd8a868,CLEAR,DAYLIGHT,UNKNOWN,FOLLOWING TOO CLOSELY,2.0,37.5,1.0,0.0
1657d34c816f9842bfa53b76eef3dee67483d4a7370939bc23449676b3362ba03528c2c522339d2360012deacc4b0d786e475047e1e7bb9f5aadf846befa654f,CLEAR,DAYLIGHT,DRY,FOLLOWING TOO CLOSELY,2.0,37.5,1.0,0.0
1657faa94be563e0167ba7c3436ef15ba2d0cef9a42009852c4d0f8761fcbcda2a6166f04da1adbdb733432bb11067bbc5e62e8db729c5fa4c95efb24b610282,RAIN,"DARKNESS, LIGHTED ROAD",WET,UNDER THE INFLUENCE OF ALCOHOL/DRUGS (USE WHEN ARREST IS EFFECTED),1.0,37.5,1.0,0.0
16582b86c4328dbdf57aaeb721af831487c097c5ed7c39ab13fa20f1289b8ed73d74cedde9f281af7e7144c6d7ca6f10b6c27522c2c17e2f96a46735be5b7bd2,CLEAR,DAYLIGHT,DRY,IMPROPER LANE USAGE,2.0,37.5,1.0,0.0
165837bf1529b731271a0dcff5faee61f6d30a438639f394b2dbe9f5f98752a553469a023ac55bc0e53863b32354220cff5c4f3ef0435910ecc3793f8740873b,CLEAR,DAYLIGHT,DRY,IMPROPER BACKING,2.0,37.5,1.0,0.0
16583ab32db6d2620dfa14785dac353ed135661f3714cf8ee4522286934a6ca81134837a45ee152256f01cf8b4c20e99cb8b698dcd21f1e5a9a3984fefb37db3,CLEAR,DAYLIGHT,DRY,IMPROPER LANE USAGE,2.0,37.5,1.0,0.0
165855522e44efd06c0cb13af69e8923f06e5f3479c2ee748ad0973d2120474b763c18c8fc755af97e1d026ee0e6a374fad6a3002327a1e5b89a0f4fcd0253f2,CLEAR,DAYLIGHT,DRY,DISREGARDING STOP SIGN,2.0,37.5,1.0,0.0
1658609c262b8ef08c5e6213453cd9c59404ed02b957215cbf38a3e5ce66ab9ec7850586b370ba271855a0d0732fcad3609dff7e80801c0833a74a222ab74f72,CLEAR,DAYLIGHT,DRY,FAILING TO YIELD RIGHT-OF-WAY,2.0,37.5,1.0,0.0
1658b196c9329cc4ab6a1ea0abc38c59d916e6778011b519e4c78767aaa6ac17ec3b331e7d6880ec3a9fd4933dc640ae4bb3d2c3a9e82f89c799fc61e0cd3105,CLEAR,DAYLIGHT,DRY,DRIVING SKILLS/KNOWLEDGE/EXPERIENCE,2.0,37.5,1.0,0.0
1658c4f1d3e0565c33d9b51a73c54940d372cd78efcc2a97d377f08323627506d823617d4358ad13548a9e32c339e6792b2e18bf3e648ca462a3acc9d64862e9,CLEAR,DAYLIGHT,DRY,DRIVING SKILLS/KNOWLEDGE/EXPERIENCE,2.0,37.5,1.0,0.0
1658f8f31b799b46ff7b59c6a7e58b7c66c0331188035df3bec6fc4e7ed9bfe9d04c7977ce2443f29aae5b384650bbc7fb81a12aec00fcedaa00bf7af305328b,CLEAR,DAYLIGHT,DRY,FOLLOWING TOO CLOSELY,2.0,37.5,1.0,0.0
1658faa815212fb431b73a6ebaf4dea6bb8d318053576348cc54dbeca1968490c85178248ea3870301aea7b75163211305a5889677a87700d1b36af5444a1ade,SNOW,"DARKNESS, LIGHTED ROAD",SNOW OR SLUSH,WEATHER,2.0,37.5,1.0,0.0
165904019040a4362ce5bec3c5c5361025626863b9d75fa5ba760fd924b5988c5acb0b79b31afc5582a1aaa2f0ff3999a1f842cb7c9d031a3e90067017455172,CLEAR,DAYLIGHT,DRY,FAILING TO REDUCE SPEED TO AVOID CRASH,2.0,37.5,1.0,0.0
165931235855f2667256b9bae3e5adb071749868048de3783a60712793ef37f4bc6499549d6a8bc9f988829b892160056ccdbd4d1c5baa995df00957f9933684,SNOW,DAYLIGHT,SNOW OR SLUSH,DRIVING SKILLS/KNOWLEDGE/EXPERIENCE,1.0,37.5,1.0,0.0
1659427ba9daa7dd2308d5f3ad5834e7c32c4424b814acd0eee36ccc2a1cf75759adcb173f2a2fc3c9167690df20194dd9d223d2a2bb8eb1bfd5850b6e9f5857,CLEAR,DAYLIGHT,DRY,IMPROPER BACKING,2.0,37.5,1.0,0.0
16594a80adf8a5d8bce5ddb2efdefadfdd55b608b77ecd40148618339fa8191956353bd32da31cbc44acbdd16318a2bffb3c9bdb2193c93a3644a76aa93590c8,CLEAR,DAYLIGHT,UNKNOWN,DRIVING SKILLS/KNOWLEDGE/EXPERIENCE,2.0,37.5,1.0,0.0
16594c9a5ab59694f9448509ebc163c6dbf5f98e30ed157152ee106d616cb3ae333f78c1f6fef3430bede92cafc732b034e504c287c79666ec315e0750c95102,CLEAR,"DARKNESS, LIGHTED ROAD",DRY,DISREGARDING STOP SIGN,2.0,37.5,1.0,0.0
16596ffff96243c56b93c9303686fdbaf9e25081080a2d7eb49e3487df1538cedaeda253249b6ac14bfc5394ea2f4ad25c2f75895257836584efad07e9f1c8bb,SNOW,DAYLIGHT,SNOW OR SLUSH,WEATHER,2.0,37.5,1.0,0.0
165973627c71b4f1b5c403b4dea3c9c1eceed9adaeca4b37ef3d472250450a67a52e49ed9e269aae49f631eaa9aa3df374c4ebe86093f59843819b473353d5fa,CLEAR,DAYLIGHT,DRY,FOLLOWING TOO CLOSELY,2.0,37.5,1.0,0.0
16599fb691c9d185297f3dcd6c62170092c374cf54a55e6c5fcea380209c55d08cbdbf8cf01dcf010f7b94dde3d6387f2ad5c2aef9cf08d9542cbfc50be162e1,CLEAR,DAYLIGHT,DRY,FOLLOWING TOO CLOSELY,2.0,37.5,1.0,0.0
1659acede92a55b339c6a26f8a673561a109c8ce9d75b4fd3da92c28ca0b872371292717246cdbc8106541558a1369ea4b69cea9a29b83372917883168cedf46,RAIN,DARKNESS,WET,IMPROPER BACKING,2.0,37.5,1.0,0.0