crash_record_id,weather_condition,lighting_condition,roadway_surface_cond,prim_contributory_cause,total_vehicles,avg_driver_age,total_people,total_injured
1659b8f6be8899fc57aa351d570c4e466d57f09c91c3361c03380283f28176cea6383f6f6cfec8bd1858b1286695b1ed50ae88db45cbcb503c9b865f74ae3351,CLEAR,DAYLIGHT,DRY,IMPROPER OVERTAKING/PASSING,2.0,37.5,1.0,0.0
1659f813502a3f59ce06fd51d9d861c23385a29b9f19b1ad0aff7d8c746d2143dedae917bf163ea6c9b51463087cb51e1294119f6fb32b2e424b0f5fc2d7f0e6,CLEAR,DAYLIGHT,DRY,IMPROPER OVERTAKING/PASSING,2.0,37.5,1.0,0.0
165a20bfcdcf5c18f0a81288bf0378f3b22c15a2a5600cbf1912a7679c499e0879137f958c4fa60ce717deccd5140df3691994d85144f3936270b42180b36656,CLEAR,DAYLIGHT,DRY,FOLLOWING TOO CLOSELY,2.0,37.5,1.0,0.0
165a34adfaf971f189563d71f3003ef5ccc38c6710da58be1e20f6707fa8d6d5c8b69f416d109b4d928743f7d1d583ef966cbb5f098142a6bee4cb66f807908d,CLEAR,"DARKNESS, LIGHTED ROAD",DRY,FAILING TO YIELD RIGHT-OF-WAY,2.0,37.5,1.0,0.0
165a4b1105c0800a4c80af9ce8ec7a34c277cca9c8fe633470b530339a70978004dcd431ab7cf367066ba11b4b13d32e6204d1554c57bca03a51627ff65f402f,CLEAR,"DARKNESS, LIGHTED ROAD",DRY,HAD BEEN DRINKING (USE WHEN ARREST IS NOT MADE),3.0,37.5,1.0,0.0
165a6b975a34ec5678a737c10910d5888164c75e9a06cc20e548be70ff3fb07eb874c0208baf927bb9411c0d450357000b34f0d7b6168f8f2a81b8c4151113eb,CLEAR,"DARKNESS, LIGHTED ROAD",WET,EQUIPMENT - VEHICLE CONDITION,2.0,37.5,1.0,0.0
165ab58d8d7e492aeffe52f014bb667316e920b4ba40ed6fe654eb36811d82f8f6344a42d2a6b14574f358787a8b848fa8a7cfa4d89892af8b7d1165d534349b,CLEAR,DAYLIGHT,DRY,FOLLOWING TOO CLOSELY,2.0,37.5,1.0,0.0
165ab8a3ce1803b4ca34f372224fb4839f34f3bcc81b474dc1326dda50887d0334ff22031f0a9a247d88012b448d5a9e64cef99702da156fe6ca48fe3ed5192a,CLEAR,"DARKNESS, LIGHTED ROAD",DRY,FAILING TO YIELD RIGHT-OF-WAY,2.0,37.5,1.0,0.0
165ac1926e3d0bb9d2ff678e36d87ccbeaa5efe07eaf8f42ace1e8bc717fdba3eede0d57268fffbaf055b4d6c3ee189229b8d474bb1e5981231174ed96d96fea,CLEAR,DAYLIGHT,DRY,IMPROPER LANE USAGE,2.0,37.5,1.0,0.0
165aca410cb9a142988a588e68d0b4055fc3c86d9b3a04b165a96c94630545fafb3cef669781029a9d9f8ee921ae6d03c298b0736e22e962f587df92ae1e5175,CLEAR,DAYLIGHT,DRY,FOLLOWING TOO CLOSELY,2.0,37.5,1.0,0.0
165add28f17d85662348c116ec9ce9f44694d01f6c85f7fe4b0e2c018fe51eb18fd319e37c5aa7ef5742e772af2ace216c0ff9bdd28d5d8edee53bf8ab9e2516,RAIN,DAYLIGHT,WET,UNDER THE INFLUENCE OF ALCOHOL/DRUGS (USE WHEN ARREST IS EFFECTED),2.0,37.5,1.0,0.0
165b733afa9a418869c53e2313eb222ae9d1c4e101e9cdeefde574887abd7c17799bbf908060ed131a440cdf30ff3ce33aaaeab8f8a6c0e1c609a9df65fa3ed6,SNOW,DAYLIGHT,SNOW OR SLUSH,WEATHER,2.0,37.5,1.0,0.0
165b740647a743c1fb2d88887c4f8f8e1ad619ac61d7d1820db0fb90c110c97831ba7a07c101a758943347dc9cdfe57250e1963a2dbe65c7be1bb1477ebbee77,CLEAR,DARKNESS,DRY,IMPROPER BACKING,2.0,37.5,1.0,0.0
165b793f26c4ff38cb8b4180777a0bec3aa33ef783db0efb59e29e90288b8f8f0ab83b42cbb446a7513c2fd6587a6704d41e5c05ee12bd78cd821d6dfe3a36e0,CLEAR,DAYLIGHT,DRY,FAILING TO REDUCE SPEED TO AVOID CRASH,1.0,37.5,1.0,0.0
165ba72c394558a92997be54f2e7416973556fe31f407138e88904d4967f3fd3bb68e99e577a010c2e473742368c4cec4a42b05cf5cde6e4ffc7f89e916414b6,CLEAR,DAYLIGHT,DRY,FAILING TO YIELD RIGHT-OF-WAY,1.0,37.5,1.0,0.0
165bbcb13f2543de96cd59e0a32f0a0d6daeb3eafdff121f48f86d939f59c09e51f44452b64024d407ea60c073f8368158b319c427f0cfd812b4c6432a5cb1d4,CLEAR,DAYLIGHT,DRY,FAILING TO YIELD RIGHT-OF-WAY,2.0,37.5,1.0,0.0
165c15dc1958d4ec0d4a78187016a453767a07da958af6fbfd9f706ac91be7e47a36b940984a86864494e9cea51d9b2004c7f9066950d45f8e26c878d59e75bf,CLEAR,DAYLIGHT,DRY,FOLLOWING TOO CLOSELY,2.0,37.5,1.0,0.0
165c44bd429b2a617abfd7f4226349bcd1ef0bbcdde32cdaf60c99904d52ffcbdef2b15f87a4f681be5b43498662e9652bfe059d49e3adc52871b9c3a1b3d40e,CLEAR,"DARKNESS, LIGHTED ROAD",DRY,FAILING TO REDUCE SPEED TO AVOID CRASH,2.0,37.5,1.0,0.0
165c65170288b48f712c42b3f98218e0a7cfbca5942bcb6df663aad8eeee021cea83b6cc1effd0da246f3c6e847c8e0e3b2ca0e1a532e5981d969e2f4a03c81b,CLOUDY/OVERCAST,DAYLIGHT,WET,FAILING TO YIELD RIGHT-OF-WAY,3.0,37.5,1.0,0.0
165c6b272a8c8bf602f60f710fdeac3ca94def8b9b1b6f8af5ef835f421b7a1fa5766511656a8b9551189b3194a42b346c2cba74f1f88b1090238d0e73e2a79e,CLEAR,DAYLIGHT,DRY,DRIVING SKILLS/KNOWLEDGE/EXPERIENCE,2.0,37.5,1.0,0.0
165c7e5c18144cfb92b693d96736bf7aba3f5553f9b7ec87a4096627a37281c727e3397790a2433189ad912020c79cedb389df4b86f970dc15b65342926cfc5b,SNOW,DAYLIGHT,SNOW OR SLUSH,FAILING TO YIELD RIGHT-OF-WAY,2.0,37.5,1.0,0.0
165d0250c9b22e1bb97b9cfb8d71dd43bb8b595dfe475e59d59b2a0620fbb8855648b3ade364615b1b1e7045309fe645db4a8610943bc248ba221f6c375d4cca,CLEAR,"DARKNESS, LIGHTED ROAD",DRY,DRIVING ON WRONG SIDE/WRONG WAY,2.0,37.5,1.0,0.0
165d33a430bed9e8681276c5713a875cd13384703972b98f5e661860267937040e0bd2f30e0df29ea663d8aa31116782ec0e07578f09ea6ea5ff21de5ac71934,CLEAR,DAYLIGHT,DRY,FAILING TO REDUCE SPEED TO AVOID CRASH,2.0,37.5,1.0,0.0
165d475ce977f2a927ff4debea96739d3e459fcf1b7c73cf34535d14c6fd4ac95be88795e0b78ab8626602fb283b64d7d680153bf8daa474ba1642e462d96884,CLEAR,DAYLIGHT,DRY,FOLLOWING TOO CLOSELY,2.0,37.5,1.0,0.0
165d8d83d2cf8e406ed812198f359fd805908fa8eb4fda8ca77924a0ba1e48df6aee6b955d2022dc6fccc09363a8b3630b0870054725eab046a71ea6b6c2e6e1,CLEAR,DAYLIGHT,DRY,FAILING TO YIELD RIGHT-OF-WAY,2.0,37.5,1.0,0.0
165d92b8f568a1a3d04815e620adcf4ccf8c51ffcb2d34ef13f857606b01f6f1ef1a0d08f72fd8491b1f6d882b53f1e6f19f1c97a00fdb6d4e08d82fd7ca54cf,CLEAR,DAYLIGHT,DRY,IMPROPER BACKING,2.0,37.5,1.0,0.0
165da0a57117a32ad8dad41e4cb7165bfbfabef8fb6cf887bb4511f8141666454399896f5eb9c66f244873dad2d7b11215077768a6f177f8a52a848f328d2291,RAIN,"DARKNESS, LIGHTED ROAD",WET,DISREGARDING TRAFFIC SIGNALS,2.0,37.5,1.0,0.0
165db9d1ba3517be0143fde27a79d0593da7fd762f1b242727c8a22f2e88b76407124aa56182d5b97ec57953df94d4c7082e5414d8eee9b0f3193c841f99ea77,SNOW,DAYLIGHT,SNOW OR SLUSH,FOLLOWING TOO CLOSELY,2.0,37.5,1.0,0.0
165dbc54b9091d9054ffa8ad16fb5bfebc002248fb117c412122da78341b6a65a3fb483cd669bd93a13e186b481a6054c2eabf3622d5e279ce17c93c55272b7d,CLEAR,DAWN,WET,FOLLOWING TOO CLOSELY,2.0,37.5,1.0,0.0
165dc166d62e398fe24110c476b93d6ab65768c3f8e36cbb836e343346eeb9912d1c2e4498c5522143449890688fa358064b8f34e3fc29eb199016db30e9c2fa,CLEAR,"DARKNESS, LIGHTED ROAD",DRY,IMPROPER LANE USAGE,2.0,37.5,1.0,0.0
165dc46d59ba42d1bd7073945777b99ff1c0fa401b2c9fd5dd77b244ad97de259bebeb914fa6bee47edf1fb2eabde2581863e12580261664d2eadec0c59fd124,RAIN,DARKNESS,WET,FAILING TO YIELD RIGHT-OF-WAY,1.0,37.5,1.0,0.0
165dca7aeb1c101da33af461e836bd7b47057d55674c53477cb98a195300b465f35e0c1e48f21ec47f6dbda739d3a50c18a9afeb0984a15fbca18d576171f818,CLEAR,"DARKNESS, LIGHTED ROAD",DRY,DISREGARDING TRAFFIC SIGNALS,2.0,37.5,1.0,0.0
165e04b0e205c8d293fe30c4edd84a792fa992d0bebf05a0512374de49884fa087c11b6633869a86aa3baf54d66765af647741e556638c9d1c1b4eda1f6a6600,CLEAR,DAYLIGHT,DRY,FOLLOWING TOO CLOSELY,2.0,37.5,1.0,0.0
165e38c71446189536c447a0f3d40fc2b3e140334171bb48496a28cff4b8133742c19e4dcb2313c99025cfcb373bc855ca1103a7569444eb3d7b8eadd5aa0e1e,CLEAR,DAYLIGHT,DRY,FOLLOWING TOO CLOSELY,2.0,37.5,1.0,0.0
165e55c3f25f4b2a59199f99cb7e3a3eb5cbd7c7e02553dbb956d922cbdd8e4565d214ea63d5c989404a7fad2c71089f55c4a32013e3ce3c260a7604df5b4bb7,CLEAR,DAYLIGHT,DRY,FAILING TO REDUCE SPEED TO AVOID CRASH,3.0,37.5,1.0,0.0
165e6a91932acf0a65de408f7147bc744977e02f6838ed8d92e9fe5fbbbae552711fd9f565841b3f50ca5734b4984d79d2c9d7dec7c4d247b7b32d311c4d5f12,CLEAR,DAYLIGHT,DRY,FAILING TO YIELD RIGHT-OF-WAY,2.0,37.5,1.0,0.0
165edd142d72d48038435f0d56143de60a7821c87e32e91693c35638537d2dd49b3a42b91bd8c2b769a6174884feb5feea3bd948879ed7732230d50aeadb4c09,CLEAR,DAYLIGHT,DRY,FOLLOWING TOO CLOSELY,2.0,37.5,1.0,0.0
165ee6a5e1f8f7356155646431d903b6170a22a2de1e452e7bdff694012976f18e7ef7c6e96e96cb5b8b62ebbc6957a59ee181aac079e97dc9da44cf87bc407e,CLEAR,DAYLIGHT,DRY,DISTRACTION - FROM OUTSIDE VEHICLE,2.0,37.5,1.0,0.0
165ef14db3d45aa1959bc583bac3c341c5643e2c776a55e2e13434aa31ca398e5067b74be9efa0c645408a812a9c068ad22ac103aa0f9f70bf5172fb05280b1c,CLOUDY/OVERCAST,DAYLIGHT,DRY,FOLLOWING TOO CLOSELY,2.0,37.5,1.0,0.0
165f183054324445e20dc567e61061eced33c88ae0c2680ead42ac51c033fc81e7a604d27e81f3f3025e7d1e641ede2437c6540562e6949b987a7a947c566e1f,CLEAR,DAYLIGHT,DRY,FOLLOWING TOO CLOSELY,2.0,37.5,1.0,0.0
165f24c22e839d94a7a90a1950aecec6f5548d4855f065dca3ccd96077573a2a7cd1cc1ab25e7bcfdd2220e5051fbd921cfad8e0cdc633ba06699c0b1e9389e0,CLEAR,DAYLIGHT,DRY,IMPROPER OVERTAKING/PASSING,2.0,37.5,1.0,0.0
165f3db69b980c026d0d30bf8618ade7ad33829940abe3b1d2a80edebf03326dfb870cc0783d8e1db0dd31d20b4050a07b882aefa135730232371d364e6e4a9b,CLEAR,"DARKNESS, LIGHTED ROAD",DRY,IMPROPER OVERTAKING/PASSING,2.0,37.5,1.0,0.0
165f4735e037616a5fde59b20436ca852772f6308fb4d1e9651997f0af3ecca66bf81485f0c98d2f780c30fea57ca247c8e377bf3a73f27338225e6751f51d74,CLEAR,DAYLIGHT,DRY,IMPROPER OVERTAKING/PASSING,2.0,37.5,1.0,0.0
165f5854799ecba8cb92245807ab797883796b389e3b21512d899d339a273ae9c764776abe27003ca6e02afcb5d640660af7151433df7236dc1a3f2575806218,CLEAR,DAYLIGHT,DRY,IMPROPER LANE USAGE,2.0,37.5,1.0,0.0
165f588c4a63471c132adb101c48df86709e262ef24d63a94f88f9759e3d33c20eda1c91dcd348e0541e1a398b0ac7c92b6470d238af9efa51b90c92834676f9,SNOW,DAYLIGHT,WET,DISREGARDING TRAFFIC SIGNALS,2.0,37.5,1.0,0.0
165f5b17b70af4b50fdb852404b3dacd4f4b95ca3709faea4a0a232fd80db9afd5e6b34c3565a9b45c1b751fa929c4e8728afba683315bfbb41452facee15ca0,CLEAR,DAYLIGHT,WET,IMPROPER TURNING/NO SIGNAL,2.0,37.5,1.0,0.0
165f784af9dfb0aca777ea941b907a848472e1c63e5de8e6ac4ea0e7fb108f958232d7d9b15ff6930f2501715fe620491a9a377d8c6079d17ee4f6dd36c90c43,CLEAR,DAYLIGHT,DRY,DRIVING SKILLS/KNOWLEDGE/EXPERIENCE,2.0,37.5,1.0,0.0
165f83481ce1bdfda907ab8c197d3ae79a45d5b507301f191fbc926ef2e85ac9c00010bd2384b4840ef0f42c3e3fd710e403313d3341a7d3bba09ef4f4948d66,CLEAR,DARKNESS,DRY,FAILING TO REDUCE SPEED TO AVOID CRASH,2.0,37.5,1.0,0.0
165f8e2c24af3ac9f21d2bdbaf9efe33214322eb67d01ec224d6bfc3cea4cdc4e5e21492e972fe2d9c560659f45ddc073e546cc06a7137b7f973caec7d88d97b,SNOW,DAYLIGHT,SNOW OR SLUSH,DRIVING SKILLS/KNOWLEDGE/EXPERIENCE,2.0,37.5,1.0,0.0
165fbad6865b2f5d721e9f03bd16dfb93081292981dac0d40c83953d706a79cc19a7894138bf447080afe1732f484d7f0b1e672fa78e483fc1c81606b97edfa4,CLOUDY/OVERCAST,DAYLIGHT,WET,FOLLOWING TOO CLOSELY,3.0,37.5,1.0,0.0
165fe6a8b8be6342c29952cea0582fdf820031a4ff7473c66bb891806d3817af6e79bf53199b7d191b31bf818452d1e65eb0523b3db64bbe397a0042957be5b5,CLEAR,DAYLIGHT,DRY,IMPROPER LANE USAGE,2.0,37.5,1.0,0.0
16602460b2e2ac6b1ad70b943c0a09dbaa917061b375b62e787109531ec3994a58b3895dbe5291e6b0b93e5700d845da15b265a603c9f2ff2f3b94cc4bd9b8fa,CLEAR,DAYLIGHT,DRY,FAILING TO YIELD RIGHT-OF-WAY,2.0,37.5,1.0,0.0
166024d70671984428b254a94f97b41b17abdf9dbb5ff11da21d9d9fb372a0c717c1775a49dee6d158b48a5a8bb58484316c66a340ae61f64a65a67e4a32dcfd,CLEAR,DAYLIGHT,DRY,IMPROPER TURNING/NO SIGNAL,2.0,37.5,1.0,0.0
166031f19cd8cfaa6d8a3c6cb9656065d8c64397c3bd9ecc4b054f4654b899769b235ad552e06851dd8a26635ddc77e58bb1721d6a40ee2f552bab05cd881bad,RAIN,DUSK,WET,FAILING TO YIELD RIGHT-OF-WAY,2.0,37.5,1.0,0.0
16603236b0cd3ef26c73dd8719ed102df96c86ff461b8326cf3d3613d729f96aa91343170fe94400dcc3b4ca6ba4a1f6423ae1a5410ffa55a20c1738192d64a9,RAIN,DAYLIGHT,WET,WEATHER,1.0,37.5,1.0,0.0
1660627fff1ce4dbc9d21a7c87c16ec892ff39e1c6812b4b35aa8132f54e7442cff3201de1acae9b9510e022b21525c9eb52cfa68a76052d9b5d12101d586a89,UNKNOWN,"DARKNESS, LIGHTED ROAD",UNKNOWN,FAILING TO REDUCE SPEED TO AVOID CRASH,2.0,37.5,1.0,0.0
16607b1158318484a35ac779104b676c4c8e49dce76b6d6de9377739058ab0573428ad3bb61ef563a830e8f5c85e5d99a510ecf2c67b5ebb2706ea91b27cb389,CLEAR,DAYLIGHT,DRY,DISREGARDING STOP SIGN,2.0,37.5,1.0,0.0
16609efc7c6a17c12b9c90d2d183e2a4f13277d17b5ee91856a930d42dec8260fd24dc08787d5c3bca217240e3933eb98f935cfff78a40271d761ab0bdcada24,CLEAR,DAYLIGHT,DRY,IMPROPER OVERTAKING/PASSING,2.0,37.5,1.0,0.0
1660a15b74430035ca36fb1be252901aded7aab6f45527bfa0b91e5b1363f8cb57ed459d96ca81c5e9470d9f2df50f31bf1140c6ba694221303f00cc47549783,CLEAR,DAYLIGHT,DRY,IMPROPER OVERTAKING/PASSING,2.0,37.5,1.0,0.0
1660ce1d50817f8c2c31c578781f58fc0f011afcad9b215c2223e5472ec4545dc6a7d4f3d80df8e0851a0848af02a44acf8c07f1a295a34343c68415b36d668e,CLEAR,DAYLIGHT,DRY,DISREGARDING TRAFFIC SIGNALS,2.0,37.5,1.0,0.0
1660d20252b4a513cb17ef93f2b5b2dcba80031e22bad26d78098436fcccb4417b059b6b17c877ce98f63f5b99e646aba0c049808556979572f33defc3c26986,CLEAR,DAYLIGHT,DRY,FOLLOWING TOO CLOSELY,2.0,37.5,1.0,0.0
1660fe54dca724ea972ff25c5801a804c0b4d000c62096a7d8dfd37c2191f7f3e98eb0e0a1074e8e68dca3b056bbd5fbf7d99aa89e692ee04fe8d64033b5a9b3,CLEAR,DAYLIGHT,DRY,DISREGARDING ROAD MARKINGS,1.0,37.5,1.0,0.0
1661035da7ae0c3aa5f29a05a865ec5820182e61a857ee17f0d7164c570ff4041124e5246e9f576dea75328c8dd8913e482e9778ccfa4ca2db1752d8df0501c9,CLEAR,"DARKNESS, LIGHTED ROAD",DRY,FAILING TO REDUCE SPEED TO AVOID CRASH,1.0,37.5,1.0,0.0
166106084b68ba63359f6dc8fdd2b02ee38cbc741f944ede92beb3a9b6e788b3df73bd72fcc1cec326428c0d821685fae2ddf6108c31c69bce523c15e755cf75,CLEAR,DARKNESS,WET,CELL PHONE USE OTHER THAN TEXTING,2.0,37.5,1.0,0.0
16618641df47199c846c287a814d5a880a6a99ec88bc3539eaa147e46ed74d906fcf6fa3896bb9b2b87ee6fe8a007299637f100e2b7a0c173e43fb7133e65a87,CLEAR,DAYLIGHT,DRY,FOLLOWING TOO CLOSELY,2.0,37.5,1.0,0.0
16618dc6490b1b1f535b3341c3c865da34ee31ec487c538b6b77a4e03359c3628b21bc406d075e80da3843b2df7731e7a585e575b12ae347e31c4c00a990569c,RAIN,DAYLIGHT,WET,EQUIPMENT - VEHICLE CONDITION,2.0,37.5,1.0,0.0
16618fabf1fc7b3b1fd36348e5227ef1c8804ca5f7e53c511c1dfca7a5b64262c3a66fdfb49e1d492fc010029bf318a32be2b75cc3911b600856512b434b9338,CLEAR,DAYLIGHT,DRY,IMPROPER OVERTAKING/PASSING,2.0,37.5,1.0,0.0
1661a8b79bd0e19d2427543d392ab57d36925825de6523d8f67130dd4a430a1610b33032a4dba0a0368feb0cee73553ebb411b2ff752025d7341cb2e5ce6aa87,CLEAR,DAYLIGHT,DRY,FOLLOWING TOO CLOSELY,2.0,37.5,1.0,0.0
1661d7a392a94a6abbf4c0dbaff4f1a9cd8712dccb88298ca9654df85be5028d115509ceedca8934f946128ab5577190de0f52cf8518e52c45ea37fde884e0ca,CLEAR,DUSK,DRY,IMPROPER BACKING,2.0,37.5,1.0,0.0
166200acc2c9862db6ca640f9935e24271553ae34921c4a2d93a7835d6e571d052fb4379fccf039c1d2fce2df408c9f9a2ce7dbe217f6ce900a09845c9bc56cd,CLEAR,"DARKNESS, LIGHTED ROAD",DRY,IMPROPER OVERTAKING/PASSING,2.0,37.5,1.0,0.0
1662210650580792604aff41769618c371bd8c5349e2eeca8c0263cc4a6165b2cd87e91d7a7e3ea6a83aac48403351ab7aaf758011c5ba35a8afabfdaa6b2ea7,CLEAR,"DARKNESS, LIGHTED ROAD",WET,DISREGARDING TRAFFIC SIGNALS,3.0,37.5,1.0,0.0
16623338964a954b8f295bfe311a2accb334bff91646d92c8a81402ee5467f58042037e9b761a077578df36c103513ee265bbca5ec0ee574fc0d0338c39625fb,CLEAR,DAYLIGHT,DRY,IMPROPER OVERTAKING/PASSING,2.0,37.5,1.0,0.0
1662397381f9c57f18668204ebdbcf3ef7af00435252e6e89d2127b7bda2bbcfe8b829b2d95f83faf52b056711358d889f003324ee1414f8b7d639b827df7409,CLEAR,DAYLIGHT,DRY,"VISION OBSCURED (SIGNS, TREE LIMBS, BUILDINGS, ETC.)",1.0,37.5,1.0,0.0
166262e92710dae1abf5f3f26dafc0ea86cf50534897b6fc8309a76dd374b7aee843545626e31c788982b23264fff718e664517481ab269a96066126dc2e07a5,SNOW,"DARKNESS, LIGHTED ROAD",ICE,FAILING TO REDUCE SPEED TO AVOID CRASH,2.0,37.5,1.0,0.0
16626c7d5cbd61f677b8b0f896415ae37b5491f81ccf7a5213bca70d72a010c24379ef0bdc90b6ee72525deffba33a47d3b3d96e397f714b65ec5d0564179a0f,CLEAR,DAYLIGHT,DRY,FOLLOWING TOO CLOSELY,2.0,37.5,1.0,0.0
1662896d76d33f77d1c160f65e11b605d9caedccb4966f8c89ee36cd4975ecd6f2abf4d46d454dfb89ff4f63bb6cc41c798a587643e8e4d47dff4a4684e522f8,CLEAR,"DARKNESS, LIGHTED ROAD",DRY,IMPROPER LANE USAGE,2.0,37.5,1.0,0.0
166294c370e47ae5f4a6d33748b0f0322a7ccf93b3fa037d566b095e5bf1f2e60cd0c8a772da2c4e593fb30ddc5cca64bc4aafb9bcb43c38861453590a6efeab,CLEAR,DAYLIGHT,DRY,DRIVING SKILLS/KNOWLEDGE/EXPERIENCE,1.0,37.5,1.0,0.0
1662ec4267b2363b37d32f60750296378f0c5736e6d55bcfcbac070887df999834e0d46bc66d37a9abf0021432d573904e85b6706f002e9c0c9794d9e1636e6e,CLEAR,DARKNESS,DRY,FOLLOWING TOO CLOSELY,2.0,37.5,1.0,0.0
1662f24fb1865460b2470ecb2a943fc54976c31439bc4b144400113af6ec4d1247a00b16e8d62576f6744401f221b9065c4a3e92266be5716c931c994cb11108,FREEZING RAIN/DRIZZLE,DARKNESS,WET,IMPROPER LANE USAGE,2.0,37.5,1.0,0.0
1662f715ad3a82f5db8505988e612c50eac2bcbf80a855671954e7404d6c1bec5ac4c89c8101cbc596152d049cdda51978be61b7b3bd185d6dcaecfa5ebfde1b,CLEAR,DAYLIGHT,DRY,IMPROPER OVERTAKING/PASSING,2.0,37.5,1.0,0.0
16632e06d1d298a1b60e5bc6e49ce808eca843e768831d4f03d0ff8e687cbb4e2f98b8b964d002e8a252d69d27d5cb7553776c6ab155d0e0e836199a355657d0,CLEAR,"DARKNESS, LIGHTED ROAD",DRY,DRIVING ON WRONG SIDE/WRONG WAY,2.0,37.5,1.0,0.0
16633142634c050b114c9818eb66797015c8afe448b21cea7c6d460e2d75c907f88fa3eb6d1fa3c80d9899cc9602428c69b669fe2ed912df40d87db4f220cc97,SLEET/HAIL,DAYLIGHT,SNOW OR SLUSH,FAILING TO YIELD RIGHT-OF-WAY,2.0,37.5,1.0,0.0
166378ebd9531c75ac05b2346e355542b63abda1666a8d35efb09eddc2773e649ad341ff4db8f2127dfbf0b3a3164f1d044a346f90713274b31a9331c5ac3f3d,CLEAR,DAYLIGHT,DRY,FOLLOWING TOO CLOSELY,3.0,37.5,1.0,0.0
16637a37603c0de3223ef1073166336bbaf81363b922cb0952febc77e2bac0e91268499e5d205cde343a70d6ee0f76f7886c132b2150064bb41d3dabcd87ef38,RAIN,DAYLIGHT,DRY,DISREGARDING STOP SIGN,2.0,37.5,1.0,0.0
1663848d33af065d10a9df243a85ac38cf0ca7c382a0cf175db26e5720a03ce0c5386b695f4ea3b0b0494264bbc0521f4cef7edc1cdab4938f92dbda023f1838,CLEAR,"DARKNESS, LIGHTED ROAD",WET,FAILING TO REDUCE SPEED TO AVOID CRASH,2.0,37.5,1.0,0.0
1663971179c7a15cc03464921126650aa348f44263286f7fad1e0d505a703a0b44981a05bf2041e3925b8bf542a488976b8f9cd0a4ee0fb3eb6453ce45d5eef1,RAIN,DARKNESS,WET,UNDER THE INFLUENCE OF ALCOHOL/DRUGS (USE WHEN ARREST IS EFFECTED),2.0,37.5,1.0,0.0
1663b21ed8bb5443a68770f2aa81fceb8f87bbbb1bb7de30d2045aa0b8e19c3ae7c8ad262e0cb944f727b43d68e80612b6e7cf64475781d53d0c36391cb64955,CLEAR,DAYLIGHT,DRY,FOLLOWING TOO CLOSELY,2.0,37.5,1.0,0.0
1663bf30d589fe72901f55635b2e90ae2b8390af102b69379fe41df39267d81faa2d903fa95a5e1242f3f22f5a0b2beb324c4bd37ad322ce9b7db5c156b0f9d9,CLEAR,DAYLIGHT,DRY,DISREGARDING STOP SIGN,2.0,37.5,1.0,0.0
1663dd863183f0e954a44352d6b587569925cf157aaaa66ae9084044fb6254cc5604b2abe916fc7fe6f52c388b6c023dee561f2c8d3305f906564153302da30f,CLEAR,DAYLIGHT,DRY,FAILING TO YIELD RIGHT-OF-WAY,2.0,37.5,1.0,0.0
1663fa3a7fec469b3f56deb0a13c5d0930de1f625a4b859b7e939e3a0f3ff4d6cf476c327b09ce1e67a6a3bc5b48ab7e68b372b59f55031e3d88082b847c850d,CLEAR,DARKNESS,DRY,IMPROPER TURNING/NO SIGNAL,2.0,37.5,1.0,0.0
166404e5858b05493cedf33bba8e9215c6e7abdeb329da880ab8b3c41f684006de9eb8f91c83397cd12ecdad61637b4d7bbd85f89cba2136d58210ef05b96492,UNKNOWN,UNKNOWN,UNKNOWN,IMPROPER BACKING,2.0,37.5,1.0,0.0
16640c6c3fddf79051b6fea4e87911869d0fec7180d2ed436621b48d52049dca4275b39eac025436ee5e2125e63ed0ab5ee85b07589f39540582d743ab37ec80,CLEAR,DAWN,WET,FOLLOWING TOO CLOSELY,2.0,37.5,1.0,0.0
166439949ff68a41e8613059a549ca4ba4966debdb6eea8edd66d0faadf9a77257b145be1ecf0ad14f1f70cdc540c49e9c8fae4b939333a74e6003db8aa71be9,CLEAR,DAYLIGHT,DRY,FOLLOWING TOO CLOSELY,2.0,37.5,1.0,0.0
1664421252e7fe084c1e0872da1d3ca7181fc40cb063b9eb0bcbeb0c4e7055f1dfac0d5c30836adc0c6380271c7b5c4a6a1c7b0733dbd4d1f5b2ab69b03e7a27,CLEAR,UNKNOWN,DRY,FAILING TO REDUCE SPEED TO AVOID CRASH,2.0,37.5,1.0,0.0
16645653fae99770c567724a48477aa345bcbc21d5ee385314f85170b5f926dcab7ca7dc35cdde16ecb9b7d6daad5b66cf93d10a9df0dcda2415facce9791822,CLEAR,DAYLIGHT,DRY,FAILING TO YIELD RIGHT-OF-WAY,2.0,37.5,1.0,0.0
16646c0791be9f069f35a0ff5e5e1fa6c345f425f48d5b1a9847240675378732c3d22f67fdb42fc4a7f86a5e4135308f848bdaf11970185c36636448ea4a5056,CLEAR,DARKNESS,DRY,FOLLOWING TOO CLOSELY,2.0,37.5,1.0,0.0
166486d0cef62da55ce472d95031de026fc2a7fc5fb3bf59996d48f58882225cb0cda61ff323707086814297e0911f54e30a27d806491779adb6b067afa2b02e,CLEAR,DAYLIGHT,DRY,FAILING TO YIELD RIGHT-OF-WAY,2.0,37.5,1.0,0.0
166487fb9c36f319127a47776efe2d55d045c636e256f42d785b7db8b20d055412bd5dd9ca01386a179c7bf511c17ea96ff2d72bc0ecb139a97a67a71a2c9244,CLEAR,DAYLIGHT,DRY,IMPROPER OVERTAKING/PASSING,2.0,37.5,1.0,0.0