crash_record_id,weather_condition,lighting_condition,roadway_surface_cond,prim_contributory_cause,total_vehicles,avg_driver_age,total_people,total_injured
1664abadf92ddc9061dcf82ef2754c020fb440b41663e35078fcaecff1b4c900aa68945beb57f537c797650f542742ce23759b9592633f0408f9e74509bd734f,CLEAR,"DARKNESS, LIGHTED ROAD",DRY,DISREGARDING TRAFFIC SIGNALS,2.0,37.5,1.0,0.0
1664bf9c9a65468cdd548d90e54d34a26b828222a0ec8149dc176783f18b57600aa7fba966464eecc8cc7808ce2e5a5d6ab0aff17de3b7b36804ffafe008b932,CLEAR,DAYLIGHT,DRY,IMPROPER BACKING,2.0,37.5,1.0,0.0
1664c201f618128fc8eb38ece03d5213f7d1861824a3d08e4eac5a4b7f8a501e913a720686b339428145eb01de9854e11b6471a2f785ef1fbcbb05aab442ebb9,RAIN,DUSK,WET,IMPROPER TURNING/NO SIGNAL,2.0,37.5,1.0,0.0
1664de9bc16888011fa35733909a6bbf9195caa5371ed92094241c8f14e6640c59577aab9e74b0128ae6a748d6aa4e1c9ce54c5f7f0540e05edbc087074e1537,CLEAR,"DARKNESS, LIGHTED ROAD",DRY,FOLLOWING TOO CLOSELY,2.0,37.5,1.0,0.0
1664fa0fa009a829bc6a49b3f175863084671b029dc1233615147955ac599d7a2206c9c2e899261a5abc46a8f6f75d6308fbef00539b4021e0bdd95dde817a0a,CLEAR,DUSK,DRY,"OPERATING VEHICLE IN ERRATIC, RECKLESS, CARELESS, NEGLIGENT OR AGGRESSIVE MANNER",2.0,37.5,1.0,0.0
16650ba8cee2164b20a0b0056668f6de03c6dc74d6e1e67414063d81a9f67fb20abfc134a6ecfed1e415516d7b04ed335e0483e91e3d2b0c6dfedcc69267bced,CLEAR,DAYLIGHT,DRY,FAILING TO YIELD RIGHT-OF-WAY,2.0,37.5,1.0,0.0
1665124d838f234cc796c4727baa22dffc607b0843a9fbf9630393d847c3756bd83daa1e3c596d4b49cca84a227c3843cc908cb363a314900d679a482eed9391,FOG/SMOKE/HAZE,DAYLIGHT,DRY,FAILING TO YIELD RIGHT-OF-WAY,2.0,37.5,1.0,0.0
16651e7f378516b7cd29262698d40fbe70080345c743e2865a5ce0a8b1b8a23167f30bae336bc031e90884670da111eb5a9ddb0a57cd537b59f3b6ba4352bf84,CLEAR,"DARKNESS, LIGHTED ROAD",DRY,DRIVING SKILLS/KNOWLEDGE/EXPERIENCE,2.0,37.5,1.0,0.0
16654a3774fe903a95dea7af8cde7ec447def1ce1247150dc45824a841d0df4c2a3669914ceb084dc64eccf0c3370d2d09f1895f5623870e9654033bd16783e3,CLEAR,DAYLIGHT,WET,UNDER THE INFLUENCE OF ALCOHOL/DRUGS (USE WHEN ARREST IS EFFECTED),2.0,37.5,1.0,0.0
16657da904e8fef11b8f34edce05db9c5632b11a5de08bc8d4a25e4fcf64b5d5ebfd6447caa09cf06d869dfec1e9186aaf3920e9cd99a280dca24fe5cffe5e86,CLEAR,DARKNESS,DRY,FAILING TO YIELD RIGHT-OF-WAY,3.0,37.5,1.0,0.0
1665a17249839394a4fe973421f82dff6f8664caae7337d471eabdeb81d0df723be0a939e1fba21b0525e15ae45d22adba3906308361f1013784dd2a17179a1e,CLEAR,DAYLIGHT,DRY,IMPROPER LANE USAGE,2.0,37.5,1.0,0.0
1666046686f36eac41a69fbbbccde0f0c4b8911e4e9d338a48229ad9e74473b5350b2f502d468526b06e4c1365768cd248f21ab7a54a0328163559c287e2bc6e,CLEAR,DAYLIGHT,DRY,FOLLOWING TOO CLOSELY,2.0,37.5,1.0,0.0
166618baec97db39590120399f12d18ab65d02e29ae5b06569f0c9dbd4da13aee0cd16d1924451374d1431e134c560cbfda0e74dda0122f4de153f645c070ba5,CLEAR,DAYLIGHT,DRY,IMPROPER OVERTAKING/PASSING,2.0,37.5,1.0,0.0
166622cb4008a80539ae5f521235aafc4d95b2d4a8c22772ab8c616666cdb2a94d51ed5b7210f8baf4ea284646686c21c25dad561cbf8b37542b6505257cae85,CLEAR,"DARKNESS, LIGHTED ROAD",DRY,IMPROPER LANE USAGE,2.0,37.5,1.0,0.0
166640e87a1a8839c3df42985e029449094fc64cf446d7b41a910d41f68a98ad7d7d7bc18c9f749f362f661ec1a18c65aa5a54c952aebfdc9844478ac28404f2,CLEAR,DAYLIGHT,DRY,ROAD CONSTRUCTION/MAINTENANCE,1.0,37.5,1.0,0.0
166662e93c7725641993ca02d69226857bdc566257f279606e8d7b77bf360624cc76a46ba46e88102826b9d96f8d5c9d717e690645e784bd9df60cbab9aa4a2f,CLEAR,DAYLIGHT,DRY,IMPROPER LANE USAGE,2.0,37.5,1.0,0.0
1666a4c5e0a59cf815c9e8e160a413f199606851eafe60904acf021de6a17d2e7edf54ca8ef10e2f916945dd8ef9472c006ca78d621152f3c8d8aa525d96a663,OTHER,DARKNESS,OTHER,IMPROPER LANE USAGE,4.0,37.5,1.0,0.0
1666b8349fa77f3219bdda98897e1abb36dc26c269f6bbffbe9293f8b645a7141e99f3f87f67ca8ef8cacd09f27560e83b82fecd1952ff175111348151fc6d17,CLEAR,"DARKNESS, LIGHTED ROAD",DRY,IMPROPER TURNING/NO SIGNAL,2.0,37.5,1.0,0.0
1666f0f750342895c385d3b85992633ef8f1c3789f678e870cdcb3c7becb5ed94b79b5302b1490faee0a7e37591d5b8917f1cb879508c8e3f44afab306a4ca12,CLEAR,DAYLIGHT,DRY,FAILING TO YIELD RIGHT-OF-WAY,2.0,37.5,1.0,0.0
1666f98df98cd69cfb07109dca9ea800983f116d60043f26246ad09602dda8a43fc0a6862b60f4841abf7cb556093d1b790fa22ec04602d957f0a84aa875137f,CLEAR,"DARKNESS, LIGHTED ROAD",WET,FAILING TO YIELD RIGHT-OF-WAY,2.0,37.5,1.0,0.0
1666fe8679adcef1398bc7e82971de0c684b50931fac39c663fd9754f6158fdb8fb1e4c6722eea04b6ae7e09b90657274f0fa6c1fa11d53f5c835e69da5bcf0a,CLEAR,DUSK,DRY,FOLLOWING TOO CLOSELY,2.0,37.5,1.0,0.0
16670ba30d47b5118a39bea7d4b8cb561bea3669655fb0d23308ab8629b11afb9d3a1415d0740990680966434e580e3c006ff8576b616817359f5a9c0e1c5d8b,CLEAR,"DARKNESS, LIGHTED ROAD",DRY,FOLLOWING TOO CLOSELY,2.0,37.5,1.0,0.0
166715aaaadd3cb00d6c8fc8cec2d82e7dd055c243cd40cdf14e6cc0bdfc6ad404500b2a73627918dcacc5343622aeb250843d14654937d8956596ef122b41ce,CLEAR,DAYLIGHT,DRY,IMPROPER OVERTAKING/PASSING,2.0,37.5,1.0,0.0
16671757ffea998a1a1b378ce8454e5832aa157168f981deae5a8c98e0a84ce0fd8d5cce3391bee86523662185d950fb2584dbc5a84324d17afbe16aa9ca7be6,CLEAR,DAYLIGHT,DRY,ROAD ENGINEERING/SURFACE/MARKING DEFECTS,1.0,37.5,1.0,0.0
1667623f1a9a6cb6f8d74f4e5c47d388e47f163272331c09820dcf8cbbe620db17a1ffd9ce63bb5be3bf17fc9b110c87aa7a3a0be6a34cb6ae8cb140d7171565,CLEAR,DAYLIGHT,DRY,FAILING TO REDUCE SPEED TO AVOID CRASH,2.0,37.5,1.0,0.0
1667637c8904344c015851e8185baf2188601a5a757f83911c9c6ebc7391be6f8c950e24407318235565974679f7273ee0494238110d277e689b6c4ff06af703,CLEAR,"DARKNESS, LIGHTED ROAD",UNKNOWN,FAILING TO REDUCE SPEED TO AVOID CRASH,3.0,37.5,1.0,0.0
16677198994eb3a4e365d80258fcfaf85b8f43d60faf945e7e3e236af644ab2ec9ff0e233f3b0b200b60f9951860c49d84ce45afd3ab7694d4ae5327eaf50183,CLEAR,DAYLIGHT,DRY,FOLLOWING TOO CLOSELY,2.0,37.5,1.0,0.0
1667a68f0ad27324e27da0b14d946fccca3521fefe5a11979edad670d3621568a04d64ec58b3bc890ffc966f7acc981ec64147e70a8a94169996a73f0fa45f7e,CLEAR,DAYLIGHT,DRY,FOLLOWING TOO CLOSELY,2.0,37.5,1.0,0.0
1667af4570ff47ce5f05e4f49db8aa24a3fc90a077c64efe6ed4fa0d1d4ee65ad0edba101856c10218e258106786a62e4b55a480c11ad988ea66ae9827fbd9b5,CLEAR,DAYLIGHT,DRY,FAILING TO REDUCE SPEED TO AVOID CRASH,1.0,37.5,1.0,0.0
1667c88c98e57f0d064cb15a1d26fad754287925ad08c2849ebb9d39201f31347ad11fdd06ece1aa9a16871d201a0bb75a627f70bb3da70eccead3897206678d,CLEAR,DAYLIGHT,DRY,FOLLOWING TOO CLOSELY,2.0,37.5,1.0,0.0
1667d987b6f8d05c51c1096ba3047791eb2f01e7e47f01a53693302a1f6b62a70cdf0c2ec973141f043c21b44006f3a5d670dce13a71b1582519410d1ce52937,CLEAR,DAYLIGHT,DRY,IMPROPER LANE USAGE,2.0,37.5,1.0,0.0
1667de72b691fcef45e72b362e5af80f1a0cc742dd7d0d8fd24c1d5681c431d2d8f35847a27eada6dd53f2a1bacb9507e4edee2dc95bddf013449f2172c79247,CLEAR,"DARKNESS, LIGHTED ROAD",DRY,IMPROPER OVERTAKING/PASSING,2.0,37.5,1.0,0.0
1667ef18e2500c680e1afb3ccda5cb9c40423d3989b9165fca114b9ea71b75e93867bc5e1b52785d01d01fcb15d7cd8ab3bef0219a4ff30c2893096b5a840ec1,CLEAR,DAYLIGHT,DRY,FOLLOWING TOO CLOSELY,2.0,37.5,1.0,0.0
1667f7ddd469e64cf787db0d2f76d9ca2212878716a03c235acd494fb560653e73a4e5a7c949f4b080554c2d32e8b2f7706c2614666b37287bb3c360e062114b,CLEAR,"DARKNESS, LIGHTED ROAD",SNOW OR SLUSH,FAILING TO REDUCE SPEED TO AVOID CRASH,2.0,37.5,1.0,0.0
16682141323d15f83f31596d466ed63118418cbb7fb3ade3f67f3af0598eb026e65a3858b49fcae0148253ad32277c69e4ffd68b0c574e8009a8089c3df0a7b6,CLEAR,DAYLIGHT,DRY,DRIVING SKILLS/KNOWLEDGE/EXPERIENCE,1.0,37.5,1.0,0.0
16682ce6847d6cfe0219765b21b68f23a10858a6f202dcf9e3be48bf73db2e7f1965f6ca482ddc1719dfc66aeb6ed95ae788298da5f7c2df9de17180839e641f,CLEAR,DAYLIGHT,DRY,FOLLOWING TOO CLOSELY,2.0,37.5,1.0,0.0
16685c85b6d510e626a7755614f0ee108fa158e5531d9e57c4ecce8ae4f4076be3e1b62f59cb05eb09c7980fe9b12aa64fc4ffd2f799fb23b8a89fab456ab04a,CLEAR,"DARKNESS, LIGHTED ROAD",DRY,IMPROPER LANE USAGE,2.0,37.5,1.0,0.0
166862e90c914a6d661067eaf45032530e04db7f00fae993a1b5a5676026a7f559bf3330e0db69f484401f48da4dc3bda66b3060cafb223eec791818df5d1ad3,CLEAR,DAYLIGHT,DRY,IMPROPER BACKING,2.0,37.5,1.0,0.0
16687b1fc42e8a4eb39d2e3ba08c2aae489e3c8d23c3053f32494818eeea2c2a2c662f59d57236e204afc92fb5375709744a2c4d08baa009779052b684c8cc9e,CLEAR,DAYLIGHT,DRY,FOLLOWING TOO CLOSELY,2.0,37.5,1.0,0.0
1668a17d4ae13afc6efce22e97835bbb3c86b9f2c713747499239dfe4548028234c8a1dc87ce24901606251e44bf7d94efa37a3ac68ae22bb6f5877c2126cc69,CLEAR,DAYLIGHT,DRY,IMPROPER TURNING/NO SIGNAL,2.0,37.5,1.0,0.0
1668b1566f80cb53b10a126f45b0742a4c0be9980aa5e6796d8447304d30f58361ea96bcc6c95e1c57fc00e38c316cbe5c8607adb5013b1a7062d7c59e217e26,CLEAR,DAYLIGHT,DRY,FAILING TO REDUCE SPEED TO AVOID CRASH,1.0,37.5,1.0,0.0
1668d746185964ba082af7a3d3d07057136badb99019f1a3b8ec7bc13c881c2f2394d980739f29f5af88099cbc6707267730dbac4be0ca4b54587c7d09e06871,CLEAR,DAYLIGHT,DRY,IMPROPER OVERTAKING/PASSING,2.0,37.5,1.0,0.0
1668dd53c42d9909ba9e0dc495ca89fd0bef873ed73ea26e33301a956c63f82189b57f5d896fe5ac9bbb8d92ed88f88a275e2c94d98e192522d62e06efeb162f,CLEAR,DAYLIGHT,UNKNOWN,IMPROPER BACKING,2.0,37.5,1.0,0.0
16690e37572b500dd353a1ce0abec1482821d27de43a5b5e328c9f5954c59b8db3e9e37d3f4570a5858408bf4791aea81d6f4a5d1f4f9ba6536fb4720bdfbe9d,CLEAR,DAYLIGHT,DRY,FOLLOWING TOO CLOSELY,2.0,37.5,1.0,0.0
16691a26cd585aca5ff7f3ee67d397075577ab55593b738391cc0d8dc5ce890be2ca7ce5ce6d1a40db6b444ea978d28c5d648434977cd972f2f8f47063f46848,CLEAR,DAYLIGHT,DRY,FAILING TO YIELD RIGHT-OF-WAY,2.0,37.5,1.0,0.0
1669615d4d0305935a04add4d402adca0e0cfe373886215a31aff549daf3f13ce9f4fd8d897e6009d1e0851352bf11a42f578a6dae2683005af6eb7178993e96,UNKNOWN,DAYLIGHT,UNKNOWN,FAILING TO REDUCE SPEED TO AVOID CRASH,2.0,37.5,1.0,0.0
166988a0dd3aedd81206764e3baac2ea75cd6d52d580bce3cd85a6e02b33aa2b333037ba82393756acf6cabd100d1181f66c4b88c141a9f5e0ab0159ba4b7388,OTHER,DAWN,DRY,DISREGARDING TRAFFIC SIGNALS,2.0,37.5,1.0,0.0
1669a052e8d9dc655faf2af76913a7878a2046dd59c2449263d51bf319e068c4ff9cb6093909d905875ab0aaf2072874682f7af0b818678afc1f36725d23050d,CLEAR,DAYLIGHT,DRY,FAILING TO YIELD RIGHT-OF-WAY,3.0,37.5,1.0,0.0
1669acf44e2a689712e4bd6ca4da89741d554abe0dd67e25c69dd771b747fc65934caa418b956a17f07716966d8e8d815ee36585d32955f1b72fe8de50c6d392,CLEAR,DAYLIGHT,DRY,FAILING TO YIELD RIGHT-OF-WAY,1.0,37.5,1.0,0.0
1669bea94882f89076031eeb5b3c3a2975d01645ec47991d910efaa577d378a204e9b19b2e3af7ec5f105bb0af3aaa66e1a23a06ffd7fe32de8457400624ceb4,CLOUDY/OVERCAST,DAYLIGHT,UNKNOWN,"VISION OBSCURED (SIGNS, TREE LIMBS, BUILDINGS, ETC.)",2.0,37.5,1.0,0.0
1669c608c587006b1e5efbdae4f18af8f01ff548939a6f56bedd0aa1cb8406bee53f074947ae327d27367134a87969fde4002a53e67abf4ccf117e0506d99b64,RAIN,DAYLIGHT,WET,FAILING TO YIELD RIGHT-OF-WAY,2.0,37.5,1.0,0.0
1669c81aa03d6b9a4412b7c252814a900cc70e05963adb1241be3c0150933bbaa3aaaa4e9c4d0aec721ea655fe17d18a29d5c866897a4f6b3ce99e4611da7d4f,CLEAR,DAYLIGHT,OTHER,ROAD ENGINEERING/SURFACE/MARKING DEFECTS,1.0,37.5,1.0,0.0
1669dc8679161897344c5fef9b9c8c9f4f03712f651dbd8dafe9bc81742f258ddeef26d7bb169a7bd6d0485c13269c1978b6a7ebde46278001c05cb25141b047,CLEAR,DAYLIGHT,DRY,IMPROPER TURNING/NO SIGNAL,2.0,37.5,1.0,0.0
166a05b3ec8a3c0a2fd0eca230a11dd0a38693381172f1dbbe3bdeef50f30588b7fb5d49cbc2215723b585cf64664f72c7b65355eb5390291e8b623fae1e3e7e,CLEAR,"DARKNESS, LIGHTED ROAD",DRY,IMPROPER OVERTAKING/PASSING,2.0,37.5,1.0,0.0
166a3a9125005691bbe419d4ca65380bb7877e3b7a63d3e154ebe3ce4e1f46589c75012766ac0430c103946b118e2ea581209d85b0bf07e39b056f6c18fb27b5,CLEAR,DAYLIGHT,DRY,DISTRACTION - FROM INSIDE VEHICLE,3.0,37.5,1.0,0.0
166a4dd5829f297b15858369510aae9c5d2159e800e14179b1955099df7c163ae64e600a8e32975657291bc6321fe5de521c000cf33c3b767ec1d74f0ab59a78,CLEAR,DAYLIGHT,UNKNOWN,IMPROPER BACKING,2.0,37.5,1.0,0.0
166a844c7a886d2db2f0663974bbb7b21c0113a5af886366a2b2b291d32bc2c6cde9e1352000db3bd7a4b9b7bc019f177165d16f50b07c0b90017ab7d83d4ffd,CLEAR,DAYLIGHT,DRY,FOLLOWING TOO CLOSELY,2.0,37.5,1.0,0.0
166ae49707de87913d0060e8071fc5ac876d3052cbfe99faa63fe218fa0f55b3e2141cd157caf3e2e3f9551081591b457bc5d65bc8d4dd18bb4b5923c9cd9065,CLEAR,DAWN,DRY,IMPROPER OVERTAKING/PASSING,2.0,37.5,1.0,0.0
166aeb8f3a9e6cf6db1d3f0b20777550ef52923494c3d43120bf7976cb6381f6bcd4665539c899704eef7d9037a350d9e06fb0f312c9bf974a1cc9ee75833b67,CLEAR,DAYLIGHT,UNKNOWN,FAILING TO YIELD RIGHT-OF-WAY,3.0,37.5,1.0,0.0
166b070f3a32a7ece41cdf211917e692622e8e4d1eca08ea5ff714b8ccdaf827e2bd7a91ab1fe5b0f09d008caf3dd081f80818721421db9ff985760077029323,SNOW,DAYLIGHT,SNOW OR SLUSH,WEATHER,2.0,37.5,1.0,0.0
166b2abde6bae6af82fc9bc06086f44d99f3953f61cf831f91f3efb7b3ea411f228aa173e911fde77acac1ad7bbdf7e073a907ace8d7f6385889d81bc6ff1ab5,CLEAR,DAYLIGHT,UNKNOWN,DISTRACTION - FROM INSIDE VEHICLE,2.0,37.5,1.0,0.0
166b340ca75c13e8143fe6b5c28ca538da1a40803b0d978a9b04a6b93b7248f2ccb9f844458465969b682a7e7319e6683347d346c6aa59c78b64ec26b8533ffc,CLEAR,"DARKNESS, LIGHTED ROAD",DRY,DRIVING SKILLS/KNOWLEDGE/EXPERIENCE,2.0,37.5,1.0,0.0
166b5102970e851eccfb6e6f16593e17ce66e3d5edf82af777ef932f49ed582280c762408baa3ba1c005569beff463ab22bd6f3bbb5c964dcd196b16b486e878,OTHER,DAYLIGHT,DRY,FAILING TO REDUCE SPEED TO AVOID CRASH,2.0,37.5,1.0,0.0
166b5ec3152ad1ed9dd16496d5478e122009c71500655136c4dd92a325dc7b682a3b2c7602e7a7b1e30e6d524884138bf8f01283bb5f474938028858234a8faf,RAIN,"DARKNESS, LIGHTED ROAD",WET,DISREGARDING TRAFFIC SIGNALS,2.0,37.5,1.0,0.0
166c0fe369323bcbb581df19e327b1f38bb7ec1d7206bbed3524cdc7195362e55d7905d0ee2fbeaa300a352bff7a29372d4a4b5803d1d86ce05c5fa0e67dbd9a,CLEAR,DAYLIGHT,DRY,FAILING TO YIELD RIGHT-OF-WAY,2.0,37.5,1.0,0.0
166c2a925f46f1052e94ad40f3c5dc799a3bfcc660bfa663c6080382138c45d9fa1efe9737819866b8e1627429e39234e20f42b911ba78acde7a5d80ba6bc7f7,CLEAR,DAYLIGHT,SNOW OR SLUSH,FAILING TO YIELD RIGHT-OF-WAY,2.0,37.5,1.0,0.0
166c2e86cdb58d019c72b48ea0a71590aa446f3a9b678bd5daba30a0ec61a958a7e093af1e0de38f74485ff95f88ebf18e446c558395435a4a305bb3632cc32f,CLEAR,DAYLIGHT,DRY,IMPROPER LANE USAGE,2.0,37.5,1.0,0.0
166c32f64783e44f0e2408abe1be63e1438ce8bc342818e5f29d18b78130722caac929c3956a387a6167e3f41779d7160c89602c2869236aceda3ee4af34d1b4,CLEAR,DAYLIGHT,DRY,IMPROPER TURNING/NO SIGNAL,2.0,37.5,1.0,0.0
166c3b1c7aa81c724c4fa0df281502f3d5067cde52f5bc94cf10a6b0117b6475411eef2732b2ce407e535c1130f70e9ee6653dc29c9a1a4c44489e814d6357e5,CLEAR,DAYLIGHT,DRY,FAILING TO YIELD RIGHT-OF-WAY,2.0,37.5,1.0,0.0
166c6daa9f7cf92c3a1c750172643e7a853ac84fa0738b95abfee5a7e253ddb9ef6147959f1654b07473bd238b4627d651f5284f376e541c740e2a8207f4d42f,CLEAR,"DARKNESS, LIGHTED ROAD",DRY,FOLLOWING TOO CLOSELY,2.0,37.5,1.0,0.0
166c706e02fcf3510a01471c9c33fd7b7e1b127448cca217dae91c0f269228b1960b455368235a87d2e4aed34379cc6ce6284df9a599b82267524510f193d525,CLEAR,DAYLIGHT,DRY,FAILING TO YIELD RIGHT-OF-WAY,2.0,37.5,1.0,0.0
166c7b0f87adf73e545948c2bb00e83cf37ffec11c2b9e3931b12ad5eb96fefa6214d4e604d2f345bc5f9b4adc2e259bb64c79f6734b9623bf4a7ecc866879af,CLEAR,DAYLIGHT,DRY,IMPROPER TURNING/NO SIGNAL,2.0,37.5,1.0,0.0
166c7d73ae7194f6d71434686da63e9f9534eb773ee4224fb2758cb0ce68474f91d84afdda0daac695007799a3a19c6ebcc62537b1fc147c60c2141b920f35cc,CLEAR,DAYLIGHT,DRY,FAILING TO YIELD RIGHT-OF-WAY,2.0,37.5,1.0,0.0
166c9611b422c3fa8e29dcd0036681f8b5bb3ff49fac1a7f8654b527c4d8107e9cc9970ac25074fe4688f696bf0e9e469699bf8d62dcecdb872b18b4023a39ac,CLEAR,"DARKNESS, LIGHTED ROAD",DRY,IMPROPER LANE USAGE,2.0,37.5,1.0,0.0
166cb7365ac1148269b8fcf9fceb375d171c69b56b8bb101008a635155000e4202e75f85bb7586a839c82ff653d8fbd65c1f15fbb87b226319bb2b2362ab9293,SNOW,DARKNESS,SNOW OR SLUSH,WEATHER,2.0,37.5,1.0,0.0
166cde2c5b1fe36aaf2e42ef954f635d8d2c3df9fdf944bf526a31a6180e6751059cc8de8b1cda941b99682c5f0af7aaef0ff8737a203c6cd4e6ac9d1ac02b07,CLEAR,DAYLIGHT,DRY,FOLLOWING TOO CLOSELY,2.0,37.5,1.0,0.0
166cde571d3748054add582687105a44e9ae84ce1c9f301047646228015a3f69d95d4f73e467983faed51dc6be8fe4c1d88187e4c91aa5f0d40169f94b7ba1b7,CLEAR,DAWN,DRY,FOLLOWING TOO CLOSELY,2.0,37.5,1.0,0.0
166cecf101a297fa42ff60a2b19e76e8cb0938420140e0b71be911adbacf0594648a8af3bdd0d7ab20d197086286fb11e125b11e83d0be2801ef82d2790ac9f5,CLEAR,DAYLIGHT,DRY,FAILING TO YIELD RIGHT-OF-WAY,2.0,37.5,1.0,0.0
166d06b3557dfa831039cb89eafe81adcda8b5ed2097b0ee62635cf5d2bdc8c117fd8950101f7f41c93b29052facad91bf124593a48ee73b327354df82ee9934,CLEAR,DAYLIGHT,DRY,IMPROPER TURNING/NO SIGNAL,2.0,37.5,1.0,0.0
166d3ec85565425e71f98c1b2b48961148a67c2c1b9c6569e3d4751d7e7cec9ce0122b6d80215538ab5f2942421f677cb1dc2f5de760c6fb2b421c12fb0486f8,RAIN,"DARKNESS, LIGHTED ROAD",WET,WEATHER,1.0,37.5,1.0,0.0
166d51a03669061f1a0d23559a9e6e4b6eaa82b9149cfe323d8736ef57c9f774b3bd3c17915e4dbc87c7b8e83036577295facf2c7da16b74deb61f682abe3d24,CLEAR,DAYLIGHT,DRY,IMPROPER OVERTAKING/PASSING,2.0,37.5,1.0,0.0
166d6967618c689559cbec520cca7d1edf1f2760c6d7046768647b7bf8d872c35e34099ae7ce506a52a54da68ca87b6713dec08e8a6fc8b18f4075da21289954,CLEAR,"DARKNESS, LIGHTED ROAD",DRY,FOLLOWING TOO CLOSELY,2.0,37.5,1.0,0.0
166d926db12646277acef9a9d32b18fbe5d76574f2f16d365b804b7de04384b703e20ee15886d6a85dfaa0806823377f667c519438857adfcbd286f5f4e719e6,CLEAR,DAYLIGHT,DRY,FAILING TO YIELD RIGHT-OF-WAY,2.0,37.5,1.0,0.0
166d976e4d66fe951f956b603a02b7ae466065b413cf720bc71769f56476123c3a7aca61398ae15ba2511350f2a713e97995ec82b65abade8a0a1cd9fdfee568,CLEAR,DAYLIGHT,DRY,FOLLOWING TOO CLOSELY,2.0,37.5,1.0,0.0
166db138c83a9fcf122b960ce854ed05f16ab92223b73f6ebef42aaafa3eba018a6ac2a21d1108058c67234394ad5280b163f3316466cee3e018609e6fe2f18b,CLEAR,DAYLIGHT,DRY,DISTRACTION - FROM INSIDE VEHICLE,2.0,37.5,1.0,0.0
166dc6ec9ef7e2b1807df0d78ab03b30c049b16d0bbb9fa296f1d0b5486898cc3dc796c2e2f2f9bb29bcbbc82bdb50b230cf81a10b8edbfe56cd906b662ab032,CLEAR,DAYLIGHT,DRY,IMPROPER BACKING,2.0,37.5,1.0,0.0
166de5619e73d68df207c72328ea2030b4a5f3dc2bc826df76cc82d9ad00569c615105ae632479a74950d4684496e5a2384162f666c93122e1d603040c1d72cb,CLEAR,DAYLIGHT,DRY,DISREGARDING TRAFFIC SIGNALS,1.0,37.5,1.0,0.0
166e015a4f906e3382646b293aad3d82d09c2acc77cdef9439552807b65187334faefe95ba83e85df9903aaa341c5747660fd6df5dad75d4cbeaeebdc69674cb,CLEAR,DAYLIGHT,DRY,IMPROPER LANE USAGE,1.0,37.5,1.0,0.0
166e0cb5b8ce188bb2c015d545a5e9c03a7c499e2dc19b87bcbe763ebfd2fb67e7cf9120f2684ade02ace15e18a3e8a5ea89ee8ad68713a33ab9e5ff42223db4,RAIN,DAYLIGHT,WET,FAILING TO YIELD RIGHT-OF-WAY,2.0,37.5,1.0,0.0
166e0f045f8563b89197dced46788c85dd3e351beb6aacfa9f54efe7970ffa0f95c560f437e6d01e0917c608981f1443dcecebdf40ecd72a95091b75de96a6ed,RAIN,DAYLIGHT,WET,FAILING TO YIELD RIGHT-OF-WAY,2.0,37.5,1.0,0.0
166e2ae34d4caa0f8c82dc8a2a822b64486b8b42a166e2418e18214b6e90f68930a8c133d305ecaf40d864658de55678ac08487abf840c4e9560a2e08dc6361d,CLEAR,"DARKNESS, LIGHTED ROAD",DRY,FOLLOWING TOO CLOSELY,2.0,37.5,1.0,0.0
166e54f354dc8b8146e0db6c67dbfd64dd2bf0df7acca3a42145e1db9c3d7dde247ce1cb0103b1ecb817daab5a3219c9ddcf530a0b0c0d2f7b87229004c1b50c,CLEAR,DUSK,DRY,DISTRACTION - FROM OUTSIDE VEHICLE,1.0,37.5,1.0,0.0
166e8a439d47ac4bd9cc49d4a7024c7d6842cbe5892dbe2de6560e13a5aa40b412bf580279a2f938f01e5bd9148fc8e9438b43507a32ac4815317b0f8b6561b5,CLEAR,DAYLIGHT,DRY,DRIVING SKILLS/KNOWLEDGE/EXPERIENCE,2.0,37.5,1.0,0.0
166e90888a9dcfe3399554df23600a9a37b427a9d933216971de50ab0be1f92e9589b86117846d82e1aa67057e4e6e2c16b39ebba0328e921e189968e106ca78,UNKNOWN,UNKNOWN,UNKNOWN,FAILING TO YIELD RIGHT-OF-WAY,2.0,37.5,1.0,0.0
166e945c74945254df1b5d43b13f8c41cf56c24b404315ce39df12a46d8b98d984beda3696757eea90847cc6b0729750dd00691e8371b35c2a47112fd6b09288,CLEAR,DAYLIGHT,DRY,FAILING TO YIELD RIGHT-OF-WAY,2.0,37.5,1.0,0.0
166ed4578f67546ee5d24a6b381c60948259904509b4ee5552a50622c6b0209a39488e23d37e3a1a6f91870645b1800791bda5d7418943e0f67340ad6fbe9128,UNKNOWN,DUSK,UNKNOWN,FOLLOWING TOO CLOSELY,2.0,37.5,1.0,0.0
166f2612983bfe6b720cf874d91ad10022a11225a51295232084141608e8478220495c23b042d0e982d1c8adad052900e81047a500fb1544b6214d755238da78,CLEAR,"DARKNESS, LIGHTED ROAD",DRY,FAILING TO YIELD RIGHT-OF-WAY,2.0,37.5,1.0,0.0
166f29dbe66222d06588de0cd147bb60d05e920835539b1ee1b47979116eddc2e0a26c49901bc874d906f46e566c1bc1717a669ba923beb00de24ace21a10bc0,CLEAR,DAYLIGHT,WET,IMPROPER TURNING/NO SIGNAL,2.0,37.5,1.0,0.0