crash_record_id,weather_condition,lighting_condition,roadway_surface_cond,prim_contributory_cause,total_vehicles,avg_driver_age,total_people,total_injured
166f5c441e18e283137b992100aeea62516f202a6282a99ca617643ebbb43c3e3f9b498c4b511ff2a2633ca839485774f8e731770d5c571412a5d59025433a4b,CLEAR,"DARKNESS, LIGHTED ROAD",DRY,FAILING TO YIELD RIGHT-OF-WAY,2.0,37.5,1.0,0.0
166f61b332d94fe8ca5b612854679e0880262bbda077326c143564f31d22d044fd92da57c5cf5b2cd5fdfa33cd89d0ff138dbb09b0dcfb18e7d0e1d25c222de0,CLEAR,"DARKNESS, LIGHTED ROAD",DRY,FAILING TO REDUCE SPEED TO AVOID CRASH,2.0,37.5,1.0,0.0
166f73f9d3a830d1949cf070f98178c99e420895176c0aec68b8c791bcc66940946421fb4b5ce31808337808aa94132695c260d9ec57e61d8fbac6ee87c70eae,CLEAR,DAYLIGHT,DRY,IMPROPER BACKING,2.0,37.5,1.0,0.0
166f924fe944af035362fd9c8e02a7753fa06d50892439a57952fcd73d07b533a68846cc78d76236be1d03ee7ad2b9a62de1396a35b6523dec44dcdc6840d4eb,CLEAR,DAYLIGHT,DRY,FAILING TO YIELD RIGHT-OF-WAY,1.0,37.5,1.0,0.0
166f99aeceb6688fe15b03a574fc577a58009b3320f2633e85857e3154bface2738af8b28a17f340f49cf381df755f4eba4abff2c15dc54ac60323b35ace5c9e,CLEAR,DAWN,DRY,IMPROPER LANE USAGE,2.0,37.5,1.0,0.0
166fb900ea35f1bf3441bb04a859cf5401518921cf176e23cc31ce531d8e80369ec268a4f9bd0df3dfabeebfde26b0e9c51bcf17ef89d1538cb656805b632712,CLEAR,DAYLIGHT,DRY,FAILING TO YIELD RIGHT-OF-WAY,3.0,37.5,1.0,0.0
1670181ed10a019a99539aa360b64a2abd4275a37096dfb905fb03628cdef401c32f1e6a7c6926ea683c790922ac57037c609492483b3e463142ef999497d8fa,CLEAR,DAYLIGHT,DRY,"DISTRACTION - OTHER ELECTRONIC DEVICE (NAVIGATION DEVICE, DVD PLAYER, ETC.)",2.0,37.5,1.0,0.0
167020db2a9457c63d69856170f78b2ebe995737c069e75f3b00f68e08e9d7a931b4b2b2747a7171ec8d691b2a87d3c7881cf374deeb49e8bc0ac982d34805bc,CLEAR,DAYLIGHT,DRY,IMPROPER BACKING,2.0,37.5,1.0,0.0
1670661ce4e1a1a075e2827a4e26502ad6895819cf381fdc1e32a2fde708e8fd2b7f1670e8a0dd3506137a430963c4a3505b42d78aabf5591301f92bb949da26,CLEAR,"DARKNESS, LIGHTED ROAD",DRY,FOLLOWING TOO CLOSELY,2.0,37.5,1.0,0.0
1670a998b95639b566aeaae5888e60c3a861048ad81f780d2e19d6ccf6786ffebcd8c6ac8f3c9501613192059000873d55c7ac083bcfe7f06a8666334f970179,CLEAR,DAWN,UNKNOWN,DISREGARDING OTHER TRAFFIC SIGNS,2.0,37.5,1.0,0.0
1670acc9356a8e64c60a559cf4d3d7686c0a6c58ee8fc3e439b872025314106e3003d129cdb775aaa806f7806b230a63e631fc5e48f85ad484c7ed0844257c8a,CLEAR,DAYLIGHT,SNOW OR SLUSH,DRIVING SKILLS/KNOWLEDGE/EXPERIENCE,1.0,37.5,1.0,0.0
1670d5f5fb29dcc064d5dc1f0ad0d8147e6542a08f21cc815c8928af3fcf894fc8dceeb5b8264106464eba91e7809c6595f9b9e6a7bac729ecbb78e01052fafb,CLEAR,DAYLIGHT,DRY,FOLLOWING TOO CLOSELY,1.0,37.5,1.0,0.0
1670d9492366ddbf5502139c6caa06369943ffc36d9ae9d183d8ceb8d9936829090699e1c8027c8080860f8aa41c5b2b63da9471ab1de09fbefe01338c51a965,UNKNOWN,UNKNOWN,UNKNOWN,IMPROPER OVERTAKING/PASSING,2.0,37.5,1.0,0.0
1670d9b31242918d314bddd7799e9554df4b8506f3a0a335aa94ebdc34a3016a57846e295c8abf2cabfbed5a3dd2dc10e82b490676a08403f499661e3437d743,CLEAR,"DARKNESS, LIGHTED ROAD",DRY,FAILING TO REDUCE SPEED TO AVOID CRASH,2.0,37.5,1.0,0.0
1670e1d996f0b87854ce3c91669dec8f16b6d1eaedab83e940de986da2f01e3106bb30faaa361a41a9a3ff3128f5e3f8c7423ad5b47e7eb0115b4a61a41dc45f,CLEAR,DAYLIGHT,DRY,FOLLOWING TOO CLOSELY,2.0,37.5,1.0,0.0
1670f16045894b0ccf5891cc1924a52129f680173f52f2c92d2bf3bb6d6fa4c5ce07552506c9d2e4c4c4cd2476adf1f42a02782f6b90924ec4fd587125c3830b,CLOUDY/OVERCAST,DUSK,UNKNOWN,EXCEEDING AUTHORIZED SPEED LIMIT,2.0,37.5,1.0,0.0
167109f69b50c50176d64c6a173ab91ebe774d7b57a358bc5dcbe8526c31a993ea1bc6efb5af0ae0656a6c8290104da4270a0ab3d82835bd28895a8e17c19bcd,RAIN,DAYLIGHT,WET,IMPROPER OVERTAKING/PASSING,2.0,37.5,1.0,0.0
167149d54d06811250792c30d1cac530b925c5280e3702cbd6a2c5c29efdeaca34ffa4124d3274c892ff3053c95a35cdbe601a0df887671043837e7c09a91f68,CLEAR,DAYLIGHT,DRY,FAILING TO YIELD RIGHT-OF-WAY,2.0,37.5,1.0,0.0
167158639f64633e72e510d7bb6c1ad5c3a9fe0e238367734037c0a25773c2b6c22ad8bb06c91a57125c2495d6404f361e93b1b4de6366d7c6ad551e40337478,CLEAR,DAYLIGHT,DRY,IMPROPER BACKING,2.0,37.5,1.0,0.0
16716d107ba38debca9ce9c2e6b3b6869a0c650c2b9f2f27432720dc2b0dbfd2f9f0dd5009d18ba3f5bd5aceff6a1d623ed9bff1e0952a8dea8b434eb2c20eab,CLEAR,"DARKNESS, LIGHTED ROAD",DRY,IMPROPER LANE USAGE,2.0,37.5,1.0,0.0
1671d2d19138bb81cb7a1bd5368087299fd8440b9be246970c54f0079f2cf45896b3f145b99c12aa0090c38fb2940b53dcd7bc88b864c2441f990e8d4e71bdb2,CLEAR,DAYLIGHT,DRY,IMPROPER TURNING/NO SIGNAL,2.0,37.5,1.0,0.0
1671fcb7eeabe04dd5f4e2ec04e3b320789394f168a4120b32e7f6f833a8d5cc24d0106ac07826140159703d6fe90a252cbc5e0faa0c603b1a9f13064636a92d,UNKNOWN,DAYLIGHT,UNKNOWN,FAILING TO YIELD RIGHT-OF-WAY,2.0,37.5,1.0,0.0
1672127c7b0cb77e4be89940cab99d5c55f36d17ae1734490a16ff443c5e3d32e27787f7646e38f9cc6b751d8949911c6235261f2592aa0d419112eafb23f12c,CLEAR,DAYLIGHT,DRY,FOLLOWING TOO CLOSELY,2.0,37.5,1.0,0.0
1672ac073e2e0bc5f04330860c12ead8ee1be593582e261f59518091c7eb63a959cec837b174bce0aa4210b4390ba1ead67a4614b24f6d14dd06e7ee9caf3a2e,CLEAR,DAYLIGHT,DRY,FAILING TO YIELD RIGHT-OF-WAY,2.0,37.5,1.0,0.0
1672f2ed93fa8b30680bb0b6c916d1e05fdbeb58e37807d11b462621d876a57845499166cefd0e4bec44e1652e33cf14c0f66967eb71c79100d9e52e8dd5e982,RAIN,DAYLIGHT,WET,IMPROPER TURNING/NO SIGNAL,2.0,37.5,1.0,0.0
167310d6afa30d6044bce5ee417e17848ff17359d1f82f8a17a1b1cfcd0bd261a83b488d80b8705721b6d68e2d5fb16dd10aec65e4b56daa1995163133056585,RAIN,"DARKNESS, LIGHTED ROAD",WET,IMPROPER LANE USAGE,1.0,37.5,1.0,0.0
16731135a45610b3daa427a0f58f867f66277f959f3c9e2a769373cc67fe837c772882131e4e033362ea2fed2d8ef430847c2cb485b02310525c5d3b8c758820,CLEAR,DAYLIGHT,WET,FOLLOWING TOO CLOSELY,2.0,37.5,1.0,0.0
167322568ec2828757473b2230cb648083690b2796da1ada7db6c6018bff0e10aa7a9f3a6bce10de17191a55d0b943bfed1c56673d00d0040c992ffeead91953,CLOUDY/OVERCAST,"DARKNESS, LIGHTED ROAD",SNOW OR SLUSH,FAILING TO YIELD RIGHT-OF-WAY,2.0,37.5,1.0,0.0
16734ea2544c42d5a185be65433f49c05cea23d623ef64344f85638c7c517a5c205abf3a8e8db5112eb807e2bdc807bf7f831d14759e717e17e42d83acefee05,CLEAR,DAYLIGHT,SNOW OR SLUSH,FOLLOWING TOO CLOSELY,2.0,37.5,1.0,0.0
167351ef916ce94138fd8a5b73b60bf0e601b4a163e7243114aa202647cc7432c4ecb8bc1561fd70a4f462ea6fec27d937cf97f0267536db413f8f903a76af10,CLEAR,"DARKNESS, LIGHTED ROAD",DRY,DRIVING SKILLS/KNOWLEDGE/EXPERIENCE,2.0,37.5,1.0,0.0
167356de02ca7e8bd9b1c297b7231052bdd4c6a146557c4da92aa090a4ca7b79cfb66e3bf319081bdf5941f83453c0c7fbb6baf433332df395fd9b06820dfcba,CLEAR,"DARKNESS, LIGHTED ROAD",DRY,IMPROPER OVERTAKING/PASSING,2.0,37.5,1.0,0.0
16735fab9823b7bba8e6a399797256c17d3d10c7b5ef30f56e02da6350ee251bc0be985d2cadb553ddae239130769685f8dbc3554421cd1795d78d21f4395608,CLEAR,DAYLIGHT,DRY,FOLLOWING TOO CLOSELY,2.0,37.5,1.0,0.0
16737604323f4c385de9376d9d6b8d2fb42579d5df26d87a6f43eaa47f43a9d4190ec9b8c9d6b9afe874eec57fa68698275408dc21c0726bfb4742011bcc9b93,CLEAR,DAYLIGHT,DRY,DRIVING SKILLS/KNOWLEDGE/EXPERIENCE,3.0,37.5,1.0,0.0
167380aee2e4372e074f84b21056649d36e51f363a03962b39150a0182abaf4ed9511efd8dd3cbbf7048be5d786e54f7debf9d2127b6ff869bab9be7341a1e80,CLEAR,DARKNESS,DRY,FOLLOWING TOO CLOSELY,2.0,37.5,1.0,0.0
16738c12c39a49af4be5800ef0a5b65b518c5e1553fc43d196987cdace8c0a3556d4a905957461d1e0662361797dbcb8e37f95e977c5a9c69d72ebb542ad9c8f,CLEAR,DUSK,DRY,FOLLOWING TOO CLOSELY,2.0,37.5,1.0,0.0
1673ad2f652bdc6a358d7fe7cf8613a6d87431bcdf5763be48cef753bc054f97113794493f5bc7f1489c54d0146a3b9a7e696cde64ef5ac426ed287aa4041dfc,CLEAR,DAWN,WET,FAILING TO YIELD RIGHT-OF-WAY,1.0,37.5,1.0,0.0
1673b7a9eeec15fdfb1551cd23e3d1f8a7e63f9019076398944318f1df4684704848ac1b3a8b171110b79850cfbc3e42327f09b1a3d824d4913183570e4ad094,RAIN,"DARKNESS, LIGHTED ROAD",DRY,FOLLOWING TOO CLOSELY,2.0,37.5,1.0,0.0
1673c2d9fbadb82d19e970700861a8664042ef73180307d0b089b8d8da79a0d0920b6722d1124a465724b9b15f27a1134a5a20a15063d1275554522bf66c2475,CLEAR,DARKNESS,DRY,FAILING TO YIELD RIGHT-OF-WAY,1.0,37.5,1.0,0.0
1673c81f87e7873daa2790696c2ba6b81b6d2876b696a6db37d50def4c3ef982a84a6326f43781c9da63ee0da8ccf6f72a959149f324b48b9527776eacd0ce59,CLEAR,DAYLIGHT,DRY,IMPROPER TURNING/NO SIGNAL,2.0,37.5,1.0,0.0
1673d2af291513f54931a575d7c5b04983a417f7bc6d57089af9cabc231c2ce21dfbe91199f900678098cea4ce3242c94269498b33162de8f2a03e50a9dfb1ec,CLEAR,DAYLIGHT,DRY,IMPROPER BACKING,2.0,37.5,1.0,0.0
1673edb5b27215e230183c3019fb6a407662826ec06d5f6d2278418148e78985981619642db1fabed8ab60ff84580748db0c22bf05618b0d2d70822814c817e4,CLEAR,DAYLIGHT,DRY,IMPROPER OVERTAKING/PASSING,2.0,37.5,1.0,0.0
16740f2eec1440448674098ef87ba838dfb7b13306e8f61b848f415e416fd7efb2187313df36392ec56616aa2e2f5801440259e355d2cab9f3a386ee63f07e1b,SNOW,DAYLIGHT,SNOW OR SLUSH,FAILING TO REDUCE SPEED TO AVOID CRASH,2.0,37.5,1.0,0.0
167420f9502d11829b53b7d9b2d9e99c7d6dff1d986e68d0118933943b2ff061b454d1b526ebcc2e5a3574c03d1aa573ca26381773a44e26dd590a5e78b05fe0,CLEAR,DAYLIGHT,DRY,IMPROPER LANE USAGE,2.0,37.5,1.0,0.0
16745a66daf0869c726c50718200c6dadc66c7ab705629000d98bdfdb07372f1044ef035a0e102c3274bd3c3584c0cb32e308c3b819161f1f99d2185b6012cb8,CLEAR,DAYLIGHT,DRY,FOLLOWING TOO CLOSELY,2.0,37.5,1.0,0.0
1674730d3ed05dd7586722d9c37e50d0a30ec1b237597c6b445aa14d6cb52fcbb84e4841d0901558b9118a82ceb6385e77539547b61133cb5ba0322fa8fd642a,CLEAR,DAYLIGHT,DRY,FOLLOWING TOO CLOSELY,2.0,37.5,1.0,0.0
167488fe572f4e45fba35aa1db50214338ed4a4d503834eff50c6ea2ecfaadd8c5304ccc07c34f64aa746e0c7eb381144d138b3824a430e99deb7abac801d706,CLEAR,"DARKNESS, LIGHTED ROAD",DRY,FAILING TO YIELD RIGHT-OF-WAY,2.0,37.5,1.0,0.0
16748c431033185addf64d2d4a5ee6e5cb2d2d129fdd23098ffb58968df7d51c5e4842b3a50fc923721380bd18645d812ff0aba2fc132d0f731c5c2f9e0e28a9,CLEAR,DAYLIGHT,DRY,FOLLOWING TOO CLOSELY,2.0,37.5,1.0,0.0
16748d18a7b4118f1c0799bb725e888d146c9de1938c1e07229ec075b10f10d80daa557f917fd9d22548c4e7e37731a0c2be41ed166840d198fa7ec9f24d5a8c,RAIN,DAYLIGHT,WET,FAILING TO REDUCE SPEED TO AVOID CRASH,3.0,37.5,1.0,0.0
1674e4ccbbfc470fed3b0fc40205619654b90fbca19f084480045c8b30159550b80ab58bf9dd2d8144f67f2c38f44ebd280afe0996841691dc3a69dcfb83e0c5,CLEAR,DAYLIGHT,DRY,"OPERATING VEHICLE IN ERRATIC, RECKLESS, CARELESS, NEGLIGENT OR AGGRESSIVE MANNER",2.0,37.5,1.0,0.0
16753ef258853ef29435c6e40bf4915e2b5e912134bd82f36e04a62814920500acb16ee9e662353c6b9b0149da0c3e50c2b025e4b91359ea65974533a7b455dc,CLEAR,DAYLIGHT,DRY,EQUIPMENT - VEHICLE CONDITION,3.0,37.5,1.0,0.0
167546920ef28f3ec3ab5396ac477cd78cb1fb9c2b011bc63c6d074376ef11f2e9f40a480c812bf586078fd2be2372af50ea1c8e2a4992b4cf8f3a1f847b3604,UNKNOWN,UNKNOWN,UNKNOWN,DRIVING SKILLS/KNOWLEDGE/EXPERIENCE,2.0,37.5,1.0,0.0
1675480ad2edc208ac2e58a725f97ae08497dcd25dfa217a0fbe8a4c5352eb8da5c832eba1dd202ffbf8e4aa5f7c8413c6972fac7a7e74295f76f6ec9b9bbc26,CLEAR,DAYLIGHT,DRY,DRIVING ON WRONG SIDE/WRONG WAY,3.0,37.5,1.0,0.0
16756383d9844a27c0412b8592b16fd607af106b1531c23767cc8fafd0c34134da0bc4a72178ef718854cd2df98c23527d9ee9c02d087f8ce228007e80e892ff,CLEAR,DAYLIGHT,DRY,FOLLOWING TOO CLOSELY,2.0,37.5,1.0,0.0
1675662dbba3b2d47ee3a96fc26e3511c73a20e6184d0d229346e37e44654411521c5ad823f2fd211b7c4c0c049ff339e8f2af91c19c9daf0e807850e826f6e4,CLEAR,DUSK,DRY,HAD BEEN DRINKING (USE WHEN ARREST IS NOT MADE),2.0,37.5,1.0,0.0
167570679e1afc971f287dad940fc64af577a02dd4edd79a0b4bee77e641975047493cd20050cdafe95123489b19e8c2c3db05fe1a8da422bffaf498138b4607,CLEAR,DAYLIGHT,UNKNOWN,IMPROPER OVERTAKING/PASSING,2.0,37.5,1.0,0.0
16757204ab8f4b3c8c730d579cdf4d9a8be9c91ad355d5614e3061526692970fe7c450e31fd0898aa6fa4e5ac83fe3b186657019747c8f53c8226bdff9476fb5,CLOUDY/OVERCAST,DAYLIGHT,DRY,FAILING TO YIELD RIGHT-OF-WAY,2.0,37.5,1.0,0.0
1675b243942fde5843b1566675412a6e408c21bcfa5263961d213f7af417a2357044e6e7a2d4e98a999c1ac979f468099faeb06b961a00e8af126db145b7dfbd,CLEAR,"DARKNESS, LIGHTED ROAD",DRY,IMPROPER OVERTAKING/PASSING,2.0,37.5,1.0,0.0
1675c4ac8964432979a03692bd34a203c6573d3f09e125876762d629946f367e88a43c7b587e2225de96c49442130feaea81b2efd5ced9a992310f3c62fb1a92,CLEAR,DAYLIGHT,DRY,IMPROPER BACKING,2.0,37.5,1.0,0.0
1675c95a8b8dfaa5d5c29cd02939e5bb2fbc05e6c446d2a0017a0ed9246d71454136bc795b56876cf3289fe2f5c874702766ad958b8f2b31f4672c8edd1a56e3,CLEAR,"DARKNESS, LIGHTED ROAD",DRY,UNDER THE INFLUENCE OF ALCOHOL/DRUGS (USE WHEN ARREST IS EFFECTED),1.0,37.5,1.0,0.0
1675d7380f8245e6eebe7c99b722a340d841c74761ace95ea9a28dc468f64f34365347809beba724f67dc97ab78bed2b4ede6cb26a1bcab98ae0703cc12464b4,CLEAR,DAYLIGHT,DRY,FOLLOWING TOO CLOSELY,2.0,37.5,1.0,0.0
1675dc1ee17c407506ea7122abaf1255a8daa8794749b1ab7b942e5768bbd79499966dc8639a040993309f5a8a2d81692cc5aed408e6cbca5e24efba02d3ae66,CLEAR,DAYLIGHT,DRY,FOLLOWING TOO CLOSELY,2.0,37.5,1.0,0.0
1675e32c575f4151d086ac555760ae2a0b70c1b2f92f615ba8fbddeaca49e1e33107bc96a8f3ce23a3d501a5f4944e41fecf575b0ce616e66686ac6cf532d918,CLEAR,DAYLIGHT,DRY,FAILING TO REDUCE SPEED TO AVOID CRASH,2.0,37.5,1.0,0.0
1675f3d113341c39404f3660692dc05e3814095ec731590debdb8acd6752f5e7ea308279eaf487bf03571461cc6adb11abdd12b7faabe31bdfac5f9c05a44bf0,CLEAR,DAYLIGHT,DRY,DISTRACTION - FROM OUTSIDE VEHICLE,2.0,37.5,1.0,0.0
1676155ef4b44f153956a1aee45d73c51e00e448aa58d83c241a7de5417caa626f0daf516b82307478fb74d018c3e555f42f4e339507555e8474f665158f8777,SNOW,"DARKNESS, LIGHTED ROAD",WET,FOLLOWING TOO CLOSELY,2.0,37.5,1.0,0.0
16763eae22b8eaccb9863368da6b3b013590081bef403c07452872dd4ff05e545b4da2dc39c5ff0eec2b5c3e9f87710f81dd7176ffd85bb24314b4b8464a648c,CLEAR,DAYLIGHT,DRY,FOLLOWING TOO CLOSELY,2.0,37.5,1.0,0.0
16768a0253fed1c2310666a90d361eddd2d5059cbc5e6e2cab180615867965f63ccf83b91d2ee7b85bec49a54b27fb1ba49f7489f07ebf1c44796306d2526527,CLEAR,DAYLIGHT,DRY,IMPROPER BACKING,2.0,37.5,1.0,0.0
1676a5c1355779e648b56935fe06be0428f591f35f26295a419337270d5387ff493916185e36c14cf1acefa14a5bfc3f666cda0ef0cc5280aa7f6748e4eace98,CLEAR,"DARKNESS, LIGHTED ROAD",DRY,FAILING TO YIELD RIGHT-OF-WAY,2.0,37.5,1.0,0.0
1676b1bafb0290925940dd9408f38ac85278084dc24037b6f0c576c6469f8ab8baaf4429259d645252cf0c1d888dae94b7b1bc9f9a48344f963849e5db82f71b,CLEAR,"DARKNESS, LIGHTED ROAD",DRY,FAILING TO YIELD RIGHT-OF-WAY,2.0,37.5,1.0,0.0
1676cfd63b0dc326889dea4a2df2ae5990f4d8b2f60b431b7afa79fb04fb92996bea0fa51b67e4983d54f770b1d441a0015a99676f568d772c0119d06e5549f8,CLEAR,DAYLIGHT,DRY,IMPROPER OVERTAKING/PASSING,2.0,37.5,1.0,0.0
167736dfc201719577f960ea70b1faf89a4af202b613cbcc972bf381971b79114ece0af1b431ef1f1dffc78814c1cc5dc956a949629322ebf726e13aed5ce02c,CLEAR,DAYLIGHT,DRY,IMPROPER LANE USAGE,2.0,37.5,1.0,0.0
16776d704e06735fa71af70a97b7a19d392afb6295384087ed2ac0d8b09f47bde98e78fcde69fb0766b8f29038b1127f96dc04c5a2f787f98c2f6615ad2df2d6,CLEAR,DAYLIGHT,DRY,FAILING TO YIELD RIGHT-OF-WAY,2.0,37.5,1.0,0.0
167784c1bbac7d68f3803f952bea259dd6a556e0404f1569a58d6285eb8a6423eacb45768c26b1c1b574a42a0cacf31ed6512808a5eacc42cec5840b4540ea62,CLEAR,DAYLIGHT,DRY,DRIVING SKILLS/KNOWLEDGE/EXPERIENCE,2.0,37.5,1.0,0.0
1677c32e37464c355fcebe11048bd518060bad99cd08175fdac3d82f18175efdfb74650bbb83f3a482f3df1dc6463fb1da5d816cfce9480517f1a911157d057a,CLEAR,DAYLIGHT,DRY,FAILING TO YIELD RIGHT-OF-WAY,2.0,37.5,1.0,0.0
1677ddaccb064ff69749b159292841a8b5eb588fa9dd2f0ed60451b12a900394903bb474b21b98b0aedbcec9bcd9bf00a5e07a141f2e490b708085430a7412a6,CLEAR,DAYLIGHT,DRY,IMPROPER LANE USAGE,2.0,37.5,1.0,0.0
1677df22463f0a51a9c5b6ead6461c8b855f4a5ffb127214208a8e34886aac8565f09682ae9aa75203cbe7f75a27848479280c27db0ca14f1d644cc706f54bd4,CLEAR,DAYLIGHT,DRY,DRIVING ON WRONG SIDE/WRONG WAY,1.0,37.5,1.0,0.0
1677f8672024969ffd583bae5a8b6fa7b0ce1ac391a0e29564bf67b88a59542b22b0eece2a5e07835862f3b2e892188e093cf14ebf60b64817eaebb81f6b5831,CLEAR,DAYLIGHT,DRY,FOLLOWING TOO CLOSELY,2.0,37.5,1.0,0.0
1678bad27a58cb18373ca0635cbcc74504f3c1774e3c6396c53db3785058b3ac6a565f83f378e6a7b0cae10e57dacfb6d0b972eab5c1ff2268aab6774f8f7a44,CLEAR,DAYLIGHT,DRY,FOLLOWING TOO CLOSELY,2.0,37.5,1.0,0.0
1678c8674ed76bdf72579e0283ae0bf216a87f0f12e7d8675ae0a362b41c095b1be4914e4fbe54f90c837ed26084af045dc19b85589026212eab2cc3bc5cc3e3,CLEAR,"DARKNESS, LIGHTED ROAD",SNOW OR SLUSH,WEATHER,2.0,37.5,1.0,0.0
1678d88dedf98870e081c3cec37616d988c2d61e774e8546abcf27d71c8c78103d88dfe27e420eea9e2ef664db33b86af7c8da687f39bf3e511e9ab43682b033,CLEAR,DAYLIGHT,DRY,DISREGARDING TRAFFIC SIGNALS,3.0,37.5,1.0,0.0
1678db94d93883ce598d4c71486cd18539510e092d69de391b42d6f0ce421c87ac437cf6b632205129b27518023134baf2455979aadc8d0b84d7b8c290be524e,RAIN,DAYLIGHT,WET,PHYSICAL CONDITION OF DRIVER,3.0,37.5,1.0,0.0
1678e4c75757cbb66b8c0b0ed095e2ac2e308f67949b48dc9aa2ac0e7475da030443b3ff331f8771b89891e7a3ad9860699372f365a3038add47173761d33b33,CLEAR,DAWN,DRY,DISREGARDING TRAFFIC SIGNALS,2.0,37.5,1.0,0.0
167925ffd48c7442e738fb776dd5e84b62973ab7f3c31789f5246861769efd0b46daefbb663264b77895a898ca0c4753dc1e81112003233616f2c452797f30b4,CLEAR,DAYLIGHT,DRY,DRIVING SKILLS/KNOWLEDGE/EXPERIENCE,2.0,37.5,1.0,0.0
167980dde5c0c06ca08954fa25e9110534cf822bfca14edfd849af5dcb19c8dad7300eaff6f0e9b667b73cbee2faa4854f14dfce0dc8dceb74a10e880bcc4ab7,CLEAR,DUSK,DRY,FAILING TO YIELD RIGHT-OF-WAY,2.0,37.5,1.0,0.0
167999ad7919acc693f312e642fb90967d611585aeb75342bc3f6532871a013f422169ceda384b0d57b348895265d7782cc3d11d38744f1d06877614539ca7f3,CLEAR,"DARKNESS, LIGHTED ROAD",DRY,FAILING TO REDUCE SPEED TO AVOID CRASH,3.0,37.5,1.0,0.0
1679d25d9397c83b59f26bbdb2f15f7d34d25c764b9e89d2e58fb2a558532b6ef01eb30cfc9f65af43602bf5c88eb05f818104f44f5c19b27d24f2346af7b88e,CLEAR,DAYLIGHT,OTHER,DRIVING SKILLS/KNOWLEDGE/EXPERIENCE,2.0,37.5,1.0,0.0
167a40b62b6463eb283cc8bc32686ef1871d6f4c15c8ff888e94e433db756f9184e432632226676dc5ac136a01bf3cfa7faef6d7e8313214869f52de95a35efc,CLEAR,"DARKNESS, LIGHTED ROAD",DRY,IMPROPER OVERTAKING/PASSING,2.0,37.5,1.0,0.0
167a5107201663e9c1684db76ec3a7ba15af18b3062c3148ceb9047130217ca3d6b2346044009a430204aaaffd6aab4f112e7df0e71b2ed0a9c09e2e8f5d5214,CLEAR,DAYLIGHT,DRY,IMPROPER TURNING/NO SIGNAL,2.0,37.5,1.0,0.0
167a5fb0f8eb6a07b2ba9d1073008fd4163b6e0b7bd6011323022498b511f0b4838df86b2b2422cd8abfb30271324f0e878d839a2049a01ee7e361ad077822a2,CLEAR,DAYLIGHT,DRY,FAILING TO YIELD RIGHT-OF-WAY,2.0,37.5,1.0,0.0
167a7d068b5fb897d43ae557d487819c57e80cb42a69d2e88f3b1f496d7774ffff283ea2224be1d020d3cdecefe70cf9f6784466d72e7a38e9b7b71abfa94451,RAIN,DAYLIGHT,WET,DISREGARDING STOP SIGN,2.0,37.5,1.0,0.0
167a7f56518c9c7596f26b2c5ead2575b6378b11e65a3a0ff4ce03b1db341f1c6784b9073f70290548e4e681223ddc9e02ae77a2a60f98d50f58ea649f304f05,CLEAR,DARKNESS,DRY,IMPROPER TURNING/NO SIGNAL,2.0,37.5,1.0,0.0
167a9f7e15f4a1fc8c5c0a2022c111f82d912f4976c17bc61b99c09a91fbbf2e088c04abc33509f4218b263be2703030a88ee6028e75a021e3d19ecf1297b67b,CLEAR,"DARKNESS, LIGHTED ROAD",UNKNOWN,IMPROPER TURNING/NO SIGNAL,2.0,37.5,1.0,0.0
167aa55c23fb20ab620bb97145224d3f094b37544a6ac67b3ec27f6845e1a3ab7ba85c04d2ff8e0ddff4c4da4289c92c19279a548f5a445dabd619ebe30bd97b,CLEAR,"DARKNESS, LIGHTED ROAD",DRY,IMPROPER TURNING/NO SIGNAL,1.0,37.5,1.0,0.0
167ab4487c1f54a9a702f2a2762bfaec2fe8800bb4f80f13a0dc6845b8816a2b4a1411e7b51ae2b4b941d972c0186ff1da400c5fa48f519bcc04c5701fabb096,CLEAR,"DARKNESS, LIGHTED ROAD",DRY,FAILING TO REDUCE SPEED TO AVOID CRASH,2.0,37.5,1.0,0.0
167b0cc0de37c4934893a2f564b33f9bd5c810179c0ab4b3a15551b29036a2038455eaab70603ca3f6de590f91b9720568be245e93c371511f8949cc42f76038,CLEAR,DARKNESS,DRY,IMPROPER BACKING,2.0,37.5,1.0,0.0
167b827e3fb74430f311e9383650816b6d0340e33d27358d4ac86fc02b1a44623a8c6f0a834d41fc57c455725d251ceac98cf6e06ab802d0a9a7b1255c51505e,RAIN,DAYLIGHT,WET,IMPROPER TURNING/NO SIGNAL,2.0,37.5,1.0,0.0
167b8c1c093ffb6f3df2196ed6b46b35a2b45a8869560bc7db2c689de16fc577fce221aa74d93f73a20b23971eec509e322a52ff865d883939cbace1e822f4c0,CLEAR,DAYLIGHT,DRY,FAILING TO REDUCE SPEED TO AVOID CRASH,2.0,37.5,1.0,0.0
167b9b75b9aacf436a3cdde28ee02a550db6cc72eba11f3db4bd6a40011b019240c0bfb666df4b79ac646ca3efae7ee449198a7e63bd7ea49853ddfd460ac0e9,CLEAR,DAYLIGHT,DRY,FOLLOWING TOO CLOSELY,2.0,37.5,1.0,0.0