crash_record_id,weather_condition,lighting_condition,roadway_surface_cond,prim_contributory_cause,total_vehicles,avg_driver_age,total_people,total_injured
167c13c6de031f51157cda1dcc009c829abe0dff846ab3a225e1aa96f055f80cba0bb95585193cba50e97edd6713b50c3648982a7538a05ae26efba68fe4da7b,CLEAR,DAYLIGHT,DRY,FAILING TO REDUCE SPEED TO AVOID CRASH,2.0,37.5,1.0,0.0
167c1bed3e54614d3181999c20b3a096e981562e23e7692b0b1733c8120ffb0b20cbc58ca47a701c938a0bc865c4013bd66850cc9dc718dacd63d24c343c6dda,CLEAR,"DARKNESS, LIGHTED ROAD",DRY,DISTRACTION - FROM OUTSIDE VEHICLE,1.0,37.5,1.0,0.0
167c66a0ddfe292f776bacb0313a7e1d2e48a07097c790d0315413c3aa5b511f2b2e06aa5d1cf35b9b6b143c905f5154da1845f816bb615176553521c03dd1cc,CLEAR,"DARKNESS, LIGHTED ROAD",DRY,FAILING TO YIELD RIGHT-OF-WAY,2.0,37.5,1.0,0.0
167c67f560ab6061f4e9e7f47f8a71ec0cb80c6c88f13f3a03d8d680116334e838045eb83d9780b94362e09d9a6e5e0632faee633813ba6de627358ca08f0f92,CLEAR,DAYLIGHT,DRY,FOLLOWING TOO CLOSELY,3.0,37.5,1.0,0.0
167d1b057b6be3684fc471674e5cb48cf98fa7970b8b55cb6fa72a5b40eea8275771d3fcf1b1bd499354c6402097fbc4ff7aa9a3b71925205c26c356b940b8b0,CLEAR,DAYLIGHT,DRY,FAILING TO YIELD RIGHT-OF-WAY,2.0,37.5,1.0,0.0
167d2a2adf03e8e45011f06ecfbae63f5d8308366991be5c776e014768c69b97b3c923547d61ccb1eb69da8dd50e69ad9a7c20dfb491753cee2b0d21bceb2a2d,CLEAR,"DARKNESS, LIGHTED ROAD",DRY,FOLLOWING TOO CLOSELY,3.0,37.5,1.0,0.0
167d38b1cb5015c4696207545819ac7fdf632b3bca830587778d560e8801ca573dac6a6901ccc02684b7e072dd8046566ac645041d15a9154f52b2d3280c9f13,CLEAR,DAYLIGHT,DRY,FAILING TO REDUCE SPEED TO AVOID CRASH,2.0,37.5,1.0,0.0
167d47a7dbaeca4e2f6d14dcbe75b05c03d13b9b89b4cce38b2cef43b7e66426bf869fa4aaf3b3622eddc736b7b2c48782418f0771af3938c3bb5f8954aa4d58,CLEAR,DAYLIGHT,DRY,DRIVING SKILLS/KNOWLEDGE/EXPERIENCE,2.0,37.5,1.0,0.0
167d5025e5d1f5e268d5d8fcaaf6d9a52eec3ea039ed35cb7ca47b5e5e6e010f941bbfed00f79e3bbea9435d5eeaac156d94de3964384db6d3bc49d9fbcf285a,CLEAR,DARKNESS,DRY,FAILING TO REDUCE SPEED TO AVOID CRASH,2.0,37.5,1.0,0.0
167d5bae607d3053381da0f0153235d3b782a19fdcb16a56f54577d6c92bca8b89855043c6ba8fe5227774a2c075346c1ef1b422ae01faaf54fe442a4cad1889,CLEAR,"DARKNESS, LIGHTED ROAD",DRY,"EVASIVE ACTION DUE TO ANIMAL, OBJECT, NONMOTORIST",6.0,37.5,1.0,0.0
167d92b072a1004e7cec05abb230c3cded733e3ca1b753af9201f7f0a4105e695422d7af12c73c9ea170082cd6bf8b54693699866da52c60741a45067f113ec1,SNOW,DUSK,SNOW OR SLUSH,WEATHER,2.0,37.5,1.0,0.0
167db146b7a7e16a86bc1116a8884dd87a8f706db9d3caa7de7bfde6dbe7ad9f2ecb4fa348f79238534912bc624d7f1170657d30e9fe37c0d076320ac510ce92,CLEAR,"DARKNESS, LIGHTED ROAD",DRY,DISREGARDING OTHER TRAFFIC SIGNS,2.0,37.5,1.0,0.0
167dd4c7de70f098bf9022360f281e65d57782675a6fe3d5a735d644f46ff7c30a61ff3c4edd5cc3d3929d4a9c0f05323eddae510943fc10865122499e51fe49,CLEAR,DAYLIGHT,DRY,FAILING TO YIELD RIGHT-OF-WAY,2.0,37.5,1.0,0.0
167ddad0dbcbefbf8906ae5bb1183d038e57bc03c2fdb230ffe2c7251579431f0382a8c1b91910db278c83418e8691e8fbb1fed6d3c91d75030d0500e82f444f,RAIN,DAYLIGHT,WET,DRIVING SKILLS/KNOWLEDGE/EXPERIENCE,1.0,37.5,1.0,0.0
167dee1a90bc614c2591d1901d01ff26f8f4a170a731354ec2cdab6bbfbd129e72529baf9a8ff416836ad1beb86d1ab482518e6cab5e07be648a7722f5bad354,CLEAR,DAYLIGHT,DRY,FOLLOWING TOO CLOSELY,2.0,37.5,1.0,0.0
167df0935a5f7bf236752bf1d37386a10c5b91c9cafa0803b3e68d222417ae0b54731dc814d30b629ca1a9900ec1290b7f7395417cc8f4a1be3850a669474c83,CLEAR,DAYLIGHT,DRY,IMPROPER OVERTAKING/PASSING,2.0,37.5,1.0,0.0
167df34ad2bd12a3e7b127b7330dba6eb95392f1458d5f82e4085b03df2d8009fdf529ec5fe267a8cd3adc835f240362a8d81320711c653492ec0ad9ee1e99cf,CLEAR,DAYLIGHT,WET,DISREGARDING STOP SIGN,2.0,37.5,1.0,0.0
167e22282a673c34c1b64edaae65dabc9e6cc894b0120fdde37a3d839a214ce2b1efe0022d8ece75aff32ec0d2258c51666d7c1d187adb79254447f793d5ceb3,SNOW,DAYLIGHT,SNOW OR SLUSH,IMPROPER BACKING,2.0,37.5,1.0,0.0
167e25f5ebc616a01854484c44c301816aedb50a918a5b743125cb4769dce8c3bfae32b25f04a1b276bdb4c0406e0365a9b4bfa0ded28ed258bc18a68be8437b,RAIN,"DARKNESS, LIGHTED ROAD",WET,FAILING TO YIELD RIGHT-OF-WAY,2.0,37.5,1.0,0.0
167e2991f693c80036b39aff514677be943fd8a9dd8a8e7131f6d1c635089831ae1e23a0ba6c816b626755b640034624243669c70e0d2e91cad09393e4295945,SNOW,DAYLIGHT,SNOW OR SLUSH,FAILING TO YIELD RIGHT-OF-WAY,2.0,37.5,1.0,0.0
167e431f7e19546f484a69675677fa91f7c88ca9fe88d474ec4e6ab7063a1c35a3044d163184d4a8173aad7d5ccc8317e2188b836fd523b45deb4344d314b182,CLEAR,DAYLIGHT,DRY,CELL PHONE USE OTHER THAN TEXTING,1.0,37.5,1.0,0.0
167e43386fb1cf51c0d991cefbb9c4cf88e6e8ac2df122e56c3839a80f9247e8416efef15f4e19b2b92ec37b584c83105e57cc66a99e077bbf4d407669a66467,RAIN,"DARKNESS, LIGHTED ROAD",WET,FAILING TO YIELD RIGHT-OF-WAY,2.0,37.5,1.0,0.0
167e4679a45e12a67617491f489affcb9be67a45d8c3dc8c720a2b3dc8f1a0ecf6f3f2205d737f10b2103f365c6acb9e07198828a986e15bd4d724e43ff27781,CLEAR,DAYLIGHT,DRY,"VISION OBSCURED (SIGNS, TREE LIMBS, BUILDINGS, ETC.)",2.0,37.5,1.0,0.0
167e4d3f039b3884507c0fa1294beb2c4e5e8699e0b45eee23b369f232c35899e81182cb610da5a76504dd381e39f19d5105dd224b46308771bb52bb373d5651,CLEAR,DAYLIGHT,DRY,IMPROPER BACKING,2.0,37.5,1.0,0.0
167e68540145df64d7346967f006dba7f821d5e83da391fa976c6fb6c568561b35d17b1f27959f34e5186a91f526c9425f74ffe834ed58a73ab64025a89dc2f5,SNOW,DAYLIGHT,SNOW OR SLUSH,WEATHER,2.0,37.5,1.0,0.0
167e869911762bacaf171f879aa0ab28f4f3142012ad22f441e05c185f1c456deb8662c7d966ac472bfa3d443cdafec0d094402b0505632e1b680379b061aa2f,CLEAR,"DARKNESS, LIGHTED ROAD",DRY,IMPROPER OVERTAKING/PASSING,2.0,37.5,1.0,0.0
167ea193e23b5a1d4207ad249a395d6e8071bf89cab36ab24a9744d9e1d07c63faf0b46de5c9554c37434eab7fc1bc1d54fb4e3bc7694e2a3779bbba6dae7190,CLEAR,DAYLIGHT,DRY,DRIVING ON WRONG SIDE/WRONG WAY,2.0,37.5,1.0,0.0
167ebdf66c66a1097c05b9f5f76754e9282f3f9ab8b807ea32d25d7ded1b31d9676fa84577807e827e254a2e55a0f892a78952e175ad8e2d74fa27f24a43e799,CLEAR,"DARKNESS, LIGHTED ROAD",DRY,"OPERATING VEHICLE IN ERRATIC, RECKLESS, CARELESS, NEGLIGENT OR AGGRESSIVE MANNER",2.0,37.5,1.0,0.0
167eef656108ed08bc53b9d51107aac1d1ee38c21c07960bdc4a9e95c258114eceb71ac3d21e9f7eaaa218e059efa6a7b9df5425630fe61a4b7f71d2555156e7,CLEAR,"DARKNESS, LIGHTED ROAD",DRY,FOLLOWING TOO CLOSELY,2.0,37.5,1.0,0.0
167f08657e039474e07e6ae3b2316352ffa0b06f0da40c0efcf8ed3013123a2620c08298c54480582cc4ad17a6b47aaddc8f39aa715f3dcc454e4ddb5039a479,CLEAR,DAYLIGHT,DRY,IMPROPER BACKING,2.0,37.5,1.0,0.0
167f11b3c05705eb1728753320773d6c9369ec24fa9c8090d58456973ff65971cc65973755a262018781c3bb4fdf3d5c8288fb4704dcc22590ddc96cd0617b9b,CLEAR,DAYLIGHT,DRY,DRIVING SKILLS/KNOWLEDGE/EXPERIENCE,2.0,37.5,1.0,0.0
167f1c5a72432e05c72cf6cad2f000cf4d0fb7a51a1e611c74b6ea00fed298e1c62e7a9983dbc02e35fc16b05df3459f29b599cb8bae69a3710a0f03318fa837,CLEAR,DAYLIGHT,OTHER,FAILING TO YIELD RIGHT-OF-WAY,2.0,37.5,1.0,0.0
167f3089dfa3476968cc4a7fa1580e526fcbe47cba2bf87b62869c55498500521394094f7bacaec57d37b2e53634c9945b9817576b77aefacb4742b19dff3de7,CLEAR,DAYLIGHT,DRY,DRIVING SKILLS/KNOWLEDGE/EXPERIENCE,2.0,37.5,1.0,0.0
167f511af367773f4cc2ec71c3e70657f952dc6e42cd58c8c9def4bbb1be875af7489c1cd0b312facadccc25f583bb4e9141b14657dd07f8e3958c9cc4137395,CLEAR,"DARKNESS, LIGHTED ROAD",DRY,FAILING TO YIELD RIGHT-OF-WAY,2.0,37.5,1.0,0.0
167f54a22ad8a7e98f8e08988629110c012f633b30c5609ca381f69db3c0a7ad9b5ffcc571b66df723d6fc75f1118d4a4d2c19e332b78f36b795666a7df52be2,CLEAR,"DARKNESS, LIGHTED ROAD",DRY,IMPROPER LANE USAGE,2.0,37.5,1.0,0.0
167f7cb2fb9665741a156749b73633b862422d6734281b76c9db9f1ded20dce4325836d0b370df139d126e6ff6f857f5952545f0fbe790b2b4224d9717fb64b8,CLEAR,DAYLIGHT,DRY,IMPROPER LANE USAGE,2.0,37.5,1.0,0.0
167f86f39373503d665ff08f84b6ebb78265885b80057c17899b5f83363c300ddfd2d0b101dfc08dc4a32fca763436d8dfd8bd431bc521d7cf365a5d6d2bb386,RAIN,DAYLIGHT,WET,DRIVING SKILLS/KNOWLEDGE/EXPERIENCE,2.0,37.5,1.0,0.0
167f8fa3e74d4153fcedc5a39d343a9a6c48e74ef558a1b11f088ad5ac949fcd1611037b89c39a483b9125a8d06ca57adc5462ecbb50e7d72d4db7a3bd920a37,CLEAR,DAYLIGHT,DRY,FAILING TO REDUCE SPEED TO AVOID CRASH,2.0,37.5,1.0,0.0
167fbbf65063fb263dece21fbe4d3dfdc3985bf3ff99ef8bd0557f3f8df6f912bd974f563f612515732b86086200747567c620f36be41854f17a239f4195b2d4,CLEAR,"DARKNESS, LIGHTED ROAD",DRY,IMPROPER BACKING,2.0,37.5,1.0,0.0
167fbde0537d432711992b5d17f8caa2e79f17e8939983f1c0d261eb0069f542a173285b7c225bd6564ef7c248f29393ca19181e420e72e4ba06b012e2074c01,CLEAR,DAYLIGHT,DRY,IMPROPER TURNING/NO SIGNAL,1.0,37.5,1.0,0.0
167fe5a1de1a43d2c6d40823aa1e003464bd9ca1c202727bdb6ff38bb932f0b8813559f8eb37d0bc4210788ee2a08ecfacfde3e10bac02558c72a6b16e15dffc,CLEAR,DAYLIGHT,DRY,"VISION OBSCURED (SIGNS, TREE LIMBS, BUILDINGS, ETC.)",2.0,37.5,1.0,0.0
167feae988d91729d8b95b107feba551e77454fc34b8aa7d96b143752bf44bdbc3bb21fb98245e19e692c1040c213cf6c9abaad5396446be613b92488f70b42d,CLEAR,DAYLIGHT,DRY,IMPROPER OVERTAKING/PASSING,2.0,37.5,1.0,0.0
168025bd858b32076e3be5adde86f592025670914de88a6f97a23bd1c12bce9205b5246cb1bc4219794a1b8c98489809aa97b632d697e5c1c80c1bdb9cbdeef1,CLEAR,"DARKNESS, LIGHTED ROAD",DRY,FAILING TO YIELD RIGHT-OF-WAY,2.0,37.5,1.0,0.0
16804e57332dfa95ad9ad615f983529483edbda0b6c8eb7a3078631f4d5b6e3c51656efbb88007976ca0317518933e359713c2006305ab74e732966f73b1eff3,CLEAR,DAYLIGHT,UNKNOWN,FOLLOWING TOO CLOSELY,2.0,37.5,1.0,0.0
16804e9f2dde2149e6b70a9c57d29378a86487d1857c0634035e9daef0a529af06f7c0a2d51c8712071c601e951a53388fd732bf6c4ecb8df075b44a7e0139cb,CLEAR,DUSK,DRY,IMPROPER LANE USAGE,2.0,37.5,1.0,0.0
1680b03879d8927dae67688bcf04fbb21feae1a2c4e75fede6a1e98fcf278e2f938580dfad5d0da4d2fb2cacc209f0b3221717353d0b5953431cd254f74a1eba,CLEAR,DAYLIGHT,DRY,FOLLOWING TOO CLOSELY,2.0,37.5,1.0,0.0
1680d0ea59de8adb4e918a446ec0048a515e6af9b9955f97f2012e2236881fde50a1c2ea07c9123baf672dcf360df28e089de33fb88fa2a636fd4fb66a258b16,CLEAR,"DARKNESS, LIGHTED ROAD",DRY,DRIVING SKILLS/KNOWLEDGE/EXPERIENCE,2.0,37.5,1.0,0.0
16810582ce2d11356a8256c8246f3a538f40b1172110d5127a455b2ec14511e68b23d10e6dac75ba27f51a13b1c0b3a0d2df8ded5c12a82e92eb7d6fb0980e4b,CLEAR,"DARKNESS, LIGHTED ROAD",DRY,IMPROPER OVERTAKING/PASSING,2.0,37.5,1.0,0.0
1681468d95a104731443fdafe3bc73657fe2d364a18a9d8258848498e53ea55b57d361d874a055f2936032322cd59b3f464e24ac80bf2f4f6a4ba6d1f86ef530,CLEAR,DAYLIGHT,DRY,FOLLOWING TOO CLOSELY,2.0,37.5,1.0,0.0
168149023703fe33c31c7c5610e06ee5a8250c8870db4e04683f155e3289fc1291c815dc82280b0f33428136b90a463cd2bad20702a9fc91c4e2273003813be1,CLEAR,DAYLIGHT,DRY,FAILING TO YIELD RIGHT-OF-WAY,2.0,37.5,1.0,0.0
168154fc488bc065f5279bd5489696a1dbdad770890fb7ebe84e5b9d118444c25c1933f07f92cf53ae218e495d47673c7fa824055dab8305a73f19c587c8158b,CLEAR,DAYLIGHT,DRY,FOLLOWING TOO CLOSELY,2.0,37.5,1.0,0.0
16816d22be9ce845be3eb4ed9a9c2ed58317c7111c4bd1c126deba955cabe03fdeb2dba2343dd44d6c8e4603d1737dc7dc9545e9a5ef54120f241c7dbca657df,CLEAR,DAYLIGHT,DRY,FAILING TO YIELD RIGHT-OF-WAY,2.0,37.5,1.0,0.0
1681eb69cfb78e1f203528468ce547349667a023b35800fff39ad51a767a0c887dd064b1ffe52a879d2267e7f033ab27910fa48515a82419e1a5544fabbf42a2,CLEAR,"DARKNESS, LIGHTED ROAD",DRY,FOLLOWING TOO CLOSELY,2.0,37.5,1.0,0.0
1681f0097c98bfcb667703571ce25bf3aa05e45d944bd4af632e773ea4770eb853128494d589f21db5e1cd644a6006464eb898f0b136c36870f3571d5c3de940,CLEAR,DAYLIGHT,DRY,DRIVING SKILLS/KNOWLEDGE/EXPERIENCE,2.0,37.5,1.0,0.0
16820e38d2d0615160700196154dcf150da355e33b6f8fe71cf79e0c1d6cbe1810f465b7932daa96cf78b159611a7cccb2439b96b4cb7e8d2961fad9507e62eb,SNOW,"DARKNESS, LIGHTED ROAD",SNOW OR SLUSH,DISREGARDING TRAFFIC SIGNALS,2.0,37.5,1.0,0.0
1682188c978be6d870eb6a96f7fc34eaccb3f730e2d6f5db6db06948ae9a52c0f192cd9732e13e03aa872afa6f188c1e4708db544979896e07cab0437944d5e4,CLEAR,DAYLIGHT,DRY,FAILING TO YIELD RIGHT-OF-WAY,1.0,37.5,1.0,0.0
16822053098a449b5a721ecc1bb1d72417bc5e8f208c8ca8caf4f2c9e96a52a8b54a78c1ccf91fef275d65514a1e2bc135d81b06777c3b0bb3e254553f81828c,RAIN,"DARKNESS, LIGHTED ROAD",WET,FAILING TO YIELD RIGHT-OF-WAY,2.0,37.5,1.0,0.0
16826643bea36c8b92c51dc9ceb89ace1be532b2a39e05391c0cdeec46474c4d668264291fd0ebd3df67a6b833e6cd94b8fc46a3ede3753926e023d98d77e9c7,RAIN,DUSK,WET,DRIVING SKILLS/KNOWLEDGE/EXPERIENCE,2.0,37.5,1.0,0.0
16826750a6298dfd8a16361d79f3fa07b6f173696b6a73160c05c576bb30ee1a956d910aa3fb3765728505eddf814898fe030e4174843af286a4e75fad9ee577,CLEAR,"DARKNESS, LIGHTED ROAD",DRY,PHYSICAL CONDITION OF DRIVER,2.0,37.5,1.0,0.0
16827e1c25de11d4c601aa5cab7edfcc6399019c5df48e967ab7f415e297c6e3463bc27bf8ae1924825eb664ac75f600028bdee538719d20b54d3e7e6570ce87,CLEAR,DAYLIGHT,DRY,FAILING TO YIELD RIGHT-OF-WAY,2.0,37.5,1.0,0.0
16829169b772ad5f66dc36a827addbf4df6cd67249099581539ecb0ee0e73ab2dcb7db8a8bac4960dba7d86e4ac6143d0d081c0f5c9a6b847138f573fc1f4e5a,CLEAR,"DARKNESS, LIGHTED ROAD",DRY,IMPROPER LANE USAGE,2.0,37.5,1.0,0.0
1682936d9ce835909b5f8429647876307d1fc00c264dd4726d070ca6d8bcff0e7e83c5c8089e08262f73bfe0c1ddc7a4dd8281bf91e8784601877a230baea38e,CLEAR,DAYLIGHT,DRY,FAILING TO YIELD RIGHT-OF-WAY,2.0,37.5,1.0,0.0
1682994747b77779558d11a8e2e13d355440749de9d259a15c3a0a41607f425dfe4ca97e1bd131c177c9a9709d9634fe4b72f4b3bf8a7af7c14cabaf735f5e10,SNOW,DAYLIGHT,SNOW OR SLUSH,WEATHER,2.0,37.5,1.0,0.0
1682a3addc50fcf0504702697e9b66de0d22143ec0fd9c0d4ec84fd59e077664e1e97a51e45c033046e8d2de815d5faed20fe051783d858655b568ce7bfec025,CLEAR,"DARKNESS, LIGHTED ROAD",DRY,FAILING TO YIELD RIGHT-OF-WAY,2.0,37.5,1.0,0.0
1682ebf82ce23dd7368c7c36d18f84e3f440d8ad9502dcbacba47f05d5dee5dd6d5c5b9fd435fb3a2b51c396b1ff7f53318a00adf71a6d9d3a52070bdb658441,CLOUDY/OVERCAST,DAYLIGHT,DRY,FAILING TO YIELD RIGHT-OF-WAY,2.0,37.5,1.0,0.0
1682f09d54a8131ffd327f078bc434b1bdb5325ab699398f0c9824e137b5258c43dd460a5ea819873cb155815254c030ea01c95f7b781d07f068880042b247cc,CLEAR,DAYLIGHT,DRY,FAILING TO YIELD RIGHT-OF-WAY,1.0,37.5,1.0,0.0
1682f3cd354245da13315373033020b8f596cdb88b48691ea85d7384df1eba9484cc0c2eb6a81eb7a43bedfaf8a05acdc56e8fed7bd7e111582d898f1be170d2,CLEAR,DAYLIGHT,DRY,IMPROPER OVERTAKING/PASSING,2.0,37.5,1.0,0.0
168355660460f205c8b5526166094afbff93934792df9c725d9b4e053fbb7420fef89c1f988e3a9ae95e48f6fb9827fddb820724c69794c66a83b920a9849a80,CLEAR,DAWN,DRY,IMPROPER OVERTAKING/PASSING,3.0,37.5,1.0,0.0
168374ea11829576c138f2571d3bd4a0644198d82eeabc167abc7ec2e3942cbbf9c5ba07b146d84d6b2e6e95fd1dba25eaa6411f20309e30af7bd90bccf4f771,CLEAR,DAYLIGHT,DRY,DRIVING SKILLS/KNOWLEDGE/EXPERIENCE,1.0,37.5,1.0,0.0
168383da08d8e90ae505df90cab5c2f6d89f7558e0f9a9c25a8ec33e31e52de3d38dbdc571e0dc77b563c6280a7e9f63e1679c8b43bc034d5d8d1c50f5d14e77,CLEAR,DAYLIGHT,DRY,FAILING TO YIELD RIGHT-OF-WAY,1.0,37.5,1.0,0.0
16838dd94b06070f7b8e36eb35b2ba1c0f6749dfb9ea2b442b1eeaa1dd55163eda0549021b5b51db467326e9203e97ca09327bf629fadd99e15fd893ab0b983b,CLEAR,DAYLIGHT,DRY,IMPROPER OVERTAKING/PASSING,2.0,37.5,1.0,0.0
168391f7ca48e42a4da1a69d14f0a646b94b68da9f22414ef8b6e8d438cfd34625d7363d3ff572a75012ea291f4baed39caa2c8aab4dbc476bb2a04372896a40,CLEAR,"DARKNESS, LIGHTED ROAD",DRY,DRIVING SKILLS/KNOWLEDGE/EXPERIENCE,2.0,37.5,1.0,0.0
1683a0c5b3ee21f18e6d3580a99126b6d643b79f5ade4cc579bd1cac6736477f8fdc3267a4a318144f32603c3fb5bde2591cd3be27824b39326fbbbcc1fcfa99,CLEAR,DAYLIGHT,DRY,FOLLOWING TOO CLOSELY,2.0,37.5,1.0,0.0
1683e29a46c8cfe82dd09fb0b1c703612cf1ad3b2aa7776f3636e6301f095a399d2ec68edf5492561bd72e3a43e9a84f7049d96946c6eb4fba94016ffe038693,CLEAR,DAYLIGHT,DRY,IMPROPER BACKING,2.0,37.5,1.0,0.0
1683e4c0fc4fa4e3945b523bb569800f399249af6afc25254a61e4b76c98f54a01f46704bf3df2b228956e0b07f297b463e54de6a07c928615929b3dabe7348e,SNOW,"DARKNESS, LIGHTED ROAD",SNOW OR SLUSH,IMPROPER LANE USAGE,2.0,37.5,1.0,0.0
1683fac2bb78fc3a928d923debf958c0195283a469307897c85cd5279c7e24ed09dca4d27385986b9a834f4707619c4141950e53a2327035d3c90e38766e7ef6,UNKNOWN,UNKNOWN,UNKNOWN,IMPROPER BACKING,2.0,37.5,1.0,0.0
168416ff6e0c69f7c4fe999c0486b1c0d42095ab94636c53ac939fc9959162d6f45eaedee29f154a62c6e5cf306b139fd895aa5e84cef8fad5f21ef90da94657,CLEAR,DAYLIGHT,DRY,IMPROPER BACKING,2.0,37.5,1.0,0.0
16842236dd1806721fccaa6f954132b3a660e7d075fb4518e36f9942151e8c6e184565c8c04a40f0826fa73b871e22861807e53ca9f539b488d6a7afface513d,CLEAR,DAYLIGHT,DRY,IMPROPER OVERTAKING/PASSING,2.0,37.5,1.0,0.0
16842b24f99f41e4d3384c480c14e2d9dc623dc06a59674e9179817bef627808ebfbf85bd006a266c3d47763b08da36a1f080e2ff8874c735e8f470e4f6162f0,CLEAR,DAYLIGHT,DRY,FOLLOWING TOO CLOSELY,2.0,37.5,1.0,0.0
16843b1800aaf259c7588a65da9f526f9eb7e99d680fc32c2af90d8425d38b697bc7b5601cb9c3a301dc31734f3db2c3067bfbb68697a63296c7a1ea56d5eea0,CLEAR,"DARKNESS, LIGHTED ROAD",UNKNOWN,IMPROPER TURNING/NO SIGNAL,2.0,37.5,1.0,0.0
1684520ac4fd609b988e0d287dc9f2770fb9bd5a5f6494b99af0a4a6f79e96f2c05cef6a7c769393d7404108c7b678de21f1ef907b2692890a4d0bfb588f5cb0,CLEAR,DAYLIGHT,DRY,FAILING TO YIELD RIGHT-OF-WAY,2.0,37.5,1.0,0.0
168475a12ddca59577b5d8a642134ec731df7411328bec12acdbf5e075b76d327ff53b8bb6ecf7569228bb73d02ea4884dd51ec8928e0278a1ec8dcfc1f13cf1,CLEAR,DAWN,WET,IMPROPER OVERTAKING/PASSING,2.0,37.5,1.0,0.0
16849a0c9aa3b7272a9dbd771ae22613221e25cd84d75be76800ddb17c8d4472c356dd81fe6c9c2cf5aaaca50dfd52989ea09b9599956028ea89b8b84d9676d8,SNOW,"DARKNESS, LIGHTED ROAD",SNOW OR SLUSH,WEATHER,2.0,37.5,1.0,0.0
16849efce6a78cf4c586f8869c1778680debc05327e62e41474b16202abb14e7968ad7ba9d67f9603e3b82a17121c9094abb386c0bbb2c8caaa756b95b878af9,CLEAR,DAYLIGHT,WET,WEATHER,3.0,37.5,1.0,0.0
1684a20c702126299fe522c0e3bc64f5793b23e9ee6f190574e3e6f9e7428dc874daabdd3fd62fc8eef5f46af5d3c54b25cbbc2e6eabd477a4ea97f9bca6b24b,CLEAR,DAYLIGHT,DRY,IMPROPER TURNING/NO SIGNAL,2.0,37.5,1.0,0.0
1684b1dd4af54af7a87959cf87493581517191b670ac6412d6f5a76ceabb9087a992f2b17dc783ccb3e0bb820db39e592f40817c5705757c4da0c14456dfffe0,CLOUDY/OVERCAST,DAYLIGHT,DRY,IMPROPER TURNING/NO SIGNAL,2.0,37.5,1.0,0.0
1685050aa29cedc0e9bbcc300deaf16e7d87603417e49b33b6d0c0340b04463e57c0a8582a5e0536bea198164e92f12db5b8ce82fc1645840198418dd8227941,CLEAR,DUSK,DRY,"EVASIVE ACTION DUE TO ANIMAL, OBJECT, NONMOTORIST",2.0,37.5,1.0,0.0
1685680084c5c34f0fc00ccbe8ce703252444ad4ded5e29e2c34f1c4ad9132a4fe73e1729a91298ac27cce81f83d7761eaf97cc00593b7089c1101869418a037,CLEAR,DAYLIGHT,DRY,IMPROPER OVERTAKING/PASSING,2.0,37.5,1.0,0.0
168568f9489925175565c07785ffbf94cb04274c917e7941881fb9c1d37bab985e6c288a1acea1c9940cdfd805efa0cc9f84f359f42d32eb0eabcf3f4ed51d4d,CLEAR,"DARKNESS, LIGHTED ROAD",DRY,FAILING TO YIELD RIGHT-OF-WAY,2.0,37.5,1.0,0.0
16856b9331fde5edc64cf0c8d515913b29e5d1cd72b38a3c6293900a37be53e80786f9d0c55d99f990590e7fe1894e49291058de6bcaa2466f7b6e9943f0c3ab,CLEAR,DAYLIGHT,WET,TURNING RIGHT ON RED,2.0,37.5,1.0,0.0
1685842afe70be434587c48c2c539f9fb800d2489a4bdbc6b33697e615437e3f2fafe9254063c99a028f6eeb320afcecf5d9489595e6f0876569411d98270b02,RAIN,DAYLIGHT,WET,FOLLOWING TOO CLOSELY,2.0,37.5,1.0,0.0
1685a329f49c66f995cfc6aa6a5b1b66766333e7da77a74f06820a936463bffc08fc236e1495bc65af57320001ccbddec16deada9d4f084d0da4ccbfa94c3e38,CLEAR,DAYLIGHT,DRY,FAILING TO YIELD RIGHT-OF-WAY,2.0,37.5,1.0,0.0
1685ba1275ec02aa1b3396d4be18e9cd6408a7c78d5029f6d2d73596734bb0bbf465cc3299152de5341f82b14dfe52e9e5a3a31ecf1495ff75366dd290c9ab99,CLEAR,"DARKNESS, LIGHTED ROAD",WET,"OPERATING VEHICLE IN ERRATIC, RECKLESS, CARELESS, NEGLIGENT OR AGGRESSIVE MANNER",2.0,37.5,1.0,0.0
1685bc1a7990145df65c0aa0d21fa28250f1e5dabfaf4bab019fc7e4f64642d77ac6422d5a25868d4ddfb23bdeaa5ed115c28b57ea0e02f83daa95624a3a5611,RAIN,DAYLIGHT,WET,DRIVING SKILLS/KNOWLEDGE/EXPERIENCE,2.0,37.5,1.0,0.0
1685bfa599e61fc45703541cdc6b4096cdcb328f3486ba31ff966c355b1ad8fb091cda11ae927c1b7bf053eef2374e218819b57f4571278421521c306ce4b7c0,CLEAR,"DARKNESS, LIGHTED ROAD",DRY,FAILING TO REDUCE SPEED TO AVOID CRASH,1.0,37.5,1.0,0.0
1685ca36dfa96180d1be8a42ecc521508f48d4326a582a752c040f256357dae2d4b2a8aeab15f9061818cb60e44cefe8ee070d5ff93ca7a3283bee6a6a66910e,CLEAR,DAYLIGHT,DRY,DRIVING SKILLS/KNOWLEDGE/EXPERIENCE,2.0,37.5,1.0,0.0
1686142ec3f95ccc13cd82f6b05e211e2aaad5e603eecb5094480409025807ffbf67e8b0f5f9c260a541230a5acfb55508cfe1bc8ce25faa9c2368b8690e5f22,CLEAR,UNKNOWN,DRY,IMPROPER LANE USAGE,2.0,37.5,1.0,0.0