crash_record_id,weather_condition,lighting_condition,roadway_surface_cond,prim_contributory_cause,total_vehicles,avg_driver_age,total_people,total_injured
1686208930147610bb6d6d79ff82bafd54011582681e0d7492f862f4d1e9f5fd1c3b73d6b2b5594378b62c0f98ef4651abdc2015f7e954bab3a553c30d726551,CLEAR,DAYLIGHT,DRY,FOLLOWING TOO CLOSELY,4.0,37.5,1.0,0.0
16862afb728bc719ac5cf30808b37e4481b09e36ed5f390e3ee60d8c5e03c4c27f0ee3d3f6b349b18a3ac3f15ee0611ffd452fa997a960bf6db84e2a6add2819,CLEAR,DAYLIGHT,DRY,IMPROPER OVERTAKING/PASSING,2.0,37.5,1.0,0.0
16863b7581140f0fd3be45f1aa8bbd51fe89301828e3d6debd23b140266c96f2af81d7a3063a950c5990237cb39990c54aa0777a60f415eb0bd9e4a7ae656c54,CLEAR,DAYLIGHT,WET,FOLLOWING TOO CLOSELY,2.0,37.5,1.0,0.0
1686402e16317df7186bf0a55c18cc446be6fc74c347114b612523d353a54eabe265f89f6c123e7c0e6351ae789aec4f009137a8783e742f83aa5cbf3976a4b1,CLEAR,DAYLIGHT,DRY,DISREGARDING STOP SIGN,3.0,37.5,1.0,0.0
168645e4b809aa4552e8211aabf76131e51894e25af5f1c7a3a0fd86ca8410d029ee0eadb3eefbf9604082f9b6082f2a850a1e2cb770a67c9900f6e998dda5fe,SNOW,DAYLIGHT,SNOW OR SLUSH,IMPROPER BACKING,2.0,37.5,1.0,0.0
16864884e2a473c3957e42bebc7ac2640e385b9d9bf4bc1cb0e75c82693ab6c011f646702e0908647b9e754bb3b8a807df2e7aba5cd95a34b50908101af3dde8,CLEAR,DAYLIGHT,DRY,FAILING TO YIELD RIGHT-OF-WAY,2.0,37.5,1.0,0.0
16866428d34f12e63a2839dfc8ebd860dc891bf870286faf7af1060a27922776252441d782e983898e064769287126f8dabff3d26e96f4b8388490f8ec54b51c,CLEAR,DAYLIGHT,DRY,FOLLOWING TOO CLOSELY,2.0,37.5,1.0,0.0
1686731e39a0b8a9a357056adca4791c6c0df3b90799c4ce4d22598a5c4bcaf6aa39edd15cf22cf21ab163de5d07869a232ce56c8041dccdb234966639f6c64a,CLEAR,DAYLIGHT,DRY,FAILING TO YIELD RIGHT-OF-WAY,2.0,37.5,1.0,0.0
1686b66ac89fe6e3e5a0138011105f6c5cca7b11868e2dbf18f8416097dcd76955a1d86e6fa4a8933a6ab06518357f06b3af56582e8dec3219c6f57b31733079,CLEAR,DAYLIGHT,DRY,IMPROPER OVERTAKING/PASSING,2.0,37.5,1.0,0.0
1686b6831bd519d252a0c3e5e2d66a450f830f3c18e823fec1968b60e75bde3c7ce4629e18d17d027aa2b4605dadd1dc5658c72c4fc14c55dc0d02d14031ede9,CLEAR,DAYLIGHT,DRY,IMPROPER OVERTAKING/PASSING,5.0,37.5,1.0,0.0
1686b85cf232898155212b9aa3bc77016efd9e95973e5e767ea48d5354d4a39018d6ae7fd1d3a31fc96093ddeebd134ca481bda9c5b59bc46e5e74d1e186a383,CLEAR,DAYLIGHT,DRY,DRIVING ON WRONG SIDE/WRONG WAY,2.0,37.5,1.0,0.0
1686c68d7591940782287eaf65a164e44d0a47e4aa59fd2f2d019a0552fe8197d0c7236412216cce91e51467ead2a654a560c60cb7c72120b1ed3f7cbe4b4fca,CLEAR,"DARKNESS, LIGHTED ROAD",DRY,"OPERATING VEHICLE IN ERRATIC, RECKLESS, CARELESS, NEGLIGENT OR AGGRESSIVE MANNER",4.0,37.5,1.0,0.0
1686dbb125c93f47bed8560bf18404bca82ce16cc31d5d6a5a5a4102854ba6471db7f3e72f5b7d2c8bcfc8a8324322b59634028d0fe6b52c0c592da9709d3e1d,CLEAR,DAYLIGHT,DRY,FAILING TO YIELD RIGHT-OF-WAY,1.0,37.5,1.0,0.0
1686f59d05cec0031a5ce6c2e26c676827355379ea4d5a0fc444457696817f1530dba03ead8fd725b938fe6484e6c8519e39c84aae988fed23852fa6d9f5f662,RAIN,DAYLIGHT,WET,IMPROPER OVERTAKING/PASSING,2.0,37.5,1.0,0.0
1686fa76e8bf7ded6f3e573c54d2add05a7329a4ad7497e83eed46fda5fb86c1c8f893f927816fbea34f90ed17b04c89348688c4a28e70173da9d29300d77d98,CLEAR,DUSK,DRY,FAILING TO YIELD RIGHT-OF-WAY,2.0,37.5,1.0,0.0
1686fb4da8e1fc1dd00f1de04378a08fb2d9d45422b1955669a92e2a64e4a20a0d675f4facbce00bc1b716c5618de1e8e557687633697d57c485243a4c867ece,CLEAR,DAYLIGHT,DRY,DISTRACTION - FROM INSIDE VEHICLE,2.0,37.5,1.0,0.0
16872a06e4b24ec45de3d694cc7765e5d12a24b288653179c4613dcae41ea0e83e6b05a078cdabc0724ce6839fbbe4864d0f30820597dac2b71cb99941f9649e,CLEAR,DAYLIGHT,DRY,FAILING TO YIELD RIGHT-OF-WAY,2.0,37.5,1.0,0.0
16873b01e7b2bd4df99135cba5ef64a66e4546968bd3cc45d46fa22f45e1f2f7450f6209d60336fe6cbd801fa1ff47346485ac2a195d27a596a2fdf622d0153e,CLEAR,DARKNESS,DRY,FAILING TO REDUCE SPEED TO AVOID CRASH,1.0,37.5,1.0,0.0
16875fba9d058579fb1da8c449f56225f7535de60a5046b8a13a26db8a2b1c8e893b1327a462af1ea1ccb3b41a73c4807d0d01f41ab87a904055f551916de6ba,CLEAR,"DARKNESS, LIGHTED ROAD",DRY,"VISION OBSCURED (SIGNS, TREE LIMBS, BUILDINGS, ETC.)",2.0,37.5,1.0,0.0
16876f3ae5da6dce014f7df031a1fac52bb980b5ae5866716745d7621b6b8ec4157b89659cf14ecfddc733209773f9ab3c67f5f496c68590c9476144d11859ef,CLEAR,DAYLIGHT,DRY,DISTRACTION - FROM OUTSIDE VEHICLE,2.0,37.5,1.0,0.0
1687ef84a9c124081ab4f5566aa9452cda50b882097f78b39427a556bf5a1bb28ad9faf1b0ba48a8b662f25e047eb7600158f52117e4e41eb1d829562bc17752,CLEAR,DAYLIGHT,UNKNOWN,IMPROPER OVERTAKING/PASSING,2.0,37.5,1.0,0.0
168836a5e3dee750a3adb785f8d9eb3d2a57f11942f835efbbece432632b88d61b490c0811ccd203f76ad3c805e8a3ffa5c284531a20df70ba98f5799af33835,CLEAR,DAYLIGHT,DRY,IMPROPER OVERTAKING/PASSING,2.0,37.5,1.0,0.0
1688520ad979e9d6f6aac207d0f644495ecdd22cfc0bf9f3049cfe7284abe78d6bfa060ec806c5c5e94dbfb90e872e81abb1695f373515f600dc7515ff956bf6,CLEAR,DUSK,DRY,IMPROPER LANE USAGE,2.0,37.5,1.0,0.0
168867dd7a0c9185349db66627321589b70125aa4c4829f7c2e6a5be00be6145375760b9e2fa8d246885623bed88649e01ec315d801380869068f847d3040f8d,CLEAR,DAYLIGHT,DRY,IMPROPER OVERTAKING/PASSING,2.0,37.5,1.0,0.0
1688716de426519580c721143196d3a03fec6ea2805f77797391b60d4aa1f95f5781f9746229a834a66bbb002543340f40cd28c577e5e965bc20773c8acca701,CLEAR,DAYLIGHT,DRY,DRIVING SKILLS/KNOWLEDGE/EXPERIENCE,2.0,37.5,1.0,0.0
16887cfde3f3e393df58a8c54f00b12a0706a2e571cf23f00316379c471ed93139475ba19b8530b947bc6d9f0e19e02510bbc7dc277ae29a45672685c3016d34,CLEAR,DAYLIGHT,DRY,FOLLOWING TOO CLOSELY,2.0,37.5,1.0,0.0
1688af6ade1bc6e4ae5017633680e7fc9fb5596551eb996de79c1e1e244547a46f4f31ab6b8a03a3f430dd7fa53339031b5fd1f7bf3b4b2bb88fd4ba9c432e7f,CLEAR,DAYLIGHT,DRY,IMPROPER BACKING,2.0,37.5,1.0,0.0
1688bb347020aae4e621e981de853dfd72d422dbc5fcde4347573d591a0a8693b592495c2e30b25752134ecd65b98aa67c2dd45efe66a565ed78b72234767bad,RAIN,DAYLIGHT,WET,FAILING TO REDUCE SPEED TO AVOID CRASH,2.0,37.5,1.0,0.0
1688bed98f8604f149635f0db9e0e4817bfb0cc086b2f0810f37bf83ac40cdc4e487320c8ab797f6979718130955547e551aa9da4730ab8fbca5aac5e117cc0d,CLEAR,DAYLIGHT,DRY,FOLLOWING TOO CLOSELY,3.0,37.5,1.0,0.0
1688d5e953bb5e3028f06efe038deb302eedddc01bad80d0b9f0d13286093e1b329d9cd8a94bb1613e09ca73e25261669f14b4d390b50a078ba6cb4b409077f0,CLOUDY/OVERCAST,DAYLIGHT,DRY,DRIVING SKILLS/KNOWLEDGE/EXPERIENCE,1.0,37.5,1.0,0.0
1688f29a6fc3bf9b878603e379e7645ad9754bf475f24d2eb711e7295d69d8b083aba747755e0f4aef6bd6e54af68d3a74fe4becad6b12635a4c4955c156fb4b,CLEAR,DAYLIGHT,DRY,DRIVING SKILLS/KNOWLEDGE/EXPERIENCE,2.0,37.5,1.0,0.0
168908a7fca3c7e90bfe2a10b8b26aef4a23632574d909f3e062b4fe5adca6571b64bc6d1bbd1b6855b41c736dded7566118e26a1f372eda9bd343d21a0f644d,CLEAR,DAYLIGHT,DRY,FAILING TO YIELD RIGHT-OF-WAY,2.0,37.5,1.0,0.0
168949cbf0b8f35a18530ad0fe64153ee955529b761f7f267bb7971ddc4cc78644295061243fe2d1f6814d5853e6274379e53a888eaa00700452e1140e484def,CLEAR,DAYLIGHT,DRY,IMPROPER TURNING/NO SIGNAL,2.0,37.5,1.0,0.0
16896b8b459e7e978bc6d3223c5ef5525d3a772e3950af62d3845b6587aa7d0ffd6ef444cb009c82c5f94c4470298d2394e2c28296bae3a0a366f5b55673a2a9,CLEAR,DAYLIGHT,DRY,IMPROPER OVERTAKING/PASSING,2.0,37.5,1.0,0.0
16897db52fa6289d948f1617e17bf7796b2bf36ad2c37a73e10f310e19ea792f06edf4a15a2a7e1a8d89219b40494a243daaa286b932ba2de27e9244ccee0c3c,CLEAR,DAYLIGHT,DRY,"VISION OBSCURED (SIGNS, TREE LIMBS, BUILDINGS, ETC.)",2.0,37.5,1.0,0.0
1689a82bb402e5624466bb292fc3bc9fb4cb54f70d1ae515e0f3f945de180adcd70d3f07bce3591ee343e6d5c57238ad4c806fde2f6a1e42877b30523394eec3,CLEAR,DAYLIGHT,DRY,FOLLOWING TOO CLOSELY,2.0,37.5,1.0,0.0
1689f67597b4ca5e8011d70093bd938b74706e46491f0d3c04073d590fc2f1027dd767957a5ad201318c0cad7fe3038ef4ec7adb5d825d5a5a5ac0df6a016ca2,CLEAR,DAYLIGHT,DRY,FAILING TO YIELD RIGHT-OF-WAY,2.0,37.5,1.0,0.0
168a19bc18922857f52b58b02b78f3e986b8f7f0109168bc3eabdbf9b8dd3a0f6ff0ff18d88c35f1b6aac772da4cb64863bfa0b76f9afa29040ac72310a62a1c,CLEAR,DAYLIGHT,DRY,IMPROPER TURNING/NO SIGNAL,2.0,37.5,1.0,0.0
168a1ae8ff6d8ed296d3d303b531c44bbc97ceb90d62671e8e0bf6405a6044346d7897eddf3778649b9a79d6156036f5a62fc5e7fbd18f9e12df2d69792f2e5f,CLEAR,DAYLIGHT,DRY,FOLLOWING TOO CLOSELY,2.0,37.5,1.0,0.0
168a6451778a8c37402dc152f93fa9468f9c8ae6023a4dea67c01b82beebb3bb7a9f28b588a6e9c05a1b0f15792c4a1d209353d19e8941e0b5307ea8688e0ee2,UNKNOWN,UNKNOWN,UNKNOWN,FOLLOWING TOO CLOSELY,2.0,37.5,1.0,0.0
168a7f5915881dbe8fd2630950a7a792b01866b303caa0f755134b574a7f9588b1d8f5cbe44cad28f1b7e50acf0b1cdb8ebebd20dd36fa5458a0a580706794f9,CLEAR,DAYLIGHT,DRY,DISREGARDING STOP SIGN,2.0,37.5,1.0,0.0
168aaeacf126e48243280fcaf03a171c258e4ff80ba3eccb3a4b3268139989fe705c1c8a5ca0eb3466a15ebf5cc651c81a476e6feb116d4f9e2a227064336b8a,CLOUDY/OVERCAST,"DARKNESS, LIGHTED ROAD",DRY,FAILING TO YIELD RIGHT-OF-WAY,2.0,37.5,1.0,0.0
168ad72baf8eca4771b2c80b40a3c4766034444441a778ed6cb37d26ba47b4582f4031f0d0ff4391f979170f60ad7aa549f88470980d373c558c828d0c5ed785,CLEAR,DAYLIGHT,DRY,CELL PHONE USE OTHER THAN TEXTING,2.0,37.5,1.0,0.0
168ae62b4125a8389b58aba70dfe89518a7fb0b48613cb09043712b81e053343bdcbe642c6dc65b4ce3649d9eb1e02543f1d698eab76d7a542ae2d536c0b2e5d,RAIN,DAYLIGHT,WET,FAILING TO YIELD RIGHT-OF-WAY,2.0,37.5,1.0,0.0
168af44474cdd44448ad301eac9d2d0241f2b76b6fe17c5b617ddf503c6d4c59bc1b39096decc8a48686747f2642215d2c97c85bbcc0c376e26a775a9e8ff167,CLEAR,DUSK,DRY,IMPROPER LANE USAGE,2.0,37.5,1.0,0.0
168af5f92e91e1023c6fa5182f924301149c0f8275fd21e6319f5e3df922d51aca79afe22c82916d1281af60c43f6da08e27f6a15b1a8090a9e4a8a2f80c7ed0,CLEAR,DAYLIGHT,DRY,FAILING TO YIELD RIGHT-OF-WAY,2.0,37.5,1.0,0.0
168af6d595a4207e5bfd6001491396af2509d1b573a6060e7994575e37e5524b07578e26907c166c6b8e83c70c53fe616a2f10752bc8187a50e7621c5123f7df,RAIN,"DARKNESS, LIGHTED ROAD",WET,WEATHER,2.0,37.5,1.0,0.0
168b1eda7a6ad068f8d549d95fbc1c450aecdeec041b4037be21eae2a0b9bd903a28f0ace7a411c87624505612815ac259fb8fc793cd6ab8ab3ab3dda3bb6cca,CLEAR,DAYLIGHT,DRY,IMPROPER TURNING/NO SIGNAL,2.0,37.5,1.0,0.0
168b436a34930e9804c0574e6a2b20f1714ea14094276aaabe5847b11e1a4bcbe4aa0283008ecc66e83c014c6c65ea67ce1f1e9bb1bd4d6f039eec34d1c2d273,CLEAR,DAYLIGHT,DRY,IMPROPER OVERTAKING/PASSING,2.0,37.5,1.0,0.0
168b4a917fc8ac7de94a16e1b8700a188ff86d784fa1b2f71011d9b0ac193d0d4936007b4e7a13bee71128b1582aeb2d9e08830ea91610ecb3b6f54f0ec40ee4,CLEAR,DAYLIGHT,DRY,FAILING TO YIELD RIGHT-OF-WAY,2.0,37.5,1.0,0.0
168b59cd0d7e3e9be96f2f4148155e7d5ac01c23387daca06376afddca61bbd6c9c4bcd9534aee7d5d03a0e8a8d2e34df5581633be407f7aeaa8d8fca283642a,CLEAR,DAYLIGHT,WET,"VISION OBSCURED (SIGNS, TREE LIMBS, BUILDINGS, ETC.)",2.0,37.5,1.0,0.0
168b752ad1432b46510ff81787a800ac8fa851c3b328d679546609ad4938fe7d5770147d852339aa16f222f197dd349d35c9ce83626518ca1fff6f63ec80af21,RAIN,DAYLIGHT,UNKNOWN,FOLLOWING TOO CLOSELY,2.0,37.5,1.0,0.0
168b852e261277e11d258e899eeb81cbefea8d3578190eb9056d1198e10673b3ca116bb7b98b877b9b5bf1d4b7c9d937393285f3a4379afbd94b9e11f8ca3b1b,CLEAR,DUSK,DRY,DISTRACTION - FROM INSIDE VEHICLE,2.0,37.5,1.0,0.0
168ba1e45a5a93c9e1deec3ebd70e1d90941eb7a05788928a0b5721745d3bbfbb75846267fa86e2ee1473efb741fb4b2d065ad0729e26b2a1af86bc0b4bff2e0,CLEAR,"DARKNESS, LIGHTED ROAD",DRY,FOLLOWING TOO CLOSELY,2.0,37.5,1.0,0.0
168ba46c9764633cb7f380dd906714da3ff0e5e8144542442a4940266aee0053e56a6261fd6d691c66c5f355d3e5bcac31bc60e190cab645433db961919c9060,CLEAR,DAYLIGHT,DRY,FOLLOWING TOO CLOSELY,3.0,37.5,1.0,0.0
168baede0a2eb8cc2e7116d9a09c23a8955b73fe3e940705f0654ef76c9d970ec42fabc1688f57eae67bfb371c9b6c24f6877d5cd832195e6fc5170f83e6335e,CLEAR,"DARKNESS, LIGHTED ROAD",DRY,DRIVING ON WRONG SIDE/WRONG WAY,2.0,37.5,1.0,0.0
168be03b46b1cc9c9ae8f2c7d85b86555871e8c76740583de40a12bdec1cfb39977aee357058515538303a625e92d575e18d27eba6313565b4ab3979eb1c75cb,CLEAR,"DARKNESS, LIGHTED ROAD",DRY,IMPROPER TURNING/NO SIGNAL,2.0,37.5,1.0,0.0
168bfbfb42519cf0d6da22f1c1b1043ea32b9aa26fc69c8bb47f0d11432afe21d88a0e72d1f87defa9f4304372fd75b377f16ba5c0e2a98984cf5f7e66038512,RAIN,DAYLIGHT,WET,FAILING TO YIELD RIGHT-OF-WAY,2.0,37.5,1.0,0.0
168c0e32abd6224367e2028340f2dc26dc6f2373e99a1d493ad63d82ac32e13f942147b9519f18720adcf8926cd007aacec6df6776e2f1bd29da7d421b014a13,CLEAR,DAYLIGHT,DRY,FOLLOWING TOO CLOSELY,2.0,37.5,1.0,0.0
168c2e920ef9c6fad58fbd0165b088dd01df7dd4436efa2fee73de0a33488f7204778d9722e04a2c8eb1532e37ab8ae1d0070b892a382fd99f0f9ab3ce6017d1,CLOUDY/OVERCAST,DAYLIGHT,DRY,FAILING TO YIELD RIGHT-OF-WAY,2.0,37.5,1.0,0.0
168c568cf05e378c139ed69cc1b719e4cac5d4dfb4f23354a44893131ca9e02f1d24c5f063ee8890bb8a775b5df11c7fd627049a46b6d1c5432bcf2d46f4c3c3,CLEAR,DAYLIGHT,DRY,FOLLOWING TOO CLOSELY,2.0,37.5,1.0,0.0
168c65eea815346d0ad125936eb04dcaebe37ecaffd59ae2792a0554974812af618de97e539c05b42a664fd0dd2c52250df0f532fa9d84ab236e1fefe4b67ffd,CLEAR,"DARKNESS, LIGHTED ROAD",DRY,IMPROPER OVERTAKING/PASSING,2.0,37.5,1.0,0.0
168c8093d41f3d6488c0442f92e80937bb821eec85bc626206aecdcaa417ad4c7cb3840996da8c1317bbfa702a443c78bdf655b95513a31dced72f9c1afbab9e,CLEAR,DAYLIGHT,WET,DRIVING ON WRONG SIDE/WRONG WAY,2.0,37.5,1.0,0.0
168c9c2a5e17049b7831d3fbafe54b7069020c68d7d39451af94a0d4f5cba88f5649cd899dffd9242e05d8179daeec22a48408c35b4011483f9219acd6e21936,CLEAR,"DARKNESS, LIGHTED ROAD",DRY,EXCEEDING AUTHORIZED SPEED LIMIT,4.0,37.5,1.0,0.0
168cd775260be216aa08605025dc68b6694ce31559d686c8db5b8d44b8793031ea03f7aad6a25011da8c74e15a6df6a04ee8eabc006e536b449bf396ee94daf4,CLEAR,DAYLIGHT,DRY,IMPROPER TURNING/NO SIGNAL,2.0,37.5,1.0,0.0
168ced32fd2896e63711b71febc23fe7743c414de38da7a9c6b8adb97f12882081461a85fb21c1f39ec2f996c22fd0720db6ec193436ed95f88705f9b5f6f0a6,CLEAR,"DARKNESS, LIGHTED ROAD",UNKNOWN,FAILING TO REDUCE SPEED TO AVOID CRASH,2.0,37.5,1.0,0.0
168d09238beb369306e61b49a05f6c275018372f4fa018e840b5d11e7fd2dad16653f83cdf8d69a1f9fa0efbfeb7ea77b3ff92276f2c070e59f9d8570e05b528,CLEAR,"DARKNESS, LIGHTED ROAD",DRY,FAILING TO REDUCE SPEED TO AVOID CRASH,2.0,37.5,1.0,0.0
168d15eee2cb8d0b92da54a3c4bb94cd7922606975a9fb705be15cdd4eee0c635ee4bdd7efb31f61147b0dea94e0cf5002a10422d1780e523c3a464aa02dd9da,CLEAR,DAYLIGHT,DRY,IMPROPER OVERTAKING/PASSING,2.0,37.5,1.0,0.0
168d17e39bf0191a8fb4c3dcf38378c4a1f236982714243872f528b0ef1e93a15da238bda506a06cc256691b66f568095cd2e9381f2696d871199f8397f60d0d,SNOW,DAYLIGHT,SNOW OR SLUSH,FAILING TO YIELD RIGHT-OF-WAY,2.0,37.5,1.0,0.0
168d8eda9e53d86880e53eb07f13dd4b1849987430fb491ae57a19fe26c8926e0bbc22c9305d20ab86e0c30091811741ec0d5e462b4b8ef789d9cb3ccd5b43e8,SNOW,DAYLIGHT,WET,WEATHER,2.0,37.5,1.0,0.0
168da7dfa2430192062116d506bb0f865deffd2e185adc6463abaa003f29953603fc34ff8088a8e2c2bc8f759994eede65aec63137094deb71748f50fb73665a,CLEAR,DAYLIGHT,DRY,IMPROPER OVERTAKING/PASSING,2.0,37.5,1.0,0.0
168de3439587e60a09697145a90011414f717bbf54a7cde3d05eb44c87ad0aef00d67a54bf5ca25f54e3170001bd075f7757ecc3a1eff994c89305ec2d5fb457,CLEAR,DAYLIGHT,DRY,FAILING TO YIELD RIGHT-OF-WAY,2.0,37.5,1.0,0.0
168df1cc360fe13810b6d315c93d395bcca4c92221f5076dfae1cc80e08741a2732b980106eca3abfa509b26e449d32ed5dac3baa32cf9061a916907f2267e81,UNKNOWN,UNKNOWN,UNKNOWN,FOLLOWING TOO CLOSELY,2.0,37.5,1.0,0.0
168dfe741f83bca92269d904c1e5d5120660e1f4ef5a4ee9b661a5d4933046221bdff0cb81645b12a0c4e6c5a4b6ab596e84bc354e57b3217165927f1681d290,CLEAR,DAYLIGHT,DRY,IMPROPER OVERTAKING/PASSING,2.0,37.5,1.0,0.0
168e0d179116f6c5a77c8c711e847b9e45ab4c53429e7be47e187b6bdc6f447fd4c2ad2a05ec6c4e455778862056a0550ad2a3b94837fa4469f68736880e99bb,CLEAR,"DARKNESS, LIGHTED ROAD",DRY,"OPERATING VEHICLE IN ERRATIC, RECKLESS, CARELESS, NEGLIGENT OR AGGRESSIVE MANNER",2.0,37.5,1.0,0.0
168e60d4a9adeda9936030c6eb64a1001fe4255beed0297685325bdfda91b98332ed2f3cbd72a9085dcbcae7dba11ec7c77c49221543395811c54b9af45c4feb,RAIN,DAYLIGHT,WET,WEATHER,1.0,37.5,1.0,0.0
168e8c6df357708ea7f6d0bb6338099c6bf1c70275852ba7e8a854994b0afb96e640445ffd409c710bbd1674da258dca76b24d9307c80708f392bb22f95ea39a,CLEAR,DAYLIGHT,DRY,IMPROPER TURNING/NO SIGNAL,2.0,37.5,1.0,0.0
168ecac880b16d02c4e000cbf69a6d6e7b1b4c4f1f4518d7f0dbbd8e702493e474264c3a2ed7ae7417a426c7d087da5e8c4ef48be4e16052067f632c641219f0,RAIN,"DARKNESS, LIGHTED ROAD",WET,IMPROPER BACKING,2.0,37.5,1.0,0.0
168f028bb68ce5021b28f244c23f10bdf6b304535b823a4e224e157f5b173eb760077a43b77b0fb900616a69b6d954c91bd26e30b90dd378f81eeb05a77d5a26,CLEAR,DAYLIGHT,DRY,"VISION OBSCURED (SIGNS, TREE LIMBS, BUILDINGS, ETC.)",2.0,37.5,1.0,0.0
168f39e421a16f517af5a8324af5fd6a78b91fb4df71e28db7da7dfb3c24ee952afab4e932d4b6560243a573b2a67a5bb4ecb752c552c60c6a80870c10ad3950,CLEAR,"DARKNESS, LIGHTED ROAD",DRY,DISREGARDING TRAFFIC SIGNALS,2.0,37.5,1.0,0.0
168f7ef9869a0980cd429efbee40ba2bfc7fbf79f8cc968783f4a3d116fe12e7791bd9adc1ad684224c09b982e96cb1e195167c57e1e469b7eaff89cbec97b9a,CLEAR,DAYLIGHT,DRY,IMPROPER OVERTAKING/PASSING,2.0,37.5,1.0,0.0
168f9bcd3381bf7b00c83c4c14b42833a2db1394bd23eef43817a2bb91471975adb36bf01ea427bcd03272fa68a76138154993a1497e9deddba907e9faf6b0d1,CLEAR,DAYLIGHT,DRY,IMPROPER LANE USAGE,2.0,37.5,1.0,0.0
168faa131529fdaba26cd199e65844ac766080ba1c8e2e4d99d6aa4efcad207707861d2f58876d20f2901e65ebd5afaf7df6f50d931d5494ba79cd3d9370139f,CLEAR,DAYLIGHT,DRY,FAILING TO YIELD RIGHT-OF-WAY,2.0,37.5,1.0,0.0
168fdb4760de2cc5397f61a84e7607d27903703b346ebc7c9524ad3f159930bfcb4b13d10c190087a9df1345e62f225946320d3a898d5fe7ed49f9f86d5176d3,SNOW,DAYLIGHT,SNOW OR SLUSH,FAILING TO REDUCE SPEED TO AVOID CRASH,1.0,37.5,1.0,0.0
16900a584db5816e0d2416aec87ea5fd000e52f466944cd7c2443f36899918c06cfe0960d07bb16f4f77b525b36d6d6b5b52ea485ad88acebd3ec50264332b0b,CLEAR,DAYLIGHT,DRY,FOLLOWING TOO CLOSELY,2.0,37.5,1.0,0.0
169015abbd92bb8752735dea82384c882fe768da1762144f0db71e93c259c0f256f54c6e3ea44544f2b3bf3d95b62d122c598313e2c5c5377b023f5113068c8e,CLEAR,DAYLIGHT,DRY,DRIVING ON WRONG SIDE/WRONG WAY,2.0,37.5,1.0,0.0
16901dbaa4140e9b0aba262cd2bb834d40d002cd9762f150aeeee2635feca6a6ba75cbfabd87181aa14de25c3baf6e8d0502c92ea10c9e1a4b506ff72f52a6f2,CLEAR,"DARKNESS, LIGHTED ROAD",DRY,FOLLOWING TOO CLOSELY,2.0,37.5,1.0,0.0
16902c17217861b2d98764ec0db22deed2ceab0916182904c813ddf747cceded8f07bbe502561aaf7dd4124c8c0fe8797a9d663b425e76684c457a877ceb0231,CLEAR,DAYLIGHT,DRY,ROAD ENGINEERING/SURFACE/MARKING DEFECTS,2.0,37.5,1.0,0.0
1690374268e85bc35267e2bcf53561937e279e50d745b0ebdb629b79c0bb810169beb188fcdcd3e8bffffda0b261f07acca271053be6541022bce251f905d206,CLEAR,DAYLIGHT,DRY,IMPROPER LANE USAGE,2.0,37.5,1.0,0.0
169045b5555f8edbf5e86a6e36170685c823eee9bb159394abd86cc2bac00b9397d6125d8d7619c443a434f079244471be1492fc1fa804b999bb0dbc5101372e,CLEAR,DAYLIGHT,DRY,FAILING TO YIELD RIGHT-OF-WAY,2.0,37.5,1.0,0.0
16904c1d6da3b801d0aa102711fdb2f730eb564f18d3f87b1a5c3220ce432950fcd7b24a046728a2cce397188b90106cf75f8fa65a31d4d5acb966ac213afcca,RAIN,"DARKNESS, LIGHTED ROAD",WET,DRIVING ON WRONG SIDE/WRONG WAY,2.0,37.5,1.0,0.0
169054bfd49f5c9a2e416912ebe1c4bd3dcbb5565c44cf3e8fc0db58aa043f5a8ad2b10e939a435023a430d88e441d0eca30d1d38d70f0a981fd982c184b8516,CLEAR,DAYLIGHT,DRY,FOLLOWING TOO CLOSELY,2.0,37.5,1.0,0.0
16905fefaf34d7b435a2ea6bce918448ab1704a2383f4c4cb4f622716a437bad0983c36130dad952d72620094c1133f8538777086a9f23b58144affd99a48d4c,RAIN,DAYLIGHT,WET,FOLLOWING TOO CLOSELY,2.0,37.5,1.0,0.0
1690672d62791ce1bbe431f13a3a5ea5de3256541d68348b67349c3798b5bc980d0b1de54626eda6a1100e8a2d88b3a7c43673c5d104cc23e16060e237d6dba9,CLEAR,DAYLIGHT,DRY,FAILING TO YIELD RIGHT-OF-WAY,2.0,37.5,1.0,0.0
16906dd32c6e66d7aeaabd033ef4b7bfbcfb9660a9ecf2daa8b6941dd0c98a386646d4b3556857ffc36b875e09d729f69f10cd431fb8b1461a1095e85047980b,CLEAR,DAYLIGHT,DRY,IMPROPER OVERTAKING/PASSING,2.0,37.5,1.0,0.0
16908e80d1d6d022f31765cb763d3b70155e08aa3c277f858c3ff82e5469072efd71f61a941da5a73d134d25fd5770c46762970b7651b26f17631e41b7146564,CLEAR,DAYLIGHT,DRY,IMPROPER LANE USAGE,2.0,37.5,1.0,0.0
1690d498ac5b9bd48b8d457f180c5df12f952b6e7585fcca219d8c463844750d01518f33b576fa3778d3139cd9bf54bbc00b02684b39ef6b5054d5b15c130454,CLEAR,"DARKNESS, LIGHTED ROAD",DRY,IMPROPER OVERTAKING/PASSING,2.0,37.5,1.0,0.0
1690e73f6ce22850a604e7122b1092705f88ffbe27574e33a49be9977b189c45e28164f2e30d7aea2569ef0f628ce3de7d5cafd0693a5892e385de679aad2177,UNKNOWN,"DARKNESS, LIGHTED ROAD",UNKNOWN,FOLLOWING TOO CLOSELY,2.0,37.5,1.0,0.0