crash_record_id,weather_condition,lighting_condition,roadway_surface_cond,prim_contributory_cause,total_vehicles,avg_driver_age,total_people,total_injured
1690f38220513e7284ad52b1b96552d0d7a6f3a6144215872b58f1302493226d0731b7a1799e231f2482c4dd1c8eb195886c3bd1fcb32d085daebd8865b1c5cf,CLOUDY/OVERCAST,DAYLIGHT,DRY,IMPROPER LANE USAGE,2.0,37.5,1.0,0.0
1690f3e43ac566a63d7286d3d41e585e3ff7b5bcadf9faeb9037fc2773cbd7e96513c889d1dcec7aa6d38f387c363739fff56e4d8b0f8aa1d4486ac600424871,CLEAR,DUSK,DRY,FOLLOWING TOO CLOSELY,2.0,37.5,1.0,0.0
16910eba97da840e7fa44fd9a0fc6b316f78e8bee6684d0d5064b229fa3a2de707ca21b7fc71190faa97cadfd93a92894ae752106d992938337f257944422a85,CLEAR,DAYLIGHT,DRY,FAILING TO YIELD RIGHT-OF-WAY,2.0,37.5,1.0,0.0
16911688d2309e11e13b1e95d5a4855a5602f8f7fc2e26a8ca6c6070b5c681736f72c408c01473c2714d50b4c995b2f30a39af0ff58fa5b6f13cad881e27d13b,CLEAR,DAYLIGHT,DRY,DISREGARDING TRAFFIC SIGNALS,2.0,37.5,1.0,0.0
1691296f317aabab0579911e882a7b8765b5ebcbf5228a5cf0fbfe13ac20b7d91c97826b9211fb021cf1732cefb5e6c20e97940b23a49750c8dbf0e655b52489,CLEAR,DAYLIGHT,DRY,IMPROPER TURNING/NO SIGNAL,2.0,37.5,1.0,0.0
16913288dbbaf3bd998a27f561ca3a6a2e4003c3805318b384d10734daf3d4454458b3a77a1c962c8d6386b3573440700b673072e30ee01d82dd4b0b4326539e,CLEAR,DUSK,DRY,DISREGARDING TRAFFIC SIGNALS,2.0,37.5,1.0,0.0
16913a92f3dea624ac2550bd38d7b128734120f71efa527538d82c29449c52c34f9cca2ab027091c048af0b1f1a95c429eef8d52ed3edc96dc7e58aafdc2f8e7,CLEAR,DAYLIGHT,DRY,IMPROPER LANE USAGE,2.0,37.5,1.0,0.0
1691685e1f6b5bba09114ac8d7d26646455ea83d061908c5e6a1302dc3bad0c99905a3e9de60b1d82070e7fb23551d1ad00ae201ff6625a1edc12cb6aaaf6237,CLEAR,DUSK,UNKNOWN,IMPROPER OVERTAKING/PASSING,2.0,37.5,1.0,0.0
16917bac9a27148d4116630b88b1e07631b6bf6f88e53ed126c2396d474c7f73179ad0de7497155405b819549692cc4022afae588b2fe2d3dbd850beffd63c7d,CLEAR,"DARKNESS, LIGHTED ROAD",DRY,FAILING TO YIELD RIGHT-OF-WAY,1.0,37.5,1.0,0.0
1691b3cc0cd20aaa951093114e5e6c2132ac82eaa7697ecb52296edd04e1fa91256ca2755aa84b293bc77285287c1bc228f93be1c01a87c6b8b868f359322acd,CLEAR,DAYLIGHT,DRY,IMPROPER BACKING,2.0,37.5,1.0,0.0
1691d174e6a13fbbbd3b108514ddc347f86bf4e9ccdde29ac97b1dc4b68a7ff494b8a299576a280238be1622488d160f533d522261abf5d508dc8bb2c84d3969,CLEAR,DAYLIGHT,DRY,"OPERATING VEHICLE IN ERRATIC, RECKLESS, CARELESS, NEGLIGENT OR AGGRESSIVE MANNER",2.0,37.5,1.0,0.0
1691d8d290c2491925c9a8b8fd9bdc2f16c2d51337caab5fc20956f03b5cd4b8cb76ffbee7a56349da2e26ecd185cdcabd86a5c350ef6e4839a868ca85260665,CLEAR,DUSK,UNKNOWN,IMPROPER BACKING,2.0,37.5,1.0,0.0
1691f6d46223e402c7868c7741d37ffc0226355f9c9ee215e7670513e65036bdad7404a6364308fe70fc83b02392fb1aad5e973336411efda132412576d7705f,CLEAR,DAYLIGHT,DRY,DISREGARDING STOP SIGN,1.0,37.5,1.0,0.0
1691fcd5f5b8b121d82e16c3a95024c9f8716f88b8a81619cce1be5d1d2c840bb4fd6ac64dbcf0b7bea42ad79e4612de95e301aaeaaa566823ef8db72f2bab7f,CLEAR,"DARKNESS, LIGHTED ROAD",DRY,FAILING TO REDUCE SPEED TO AVOID CRASH,2.0,37.5,1.0,0.0
1692453dcc243f795dabcaea2e23c027a8a1a25c7c7bb75decdb58fcb686e3b75402a2f74a3e597565dc7f44a253c25b6f1d8011cd5b65a6b2e3cb2ffdfc5ac6,CLEAR,DUSK,DRY,DISTRACTION - FROM INSIDE VEHICLE,1.0,37.5,1.0,0.0
16924fa6d23ede82035830ffd8961d3f767aa4c9bf8bd98031d5c43f17c224e56d5c241d48875cc5e3fbe1d569745356be53806e86ec5ee4cea8fbb2dc78eab9,CLEAR,DAYLIGHT,DRY,FOLLOWING TOO CLOSELY,2.0,37.5,1.0,0.0
16925bd1a085bba7051f6c1394d9de555eb47740aabb3a37cda5bd50587687dac4947c1d7f2ce00689a1fb3b0f0c11ff5ae5dd2f743b107a9759eb1cf64f92ed,CLEAR,DAYLIGHT,DRY,FOLLOWING TOO CLOSELY,2.0,37.5,1.0,0.0
16927b50b49e375a8f02a7c5e94d48bbad78c0db565a9bbd04a51c324f379afd9b93b0e7e74dcd91c6d0a81cfd3e18f60915c171612944975fc99122a6376faa,CLEAR,DAYLIGHT,DRY,IMPROPER TURNING/NO SIGNAL,2.0,37.5,1.0,0.0
16927b62e77315dd1f57c6a525eea7bd202feae4af82e3e4cc8a670572f34581647827cb4d6c344a371b809254f0cbae7c2c39af463e00500d7aecd2da0d9fbc,CLEAR,DAYLIGHT,DRY,IMPROPER TURNING/NO SIGNAL,2.0,37.5,1.0,0.0
16927e39cc96458181435d423e142aae2cfa260f173c62aa9b8bc948ed740a48b815088cd0708f9ce671f67bb5f79860fc35f03450fd6182709a206af6a25902,SNOW,"DARKNESS, LIGHTED ROAD",WET,"VISION OBSCURED (SIGNS, TREE LIMBS, BUILDINGS, ETC.)",1.0,37.5,1.0,0.0
169290e26d7ff9ee622458a44d21ab89739e7514e1dc00ede187361f9618d8a3706bc81ca5ae594dd6174821a47ecc11a6905e918c768f565b7ce3a29422bfa9,CLEAR,"DARKNESS, LIGHTED ROAD",UNKNOWN,FOLLOWING TOO CLOSELY,2.0,37.5,1.0,0.0
16929ce0ce85b7b66b897b92df5370652c60a2aa74bc9d959eb8bf2e5a3d78d893e8f5c58dbbb95d9d9f43017898d0adea3b1bcb62a0397a9c6eddc58907f6b4,CLEAR,DAYLIGHT,DRY,FOLLOWING TOO CLOSELY,2.0,37.5,1.0,0.0
1692d6319bd62caf2b8326e576d6f7761fc3cd2c524aca32fda639c27e952e33d8daea7cb5bb93c49ffd3fc7589920e7a4200e1f6fdf5143f24908ba07fc7f79,SNOW,"DARKNESS, LIGHTED ROAD",SNOW OR SLUSH,FOLLOWING TOO CLOSELY,2.0,37.5,1.0,0.0
1692e1a65265c304fb27657227a2cb079f4f4849f1374eefd0bf6c436779a797161727593e58bc95d91e5c31f39052ac2a9063c0cff798ca77325245d63a07ab,CLEAR,"DARKNESS, LIGHTED ROAD",DRY,IMPROPER BACKING,2.0,37.5,1.0,0.0
169314ff566f68d10f3c21bb18083043d424ce471dbb8eb8ce7f3a032b007b81a93aa6be29dea9241a598fea3158690ac691f5aacb3182295e55f78226afb15c,CLEAR,DAYLIGHT,DRY,DRIVING SKILLS/KNOWLEDGE/EXPERIENCE,2.0,37.5,1.0,0.0
1693227eb5af4dd9ba0b928d18088ed7964095d4d431b62793528e4429db4d1cac0d17e27e84b402f44be0a274f507e0723990f4d3219c64b8be23cbde07c361,RAIN,DAYLIGHT,WET,FAILING TO YIELD RIGHT-OF-WAY,2.0,37.5,1.0,0.0
169329c47e59c32a43974f41bdc4b6feb59dbb972d83b80b82909c7fccc8ef6dcdf5fc6bf055406d9e50202999d8efa276cc9daab6eace312a919d5f1d094e2f,CLOUDY/OVERCAST,DAYLIGHT,WET,FAILING TO REDUCE SPEED TO AVOID CRASH,3.0,37.5,1.0,0.0
1693311c0c2b17bd4b3cf228d7d4c522627b150fd29fd64a8f6adabb5f3764fb5d1bdfca334fe6302d9faf3c87c0f74caf6f060a9cdb44507180af24204aac71,CLEAR,"DARKNESS, LIGHTED ROAD",DRY,IMPROPER OVERTAKING/PASSING,2.0,37.5,1.0,0.0
169332a5bcce0aa08978e9093d449eee3a4ccb7aa1f15ce4e868b853ee2a92432a9c0fa1bb6ad6d10701229f0bf9530eac954c5ed01d76b63ce211cff0d800fe,UNKNOWN,DAYLIGHT,UNKNOWN,FAILING TO YIELD RIGHT-OF-WAY,2.0,37.5,1.0,0.0
16934385f589ce6ea74ec40f236bbe2e5bc286fe05d37699adbd186b5c44665bf52ad17cb4057bed6367bc19b6f3cd6e48d6d3518ccb17f1e3e94b66d4b5156e,CLEAR,DAYLIGHT,DRY,IMPROPER OVERTAKING/PASSING,2.0,37.5,1.0,0.0
1693520af12a14eb87891cfb4600614238e03480f24f2af5f676f3e5369d29a67a61e55daddf95056c39abbf1b3be852590ae49a466931e86089a22152a3a0c2,CLEAR,DAYLIGHT,DRY,FAILING TO YIELD RIGHT-OF-WAY,2.0,37.5,1.0,0.0
169376b0102b8024bf45e945fd8ae69be6ee59f7f7abf600178c009e00b54d1a27fea5140de76e58f6fc84dad04e7415efc477bc528dc5dc0e58d18245934f5b,CLEAR,DAYLIGHT,DRY,FAILING TO YIELD RIGHT-OF-WAY,1.0,37.5,1.0,0.0
1693804a836bdeddd18fa8f9610595c8d66ca82d917d981c0a7f59ff1560348e6c1c0096bbc03c59eb109bcf86deb35dcbe3f8a1432b0b6ac4221bbdd7070574,CLEAR,DUSK,DRY,FAILING TO YIELD RIGHT-OF-WAY,2.0,37.5,1.0,0.0
169386495976974466766ca963cb8c44cd86e6db3c4bf6d3c7a8418922b459edcf93762a4f0f359861c89dcd9137fd2168297c740546b44ff3753aa5d1040ee3,CLEAR,DAYLIGHT,DRY,FAILING TO YIELD RIGHT-OF-WAY,2.0,37.5,1.0,0.0
16938bd6033b57cdfcde6638113e09748f7e30c4e93c6c6ee0348e3c97cb39e4a1c45b1fa668ba9e40661940da1baf12a6576ce6a3789f6c0105b5cf8623acec,CLEAR,DAYLIGHT,DRY,FAILING TO YIELD RIGHT-OF-WAY,2.0,37.5,1.0,0.0
1693a5c5493a12aaf44526518021c933591ac795e15ceeb31a3c48116edcdccc49746edc4cf2f2d8efeeff7ec90418fa04cb43918fef3855ccebba90ee93c90f,CLEAR,DAYLIGHT,DRY,"VISION OBSCURED (SIGNS, TREE LIMBS, BUILDINGS, ETC.)",2.0,37.5,1.0,0.0
1693a71adc91821318033da9beed763ff28f2fe8e883065d9dfcb87e6bab9309e3a7f7641ae0496241fb87553fbb3db25346b7a92b609ec2936cd61ccbf17a14,CLEAR,DAYLIGHT,DRY,DISTRACTION - FROM INSIDE VEHICLE,2.0,37.5,1.0,0.0
1693ba1218358e00c5bbad4413b418d4f20897e8a9eec7b14fcbb1608eaa0922c6a50f3608b42bcbb6a0482fbafef6ace2f713b95a1d58893a82574749a87ee5,CLEAR,DAYLIGHT,DRY,FAILING TO YIELD RIGHT-OF-WAY,2.0,37.5,1.0,0.0
1693bc9df57261bc25f6a78002e644b833cc7ecce4eb0c43a4e4e6dbed5335e34f1dafb9ed80e91be66ee8147e26aa9c316fbe36426bb5afb930612262dacbd6,CLEAR,DAYLIGHT,DRY,FOLLOWING TOO CLOSELY,2.0,37.5,1.0,0.0
1693c0325dc0ac4b3cc613ae40c2652aa56256f9c6761a41b6d39cb39d713e9028a7b085cc299cd05783b6e68de7b59899c3130d0f72396acae26acdd82dd367,CLOUDY/OVERCAST,DAYLIGHT,DRY,DRIVING SKILLS/KNOWLEDGE/EXPERIENCE,2.0,37.5,1.0,0.0
1693fedc91875d81fdfde13e1bc6d91ec40704eb50a791fcfcce9f48092fb209edfc5e9cde6472f33bcc2aa8c8f1161fdfc67499be881a3270038bbed124040c,RAIN,DAYLIGHT,WET,WEATHER,4.0,37.5,1.0,0.0
1694151b5df1741b791656103e2cddef32dd2088348d186c0d0fd165e062332602782c2ed2adcba970fe3d0cf18c85bfb495576eb944996b8d3768cc11045d87,CLEAR,DAWN,UNKNOWN,DRIVING SKILLS/KNOWLEDGE/EXPERIENCE,1.0,37.5,1.0,0.0
169415f0bf6152da6d016fc3848cd682c80215e9d761258ee375a59fbbed86a933311c97e520a347175043447b5b4521e1795f2c2ca09e0e3030d1b26f654e25,CLEAR,DUSK,OTHER,FAILING TO REDUCE SPEED TO AVOID CRASH,2.0,37.5,1.0,0.0
169426b97be51dccc52f44c1320a150be32ff8a0be390e3b6fbb4299d9042a10ea438b9b6f51cc47cd7fb3d3c85feafffb9bf9d7c280d0091c46e8b812eddeab,CLEAR,"DARKNESS, LIGHTED ROAD",DRY,EQUIPMENT - VEHICLE CONDITION,1.0,37.5,1.0,0.0
16942a3ef16cd10ebfd0f0ed6fa622f43336b94f2956eaa48d1657c83061f6e37b45de534bd2e69e50016988e805573c6f29fc90b7938443b2ddf0af546289ab,RAIN,DUSK,WET,FAILING TO YIELD RIGHT-OF-WAY,2.0,37.5,1.0,0.0
16943696f0118a011c797fc1f2f1b73bb200ec485ab1cf477f4faed1fbf5ce0bf36f635f8fe06d5371fe9ecbbe3e585c6fa3325dcb3ba6f99c464a9be71d65ba,UNKNOWN,UNKNOWN,UNKNOWN,"OPERATING VEHICLE IN ERRATIC, RECKLESS, CARELESS, NEGLIGENT OR AGGRESSIVE MANNER",2.0,37.5,1.0,0.0
169452e6d21e9f617c97fcdc2d637cbab270f50caa01a05124fd039d9bc01df3a88e4b7499027de2d4b1448867d618b6af192bbb23dcd0c379b99dcbc3276986,CLEAR,DAYLIGHT,DRY,FOLLOWING TOO CLOSELY,2.0,37.5,1.0,0.0
1694639b794a7cf134d0f0ace4788a9f1efffc88dec223c750f68ef19d8115280ab2a01e44be5c87831fd50c532358cf4ed2cbab850ffc31a722fa25ca3743f0,CLEAR,DAYLIGHT,DRY,IMPROPER TURNING/NO SIGNAL,2.0,37.5,1.0,0.0
16948c80683095ded7d81487c5917567ed593026dea49ce8008c5d0ca8ee7fcaae87bc68af5c0065c609a283f9e564ced00d05037c5a599c53bfb65861fbdd4b,CLEAR,DAYLIGHT,DRY,FOLLOWING TOO CLOSELY,2.0,37.5,1.0,0.0
1694b9acfefc791865b5a65e295854677c93ff48fe71b2fdb47972d692e88024096b965e9befa585b63418995876456b55b93ae239a0e4713fde58a500d257a0,UNKNOWN,"DARKNESS, LIGHTED ROAD",UNKNOWN,FOLLOWING TOO CLOSELY,2.0,37.5,1.0,0.0
1694d0c4450785ce170b006c74a6dc67a1357fae3cfbc03f6b0cd72030c054670ccebcef96395ae8a935a56ead92622f46f8610e7d7b417a4ac2b318fecdaa3f,CLEAR,DAYLIGHT,DRY,FAILING TO YIELD RIGHT-OF-WAY,2.0,37.5,1.0,0.0
1694de6e78e2130095a61b1ef74b539210d66f02536e58dda1c5a004f176bccad8f25d173a3e3a70df339c2768aa408eba8be02a633d3945bf90d44371395198,CLEAR,DAYLIGHT,DRY,FOLLOWING TOO CLOSELY,2.0,37.5,1.0,0.0
1694e77e9e9db9c0ef8461129cf8742eb74dab7068daf20416a85fb7518733de3e24d95f9ca790e7849425ec173126025cdbca4dce2edc6a76740620d0678c57,CLEAR,DAYLIGHT,DRY,FOLLOWING TOO CLOSELY,2.0,37.5,1.0,0.0
1695684849915248fc0fbf0dd4b9fbdfa52da01063caafd7b2eb6a54c107f91eb3fbc0c2f9087659a3ad3ab896bb6a345b2e4b610d39ece6c326d430245f8b11,RAIN,"DARKNESS, LIGHTED ROAD",WET,"VISION OBSCURED (SIGNS, TREE LIMBS, BUILDINGS, ETC.)",1.0,37.5,1.0,0.0
16956e438b5839d3156c383b65679c3d987ff72bc1df5f77f19050f3ab4dc63c0565d1993b6e829857f6efd3f4c5989df2ce1f623687468c436d067e374693dd,CLEAR,"DARKNESS, LIGHTED ROAD",DRY,EQUIPMENT - VEHICLE CONDITION,2.0,37.5,1.0,0.0
169571d2a66771bc32f33b4ce4168902ce3ee101854012ffc97818469d5c9cd5d7d29b8a9a3d4911e6cce6078050c2df13b2d0449bbef242223a99232dbbf6c7,CLEAR,DARKNESS,DRY,IMPROPER LANE USAGE,2.0,37.5,1.0,0.0
16958ee6f22b44a1acaee122bdd99d2351538d484c951b3106f9553e423922a75ab13c088ad49b8e279b74fc2fa556eb7ff32f06192d77202b9520ef24b5fee0,CLEAR,DAYLIGHT,DRY,DRIVING SKILLS/KNOWLEDGE/EXPERIENCE,1.0,37.5,1.0,0.0
169591b446a761019f7fbb7286be69b9dad28fe9401ad2be1a5f292070fdd1f4ecde0ccca17532a2ce213a0ecda2ca8d51bf0e851ff339dfdeadad91d1698776,CLEAR,"DARKNESS, LIGHTED ROAD",DRY,DISREGARDING YIELD SIGN,2.0,37.5,1.0,0.0
1695c5dc56187ada26dff5daaeebcbaa4d72cd47aaad9f017b2f88ad27e080c551e15b46b56910ac3bd25cc8120caf35ecd221d1f54603759af0bf11ad280279,UNKNOWN,UNKNOWN,UNKNOWN,IMPROPER OVERTAKING/PASSING,2.0,37.5,1.0,0.0
1695c87cad1099c99be69085f9b1462ca676bec57174a43a63b33ce36776780e14a95983da1dabaec30faba35c3122f4a294228d7150eb035548b155881515f3,CLEAR,DAYLIGHT,DRY,IMPROPER TURNING/NO SIGNAL,2.0,37.5,1.0,0.0
1695e8706a8323dcd9657e0f14c16248361e1afc5c3915193aa6069d4a4fae25b9b8428232cd702d7a3d7a238b3975b93c417abb7552d17c4e6fbc58c658cbc3,CLEAR,DAYLIGHT,UNKNOWN,IMPROPER TURNING/NO SIGNAL,2.0,37.5,1.0,0.0
169603ddaf01953b0e499b104ae326dbd6bb2232bd41f2069eea5fa77d044a1a4575cd24daada2726db150ece6b370e418db95d1516f8517d694d462a2c6380e,CLEAR,DAYLIGHT,DRY,"OPERATING VEHICLE IN ERRATIC, RECKLESS, CARELESS, NEGLIGENT OR AGGRESSIVE MANNER",2.0,37.5,1.0,0.0
16963c2169cf6aa3e7e329e342209425da888827c220ae1c2dc1b5ea23b830efed3a9e47cdddd13048b1cc56f8ac1659f0d68ea55a990045b7253c00875c3a66,CLEAR,DUSK,DRY,FOLLOWING TOO CLOSELY,2.0,37.5,1.0,0.0
16963dc83c0290ec4153c1604ed59c848913123b964a495cb3261c29f8a81e8593f9d123fc125bbaea65d71690576cee2bf5866602c078625035c858313d088b,CLEAR,DAYLIGHT,DRY,IMPROPER OVERTAKING/PASSING,2.0,37.5,1.0,0.0
16964c43dd708e4eb8c112523f9e6e5fcbe6e0e165a84c4298ae88d80d6500558e3da715a255028285c2772f1208956f0ccc47714f7f9e8073b5d1ff37467cbf,CLEAR,DAYLIGHT,UNKNOWN,FAILING TO YIELD RIGHT-OF-WAY,2.0,37.5,1.0,0.0
169650f44b4488c531deea6acaef64db8ccd1949ad90aef664c5a22940f615ba72a05c904e2ab9ee848cd8ac0a3035ed4bcd1b11d022f9da6b86eefa0653db49,CLEAR,DAYLIGHT,DRY,FOLLOWING TOO CLOSELY,2.0,37.5,1.0,0.0
16965c4dfa527cc77e9868ee85bb9e41a332346a2ca287118d471daff531321e096bd06bbaf332145568de88a78880730f0bf2e1b9edcf36ad10d4b954e2736c,SNOW,DARKNESS,WET,DISREGARDING STOP SIGN,2.0,37.5,1.0,0.0
16969f49c53bcc521adedc66285073c84d79fa317e4a4e00a5201d6cf91931086d885e4952eca147e61ab16b4aae85d71cbd7e455de7009466c49eda9423177d,CLEAR,DAYLIGHT,DRY,FOLLOWING TOO CLOSELY,2.0,37.5,1.0,0.0
1696fc536893fc2d66c6570c7af487ef4c33635da8ead11fc7e182f8e91ce8e4bb4e7ad1bf49706b9058eecafe643b0369ddf068020ea10228c8be01519649a2,CLEAR,DAYLIGHT,DRY,FOLLOWING TOO CLOSELY,3.0,37.5,1.0,0.0
169756cce08a13cfc4be33830c3e1c3a0f890ee4bdf4c2f788ef038de7cff2e7fdec884dc46e7f6f76536dd36a55822bb6f1ab5cd50f88c4b9dbf8c8208740d5,CLEAR,DAWN,DRY,FOLLOWING TOO CLOSELY,2.0,37.5,1.0,0.0
169770af0fb418da7f3b7c78f31fa327609e2fad697d8d020492eaba2d261c33ca1dfe71fbc2a2ba7cc7248cfc7a4d7a1dc7cb4db9acf2a1561476bd3cee3c23,CLEAR,"DARKNESS, LIGHTED ROAD",DRY,FAILING TO YIELD RIGHT-OF-WAY,2.0,37.5,1.0,0.0
16978dce474ebb835aa649e5e92e3e30778760ba02582925c0b93e61197fa7fa424a4c2a3a267eb6ed082bf7f9ea8a0fdb25421d54e7792fe72e9e42b1f5d5c0,UNKNOWN,DAYLIGHT,UNKNOWN,DRIVING SKILLS/KNOWLEDGE/EXPERIENCE,2.0,37.5,1.0,0.0
1697c5270e64246a1ab87dc7a27ff081e54e7001678877f78ed85307dda0cb665774ab0419d8aa8d003b6080821fd238612d20e4ae3a5f8494ca7fddcb6e7210,CLEAR,DAYLIGHT,DRY,FOLLOWING TOO CLOSELY,2.0,37.5,1.0,0.0
1697d35793144dea36d429c56a610461aa544c1ba7067b1711426073052518668e91e0b6d3851b74f639f2616d35e5aacbd5edd1e39a2436f4d77e07fd995125,CLOUDY/OVERCAST,DAYLIGHT,DRY,IMPROPER LANE USAGE,2.0,37.5,1.0,0.0
1697e3ebc7967d87c83bc539eecab1f72a0d209d48b90acd8b79abb2922d42f07c0f938fe7e8e20cdb2fff26c76eeec9636ace249cdb4fd3dd6bb7106eceed88,CLEAR,DAYLIGHT,DRY,DISTRACTION - FROM INSIDE VEHICLE,2.0,37.5,1.0,0.0
1697f00fc1b4f130ee31d64ea100996210f8158f06f6b2dbcb3e9e0075fdf1e70e1e578f626da8e0d4a45c4dcef0c1d3b2c5a8c1a0a94cdf5ac2a270b2aa6534,CLEAR,DAYLIGHT,DRY,FOLLOWING TOO CLOSELY,2.0,37.5,1.0,0.0
16981f84952ba771a9ad5f454d99b7986b2d75a00f1d231209c28c2ce087488680c3fac6f892a7fb45907e46310cc5b5b6398610bb684e7958b0fdad366ad206,CLEAR,"DARKNESS, LIGHTED ROAD",DRY,FOLLOWING TOO CLOSELY,2.0,37.5,1.0,0.0
1698737de15527a6194149063dde9531029c58e1ecd03844aab589a67df940de6d2999ef21455a1a297c7c3bac4d34a803c5d5ae0ef431943e70a87316223822,CLEAR,DAYLIGHT,DRY,IMPROPER OVERTAKING/PASSING,2.0,37.5,1.0,0.0
16987ca65d3bacccfc6a14bfd4676b11d4bdbdd30586d747f756e861792f311927dc397880055a28b98286f0ab708f3e1044e9c5cfba52c5daf642c6cc20ba9d,CLEAR,"DARKNESS, LIGHTED ROAD",DRY,IMPROPER OVERTAKING/PASSING,2.0,37.5,1.0,0.0
16988dff911c08a0cf16167c3bf7a084f6aceeb7cae9eac084f7744767e05df90b55fd9541d3588794b8ac030b8f49481a3a426982f7e6464172147e7ea841e3,CLEAR,DAYLIGHT,DRY,FOLLOWING TOO CLOSELY,2.0,37.5,1.0,0.0
1698c88f638693803370a01b173c8fd7d8c997a864e185bf58365e3e8c2fb174e140f3f4d184f18856abc7a750428439ce3945c3ddc8c8c879d0036d7c68a91e,CLEAR,DAYLIGHT,DRY,FAILING TO REDUCE SPEED TO AVOID CRASH,2.0,37.5,1.0,0.0
1698da98df079efceb364a1071a1237948d57cc7dd203aaa48020cb9dbb1b8f3770439e5307a15ff0707334387616537d40621d4c5dc7162156aeb13812598e0,CLEAR,DAYLIGHT,DRY,IMPROPER OVERTAKING/PASSING,2.0,37.5,1.0,0.0
1698e330f17343a1e6027bbd7e1b35a0cdbaea81339bcbade6b1e40f64192f3c21dd7a46d89fbfe90b1da0c06d8cf58881d4175e4e4ac65184a8a1cbc4ed1c23,CLEAR,DAYLIGHT,DRY,IMPROPER TURNING/NO SIGNAL,2.0,37.5,1.0,0.0
16990b887a9721fccb03be610d898fa0898446b7bfa272496b5d6f3ae8e8d49f37e62baab2189815e6073780dd04fdfb25ee83ab073d4de4b9cabdd9e59cd53f,CLEAR,DAYLIGHT,DRY,FOLLOWING TOO CLOSELY,2.0,37.5,1.0,0.0
16990ca03970c1ddc8f654882eb71be6051aa55426b8e76d78d6cd5d5c3f792745ddce9918b16f53c2080fee2b4b8e89afc880635af33b0596c05619ce7ab8c9,CLEAR,"DARKNESS, LIGHTED ROAD",DRY,FOLLOWING TOO CLOSELY,2.0,37.5,1.0,0.0
1699121231be3d7a1a974c2109537d0e6ee8c89762f450a7bba45ae4e6ad91e8098966e49757a3d7d5f41189da25d496580beec7f1c147dd310740bd13a4874a,CLEAR,DAYLIGHT,DRY,FAILING TO YIELD RIGHT-OF-WAY,2.0,37.5,1.0,0.0
1699197efe8fb30bd8c1fe44bc1d14ef485afda5b032f4edcc3c9a0596115aca85a1b6ca2ee3c3f571c553ac2eef27ae7a2dfa8e4155f8207a283626fbd887e2,CLEAR,DAYLIGHT,DRY,IMPROPER LANE USAGE,2.0,37.5,1.0,0.0
1699212700850d6ff14e5327a0aa8331faa3bd55e93a704392b00cd20e61e8dbdafd4a4292322cf83e56ecb512952c473845b84f8e5006016f5de898f660899a,CLEAR,DAYLIGHT,DRY,IMPROPER BACKING,2.0,37.5,1.0,0.0
16992862ab6e5df70996df6d2240fe6e0421f46ba816f02e17ccbba5cd855c0062f3b289075ea48331cfb4bd58bd61d9a99e9e702ec4dab231777d1416ea6f18,CLEAR,DAYLIGHT,DRY,FAILING TO YIELD RIGHT-OF-WAY,2.0,37.5,1.0,0.0
169963af481cc002310567918694e70c763ade4d82426d9a6e266a8654c9c0a5f9e7a53fb7e6547f71ce317c6b2bc006130d85a2eb1428d92c55688169bdafa1,CLEAR,DAYLIGHT,DRY,DRIVING SKILLS/KNOWLEDGE/EXPERIENCE,3.0,37.5,1.0,0.0
16997c8b240ee5f9e8180a7c171e0c2a16671f05ff0a2fb6326766cf5e38affd62ffd9e67a9c39b5daf1a2b6c22f2a7633c1940907f3cf7a5fd9ed265d54b0ef,CLEAR,DAYLIGHT,DRY,IMPROPER LANE USAGE,2.0,37.5,1.0,0.0
1699a8dd592d1dea681dd8a8e19ce16da08723500bb657296bc41465f7974714a6baa0f58741357842264e00565e3b5e89fed25826a59afbd14777bbdbb566c8,CLEAR,DAYLIGHT,DRY,IMPROPER BACKING,2.0,37.5,1.0,0.0
1699c7b8c50d20e59c301da45ae619c69171b5ea283be272bd3c565410ef47ad74e3e7556eec17aa855867d8d4defbdf2f16b0384601d6259b7b1adaf2f95cc0,CLEAR,DAYLIGHT,DRY,FAILING TO YIELD RIGHT-OF-WAY,2.0,37.5,1.0,0.0
1699c7d9ddb27a5e4bbbccb520e38c5d0cc97e17f7c9e49493c5ca66100ae29985cdb6478a9a4e8dd7b22dff42e40df16ab3b0756e545c0f3b501943e304b7b6,CLEAR,DAYLIGHT,DRY,FAILING TO REDUCE SPEED TO AVOID CRASH,2.0,37.5,1.0,0.0
1699d28988a60cd93dfaaaf3067b09c36377485e519f5db9c47a5c0c4cff1dd7493823df1752e41287b865e2df94f82446adae7c9fd99957b8c7e16bbbf978a7,CLEAR,DAYLIGHT,DRY,FAILING TO REDUCE SPEED TO AVOID CRASH,3.0,37.5,1.0,0.0
1699f968c45b6afe988b8e1293b6b2bb5bb55216ed51632878a8bee7c584a8906c3b6faba84c3343f10993e1d497ca19892d9caed921e292d9f345b5cb9db558,CLEAR,DAYLIGHT,DRY,FOLLOWING TOO CLOSELY,2.0,37.5,1.0,0.0
169a037a3f003c8179dc5058a77db2f3639a756d09bc6a96f035de58d8abf967b4f3471965edf7c3c1ffc2d4f67289b8923dc6a7cdd19034f8e07ce4b28a0b97,CLEAR,"DARKNESS, LIGHTED ROAD",DRY,IMPROPER BACKING,2.0,37.5,1.0,0.0