crash_record_id,weather_condition,lighting_condition,roadway_surface_cond,prim_contributory_cause,total_vehicles,avg_driver_age,total_people,total_injured
169a22ec263308dba06e41cca8e572c09ab060b50491bc62fc13bec71f7bc4c2be06a2eb3103742811a3d07e7fd2b16bf289362bcd672bddc5bef16e863952fa,CLEAR,DAYLIGHT,DRY,FOLLOWING TOO CLOSELY,2.0,37.5,1.0,0.0
169a23fdb482d0dc83b00460f99d106586c259fcbf180b6cadd5e46522b9fab7242070f1d13a01887663b6ffdf4123080337e78012ab50bb8cebdbd520fd4cb6,CLEAR,DAYLIGHT,DRY,IMPROPER TURNING/NO SIGNAL,2.0,37.5,1.0,0.0
169a6b86e7c4b4f4a35e3fec3c8ae333edd435ce1ef6cd2661d2d7c4954ff232b06290b869a05c3896a4447f7da89ce95a83121e61e3f6576baca3b76b16db0b,CLEAR,"DARKNESS, LIGHTED ROAD",DRY,DISTRACTION - FROM INSIDE VEHICLE,4.0,37.5,1.0,0.0
169a75f12dfd86c9a6cd0166c8f05615489a88992aa18ae0055469da3ea4a4a08dca0735105b9a9d1fc6a9d9908996018293d583ce7e9c5ba34c34397f5d1830,CLEAR,DAYLIGHT,DRY,"OPERATING VEHICLE IN ERRATIC, RECKLESS, CARELESS, NEGLIGENT OR AGGRESSIVE MANNER",2.0,37.5,1.0,0.0
169a79aaa636f765bcd06d5e8c27005274a1bd41293aa13209aa73b1fc3e84729f389e2bd9a8153c681cac17350c8dd5216a0d8ed9670bf90cac372dcac36883,CLEAR,DAYLIGHT,DRY,IMPROPER BACKING,2.0,37.5,1.0,0.0
169a8884edd6515457c63d7edf6e22cda78ae9d25b3ccdab5d436e2017ca0ccbb053e9f3821b60b5b611a00d0e97e80bc58ced0184d04e4127a92be8b056532a,RAIN,DAYLIGHT,WET,FAILING TO YIELD RIGHT-OF-WAY,2.0,37.5,1.0,0.0
169ab435798ffa5b1c4b9e82fdd4e187999f5c48d5772a86bbbd6a699a1c55446f0174d25e3daf092ee0cbef292b573f5aa72e07ec9592938d9783adf107af6f,CLEAR,DAYLIGHT,DRY,FAILING TO REDUCE SPEED TO AVOID CRASH,2.0,37.5,1.0,0.0
169ae269aa802d72b7bea62ea8ed556b975266ba1cd6b47f221dbcb413e1601146f9324e82178a5b7db9a870f44f57405d521d534dd6d1c9ea61eec1c0f20c6b,CLEAR,"DARKNESS, LIGHTED ROAD",DRY,IMPROPER BACKING,2.0,37.5,1.0,0.0
169af27ddeeed095b3a7ed956365c43974046df3f1bb59334bfbd87dd06ffc6032ae8b9d88a87fe445da972f08fa49fdaba19ef80b52a078a9e805cae7eeeb68,CLEAR,DAYLIGHT,WET,FAILING TO YIELD RIGHT-OF-WAY,2.0,37.5,1.0,0.0
169b043e289b19e53be55e4b1444f360b9a1b3ef2399d0a6305ee93e09b65d2143cf20e4c9fab8406a4223b0204ee58764d5914a86bcdc61dea65f0327c45647,CLEAR,DAYLIGHT,ICE,WEATHER,2.0,37.5,1.0,0.0
169b22802375e6684b01535174a829a31902c43e49d400fd825df462740ff60d79a5d0cf252f347eb3210ebed698ba7fb45f66f2204d5bd6640cb995ab359707,RAIN,DAYLIGHT,WET,FAILING TO YIELD RIGHT-OF-WAY,2.0,37.5,1.0,0.0
169b38b7eeacd0706f39ef1dfcd1db7c27e7482135965579e4e297897ecfc589806cd75940d0159ddc678efb1e83f84de31d26d2b3cd08dbaea4f55601656e8c,CLEAR,"DARKNESS, LIGHTED ROAD",DRY,IMPROPER LANE USAGE,2.0,37.5,1.0,0.0
169b39e29d6ba064415081389a110ba2f0d3b1d640d255e37dcfce78a483e4f284a6c9950ab0c019bb2f13d224198834154de2c9a3c7cf5aab3a9cc7b3d905ee,CLEAR,DAYLIGHT,DRY,IMPROPER LANE USAGE,2.0,37.5,1.0,0.0
169b432be2e8f27e573f94b4a10dad49a0bb48aef8f3a023777700ced64a878f265558216b22446152b073e7dbbf319efb0c5cf1f047aee5477cb7718fbbf289,CLEAR,DAYLIGHT,DRY,IMPROPER LANE USAGE,2.0,37.5,1.0,0.0
169b5bc56c3d5094daced5a73fad300200618f6fa880c3d3dfe46886668a85e6adebf90c48738edfe3ece057e4b51f3d1833a60cf21ca2c9b5ddf562bcbb064a,CLEAR,"DARKNESS, LIGHTED ROAD",DRY,FAILING TO REDUCE SPEED TO AVOID CRASH,2.0,37.5,1.0,0.0
169b68d1b55ffeb690d650632e722897b2cc8918bc02250864fc3301987e3799426fe2cab153e0cd2aea98e6e254af24fb418860ffb31c53152162eb9193d33b,CLEAR,DAWN,DRY,FOLLOWING TOO CLOSELY,2.0,37.5,1.0,0.0
169b80216495e7456a3368bd9e6217956199c6e7113d4b7911761b9ebd996959755a2d978bdcfae841d6812a3056aa0b8c89169f9918f0708849e6256d4ec4bb,CLEAR,DAYLIGHT,DRY,FAILING TO YIELD RIGHT-OF-WAY,2.0,37.5,1.0,0.0
169b8f54e54cad5ec033a629658be42c9d084a62b8d1ec13e77cc57cbd5660cdfa029d685b6b98d308d33d3d8b38282d2f3001799ca0f47ce6409c979d690179,CLEAR,DAYLIGHT,DRY,IMPROPER BACKING,2.0,37.5,1.0,0.0
169b951a0b92451877c1b1e5a97a37bbbd662eb77ca25c9d2558bcd7f0794ffe8e49bce5525bdeed4e4b9a2fd7c3da57cc51706f70af61785a3a0c621344d16e,CLEAR,DAYLIGHT,DRY,FOLLOWING TOO CLOSELY,2.0,37.5,1.0,0.0
169bd5ad34899e5abed0dff3a21c846552421786c5682959200ef267933d1519cc85cb7edbfa481b47158a892bb07297dfe0b8c9603e72e5e7c99079096d114a,CLEAR,"DARKNESS, LIGHTED ROAD",SNOW OR SLUSH,UNDER THE INFLUENCE OF ALCOHOL/DRUGS (USE WHEN ARREST IS EFFECTED),4.0,37.5,1.0,0.0
169bdf4bd65aba4c5a1325fc3d36344943e36359de0b8e5a9897a0e72bc30863b33474ff2567bc7c593f031e49e3c2540ee7c87a824ab292ca32927669135183,CLEAR,DAYLIGHT,DRY,FOLLOWING TOO CLOSELY,2.0,37.5,1.0,0.0
169c3349c09d0d716f62d718dba7183d166d3803686acc3c80ea266b10477e6afc0ceb5172db33936ea8f13bbf721f10fd975a23eb7c58d05dc6d3fc723a5694,CLEAR,DAYLIGHT,DRY,FOLLOWING TOO CLOSELY,2.0,37.5,1.0,0.0
169c3684e993eb77c9a46acfde8d40e09d4b9cb1bdb2aad4fd6cbfa2005a672092d0b4ee80dde16bb37cf39067372c5ad1897b5f28489eb41529b627e8b6415f,CLEAR,UNKNOWN,DRY,FAILING TO REDUCE SPEED TO AVOID CRASH,2.0,37.5,1.0,0.0
169c4a9446fa862a058937e9ebaddcdf5df59ba7cf088f20d6825cf890d5a775f495fc65711d8482106975eb937291c59ccb1588620b1020bbd48f30046ff455,CLEAR,"DARKNESS, LIGHTED ROAD",DRY,DISREGARDING TRAFFIC SIGNALS,2.0,37.5,1.0,0.0
169c567dfaea2f3a3a53d66bdcf1bf2fd3711374e9aa793d912517e881794f865b1f414d49322fe59bd557f235a3ad11a124d715d96a10994aacd7ac287cff29,CLEAR,DAYLIGHT,DRY,IMPROPER BACKING,2.0,37.5,1.0,0.0
169c57190491b67af0ddec5a6fc5568b22370bd8e663978c636021ea33a36f80d0044de042fa34849d94338cd1d3aca251730d09cb76954f8a49a10613eef60d,CLEAR,DAYLIGHT,DRY,FOLLOWING TOO CLOSELY,2.0,37.5,1.0,0.0
169c5af6ddf5f2a4c8b79d79e8e1cd6ecb76b784cd833f0671e6e4f3c095a20e1ed265383bbf03ac9929dca1a19fecc1b30726ba8ef9cb308b561aa851a488cb,CLEAR,DAYLIGHT,DRY,FAILING TO YIELD RIGHT-OF-WAY,2.0,37.5,1.0,0.0
169c674d7242b79c87aef9d143ae760ed719f5e64b55d30d73b30e3d1425b38d0a2259db86c7a72d313d074811530166c3eddc266c0bb0a6629999d5be12c1a4,CLEAR,DAYLIGHT,DRY,DRIVING SKILLS/KNOWLEDGE/EXPERIENCE,2.0,37.5,1.0,0.0
169c7550dfebae589899873725c2927eba251e38a7f8498eca38cf3408beae48bc3eec660b6360d91ad57026b5940e2fbfe89b18df7a46f5a9386f983534679c,CLEAR,"DARKNESS, LIGHTED ROAD",DRY,DRIVING SKILLS/KNOWLEDGE/EXPERIENCE,2.0,37.5,1.0,0.0
169c79a7594e52981f0312edfef5102b578910293069b75f2ef2fea25b18613f55ff6f60fe866c197a21ee081dfa3e6ff0148eaafe5b4dcc0397285d76ba411d,CLEAR,DAYLIGHT,DRY,FAILING TO YIELD RIGHT-OF-WAY,1.0,37.5,1.0,0.0
169c8df990a2aa4597b965af8b3da6e890cc801f3c3b648d97737ed83b67d0c8ad004a2f4cf59cdb400522c1ab2b8fbcb30adc20910bd777288a540f285c88c6,RAIN,"DARKNESS, LIGHTED ROAD",WET,WEATHER,1.0,37.5,1.0,0.0
169c98d1312d6db0049f68159b392be8f8be0ba7bb1c685788386ddf5f9d4672cd4d180629e83540879f29a28e26f856334e59c24cd7e7233b05b27be732253c,CLEAR,DAYLIGHT,UNKNOWN,IMPROPER BACKING,2.0,37.5,1.0,0.0
169ca6cd563ae16ca719e00de2c042ed99a9f99c8e5e6087a2539026954cb670ac14e8867a911300acf916ada145d8ab196f3c8be531dd2eae3ac6a7c4bf49e8,CLEAR,DAYLIGHT,DRY,FOLLOWING TOO CLOSELY,2.0,37.5,1.0,0.0
169caaa78aa730ba05687574aaf2fc8ef6d7ffce84efca8258d94736fe1f9a0e587bf1a5a4d6c98805e50ed1b66f82ba008b3f19f93a5059e714ca9d0ba2eea1,CLEAR,DARKNESS,WET,FOLLOWING TOO CLOSELY,2.0,37.5,1.0,0.0
169cadd007d2f82f7b5f8c4ba06b1a63ada3b668fe84865c5797a5567a9aab343c724050f6b0871c128cc4e95ce39566801eefb2a6b9b511ff9af15fb5b1bd13,CLEAR,DAYLIGHT,DRY,FAILING TO YIELD RIGHT-OF-WAY,2.0,37.5,1.0,0.0
169ce511dd6758e6956394e73989cf192caeae8c241373044fd52132796b556e1f7238aa20da01c34ac81f72b1d45dcfe753c4e56b712a55c391e948865d57f2,SNOW,"DARKNESS, LIGHTED ROAD",SNOW OR SLUSH,FAILING TO YIELD RIGHT-OF-WAY,2.0,37.5,1.0,0.0
169cf30a312032762932487dabf4e9055cc230ff0b4aad29bd3e931083cdc6d45c435799b9f00e3dbd9f26e6eb256be229d1b82d672ab151d07f7ab4e6192d05,BLOWING SNOW,DARKNESS,SNOW OR SLUSH,IMPROPER LANE USAGE,2.0,37.5,1.0,0.0
169d0815a0f65aa0df9c232c6746aa9805802491e1d0530612bd931b7960d6131da9864232968062ca1da4c6c668a7bb2c6058d42e05fa04b850278b3d21fb3b,CLEAR,"DARKNESS, LIGHTED ROAD",DRY,FOLLOWING TOO CLOSELY,2.0,37.5,1.0,0.0
169d0cb792b3ee169545d01add6f7af4b33e0977198ffe0224cb9d8ee2ec7a8cc67a538173c71e9f0c8dcd3a5a823eb99299aaa28a1ab4e464f0a53955560b85,CLEAR,DAYLIGHT,DRY,FOLLOWING TOO CLOSELY,2.0,37.5,1.0,0.0
169d115faa9df4b4a4917c4eb70ae2c3ff01bbf6e9d87da9b8e78ada7d9a1b25f5034daeff3ac526fbdcf29f8b668e0dacb44de90d4231b2077db3078a33a036,CLEAR,DAYLIGHT,DRY,IMPROPER OVERTAKING/PASSING,2.0,37.5,1.0,0.0
169d218f9e7141a3b0bbb8922b8b43b86130041aee9ecec7945150161ffdf999a77b18ea953c13f4d89dbf525d2ef93e69853e9094b8d57b87c2f5a79f4f8318,CLEAR,DAYLIGHT,DRY,FOLLOWING TOO CLOSELY,2.0,37.5,1.0,0.0
169d244a0a97e304ad5062eea15f6bbcc5886c66770048a79a4b7268569a9fd0a8e1eefa1ac747d6456e0163d7bb8c6502a3711c759db5fff4e4bd495de9f4d0,CLEAR,DAYLIGHT,DRY,FOLLOWING TOO CLOSELY,2.0,37.5,1.0,0.0
169d3af7305cb457330f9ff4f9c223fd6caa039486bad92428819604eba11ab1ec0521bcf3b6c2e658209e268055fe4ad0e7ecca5763cd17ec249cbfb41ffe42,CLEAR,DAYLIGHT,DRY,FOLLOWING TOO CLOSELY,2.0,37.5,1.0,0.0
169d5041a8475b621534388f0b25e5b865f1a4617369126a54ccd057a6420e1c1851d7e0e316c8aeac807059cdf83942e376a630e79d5e308f786ff2272db7ba,CLEAR,DAYLIGHT,DRY,IMPROPER TURNING/NO SIGNAL,2.0,37.5,1.0,0.0
169d610f72f975c9acbbd415a27d116a1a753a342a9994b6754bec4f2e83b4e7c962467ae3c9f926e6d1f1a6146a4549ad16a1e6ed1ee4cb7330d61dafdd51e1,RAIN,"DARKNESS, LIGHTED ROAD",WET,FAILING TO YIELD RIGHT-OF-WAY,2.0,37.5,1.0,0.0
169d7d76bb5f7867ad7de23177e26dc684561d894ddfd34559abe0e563ae53ea5b60fcd7e46a2719966726a1f4ac275099afb742e794c0766bdb711f8a226fab,CLEAR,DAYLIGHT,DRY,IMPROPER BACKING,2.0,37.5,1.0,0.0
169d8236b09db5124293e30e2743c39275ad615830bdbf0acf338a75816aafae844ade94d920b42c43fa81adbac6dfe0b54dc162c1fa332a28680c55331e85b6,CLEAR,DAYLIGHT,DRY,FAILING TO REDUCE SPEED TO AVOID CRASH,2.0,37.5,1.0,0.0
169da3430b0995e0f39bc803634895249965afe8ee8a3b9a1d5f77b42116f22a7443588d9865574cdc8d7f5cd5af5e530249b5d431ec755e06cf23e259c49d82,CLEAR,DAYLIGHT,DRY,IMPROPER OVERTAKING/PASSING,2.0,37.5,1.0,0.0
169da7447463db230c2fe0773ab771c8c44c5b3b53f613618df02a6a400e638a6f296229b0a0bf05904c5ccf7cb1c02ca2311fb4c4ed539c61c1b14b7a5c4c8d,CLEAR,DAYLIGHT,DRY,FOLLOWING TOO CLOSELY,2.0,37.5,1.0,0.0
169dbb3d0897aea3a2ce562b069c9559395f26cea4cd4faed59e7f689547fb91d50e8e370fadcc127d461211b9363d9d03ed82fe0c4c19ab6243d934253ca5d2,CLEAR,DAYLIGHT,DRY,FAILING TO YIELD RIGHT-OF-WAY,2.0,37.5,1.0,0.0
169de15bdaeea088012d1fb11e1e6b4bf0f63c4210f4acf51ca38d59b5e87fe990b08c78e83937c61cee47818f95f65dd51be00036ca5b59c9cafe203e6a702a,CLEAR,DAYLIGHT,DRY,IMPROPER BACKING,2.0,37.5,1.0,0.0
169df33f5d9bc6b64841fdc38b3f61fe2d402a46133c54c16c3388e8f83d6b045d592192f6ba53da353ce9ea12eb5d73c8e9119555c97f4c28921a07373ab2f8,CLEAR,DAYLIGHT,DRY,IMPROPER LANE USAGE,2.0,37.5,1.0,0.0
169e072897f976ab738f1cba926530c70e3377215dc2b2a3ec6e431e87c01409f2c5559951b8bfe51f72a8ab5c1d14826c884349dfc7cb6b393b2979f91262c6,CLEAR,"DARKNESS, LIGHTED ROAD",DRY,IMPROPER OVERTAKING/PASSING,2.0,37.5,1.0,0.0
169e0c9ededd28807790d948345a3b678b96f4b9d9672a91a029817786b341323b38058b702398b7715ab6c0c62a856f2c509aadd071c24994127f53db5965c8,CLEAR,DAYLIGHT,DRY,FOLLOWING TOO CLOSELY,2.0,37.5,1.0,0.0
169e2cbf5cff5170dba0b75d08ef14cacdf4ce3dfe4c21c8ec75b7eb8878bb8ee517d590ad0d4fc492a4c4a566dcdd44d4b1be7e074475448200a6d8b6ef5f94,CLEAR,DUSK,DRY,FAILING TO YIELD RIGHT-OF-WAY,2.0,37.5,1.0,0.0
169e3b4f07e56567a2856696166ccdbc82eca0831fb366271dd20b4914a18abe15491de8a2ee8e6db9ac0d3bbcd490157106cb3c9c9f24e8b22c492777339176,CLEAR,DAYLIGHT,DRY,FAILING TO YIELD RIGHT-OF-WAY,2.0,37.5,1.0,0.0
169e3e0ba555458ac6b788daf705f0f3d2c5a9aeed5c6af618a8ff5e4c8622aa6089d7d7622c7351dbe3a9e5a059aaff26c7450c6e6e3c7a3208d18258f2d5bd,CLEAR,DAYLIGHT,DRY,DRIVING SKILLS/KNOWLEDGE/EXPERIENCE,2.0,37.5,1.0,0.0
169e45d90af76b1ab1c9de6aca7c6203449362acba53198f1f51a70266f18c16a4ee3ae6e3b98653e15f5792c358a8aa686a1375f44904a49c12c6d4dcab0450,CLEAR,DAYLIGHT,DRY,IMPROPER BACKING,2.0,37.5,1.0,0.0
169e7581ee33e3065bfa79d8ff83520c9e4360c1ff42fba051e66b581c9172f9c58247e59ce42099a7b37b56e4bb43b40dc659be8084c453fb2d3d3947269d95,CLEAR,"DARKNESS, LIGHTED ROAD",DRY,FAILING TO YIELD RIGHT-OF-WAY,2.0,37.5,1.0,0.0
169e7b5b2f9d7933b904ee91f118e8f20c7278c7898b4b68c7af8a9be4923fdb0678abab33f9e7e6d6d9e09a48c981e3b85b178aaf1a808c20164a60cfe43fd3,CLEAR,DAYLIGHT,DRY,FAILING TO YIELD RIGHT-OF-WAY,2.0,37.5,1.0,0.0
169e9946b7e1d42c408aa677079aa5dc4841db682692823b419506676f6431100e93b98e830ef9e55f04ef594f8f54ba1bfe11b7a78454ffcb499c986bb2f56b,CLEAR,DAYLIGHT,DRY,DISREGARDING TRAFFIC SIGNALS,2.0,37.5,1.0,0.0
169eca0ff7fdda5b931396fb1655eaba4d564e058d66e9e420119f470bd141cc6452a28b806f137729fef350949c2cb27fbf1339618012e7ccaef76c89d37d9d,CLEAR,DAYLIGHT,DRY,IMPROPER BACKING,2.0,37.5,1.0,0.0
169edc59fcbcf5436fdabcd4b2accc26ce9cf4a1c3a07ada192eb31ae74ad01ac8e5cd8f768ff579aecf4329e42cec9ca3f061ff334bd84893e1e0690c5aae83,CLEAR,DAYLIGHT,DRY,DRIVING SKILLS/KNOWLEDGE/EXPERIENCE,1.0,37.5,1.0,0.0
169ef212c6902639b42f985403007ef11ed3ed9cbf7177df3bc349da63f1ed2d8ab03ac5077f00029b1915cc47b57420c6290421187cb627c1dd5d4aae74a755,CLEAR,DAYLIGHT,DRY,FAILING TO YIELD RIGHT-OF-WAY,2.0,37.5,1.0,0.0
169f0ba858c8e7a691ede4de7fce5e97adaa3646359700656d08a0fb8250c88573d419269d7d56c08a4c7194ce1677e68881f5e103bad60f6921ddbea0592351,CLEAR,DAYLIGHT,DRY,IMPROPER OVERTAKING/PASSING,2.0,37.5,1.0,0.0
169f40b9b6f287cc6ca90651a1eda53d0cafaeb4f36e9c2615f02c338c9e62d0c56363044bb7016237b99b889c0dfd968a5c0d07c6a651c26ee118cbb9a5fc26,CLEAR,DAYLIGHT,DRY,FAILING TO YIELD RIGHT-OF-WAY,2.0,37.5,1.0,0.0
169fc09a1ab76555c438f5067533f3820e45fc7fa7ebc983db8207e0117b1839fa294e0c5ecee2a46eebe2de8601f935821ca57f920b5da80056205e5feb92cf,CLEAR,DAYLIGHT,DRY,FAILING TO YIELD RIGHT-OF-WAY,2.0,37.5,1.0,0.0
169fe0a4d4dfd706f74ee8f5e3eff72062049b47f216b6c46c23e36c1012d1159734875f70c728b5971fbff420619969d07f26e638f9f175bd039a474f9fa9f8,CLEAR,DAYLIGHT,DRY,DRIVING SKILLS/KNOWLEDGE/EXPERIENCE,2.0,37.5,1.0,0.0
16a0687a25b22e32cf4d7e00e8217c3a86dd68b7dd95103df3d30344d15dda2e0e06cdd95aeeb7fea0d24ffefc9cc68bf30185f2bf17bfc57966be5ee2939cd9,CLEAR,DAYLIGHT,UNKNOWN,IMPROPER OVERTAKING/PASSING,2.0,37.5,1.0,0.0
16a082313314f414748519ce5b9a0614aa76070b0a12370396405c7baad65f1d91dece577329e0061383ffe10af8c30085d420db7a9fbbf78b05fad8ea046f4e,CLEAR,DAYLIGHT,DRY,FOLLOWING TOO CLOSELY,2.0,37.5,1.0,0.0
16a08c6a4a4a1f12f53f40ae2ce68783bb5ad3d8c70f7944595fe04527cbea5f88b44e285282b05221d78646e59e4709ea7ebf8b73765739b945b0af0dfa1a20,RAIN,"DARKNESS, LIGHTED ROAD",WET,"EVASIVE ACTION DUE TO ANIMAL, OBJECT, NONMOTORIST",1.0,37.5,1.0,0.0
16a0ab9972c2c3e090ba5857421be7fb7488b06370ca7f74a4597e818e0cc2b59d6030577e8a79a835659670f6cda419082989b58640b96323fca5011aae5224,CLEAR,DAYLIGHT,DRY,"VISION OBSCURED (SIGNS, TREE LIMBS, BUILDINGS, ETC.)",2.0,37.5,1.0,0.0
16a0af74c82c0ac63b32609c797f56f46a89ab94f3685d9ca2ec5cf3e4f19ca12be84b8fc929b9fc0f76b1fca8188b2a78b8812f92d03ccbdf358a791670fcde,CLEAR,DAYLIGHT,DRY,IMPROPER BACKING,2.0,37.5,1.0,0.0
16a0d002a56b27c7d407c0bb25b96b4c8b8a16fe5fc35835b5ea88a3e358bd4f0297186a61386bde3af2a04d3915d76e50148d0a4a8e78366b4fe11d614b459f,CLEAR,DAYLIGHT,DRY,IMPROPER BACKING,2.0,37.5,1.0,0.0
16a0d22d380ab4dbce92e2723f754f10f670a5fd23cf0d6f2c2fae82b723c6ec9c94f63344ed6d71e0cd22cd9926c07d9d6071fb09788be520b9d9fdf6f1f6b1,CLEAR,DAYLIGHT,UNKNOWN,IMPROPER BACKING,2.0,37.5,1.0,0.0
16a0e4313e73c9aa6aa90130f80bc2f8498af1e01d80befc5bdf26dd7e488ab2e28f019f8ffa2e5ec964d6193ff720aec9b5a29f45da9c228f5e31927f4f57f4,SNOW,DAYLIGHT,SNOW OR SLUSH,FAILING TO YIELD RIGHT-OF-WAY,2.0,37.5,1.0,0.0
16a0fcae0f944fffa425875b0e8f90cfdcf1e7820648f49d529881e53248ff50f943b36310a92cf73a85838083f487daa1a4cf19c7e2947b6e1a5df8848da43b,CLEAR,DAYLIGHT,DRY,IMPROPER LANE USAGE,2.0,37.5,1.0,0.0
16a11f28b110356aecd50c6e44009302f8d31795df0e6aa48a077c21aecc20ec744da2539575509f604d479d7f94bafd4370870eb6edb62900bf83d87037bfa6,CLEAR,DAYLIGHT,DRY,FAILING TO REDUCE SPEED TO AVOID CRASH,2.0,37.5,1.0,0.0
16a171c99f1aa72010299edbee7eb38fd5a026bc1134d93ca0e8a9903d493759d2cbfd3acc51b3e0fd0f45cbccb483d195193b49b73a185daeac96c7057a8d53,CLEAR,DUSK,DRY,DISTRACTION - FROM INSIDE VEHICLE,2.0,37.5,1.0,0.0
16a18a4e1e3d0239241a59468492e30735a301455bb6f3173a5842695fe149dddb6027f083f1cdf6575c6e5620fa7cf9f44313488f61f1f13994db0801ab9083,RAIN,DAYLIGHT,WET,IMPROPER OVERTAKING/PASSING,2.0,37.5,1.0,0.0
16a18f719c1cc9de0827ae7fe26419e94fc378420056ed3e0700277f3d6e444d20d64ea394d65fadce99801d4b69bdd5705bbdaa727de2c05f73ee29059f2c70,CLEAR,DAYLIGHT,DRY,FOLLOWING TOO CLOSELY,2.0,37.5,1.0,0.0
16a193b5ae076ca32088e07041653e220f7feeeb0fbf28f75412b1de7e79753b68abcccb8aa849b41728d4562ad242cd5b0d274b5e8713ab44bbb2cd4070699a,RAIN,DAYLIGHT,WET,IMPROPER OVERTAKING/PASSING,2.0,37.5,1.0,0.0
16a1c8847205db5222af5c91dc699e26dc19b1874d12c37b7f8b7f6d17a8614ef1a4b94438ae3e0ed1a9c8a68e8b8c1b48c5685a62d0c0260d0bb8c7f3c1be0c,CLEAR,DAYLIGHT,DRY,FAILING TO YIELD RIGHT-OF-WAY,2.0,37.5,1.0,0.0
16a1cfb1143a4b2f85d2bd4404eb6e4b74f37eac2f559ce8ce70ff62d1f601569f251ecb970f35de24b246f9f4ca049b3efce71239983b547d90e7ea3e641697,CLEAR,DAYLIGHT,DRY,IMPROPER OVERTAKING/PASSING,2.0,37.5,1.0,0.0
16a1eb1e369ccba7fca084deb5f14315744ce6a34c38fc34f7dbea96bdfad1db1168ac7c68d8fc4a2be5df8edce70b84664f326d7298005d8b88bfc75674ac41,CLEAR,DAYLIGHT,DRY,IMPROPER OVERTAKING/PASSING,2.0,37.5,1.0,0.0
16a1f032c9374560055da331690fb01dc9ddc7687bb7de9876afb33a70f99797927cb7da7393879b6a33eb10c089f8830c0984f39f1b70de89fafecd7b66aa65,CLEAR,DAYLIGHT,DRY,DRIVING SKILLS/KNOWLEDGE/EXPERIENCE,2.0,37.5,1.0,0.0
16a228c745861b7c8955bc9ad1871f6332a6cc2baef40d482f07ba18585524dd0f91c52c5c4a322d2946acf959acb63bad79d8a152fe01005965f44f2c632715,RAIN,DAYLIGHT,WET,IMPROPER BACKING,2.0,37.5,1.0,0.0
16a2535faba74ecd1dd52b46529b1a4e5ce75c3575d5b7008313a6deec2ea44d20ccb4e1979928f7ecc98f28d23ef258f311a93445d372ef9db8b00d7ab13a62,CLEAR,DAYLIGHT,DRY,FOLLOWING TOO CLOSELY,2.0,37.5,1.0,0.0
16a2a117d1a1b3d9421dd5afa4ebdf25c5547b95838b71089d34cf36ac8b853426c577fe3ba348cd7488efc5a2ba2f9b8c1bfc8e2b09ccdfb1cd94ff18b8ce2d,CLEAR,DAYLIGHT,DRY,IMPROPER OVERTAKING/PASSING,2.0,37.5,1.0,0.0
16a2a2c625b6228ee80e92ba5878721274056d1b71a3a110ebe9e4fff1a50229cdfbc5e36eb8b534213b5a869a57b1577b7211c4287c4863ffe1fc44a10b8e9f,CLEAR,DAYLIGHT,DRY,IMPROPER LANE USAGE,2.0,37.5,1.0,0.0
16a2e23bd8cedcdd65e7cf2db1deeafc53f78619d8f7ad4043ee78acebb3ce718cd90389c5c17faa4e3464a0f875acce23ac4c2032d4b772868cae4bd09a1162,CLEAR,DAYLIGHT,DRY,FAILING TO YIELD RIGHT-OF-WAY,2.0,37.5,1.0,0.0
16a2e681a3e532a4f24c079dc0c4e443edbed6e2e34ea50939933391ba0a512a45a3eb26e52c4829198daef755c48b82a078f57e73edc11ee4dfe519d5302b10,CLEAR,DAYLIGHT,DRY,FAILING TO YIELD RIGHT-OF-WAY,2.0,37.5,1.0,0.0
16a2fed81aa8472c719807744e20a66842867af3c1d5836945567a1297bfbfb5a086b4c5340aacd84664fb4ff584df2bd72bca72ed68eeba109a6191a581443c,CLEAR,DAYLIGHT,DRY,DISREGARDING STOP SIGN,2.0,37.5,1.0,0.0
16a311eb0c64d1d1123a5ad4e788f2e86e61c01fc6be03079314308771bc625e757aec9b8b0b6f9a567458c0666f4cdd5b7be92bb2328a17336a6841177e00f1,CLEAR,DAYLIGHT,DRY,DRIVING SKILLS/KNOWLEDGE/EXPERIENCE,1.0,37.5,1.0,0.0
16a313cffbadaf41146e16a8889d399d6c9481c78100759b2fd86ce05962c03672e099a76625834fffcc8a975edaba3550246d8fe8785c8f3ccc1861c851039f,CLEAR,DAYLIGHT,DRY,CELL PHONE USE OTHER THAN TEXTING,2.0,37.5,1.0,0.0
16a33cb4d0a2cffcfd839c9892f528a5837e765123172fadf1393e89a5f0599114e8aae7d633da828e049a2d98bc9a35dc7fbbc6db443466ec9f3b90f0120f2c,CLEAR,DAYLIGHT,DRY,FOLLOWING TOO CLOSELY,2.0,37.5,1.0,0.0
16a3400384dcf23d1706442872ae50c6c4c4a7fe3357035d4a497898fc87a3b9997e454dafa98517b7eee64fb4d7ed9dcc4a510f245ed1a88704d2b0b14c95ea,CLEAR,DARKNESS,DRY,DISREGARDING TRAFFIC SIGNALS,2.0,37.5,1.0,0.0
16a35aed1f11834fef43b64ee494ab848b90487ed3a69d89e3f85c99187af290f641647746d1d28076ea65225c91d067834504adfe2de5677dca4f33c0bad039,CLEAR,DAYLIGHT,DRY,FOLLOWING TOO CLOSELY,2.0,37.5,1.0,0.0
16a36289bd78e90cd059259ea3d7e63d159155e73580827c8d137504972ad5f89f797d387ff3f80436dc8803487fe1a8b54c4bd9bb54a2d527b8a75ee234e8db,CLEAR,DAYLIGHT,DRY,FAILING TO YIELD RIGHT-OF-WAY,2.0,37.5,1.0,0.0