crash_record_id,weather_condition,lighting_condition,roadway_surface_cond,prim_contributory_cause,total_vehicles,avg_driver_age,total_people,total_injured
16a36e4173d18c8daab56f4987cf929707f51f1496ec5a54be6e3502a14951d2622eefb9d57b1bd44dab98e74fc4c3a9b7f4a62ddb023c25757d582a06a93140,CLEAR,DAYLIGHT,DRY,DISREGARDING STOP SIGN,2.0,37.5,1.0,0.0
16a378a67b24ee8a917397a3a4280b59d176b68515bde62b80342c609e334e6bea81423687236a05bbbf2ac1fd2f8d86729b16fc1bc3eb80046f29464fe3a123,RAIN,"DARKNESS, LIGHTED ROAD",WET,FOLLOWING TOO CLOSELY,3.0,37.5,1.0,0.0
16a39021a1baa6fd104f80119ab57bf14aab03d50ad8f13bba8c0adf2a23fbb6f19734c0c9a5aa142d7333030706150226e14ee53a4fe3cb3f2d72d03925cac8,CLEAR,DAYLIGHT,DRY,IMPROPER OVERTAKING/PASSING,2.0,37.5,1.0,0.0
16a3c2115bff3c5d3c07a45164438c5364535738d19cf3f3fcb23e9659669278373561e417ffe71cd9fb57488b4dd202e172914bf236ac6eebfacb5450aa383f,SNOW,"DARKNESS, LIGHTED ROAD",SNOW OR SLUSH,WEATHER,2.0,37.5,1.0,0.0
16a40b064eea40dfcd2b9f763eccdf948c5ecb5bcff67b63a765808972b3b18e27725964e0dbde2b394a4a40705957ff7ecb800e374f94a3b9628629e8ef9982,CLEAR,DAYLIGHT,DRY,IMPROPER BACKING,2.0,37.5,1.0,0.0
16a423a7c92c1ad3209939981909f278a00f1096cdb8c7e6218032cdee4e92162b3c2913d167010fdc62bfd555a43addd5cd317a2b7ec5a46ccd7320c726dd93,UNKNOWN,DAYLIGHT,DRY,IMPROPER BACKING,2.0,37.5,1.0,0.0
16a42536bb346a5baa4c3007827602e2731f4869137e3445eedf9f0c1ce3a27f3b3d69eb34d531018ba83533fa1be7558f8dfc351313d3e4ed17b1cfdf1d4714,CLEAR,DAYLIGHT,DRY,FAILING TO YIELD RIGHT-OF-WAY,2.0,37.5,1.0,0.0
16a43ddfab6995e676de03a670b4a2be759a1e2c1978e69e2612d80dd323bc7b21b730398986cbf153e8d389ecaadc3d2c010602eb092e2635343227719a79b5,CLEAR,DAYLIGHT,DRY,IMPROPER OVERTAKING/PASSING,2.0,37.5,1.0,0.0
16a445d5508946d22c8756d9b26d8ca4ca67fa4d31f3b7acfba95695e23ba77977e0ff89bf9c246ef6b84fef0dd9c6a0b3b31b9c9a534661b98b330f72db2e80,CLOUDY/OVERCAST,"DARKNESS, LIGHTED ROAD",DRY,DISREGARDING TRAFFIC SIGNALS,2.0,37.5,1.0,0.0
16a458dd2c4f392b73fa2cf211086f0e5b85f9dd7dae820730ea3b5e60f431b4cec293418f5b702479637e6f704b6e8642336285a124810e22d7797c6d955997,CLOUDY/OVERCAST,DAYLIGHT,DRY,EQUIPMENT - VEHICLE CONDITION,1.0,37.5,1.0,0.0
16a492136c8b042f009a523301739a55f827e18a9492056003f74ba8a518a414096e9698b0f5464f47ae480e476761e460cc61ea6773910e1e4676ac787d15b9,CLEAR,DAYLIGHT,DRY,DRIVING SKILLS/KNOWLEDGE/EXPERIENCE,2.0,37.5,1.0,0.0
16a4a16ff1a7a3540d31863c367bd85f912f83c006b59e3ab45afed79b17fe1b6439fa9a8a3a957b798c23bb5e929e7a7fe6bcd57283c21327370506ec737b49,CLEAR,DAYLIGHT,DRY,FOLLOWING TOO CLOSELY,2.0,37.5,1.0,0.0
16a4a17af61102af5148c49a637f92437f95f1f6c68aef70839b09ab8b0ccc55c772a3bdd94b2321b31e03d97981ed6a9829d86aad9afb5148386163eece32eb,CLOUDY/OVERCAST,DAYLIGHT,DRY,FAILING TO YIELD RIGHT-OF-WAY,2.0,37.5,1.0,0.0
16a4c0206f56b05de59e242648a50e5b5843e00e3223cca0357ba151670f19967d932701aa0071e6f4f4112880510a6c7999f5cdc2be9d9a4ad8f5dc39bf539b,CLEAR,"DARKNESS, LIGHTED ROAD",DRY,IMPROPER LANE USAGE,2.0,37.5,1.0,0.0
16a4f161e84c0b8bac136050e6eae25eaa9e4dfa962ca0ae8ce073bd6d32d1d21a739a5943aaacc12d653c6ba8a36733a141277cc446a15e3d2c8210cbc87ce1,CLEAR,DAYLIGHT,DRY,DRIVING SKILLS/KNOWLEDGE/EXPERIENCE,1.0,37.5,1.0,0.0
16a562cf08db3e2f7b16c92a3435ceafd28a8338524286ba7874fbb3643bbac10b6a3a9de90e8fb76a465d575ebeeb50be445954eb55af7991b99cf93c671de0,CLEAR,"DARKNESS, LIGHTED ROAD",DRY,PHYSICAL CONDITION OF DRIVER,2.0,37.5,1.0,0.0
16a599e7fff138e43f3e177af4c9b9367b51634681181d620a5b729448b225cdb13dad0f2bee9bb071274cd24272edb3c7256214b83c736f2883aa825e9a120a,OTHER,"DARKNESS, LIGHTED ROAD",DRY,"VISION OBSCURED (SIGNS, TREE LIMBS, BUILDINGS, ETC.)",1.0,37.5,1.0,0.0
16a5b27318bbeee58a879130e90050c242a21b9694a787fc3b22c6d76316c45f12a5c099942dac3e17ed873929658ad1b1edc156d5448e4f79a4165d34a6d389,CLEAR,DAYLIGHT,DRY,FAILING TO YIELD RIGHT-OF-WAY,2.0,37.5,1.0,0.0
16a5b416bb8b947bf7bcccdf52cbbea6f6b54cfbca46e6fc6cb595ce1758dd33901a967b6b1495d079078bd161649e39c32c5f06f1cc0c9e7b2959bf43ed6042,CLEAR,DAYLIGHT,DRY,EQUIPMENT - VEHICLE CONDITION,3.0,37.5,1.0,0.0
16a5cacfdd118eb8e7d83099ed65077e13c33398335fad1919841899d793db4e386c200831e52915c4065531bcafdc006636a9484730a0cad59b6d354bdf6f34,CLEAR,"DARKNESS, LIGHTED ROAD",DRY,DISREGARDING ROAD MARKINGS,1.0,37.5,1.0,0.0
16a5cbc79d9bf13db2ea3aff1519a82cf48b83474240d3af3f51526314dfa54057aa3e929c39f40e651d443552359d5963edf2d28f4c1c18314f1da0821a78be,CLEAR,"DARKNESS, LIGHTED ROAD",DRY,DISREGARDING OTHER TRAFFIC SIGNS,1.0,37.5,1.0,0.0
16a5d897c6c1911c13ea023446b51d67f14c056ba1343b9b8113738bec780b7845a37f64439f5eb2ed9deb0d2602b5512e840c856aeefbdba6136dbd07d66a97,CLEAR,DAYLIGHT,DRY,DRIVING SKILLS/KNOWLEDGE/EXPERIENCE,2.0,37.5,1.0,0.0
16a5f350abbf788a367cf61196496663f25f07fe1f3f9307aac61114506a0d33d199ff50bdafc237f1b60c7865f9e427a528f416c13f9f5e656a76b447989a2b,CLEAR,"DARKNESS, LIGHTED ROAD",DRY,FAILING TO YIELD RIGHT-OF-WAY,2.0,37.5,1.0,0.0
16a5fc873221cf2b2b69039d27a24ca398b5c7f4db9114145d948b2e3ad236b5a818445f7ef7ca2c4cc80483e81e29f780eb70fc741dab13330a5a8e896c20ae,CLEAR,DAYLIGHT,DRY,FOLLOWING TOO CLOSELY,2.0,37.5,1.0,0.0
16a601dbf5d311c391e1502351dba596cb1ddaac88f3e12efc88f17da73d45375b179605cbd9b0228a2ba291f983626013c00bbe976e99acd95c16f822b4ad52,CLEAR,DAYLIGHT,DRY,DRIVING SKILLS/KNOWLEDGE/EXPERIENCE,2.0,37.5,1.0,0.0
16a604bc39ed967a2bd8cf6f004ae6bb5e30deb2d23613e8449d55e04a75da62cc9a1205c22c5c389e8a078a273daafeead3e73782a0acf636bba42ae8f27504,CLEAR,"DARKNESS, LIGHTED ROAD",DRY,IMPROPER TURNING/NO SIGNAL,4.0,37.5,1.0,0.0
16a60955f301831a52c18603f6758454400014900032db65c50b7a4d82da25d778bf11bd6bf5110802b97bbe95e1ac2beb91cface29629b27b8b2bfd051a3d7d,CLEAR,"DARKNESS, LIGHTED ROAD",DRY,FOLLOWING TOO CLOSELY,2.0,37.5,1.0,0.0
16a628240d19eee4d4aa16474f475d2d436d6bf542732f44e33a195bd22e737df1dc5884f68cd66649cf1abb71150ee76c8527d25d0ad47a759a6c545c7c4b8f,CLEAR,DAYLIGHT,DRY,IMPROPER LANE USAGE,2.0,37.5,1.0,0.0
16a640b2897a9ac223e231c0ee3227123a825106d5885f5b67c98aadc47bd476c6f03076f2911fe974a057d90fa1dab9f39f45e7265cc5b4ac9a7466aecf0691,CLEAR,DAYLIGHT,UNKNOWN,"VISION OBSCURED (SIGNS, TREE LIMBS, BUILDINGS, ETC.)",2.0,37.5,1.0,0.0
16a646687cc691d7af309151ac29179bc6d2da61e79a971a9595ba1d78739f97c2df1fb284f837d59d5d9f47595f5e4754a5a4d3175ba60f76838206d936777a,CLEAR,DAYLIGHT,DRY,FOLLOWING TOO CLOSELY,2.0,37.5,1.0,0.0
16a6486d1c4c0f56849d5595ec0da390b705b4e9b8ab635f368368fb2356e6181ba253e584aeabb2a9330bfdf873ec1dc7b5e7e14a375e90ec19e0c1e59e84c3,CLEAR,DAYLIGHT,DRY,FAILING TO YIELD RIGHT-OF-WAY,2.0,37.5,1.0,0.0
16a65838b2f72fdee6429833bf44ff85647c478ab9fa6bfb4d589709fbdb5653eaaeef127da177e4946cb3f4d81d67387ab4a3039b63b32c1789d35ad52a6c0b,CLEAR,DAYLIGHT,DRY,DRIVING SKILLS/KNOWLEDGE/EXPERIENCE,2.0,37.5,1.0,0.0
16a67377e2a815c61cf88d859d172f46194a293d39559d23a16a6e12983270f14f9c2fce1aec9a799c7df8ad3d1f83ebbd63e0844f8d5905ad71238b7dd04c1a,CLEAR,DARKNESS,DRY,ANIMAL,1.0,37.5,1.0,0.0
16a6c0278b4d20a433881dc7ba1d839597c5b0e6383473ff84c253aa7844c975428b73b70a5f28110e65f09eaa33aaccc06a631da6b8b08bb06a8e0b90738282,CLEAR,DAYLIGHT,DRY,FAILING TO YIELD RIGHT-OF-WAY,2.0,37.5,1.0,0.0
16a6e1d04307dc7e0b6384aedb98f642668074e81e063068da8880961a6f2df580a1247291d0ea9662c750a7dd9cb8684c40572360ef0efaf4aa631b7bfdc5c8,RAIN,"DARKNESS, LIGHTED ROAD",WET,WEATHER,2.0,37.5,1.0,0.0
16a6f9611f076bda556ff5db3aceb5621d7405e0a133e1255f4de4bcb411b9f062e7bc85be96752b49e47132cb7c3d6da8bedc30d7be01cda57ca64dde26b2f8,CLEAR,DAYLIGHT,DRY,FAILING TO YIELD RIGHT-OF-WAY,2.0,37.5,1.0,0.0
16a6fed1d08cb1bf8ea1dbd09c089ef3a4610f760532491526e5159cb5f063aa71d6e06eadb5f20a07d14e02c5505d6ed9fe32a9aa2f0dd55aaa91835096fc5c,CLEAR,DAYLIGHT,DRY,IMPROPER OVERTAKING/PASSING,2.0,37.5,1.0,0.0
16a7051d74fb7147ddaa23d21b9b46a600347573bf7555a0858bab25cc735268b66b00f8b24fa57179879e93a475abb9e41670c899836d40650a021726330808,CLEAR,DAYLIGHT,DRY,FOLLOWING TOO CLOSELY,2.0,37.5,1.0,0.0
16a740a6c8e940fc5d3d3a0bfbdab4fc9fc97634c5308cd2d37c7ced95985e68c0937f2137a0d99a0dfb89d7647c0cd0931923451464a12f5805d191bda8f750,CLEAR,"DARKNESS, LIGHTED ROAD",DRY,FOLLOWING TOO CLOSELY,2.0,37.5,1.0,0.0
16a7685cc47809aa9ec3f84661f6cd72111f120ee0d251d56cb9ef51fe98ee3abbcfaf01c8fbe896595b62eff2601fcb99c0bac0d02d63e8ef1f58267ff8aa70,RAIN,DAYLIGHT,WET,FAILING TO YIELD RIGHT-OF-WAY,2.0,37.5,1.0,0.0
16a777f252cc0e83cc857cfd8ff4117cb765ce62ff523d39bad4836b43f1b5ff77a194a45cbd17ae1cf0c1c2c7a182ee6c96eec68a357645a54fc5757f055a86,CLEAR,DAYLIGHT,DRY,IMPROPER LANE USAGE,2.0,37.5,1.0,0.0
16a78c4d0e328eef1017b7cc43d47fd2e3e2c3d6bfe547bdbfe5724aacce2ab43d25cfb53b1f856903be9f4d16004276217ed12ba085954f1160edf7d6fbdf26,CLEAR,DAYLIGHT,DRY,IMPROPER LANE USAGE,2.0,37.5,1.0,0.0
16a7b2b43be623734286cb29907e8672215694a8800d5e5dc4d14827cb7bae8d9008243321dd6ba30b9d3ea69384ad1618d8f9ff07948c789a62485039663b84,CLEAR,DAYLIGHT,DRY,IMPROPER OVERTAKING/PASSING,2.0,37.5,1.0,0.0
16a7efce19fe95e8bb54f8f41f8c5928440f9b06cc0166984d7fb7504a7547db958d6810854e10ca1b2f657db6898a117260d2c1134b3454359dff288d0c0f27,CLEAR,DAYLIGHT,UNKNOWN,FOLLOWING TOO CLOSELY,2.0,37.5,1.0,0.0
16a80ed325eee0819d52873da108ed2aef11862bdd3dd224d1e023c2e1c86b79003439d18485eb358edd2debca28656c91c0bc9035c89dad59b8b278766371ab,CLOUDY/OVERCAST,DAYLIGHT,WET,FAILING TO YIELD RIGHT-OF-WAY,2.0,37.5,1.0,0.0
16a8259f6b9ec01742fdcc876b343f5cbdc649095e99bdfcdb34168ee8500ee1edfeb0aae4cbc84a2767f8a7e6f90fd39c6e4e74cd11ffeb5b3d23da1b2da355,CLEAR,DAYLIGHT,DRY,FAILING TO REDUCE SPEED TO AVOID CRASH,2.0,37.5,1.0,0.0
16a83949a5f316478249a789ae49d05a126f1a6182e13de78a6ed3e20b80d29a43950f4605226542a976592bc875847dddedf483df4e922a92411767717d0d88,CLEAR,"DARKNESS, LIGHTED ROAD",DRY,FAILING TO REDUCE SPEED TO AVOID CRASH,2.0,37.5,1.0,0.0
16a84662ebaeed533ebc0152640837ced604f04e616235b401d61025f4fbdb936a0732d506e94935ae4b17bcd7ee82bf35d0554a9be84ad0069fd49f9bb7de48,CLEAR,DAYLIGHT,DRY,DRIVING SKILLS/KNOWLEDGE/EXPERIENCE,1.0,37.5,1.0,0.0
16a86955d2647aaa3e654cf97eb81dcd71357fc52527ecd5363ff7883ad011d062ff7348ce344fb237f1827d0077433ce04f638ab32cd24a2f5f8318724bc640,CLEAR,DAYLIGHT,DRY,FOLLOWING TOO CLOSELY,2.0,37.5,1.0,0.0
16a87f0c1c6cce9aeaf1eb9a8d33ea011bfda776fb23bea8085206ccd90723157336d1d8acd98264113d899e6d8fd7a94950ffff96ba1df0f80a359d6c092c52,CLEAR,DAYLIGHT,DRY,FAILING TO YIELD RIGHT-OF-WAY,2.0,37.5,1.0,0.0
16a89223137fe4cf01d98112f3d0a368997f1a1860691e30620a10bce600318bca15b99506234b916b90e8d7e67d4b9b814b2d90616dc22b16afbe570127c6f1,CLEAR,DAYLIGHT,DRY,DRIVING SKILLS/KNOWLEDGE/EXPERIENCE,2.0,37.5,1.0,0.0
16a8b56339cdaa28c685556aadcd15d9cf41ecc27c5827ab386d10899b6b19d6727b5e2bdd1ef41fc848daa9b78ea92d38c3c7388403350d7fc8ac4e4e2f026a,CLEAR,DAYLIGHT,DRY,FAILING TO REDUCE SPEED TO AVOID CRASH,2.0,37.5,1.0,0.0
16a8c918092dff26ff7b4511725aaecb2262830835001fef282fdb1094bf974132ae7815a29c934b8f043c9a9ee35c1ea1b6a4d7042ee5c59b5eb20255bdf5a5,UNKNOWN,UNKNOWN,UNKNOWN,IMPROPER TURNING/NO SIGNAL,1.0,37.5,1.0,0.0
16a8cccc687462a7bd4bb36647db2e775e821b23f0f80a69963b299118f8321f0439ccce3fd55a9d7a27ca88b690c038133104bc7c8f4491e9c6e8a2d97a9719,CLEAR,DAYLIGHT,DRY,FAILING TO REDUCE SPEED TO AVOID CRASH,1.0,37.5,1.0,0.0
16a8cf4cd4e95147cfad08a55a71559972716e05fab0b6a612aca8cefa0225051cb440da3140fa6107ab6fa7ad4d4ce151bd2ecffe3265727541922ec940401c,CLEAR,DAYLIGHT,DRY,FAILING TO YIELD RIGHT-OF-WAY,2.0,37.5,1.0,0.0
16a8d879208f5b155a57ede7ce3ed45412e4d622d9d8983f48f5d8de93aeee93fe14efa706bbd5b054e924f5408d0ee951418eb05e7408fe02599b3ef828e81c,RAIN,"DARKNESS, LIGHTED ROAD",WET,FOLLOWING TOO CLOSELY,2.0,37.5,1.0,0.0
16a8dda55f74172ef6b66ef0a3af9951e637322eb153290a014749164c6b3d4177fdcbd98c1e678d09e7a1f485eb18b7fc4018b764e4d60bf0dc5cbc41e86a0a,CLEAR,DAYLIGHT,DRY,IMPROPER OVERTAKING/PASSING,2.0,37.5,1.0,0.0
16a8e87c6d48ef2633c701983f100fe79ed627e2d38a8e305e776e779598e91c53705d8a2c0668ad541bb1cb595077a1d588b1e52222d34d2057f4110c1b7002,CLEAR,DAYLIGHT,DRY,FOLLOWING TOO CLOSELY,2.0,37.5,1.0,0.0
16a8fbcdb68291b4bbce23a521eba5b75ceafd3096ec9ffcc3caf641cf1ceab95d2795da31fdb0728838a72340d0f1f168dfa11e6d64cff927f7e4c91d8b67e3,CLEAR,DAYLIGHT,DRY,IMPROPER OVERTAKING/PASSING,2.0,37.5,1.0,0.0
16a91c4b5f09d647d2e8bb000b8ab6d6aae74cc101a9417d44a312f0b857869dac41684fd565a56c8fe52284d6bb8f79bfc0c0230ec67eef32880d837e6043e2,CLEAR,"DARKNESS, LIGHTED ROAD",DRY,DRIVING ON WRONG SIDE/WRONG WAY,2.0,37.5,1.0,0.0
16a92a0e18b30331c28ccc582b9384fa910e981f58d70449c05ea4c3d287fdea965c45c8e07940da4a80f271e4a5efcbfe7ba120a389bbc28e06296706babea3,CLEAR,DUSK,DRY,IMPROPER TURNING/NO SIGNAL,2.0,37.5,1.0,0.0
16a93ee16568faeb4e88bdec91779bff141637f0385cfbf9c0003d620c3e37bc6c79501b103e48ead0db037713e1e56abb4b44578685adfb0464443c0cbe8a31,CLEAR,DAYLIGHT,DRY,IMPROPER OVERTAKING/PASSING,2.0,37.5,1.0,0.0
16a941ed216d370b30b8719228b08a45cb2932cb40137674012c9f4ad7f01285192e275c26d04f406456a77aaa8751fb0a6346c1c4913ec5c2d87d20b1dab77d,CLEAR,"DARKNESS, LIGHTED ROAD",DRY,IMPROPER TURNING/NO SIGNAL,2.0,37.5,1.0,0.0
16a9665e20e59c6b3bbf82d49b19f14c5cc74a2a294f1f09c63d5591da31bc7faa5cee506b07aedc46c8f685d4952a5686b9936d54c89997961f12e1146b1296,RAIN,DARKNESS,WET,"VISION OBSCURED (SIGNS, TREE LIMBS, BUILDINGS, ETC.)",2.0,37.5,1.0,0.0
16a97aecd4afeb94ac9ff9a4de603df07802afac45b740467fa416e9374b54a0ce374520a2a71db1b7317a028ca487f616dcfa0d590b99a6deb9a85112b3e9b9,CLEAR,DAYLIGHT,DRY,IMPROPER LANE USAGE,2.0,37.5,1.0,0.0
16a9b6a3141c232738919773a245630d92298cefbe3c945d4fcb23501c90ead3bcfe233ad1abe487891caa8f364b1f1eb5a4fff50d627672b3d25700bc642204,CLEAR,DAWN,DRY,IMPROPER OVERTAKING/PASSING,2.0,37.5,1.0,0.0
16a9f6445f2dee21d735f2b082153c8fb573fe551c02139fad6690385464ba8dcbb94cbec1871a06447dcfb5c6eee667ad3224daf05eb7d5e904e0bfd6d01c2b,CLEAR,"DARKNESS, LIGHTED ROAD",DRY,FAILING TO YIELD RIGHT-OF-WAY,2.0,37.5,1.0,0.0
16aa0045bae2b5df1fcebd35e4e2afc9d24fed77a8d22ca9ab3a99f913d140b9bf93aaeaa55ef16d7c2e83be6d5ab264ff9b7be8ca276c50ab284cdec4f9fccf,CLEAR,DAYLIGHT,DRY,DISREGARDING TRAFFIC SIGNALS,2.0,37.5,1.0,0.0
16aa16ebf07aedf2d60abd353640d65c3ee66c55a73cd5f7e84ab34a63851be49732065463feecdd0321b7c1de7627a5fc1bd3c666a2a0e332e296a377198ff3,CLEAR,"DARKNESS, LIGHTED ROAD",DRY,IMPROPER TURNING/NO SIGNAL,1.0,37.5,1.0,0.0
16aa4a69243e6c14736aeea768d42790be2016da17fddadb25f88237770fd29e0f5acb9459eac048ebcc4b34b2f48c96a0545d48fb7584762effbfe423e870ba,CLEAR,DAYLIGHT,DRY,IMPROPER OVERTAKING/PASSING,2.0,37.5,1.0,0.0
16aa7988107d33888aa68d40bad8061b5514b04adbc2b5ab2d3021839165c665f5fe4874bc22bff9b40b285f4e902e0786d0d376257c61ac8616e739e9f07f5c,UNKNOWN,DARKNESS,UNKNOWN,FOLLOWING TOO CLOSELY,2.0,37.5,1.0,0.0
16aa92de16aac75556405bc114b9a4709deedabe0cc628e3f7f14cc2afde5c718c451d83e2c1fbf51af9612d3d08e57d5ad1742b1418aef748a3bdefecf2cdd0,CLEAR,DAYLIGHT,DRY,IMPROPER BACKING,2.0,37.5,1.0,0.0
16aaaad166e694a89ebdadeef405bb0e35c4497f364216b2429daa223a02dfb9a64b11e02945d5adfad51c3c287d8613080ff62c8c7b2b160152cfc23f6f70bc,CLEAR,"DARKNESS, LIGHTED ROAD",DRY,IMPROPER LANE USAGE,2.0,37.5,1.0,0.0
16aac65c86be43492f2dbab471b0aea609f649f65cc8aab96d1b2173f28782a055a89706a22397049c9ca45b41339c4e5e70e7cae604d691fe3193c4bbaea5df,CLEAR,DAYLIGHT,DRY,IMPROPER LANE USAGE,4.0,37.5,1.0,0.0
16aaf81f7e2ad258c3be6f785edbe935c882273feb53a62d71f6410b1d233ac61a901b93ffc67ba7b21342e37d89b689e416b385f9cfdebc224e1e43756de440,CLEAR,DAYLIGHT,DRY,FAILING TO YIELD RIGHT-OF-WAY,2.0,37.5,1.0,0.0
16aafb4c267bdb1be1476d69295813a6968db42f7931901c8618fa5c4c18f77579e3001dc7c2f2ec40f321c2a4f0b304ae178282fe5240e298366bb222d14d4c,CLEAR,DAYLIGHT,DRY,FAILING TO YIELD RIGHT-OF-WAY,2.0,37.5,1.0,0.0
16ab1ae81dc7b5f1e7e94966191c127dbb05a1e6a2cc0ac9e4bcf433494e2813bf3b0dda114c8e9a4ffd96b257d1956e0aa89d87ba2fd5b137bda5a375c8746a,CLEAR,DAYLIGHT,DRY,FAILING TO REDUCE SPEED TO AVOID CRASH,2.0,37.5,1.0,0.0
16ab50ef321abecb04c8153a5c7791fcdcbfde83a3e6ea8453a22b66887d68b22f90be7f746401c03631bfd8708e847839cc61cff83a10ddf21e499d92dc598e,CLEAR,DAYLIGHT,DRY,IMPROPER BACKING,2.0,37.5,1.0,0.0
16ab664126ed0f1915d741df8cbf56ebda3c834b334ac9014dfe1c3a18c4f424c17e3a44893cd5c8c87b1342ce8486f3017fab9a187cb268e90f39d0b1c7ac12,CLEAR,DAYLIGHT,DRY,FOLLOWING TOO CLOSELY,2.0,37.5,1.0,0.0
16ab7ad371ad2e3bcf709e662d8d89047694972be027fc665fc2e2a72673527e036deeb219bcf81ad344211bd0039a7ece463db85e787bcdf7c743ee879519d9,CLEAR,DAYLIGHT,DRY,IMPROPER TURNING/NO SIGNAL,2.0,37.5,1.0,0.0
16abfc498953460d378c09ba6f9d6328fc281141db475caae993abfc21dbd8eb88aceb76691ab69f905310a0920c4604396b293488d43dc5624d7fccb033ef29,CLEAR,DAYLIGHT,DRY,FOLLOWING TOO CLOSELY,2.0,37.5,1.0,0.0
16ac2dcf5440776061bd7d4850b6abbe82f466af3cdfc7fe8cd2b03a09935519362031d68229cf060f39a4e954da184056f7089b67dd9a31441bc55d819c3459,CLEAR,DAYLIGHT,DRY,FOLLOWING TOO CLOSELY,2.0,37.5,1.0,0.0
16ac3b338e012711746a9b8b7793b317286c66bfab4e2d483f53a91b78839bf7b90ee4ef150940719bcdb95f624bb67272a694a304df3e7e194892e92d28af90,CLOUDY/OVERCAST,DAYLIGHT,DRY,IMPROPER BACKING,2.0,37.5,1.0,0.0
16ac98a1d9fc37335c2807879a2afeef25749b755925b237ee067181e90cbfd2ab231743ad866d69a2735a893c90b5b576e407e0136adf2fd9b7732f39832548,CLEAR,DAYLIGHT,DRY,IMPROPER LANE USAGE,2.0,37.5,1.0,0.0
16acabdfcfa055f2e7760b288b67d37c4b2f8564d1eaa1b08abd5de7707e5c56cb5c06fd9034d3492ff2c81bc0ee07bdcff61771b03b2948689c153041c278ac,RAIN,"DARKNESS, LIGHTED ROAD",WET,IMPROPER LANE USAGE,2.0,37.5,1.0,0.0
16acfc69d6ded97b055a2d75f380e19fc25932f7ee48c85014aa33f7772d1d428eb07612f39cb86199b32613597c6e1b381dd672f1bb92c87410346ff2f4f0b6,CLEAR,"DARKNESS, LIGHTED ROAD",DRY,"EVASIVE ACTION DUE TO ANIMAL, OBJECT, NONMOTORIST",1.0,37.5,1.0,0.0
16acfe37fd7cc24c0e0876c4d3f305509bea88e90e0f5f68500ae7a52cbfaa856d7016733167d7e4be1dbe8790643a2075fcdf0f35b6e8646445b3627440c598,CLEAR,DAYLIGHT,DRY,FOLLOWING TOO CLOSELY,2.0,37.5,1.0,0.0
16ad0130fb0854e4f5994ccb89a1dbcdfda638fed2fae4d56b6cba9ae5c95b4f28e6f83df0ab4244c9dab0a18488087e76ba90f9eafc61ebf445e58353aa59ce,RAIN,DAYLIGHT,WET,FAILING TO REDUCE SPEED TO AVOID CRASH,2.0,37.5,1.0,0.0
16ad2cd98a84776607bdd7c2d5f41db4e369b9034458a425c1a804a372b6b1616cce27fbcc167e4c2499bc83c13d8a1531d287814dea29d11f8dd5dd35d14b37,CLEAR,DAYLIGHT,DRY,FOLLOWING TOO CLOSELY,2.0,37.5,1.0,0.0
16ad3adb7fb9159beba32652d0855b37d1443758718c81f6a378c4773f7e4e030d5bcde484f2cdd62d11b5a0666b2a5bc63e6a4eb1763886539516bcdf916eef,RAIN,DAYLIGHT,WET,EXCEEDING SAFE SPEED FOR CONDITIONS,5.0,37.5,1.0,0.0
16ad6a4203dc9bffc5533cd6d882776acb7c755c45adbf6aec7553e6c66c7e70c8f841b48ff1e660465fe9110c00702173f6d3d6908cd6378b2a7c5d505e27ab,RAIN,DAYLIGHT,WET,IMPROPER LANE USAGE,2.0,37.5,1.0,0.0
16adb599e5b2241b8895db6fb1957ec4a6eed513f0aee8027aeb7126fbd583d0fdd2e3cf8e1f708634151dd2c38a6d5fad3557e479104af8b54ec2f2dcfd1a08,CLEAR,DAYLIGHT,DRY,IMPROPER OVERTAKING/PASSING,2.0,37.5,1.0,0.0
16adcd70f767789cb884c973354855765917e72ac1a81c39aa40083cf05a414e140ee577ef4a6d43780895f16561a6eba346fab2b8d34db39246d53c91ef9e2e,CLEAR,DAYLIGHT,DRY,FOLLOWING TOO CLOSELY,2.0,37.5,1.0,0.0
16addac86dd02d81ad6a65a17f036a5d9a1b2138196c9642a8a590b8e460fd3fafe9b75eb18abf0940914a66c57c559a5a88723526e52db4c5a0b29edf9c5e6b,CLEAR,DAWN,DRY,DRIVING SKILLS/KNOWLEDGE/EXPERIENCE,2.0,37.5,1.0,0.0
16ae2a80e57e03a1decc1eeff407195070bb524790d679df7c1cf95de66904aa690a72fb6f37639a033f0e830b2506c4aba305015848a52b4d346ad4464ffbc5,CLEAR,"DARKNESS, LIGHTED ROAD",DRY,CELL PHONE USE OTHER THAN TEXTING,2.0,37.5,1.0,0.0
16ae32057fc2999e4472bb7908d3d5aa25cdfd7a50cbdf26ed50acbcd432b183dd0ab3ed2a6daf627b8f232a2010093a76b6f063c74ad5c877a85ae6336e356b,CLEAR,"DARKNESS, LIGHTED ROAD",DRY,IMPROPER LANE USAGE,2.0,37.5,1.0,0.0
16ae485dc6d4377d7d68ee66373e7ebc1e7bdce940de14beb828bd146f238757f6627cfce60bcea751982cb9c8e6bf4600ff8901e36d8347fd12ed946e897c99,SNOW,"DARKNESS, LIGHTED ROAD",SNOW OR SLUSH,WEATHER,2.0,37.5,1.0,0.0
16ae5bcb7766b07560661d64d115b80a92730156c5d5d250874bf50ab0df3a8374a004c1515946668c4b3a345798eefd000638f13d3415f442132bd2290d1ffb,CLEAR,DAYLIGHT,DRY,IMPROPER BACKING,1.0,37.5,1.0,0.0