crash_record_id,weather_condition,lighting_condition,roadway_surface_cond,prim_contributory_cause,total_vehicles,avg_driver_age,total_people,total_injured
16aead6534150038f20d8a9b36b3901aa6daf498dfe107c736bcc61aab8fc0182e45b4772df657830ac34380760cd5a3e81138f8a1d8a89b627a124b5fdef038,CLEAR,DAYLIGHT,DRY,FAILING TO YIELD RIGHT-OF-WAY,2.0,37.5,1.0,0.0
16aeb0930112a6489b99e6d44ea7b6c841619c91a1ddf2c8c1651ebfeeca955da9d49c585da8f42d083efa00670d5383e853541f9e09f0b8137c7de60c5565e4,UNKNOWN,"DARKNESS, LIGHTED ROAD",UNKNOWN,IMPROPER BACKING,2.0,37.5,1.0,0.0
16aeb17bfe71c89f44f4ef83f820521f5fa1ad9cfedafae230cf6ecf076c8cf11167c3a00d6eaeb4e0b2956cd4f46024c7f6f51c9ceff626798050472fd10db3,CLEAR,"DARKNESS, LIGHTED ROAD",DRY,FAILING TO REDUCE SPEED TO AVOID CRASH,2.0,37.5,1.0,0.0
16aec513355c0aac662320c08ab24f2503c344687ef49c8e1b48726fd26ce1fb9a6bfdb071fcf6b570443d31dc0346876b0d639623067c0fd4ecfde230bf618e,CLEAR,DAYLIGHT,DRY,IMPROPER BACKING,2.0,37.5,1.0,0.0
16aef1cc64cdc24fb206eef195dc4c591c09a67fea919c197802d25ae616bade21949182201fd7f489198cd9b3caec97d40994230509d5a770435e9556ff2271,CLEAR,DAYLIGHT,UNKNOWN,FOLLOWING TOO CLOSELY,2.0,37.5,1.0,0.0
16aef95210c88151c79ea15b5748b7efc337a04327113c7dbca5daa3b3b1c40a8b5aafc9325ac39aba227d98e4a079f50a75f82265839a013e7b9a806ace20b6,CLEAR,DAYLIGHT,DRY,FAILING TO YIELD RIGHT-OF-WAY,2.0,37.5,1.0,0.0
16af0fb6452d4c4af74e75ba0069674b17be478036eccdabdce0196dd5dcd3105120dd0640767cb78a169ae13c6e0d5619f9fb9ced40b4b164b193fc85997869,CLEAR,"DARKNESS, LIGHTED ROAD",DRY,FOLLOWING TOO CLOSELY,2.0,37.5,1.0,0.0
16af170b16c3555a09bf2533377938ff452c973df762dad8736207834e0c315a5a84e1a85f97d5dc7f349b27a0debaa96e5a7937a6441b872189842687703331,CLEAR,DAYLIGHT,DRY,FOLLOWING TOO CLOSELY,2.0,37.5,1.0,0.0
16af2974d637cfa097dead0edde4efd7a2d8d99c030fa9a51359191dd19c3e3c3ff5c3da96a574ee0559887fc8b5416e5c396c56bcf9cac4e57fa7f197ef3f3e,CLEAR,DAYLIGHT,DRY,FAILING TO YIELD RIGHT-OF-WAY,2.0,37.5,1.0,0.0
16af3c15f661b007df4fa286d5e5955020e00ed21c69c10264a72433d893507a6d29a9d867124f179eb7e187e27af8bbaac0964a37a44c2f2b6ad10efb9226c7,CLEAR,DAYLIGHT,DRY,FOLLOWING TOO CLOSELY,2.0,37.5,1.0,0.0
16af591e73207cfe5f9be80275459acbbb25501ebc9553812ab009ba6397f41be535bf3075f2ebeaec660d9c9efc5d5c6d5b41e0cb3ad4ee3bebf17eae200a79,SNOW,DAYLIGHT,WET,FAILING TO REDUCE SPEED TO AVOID CRASH,2.0,37.5,1.0,0.0
16af5c385cdca00c0c2d8826bd051f1e91baf03ceabdec4daedcb3db15ea89391a1c44cd4874cbf70bdbc33a5d5bbb27d39fccaab58879f304449a82580fafde,CLEAR,DAYLIGHT,DRY,FAILING TO YIELD RIGHT-OF-WAY,1.0,37.5,1.0,0.0
16af9f5d8259aba8ffb4109d0d22862e43a10fdbcc64da24bb3da501d330a87fd801fa341998f811029951d220cb8ae18519a264173739b6e86523bc0776e124,CLEAR,DAYLIGHT,WET,FAILING TO YIELD RIGHT-OF-WAY,2.0,37.5,1.0,0.0
16afbf1e8cf02e6425456ca8791fa0ac57ed8c838cd6d67f549fabbc1bc9a3849ebde46751fb1844927c658db7902a5ca01ddac7cb4a89afd28bed9d6069a3bc,CLEAR,DAYLIGHT,DRY,FOLLOWING TOO CLOSELY,2.0,37.5,1.0,0.0
16afc5fd844d97c089653fc317087f6401e5c616e69afc63129cddd67b954785455aa9fb19d42cf61caa2c8678836b368f6e7a34454884288255365129351752,CLEAR,"DARKNESS, LIGHTED ROAD",DRY,IMPROPER TURNING/NO SIGNAL,2.0,37.5,1.0,0.0
16afcb71d579ef9fd7c800ab3ef382f0f203a6048067cce53c93f50a906794bc8f7ba5324aa75dee20258b31772736f1f0d2adee3129cc534ad86c7fc22c09ff,CLEAR,DAYLIGHT,DRY,IMPROPER LANE USAGE,2.0,37.5,1.0,0.0
16afd5356ad6250fbf6aac9067af5dadc01fcd62456fbf1b59cf50da059a0d3157fc5f7778480b7d569343c48d31c0b497066803db123232bb9b43ffdd78861f,RAIN,DAYLIGHT,WET,FAILING TO REDUCE SPEED TO AVOID CRASH,2.0,37.5,1.0,0.0
16aff6d0c2afd6fe18545d120dde5ad8e48832220cbbb8f618e9f035ff5c6de7eb1e2c5c4a91bfc21841b2101653e9848be10f3ac980c497b09bf1ddae3e3b71,CLEAR,DAYLIGHT,DRY,IMPROPER TURNING/NO SIGNAL,2.0,37.5,1.0,0.0
16b056e5f416c94bd248fea71e3ddcd8feddcb4b30ab6e8266317b93417122e842cb4f618f787eed9d673ded0eac3d1fc4ed85e198178b1d00c1435dacf239e6,CLEAR,DAYLIGHT,DRY,FAILING TO YIELD RIGHT-OF-WAY,2.0,37.5,1.0,0.0
16b057580b9365f0ec868e20c0eac04d5a78d97b1861f38fad5fa49a1172fda9a1c81c4b202aa420a032e0745da521bd56982f0b0dd43e941439322208afc31a,CLEAR,DAYLIGHT,DRY,DRIVING SKILLS/KNOWLEDGE/EXPERIENCE,2.0,37.5,1.0,0.0
16b06f46565ff862559aef52baa415d7fcb067aff88c5da728a686b4bc59c13a7f26446967c51ef1b690df7b89b0f0bf2e5e4120ef45729c014a88654364b317,CLEAR,DAYLIGHT,DRY,FAILING TO REDUCE SPEED TO AVOID CRASH,2.0,37.5,1.0,0.0
16b077aae9eeda498b9e46473512cd1c6fa3534b212275f9380f793d3a97fd2320a7349180a5f9a79ff3ae63b5829c4bd125c3f4691584615d49222edcfb1448,CLEAR,DAYLIGHT,UNKNOWN,IMPROPER BACKING,2.0,37.5,1.0,0.0
16b093776192ee94f009e45b52114943005c2b69a0e3627f7b34941ded7e77a81a7b80111e10e718110f1449b1d3c82d42b985f4e9f0f7902c62e0aabd660a96,CLEAR,DAYLIGHT,DRY,FAILING TO YIELD RIGHT-OF-WAY,1.0,37.5,1.0,0.0
16b0961764f4c4fc49cfcbc2e57258c85c46ce77c70049cbd42fe4194289f11f99509868dfa4f3cf7f5b56a4de0d9207b913b77d891e9acb4037a71b4a9700df,UNKNOWN,DAYLIGHT,UNKNOWN,FAILING TO YIELD RIGHT-OF-WAY,2.0,37.5,1.0,0.0
16b09b4adf15022eec88517cf64c1ee69b54e9d93a6befc931917085c340da044ca739aa3ed2013b57c595cdf9c801a10c806104d6aaa6c223230b139bb6c386,CLEAR,DAYLIGHT,DRY,DRIVING SKILLS/KNOWLEDGE/EXPERIENCE,2.0,37.5,1.0,0.0
16b09c356d1023a895c1c5572028fc86c453c1ebcb9c09aa698ad6e098d07cd685c213e240ade7b0f44f8daf61c5d72d7e037d16db481ed0653957b9f6689410,RAIN,DAYLIGHT,WET,FAILING TO REDUCE SPEED TO AVOID CRASH,2.0,37.5,1.0,0.0
16b0a146a8ece48ca775aa170077bcd86507167b2f21e4e3f7dd7e07aaa605724729c1ddc518f31880424274c202db5120ac0f011a5712afc03c59deef7fa672,RAIN,DAYLIGHT,WET,WEATHER,2.0,37.5,1.0,0.0
16b0ba5f4619a99ffb5b3de83cdf07bec8e4fb136c2d6864585671bb9c13caa31faf9fd124b312bb57410e6171ee9e27ba269c70e003fdb82d23fee5597c3a80,CLEAR,"DARKNESS, LIGHTED ROAD",DRY,IMPROPER TURNING/NO SIGNAL,2.0,37.5,1.0,0.0
16b0be9a97aa03ef541b71366f9155efbfdce347e7f21ab245ed20ba970711c67d8c9fff41bbd130dcbe8ce8cb61acbaaf0783fe12c9ba02ae69ef344205ae86,CLEAR,DAWN,DRY,FAILING TO YIELD RIGHT-OF-WAY,2.0,37.5,1.0,0.0
16b0da515e634b242c2255baa4d4a3b55ed26aaa97e789fc29c0a3f95b2c10e42169530d424bd0c90ee873f5543c962ca1077189098eebe151b09b1a32fd85ca,CLEAR,"DARKNESS, LIGHTED ROAD",DRY,FOLLOWING TOO CLOSELY,3.0,37.5,1.0,0.0
16b137a4bc6780bd5ca12bcced34e5e71f1f8308140b5fbc085662b835b481aa9e10fba3dccdb0a1d500dfdfe8dc8df8db1a3f032835723ed68b6ea68d9b98e5,CLEAR,DAYLIGHT,DRY,FOLLOWING TOO CLOSELY,3.0,37.5,1.0,0.0
16b14691a3c71facf0fe073a8e6b7ca1b52a3993b0feba4f31859dfa6fb92c055d51e56660a076a1a1c62c07342da64b1f768411b7806dc9d266d526e515e57b,CLEAR,DAYLIGHT,DRY,IMPROPER OVERTAKING/PASSING,2.0,37.5,1.0,0.0
16b149301b072ed22707750a50bdec7d45fc4ece6c59b9ca9ed5136d71ca7c7bd8aacf04708dd0fccef02142a273211c2334b9c85c8f3a1393a04622cf3acf60,CLEAR,DAYLIGHT,DRY,EQUIPMENT - VEHICLE CONDITION,2.0,37.5,1.0,0.0
16b164f29e9aa918f257367dd8c0bb18e692eb928a4f2e54879cf5b89a3131d127c186073728cbeff85f62d63cb47fabdc3120b4ef0f39b8212f3c4a5f5e1091,CLEAR,DAYLIGHT,DRY,FOLLOWING TOO CLOSELY,2.0,37.5,1.0,0.0
16b185ab741ba15f80c05f22f08f46fa1f3016249e8dbd9d0c428658aa505f5b162078c75c9e5ce27bda7351308bebf111d11a1464eb018d93b602b04c63b3b6,CLEAR,DAYLIGHT,DRY,FOLLOWING TOO CLOSELY,2.0,37.5,1.0,0.0
16b19a3ed7ad94b3843f1ec952141f67192acc57a930160492db7148b2adad7306479161e952e3b2b9486cbce23e77a3bf2fcd0620a4433211ea1cf8e3902b64,CLEAR,DAWN,DRY,FOLLOWING TOO CLOSELY,2.0,37.5,1.0,0.0
16b19c8698ec1bca7a1868e166f7b24e71b794bacc9576c98fa51e8355666a446400184a2aadf0c64b6b07d841fee81d91213c1ec2ad6c33e2a890a5bf57a732,CLEAR,DAYLIGHT,DRY,IMPROPER BACKING,2.0,37.5,1.0,0.0
16b1ba87d8da35a34bdb8651fcecd7b3253afd5f9ee928038fbb78f25ccad19fcb110ac014ac85d713c04762255652266efc1fcef0abefe90cfcbd3ce59aa393,CLEAR,"DARKNESS, LIGHTED ROAD",DRY,DRIVING SKILLS/KNOWLEDGE/EXPERIENCE,2.0,37.5,1.0,0.0
16b1d97d6259c7348cee06355337ed0953c4c287f83b5e253a3478673deb63c41c8bd9be968634d512ddc955f945088d378be3662e50c35d9bd1ce43f64048c4,CLEAR,DAYLIGHT,DRY,IMPROPER OVERTAKING/PASSING,2.0,37.5,1.0,0.0
16b1fbe1fcf98174fe4a838b9529db4fa20ffdffb208c4081acd02f82923b3e61bfb0e2a67e79a506928de6e5270615df255d2c953f761638ad12e39354b14d6,CLEAR,DAYLIGHT,DRY,FAILING TO YIELD RIGHT-OF-WAY,2.0,37.5,1.0,0.0
16b1feec148b2f07c5e30397e849f4e22222fc79d4198d58adecb31ac66291780751e99334aa0bb697f2f77e9a33d6ea3cf39fb05037f1149763fc628515ccaf,CLEAR,DAYLIGHT,DRY,FAILING TO REDUCE SPEED TO AVOID CRASH,2.0,37.5,1.0,0.0
16b214ba8953df531bc79a639e85757871bea29ae6f9d26cf95b0b6d06e241043144e1c3f8216bd31342ebe1644fdbb3cd1006e9385fb9f3556242edb9c9f047,CLEAR,DAYLIGHT,DRY,FOLLOWING TOO CLOSELY,2.0,37.5,1.0,0.0
16b227c32d370b3ecc523373137be0c4ef320990fbf40e14e23c484fc8e671e9d93d067be9414cd9cdf9d2a16c67194a767999bbdf8608e54635a6d43859887c,CLEAR,DAYLIGHT,DRY,FOLLOWING TOO CLOSELY,2.0,37.5,1.0,0.0
16b23175b8db95136e592138c130871ce2dc641b55f0761cc2ab501903b78dfbd501ea6bd82111c2eaa12ed9d7b6fdbe7134b1dac3c95af8fa7e55fdb8a41f04,CLEAR,"DARKNESS, LIGHTED ROAD",DRY,EXCEEDING AUTHORIZED SPEED LIMIT,2.0,37.5,1.0,0.0
16b23c99cd3cea77ee2a9f38dc492544f3379368b496fd00a1aeb7e7d8c55cfaa63da088679a71eadfdb7b0b71efd2a937d9e8f3ab279d0af4e1f6424ea519f1,CLEAR,"DARKNESS, LIGHTED ROAD",DRY,FAILING TO REDUCE SPEED TO AVOID CRASH,2.0,37.5,1.0,0.0
16b240b7314b90444a1a8515b8b18e743f2c37bc5a6270c4d0772e37da96d4e74016d938c439775d0b8597724dedd81278c30e7f227ebfde60e136a02907d9e7,CLEAR,"DARKNESS, LIGHTED ROAD",DRY,DISREGARDING TRAFFIC SIGNALS,2.0,37.5,1.0,0.0
16b24b546c29fd4c44c50f4e72a7ecd6a482b4d39a1adbb623efd052f637b791079cb490d45e939b4656c2d631c2a8f3d8b9f8a5d97648896cd0b35b9b87b664,CLEAR,DAYLIGHT,DRY,IMPROPER BACKING,2.0,37.5,1.0,0.0
16b254313cc48dd14d13f3d41c5fac5411d0214247151cb43e69087f4b321db55a9e5a45bceb2dd4a2b6040f8398bf697f9f5092bd7f0561a05ad9505ccb0f59,CLEAR,DAYLIGHT,DRY,IMPROPER TURNING/NO SIGNAL,2.0,37.5,1.0,0.0
16b2744e854d46a516ec3454c9f65378f3fb3ce90eeb6841160c9d1ae13eb2f70dabfcd5cc2153ead81b5e0ef8aa1b47676b3aafc9530dd3186112080ec13596,CLEAR,DAYLIGHT,DRY,FOLLOWING TOO CLOSELY,3.0,37.5,1.0,0.0
16b2900771447d65c017d1618ca4af70d6370d034ecf1f17b9a24dde076c774dfd5ec77601184a1dba605412b842d11001ed470b0d2c9d257e5dd7e5f40085ed,CLEAR,DAYLIGHT,DRY,FAILING TO REDUCE SPEED TO AVOID CRASH,2.0,37.5,1.0,0.0
16b2aa59df1405a72f410536361f659af1bd29cdb5cdf0851705d25e89aac293f41c77347b9b55eb8f7eb399760384d89087614fdea1ac0515fe7cb5a4a2177d,CLEAR,DAYLIGHT,DRY,FOLLOWING TOO CLOSELY,2.0,37.5,1.0,0.0
16b2bc7bc07bb33a915c209c0a107a6c97dca961027a5f14158906134e660de916cef7664426659563a74234e60433bfd8e06aa6412be4466982854ad14e1e7f,CLEAR,UNKNOWN,UNKNOWN,FAILING TO REDUCE SPEED TO AVOID CRASH,2.0,37.5,1.0,0.0
16b2c6754bc80ff4cf1873b9059e4a62a85d6c6218f9ad1f50cac270489f5c171e38aa5f8f1b7c2e6016673ff7a10b867e2e658e9770e8634d0fbdecb683c534,CLEAR,DAYLIGHT,DRY,FAILING TO YIELD RIGHT-OF-WAY,2.0,37.5,1.0,0.0
16b2fa055b570b43197e45b6f6dd5de28dbc11ecac3f25df319ea82f93a034b4418c61696e978a11f0d75c7759e51f6ff63403a3ce67e5d1a1043eea7800b6ab,CLEAR,DAYLIGHT,DRY,IMPROPER BACKING,2.0,37.5,1.0,0.0
16b32237125b27cac5415bd681381c3a22292fd9ef16ba0b1af82eef81a892287523ba54291ef0d1a6a6886e30038c3c9f64b4659d347f06c30960f2ace0b750,CLEAR,DAYLIGHT,DRY,FOLLOWING TOO CLOSELY,3.0,37.5,1.0,0.0
16b3317f9c3bd602b327f25a66b0d926cd0e2dca9b8760fdf512235333ad0cfef6126447a7c4f62d0d9b927023f7f4e1ade59732312b040857b06297f3b628a1,UNKNOWN,DAYLIGHT,UNKNOWN,PHYSICAL CONDITION OF DRIVER,1.0,37.5,1.0,0.0
16b34f9cf515a4b914d8b935f83d140e3d9f47204eefe7df21d32f951280daa62e92fb4aa0c5011afac0b440e720725131fe4db632282c244158157cc442d986,CLEAR,DAYLIGHT,DRY,IMPROPER TURNING/NO SIGNAL,1.0,37.5,1.0,0.0
16b384282c81593043d4c1da2cfaa749a4941b92d58e8110eba37dc852fcf1350505b04f7a53e0dbee9a8b3ac2b7509b3c6477d127493548e7bd4b014b7b853e,CLEAR,DARKNESS,DRY,EQUIPMENT - VEHICLE CONDITION,1.0,37.5,1.0,0.0
16b3ab1639e0d1c8929befc489780ce17d4e02174c7616e4b06e48fa2dc9fb3e57a9b7632aac5d568cf9c8cb2801cc9b2ebcba4f28323c24d5eea15b794c0a56,CLEAR,DAYLIGHT,DRY,DISTRACTION - FROM INSIDE VEHICLE,2.0,37.5,1.0,0.0
16b3c4627555d9d379a8c6c8f67b1ac754280ea8716bdf2d20cdb2c663c98c91ce3afd65720a5e9705883dfef60167082774bd5f66af434988009fe6a3ba9741,RAIN,DAYLIGHT,WET,FOLLOWING TOO CLOSELY,3.0,37.5,1.0,0.0
16b3d53c90c71e0888a777268c7f484ec4a965d12249f862aa4be47adc9127da2f2d9c0155aecebb650e3f688a951c17e4088ad2e6646f1588451ed7b2b97683,CLEAR,DAYLIGHT,UNKNOWN,FAILING TO YIELD RIGHT-OF-WAY,2.0,37.5,1.0,0.0
16b3e6fbf7095c18466042f2088637c74e887547d58b769ed45f3c3084714ed3bb92b7234fd3d9ddd18037b7ca2329ff3c38ff38e9c04938c17756a07b646406,CLEAR,DAYLIGHT,DRY,IMPROPER BACKING,2.0,37.5,1.0,0.0
16b3f59ad326d14ff5aa35f7ac7d2dfdd158bd1eabe79e58d6ca4993efd5dddc73bc080b07c87c54ed89d37aa5268630768d211489a7830b9d75b42630b138fc,CLEAR,DAYLIGHT,DRY,FOLLOWING TOO CLOSELY,2.0,37.5,1.0,0.0
16b3faad0d44d1b867dbdaf89d80f156d3a9788a5e2ed96c35a801e813ebb023c4f814084cf185a439c31b7f9627193915b7792f6795ac9c2350ca9303b61183,CLEAR,DAYLIGHT,DRY,IMPROPER TURNING/NO SIGNAL,2.0,37.5,1.0,0.0
16b4197704668b3dcd9105da8fa8c8e13079de3651860d75e889fa685b1e31e8546f2836eff7cdbf980fdfaa32b5bf91886202021cc0d7a8312f5c2c1e8146ac,CLEAR,DAYLIGHT,DRY,FAILING TO REDUCE SPEED TO AVOID CRASH,4.0,37.5,1.0,0.0
16b427385be847329a64e10e71bf480c40739c57b362aa44f0a70155457057229f7bb3a8093b896883edcada38600050f96ae16a8c8ed1d4c35da8448928b40f,CLEAR,"DARKNESS, LIGHTED ROAD",DRY,"OPERATING VEHICLE IN ERRATIC, RECKLESS, CARELESS, NEGLIGENT OR AGGRESSIVE MANNER",2.0,37.5,1.0,0.0
16b43506fce39cc939d146d385b96e69551f391c70e051667176090de279ab39938ffc679f3902ef923e0b8294069840c5cc35b1264ee564316270ba50ba0865,CLEAR,"DARKNESS, LIGHTED ROAD",DRY,DISTRACTION - FROM INSIDE VEHICLE,2.0,37.5,1.0,0.0
16b43b2b558570b75755b0c699a8432051500feb3ab1397c4448e3f33f877e01d2edbb4b4d238c0a7a74e7dfba02a9a70d78e940fa42cf78ccac5355e7b9bbb1,CLEAR,DAYLIGHT,DRY,FAILING TO YIELD RIGHT-OF-WAY,2.0,37.5,1.0,0.0
16b4452bd8fa2999be02d1125b6d3c73a4a8b81b373f8dcf82a21ec5a0640a79a12d9b759bab49870cc2df0a2de3becfec9503b42c8e615c482929a696f099db,RAIN,"DARKNESS, LIGHTED ROAD",WET,EXCEEDING SAFE SPEED FOR CONDITIONS,3.0,37.5,1.0,0.0
16b4727e5d8fe3953b205d50e844bd4b195427d80344ca476fec87d2e19d2ddbce4096a326a24c554434375e4e739af9f8d8f9f375143adca3aea01dcf549fc7,RAIN,"DARKNESS, LIGHTED ROAD",WET,FAILING TO YIELD RIGHT-OF-WAY,1.0,37.5,1.0,0.0
16b477ea690a7434ececf473e0f15c6325e3b99ca42474c496c8e2ab80a88e4f2e68a8543f71446eb31817da435129922c7fef2412c4c0e34dbf82e67a21a201,RAIN,DAWN,WET,FAILING TO REDUCE SPEED TO AVOID CRASH,2.0,37.5,1.0,0.0
16b487000d0fd266c2375d309924173ccd647ea5a306b52a71448e5182d51b3c4af573a1a95f69e1e960f8b0e08cfc91894ad7b801864b3a582f42cf494e4095,CLEAR,DARKNESS,DRY,UNDER THE INFLUENCE OF ALCOHOL/DRUGS (USE WHEN ARREST IS EFFECTED),1.0,37.5,1.0,0.0
16b48ebaa931166e809b09c29818cd73a3bfba4e43f12584309d629ec3202fa6310f3d100772366f8da9d83ed531baedeed7c190089e9bdaa59d73889fc83bc9,CLEAR,"DARKNESS, LIGHTED ROAD",DRY,FOLLOWING TOO CLOSELY,2.0,37.5,1.0,0.0
16b4c0a508f9858be1a615e451d17a8701591a4e9adda737769a282ea0624df78fde24dc1c7a8f5fbbb3d0ce5608f64eaeeb5baba292e44972552f59a643420f,CLEAR,"DARKNESS, LIGHTED ROAD",DRY,FOLLOWING TOO CLOSELY,2.0,37.5,1.0,0.0
16b5208702905068b6314d1e1c9eb740d6c28f9554c916cf73ec6683f2694bd7921418d5b3e43234f86717fa0a754d3433e61093d3b876baf73b173276967caf,CLEAR,DAYLIGHT,DRY,DISREGARDING TRAFFIC SIGNALS,2.0,37.5,1.0,0.0
16b54524566951c4c74347912235f85fd2986e5df4d7c818adf42a16b0ba0414fb177dfb767017f61277a9fdfe64de080e4f664968e04f98077c50bcdafb44e7,CLEAR,DAYLIGHT,DRY,IMPROPER BACKING,2.0,37.5,1.0,0.0
16b54801fdfeaf77f243d329d62cb8706cd16ea574f024ae80eb92a83c2ff0708b3d14f99549f3abbf3cb97975865c32a7bb57105cfb7b0d31b9115e7f61d28b,CLEAR,DAYLIGHT,WET,FOLLOWING TOO CLOSELY,2.0,37.5,1.0,0.0
16b55774e496c8b66a79077739db529d26fa34fef72d7985db8fc06d1f25fd7008458c7ba8126dc54551d95a10913e40f4864e992d1d21474beb1582418a6372,CLEAR,UNKNOWN,WET,FOLLOWING TOO CLOSELY,2.0,37.5,1.0,0.0
16b55feda69ab4a8cde2efd6c35ecd8d823af841ae2d26cb7be951441a091568e25978f003436d37ec43502989fa6cf975e75fc3d1e59bc8d5786bbb6bed9f2b,CLEAR,"DARKNESS, LIGHTED ROAD",DRY,FAILING TO REDUCE SPEED TO AVOID CRASH,1.0,37.5,1.0,0.0
16b5a6ff41df6e48a6c15e3350392e12cd113c3ef51701d3a844ddd1512abf3abb51f75553d3fc8c26bb6c3ffb7ba84ebffd8418f110e017cf78809def0568bd,CLEAR,DAYLIGHT,DRY,"OPERATING VEHICLE IN ERRATIC, RECKLESS, CARELESS, NEGLIGENT OR AGGRESSIVE MANNER",3.0,37.5,1.0,0.0
16b5dd90378458790439da19cd209c0fa5e33832ac6ac60706598ea52238c15ea79fac9a322242386a49a81c8c53c404eb811a3d7abc85afed86f71f4d736ea1,RAIN,DAYLIGHT,WET,FAILING TO YIELD RIGHT-OF-WAY,2.0,37.5,1.0,0.0
16b5ea4898938c573d3636ed2db2a602a358b689e21ee1198e5a9fad7794e5bbfde890755954eb5e1483efbb40eb249e2c79b4fb5ed82f5cacf1f4145b3c3d69,CLEAR,DAYLIGHT,DRY,IMPROPER BACKING,2.0,37.5,1.0,0.0
16b62434555af7fe2ff1e878b9354125da86ffad458cacdc84435dd73a96c7a79b39cc7106453cd5c6526a894326ec7db8676720734369a417e03810043eb932,CLEAR,DAYLIGHT,DRY,DRIVING SKILLS/KNOWLEDGE/EXPERIENCE,2.0,37.5,1.0,0.0
16b6280c7e2797ef5321e76ae1d7aaa34631e448babe4d0ee93a381fdd5933369bf1e245b136e6667ff107c99bf60aac3bd2121bfcae5f6e1abf7a4c7d32246b,CLEAR,DARKNESS,DRY,IMPROPER TURNING/NO SIGNAL,2.0,37.5,1.0,0.0
16b6465f7fbd9f190b0122c8f4c6fcb04b78767b8173f9ccc1f6ed382aaf6e55c22608a45b61c15792052f4aed5d40a2909e82d1ca85d5d0f4536a4a121fe2a0,CLEAR,"DARKNESS, LIGHTED ROAD",DRY,FAILING TO YIELD RIGHT-OF-WAY,2.0,37.5,1.0,0.0
16b688cda127d730e9eeae74f5ba17206de5b71264b12b0468d7ce031aea23dfef4b7eae0d70d6882e610360f74d13ed319a501715a1ac97753302aa9bb9e0dd,CLEAR,"DARKNESS, LIGHTED ROAD",DRY,FAILING TO REDUCE SPEED TO AVOID CRASH,1.0,37.5,1.0,0.0
16b6991990f51cbfdadf0348f7baf44d3ad5531c2905618267ae8863a3a31dfaea8b5bdae0a56fea0ebb9a52d8c6dc99da1450984305baeb0dc1420e1d0901b7,CLEAR,DAYLIGHT,DRY,DRIVING SKILLS/KNOWLEDGE/EXPERIENCE,2.0,37.5,1.0,0.0
16b6db9838993da25b5ffcadb229b8adc06bcd2ec193f3a9c681d5809488330849e0ee6978aa8eabd9b412a5107fb212dccc24b0e076b5c94557850d6350c993,CLEAR,DAYLIGHT,DRY,DISREGARDING STOP SIGN,2.0,37.5,1.0,0.0
16b6fffeb94151d5f1e8f9b1c458573e72046f3bcd4edbc0bfa12e7c1c2d45ffc5e7a9dc761d0a7450eb7b1e9f34ab2fe8c5a824eeb4060b007696a880e201ce,CLEAR,DAYLIGHT,DRY,IMPROPER BACKING,2.0,37.5,1.0,0.0
16b72de8b1e217a0c302b13c856b59484fbeefaa87174bac3b50b74b0957f98b40d23006e0f815aa5c6d6256d0ce159dbf9909a7be71f344404a99b0779cc507,CLEAR,UNKNOWN,UNKNOWN,DRIVING SKILLS/KNOWLEDGE/EXPERIENCE,2.0,37.5,1.0,0.0
16b73dde4e3e51b793c2a479c0b7e60a3191d416b2b6c40e2d1271bc2b00d5d116e5a985d491bf3ed1012c12b34cc83691f4840bb087173dcbaa88daa173d0b5,CLEAR,DAYLIGHT,ICE,EXCEEDING SAFE SPEED FOR CONDITIONS,2.0,37.5,1.0,0.0
16b797314687377cf2ec96aa0c5653e8e8a98e70563add0bb18bb01ee3521f0dd15563474b0db089c28b1ad52bc88f4ee607e0c156e573d351a7d96b6e2d8ab3,CLEAR,DAYLIGHT,DRY,FAILING TO YIELD RIGHT-OF-WAY,2.0,37.5,1.0,0.0
16b7f75d4dc06861c983a2a4e999ee717a5e22c28840c3e3211a462edb897d2fe4249ffab66bce9eccae35d12c6e5f9057cb445a642ee74d34b89a5361d81c02,CLEAR,DAYLIGHT,DRY,FAILING TO YIELD RIGHT-OF-WAY,2.0,37.5,1.0,0.0
16b8278ccbcfec6ed666f94907eedc6353c06825ce674ec2630f5cf18ade50469617e27f7cb35820732272bad0a436ca692ae74e752e88a1d9d711fac740a0b3,UNKNOWN,UNKNOWN,UNKNOWN,"OPERATING VEHICLE IN ERRATIC, RECKLESS, CARELESS, NEGLIGENT OR AGGRESSIVE MANNER",2.0,37.5,1.0,0.0
16b87e787ee51375eec4f5c59a8718abb3cb97470423e24f228ef975f9c7a609fc7298eebbea785fb5c420ea6cb666037881c2f3234d3a76b505b2e7e85a6f93,CLEAR,DAYLIGHT,DRY,IMPROPER BACKING,2.0,37.5,1.0,0.0
16b88da6aedb5bf379c9ad7a549603a69b1f75249a27320785a52f29a9218e25531b1e6f725e3c22e799efd6f3cc4450f18993f0001de3862371d265e58808d9,CLEAR,"DARKNESS, LIGHTED ROAD",DRY,DISTRACTION - FROM INSIDE VEHICLE,2.0,37.5,1.0,0.0
16b8afb22fe5d5375a428d37b17fbcc146f172afb6cceb934d03bb9e21d0e1bc66d0a7a0557dee2c104128ee1ea94f9d4e4f0735e2235bc084bb8adf68bfd20a,CLEAR,DARKNESS,DRY,"OPERATING VEHICLE IN ERRATIC, RECKLESS, CARELESS, NEGLIGENT OR AGGRESSIVE MANNER",3.0,37.5,1.0,0.0