crash_record_id,weather_condition,lighting_condition,roadway_surface_cond,prim_contributory_cause,total_vehicles,avg_driver_age,total_people,total_injured
16b8c52e7763f7b6f1fe1563968671af2a5212d40623e236f90668860916d6c025f03240e4d4b3296e4d1f5d8a929c00b9f53e1eba22fdd841e9ff34b2a5465b,CLOUDY/OVERCAST,DAYLIGHT,SNOW OR SLUSH,FAILING TO YIELD RIGHT-OF-WAY,2.0,37.5,1.0,0.0
16b8ca4e7df47418f0350e1ac894328c3a9a1105ee0e14028046606a891ece9f0a961f2f1b55478b0c218b26eaa60b1472262461b780eda33152bda1aa03eae8,CLEAR,"DARKNESS, LIGHTED ROAD",DRY,IMPROPER BACKING,2.0,37.5,1.0,0.0
16b8d7288b12c580c75dcdbdb34286690cb4b8ec876fa1f81b6624354100f079379d93e309e7017caf9ceb58935c2e089ba5d149b19d16bf35718316aa0e75f7,RAIN,DARKNESS,WET,FAILING TO YIELD RIGHT-OF-WAY,2.0,37.5,1.0,0.0
16b8e767b66f0618e2a8f5332cd931ba96ae7e214ab000e23149433eedf038140f4aa6e5d8fb66402521551f237703f91305cbb1825bdfef6c77820fd8e58501,CLEAR,DAYLIGHT,DRY,FAILING TO YIELD RIGHT-OF-WAY,2.0,37.5,1.0,0.0
16b920d319f8e19d2ed61c2f5981965d75a7c23ae22ed98bf17102afceadc3c38f9164d00379fea7bd778a9b277a17167c2b1873f53199d57f318b3aad12d9b5,UNKNOWN,"DARKNESS, LIGHTED ROAD",UNKNOWN,FAILING TO YIELD RIGHT-OF-WAY,2.0,37.5,1.0,0.0
16b9234acfb493d7e9b17d6215df7512c870e3cb376352d3e0e580654b416e056f6090ee1263aa6301c309eb4fcbd2997ebd4b1b25cf7766a009e7936e6a9d20,CLOUDY/OVERCAST,DUSK,DRY,IMPROPER OVERTAKING/PASSING,2.0,37.5,1.0,0.0
16b9446ab4d07c9e0a0c65676294876925245fc226df5166feea19707e2463754050d5f1ccb50c595b89503f3d10becb9e8879616a627b0268165bf586b07cf2,CLEAR,DAYLIGHT,DRY,ROAD CONSTRUCTION/MAINTENANCE,1.0,37.5,1.0,0.0
16b9830ce3582a6384648933ecb20d320de5c701217073a4b89ce586607f00ef1c7243a3d025fa0bfd1ef78fff2e9d6c2877e3d77ffd8ac1b70044292cf0b4f6,CLEAR,DAYLIGHT,DRY,FOLLOWING TOO CLOSELY,2.0,37.5,1.0,0.0
16b9a040284aa5a0ecef801de438569d83f983a156542d637132693a31ea6689f81cc64a0de4ca1fbc22130493234c02b08de164cd4a0e3efddafb0f5904904f,CLEAR,DAYLIGHT,DRY,IMPROPER LANE USAGE,2.0,37.5,1.0,0.0
16b9af5a30aa0c37fd5f07e332fc8c7bd8b1a6d9daf833cdd7c60ab0f37972504eb4c4b36e0bb7f543c5b1767557485750d0ada1d52516a877822bd69ac09589,CLEAR,"DARKNESS, LIGHTED ROAD",DRY,"OPERATING VEHICLE IN ERRATIC, RECKLESS, CARELESS, NEGLIGENT OR AGGRESSIVE MANNER",2.0,37.5,1.0,0.0
16b9bb68e081552b4a0f810c0e98d32110e9507f510abdafa63de3ad7efd96544c9aa4bde2f46acf80ccff26602c9d396d30e11eea93d8f7bc505b69072bc835,CLEAR,DAYLIGHT,DRY,FAILING TO YIELD RIGHT-OF-WAY,2.0,37.5,1.0,0.0
16b9ee1553157d024127f3db5b141daeb52d79776d29242a7b2453ea9d5311b387c56421171d2ae05c99592b6a96d0da84b7f3fe314693908edc83988aec836a,CLEAR,DAYLIGHT,DRY,IMPROPER LANE USAGE,2.0,37.5,1.0,0.0
16ba027014d873e1d59485f0d3e4ee9c5fa7c8a3cc7b3bb8ca2eb96ccc74f9acf1df0a18ba9549cb03922ff1a556ef8585d03375c2237c67abac87054a0e3aa6,CLEAR,DARKNESS,WET,IMPROPER BACKING,2.0,37.5,1.0,0.0
16ba24e7cf07e264c7683b498dae30b296f91a9fc817b8a309278ac3efa8da3e314d912fd3f0bc594b771ddc7285bdca3390fdf44f2ad17e98261d82ea2ce1ab,CLEAR,DUSK,DRY,FOLLOWING TOO CLOSELY,2.0,37.5,1.0,0.0
16ba3b367f32e28d0b1d50ec9adb3820d80d5b88caf2d15aa11b2bb91fd13320d2a50714d596770a8ea54daf7586e15ea778e5cfaaa7ff32614600fd76724d25,CLEAR,DAYLIGHT,DRY,FAILING TO REDUCE SPEED TO AVOID CRASH,2.0,37.5,1.0,0.0
16ba76db5c431a46b1f40f390c3fd3e7ac6b6dd8f6e3472695104fc003277146b24fb18d56a57539c01f7222808defd2fcc39e712032e47d7801e59688e25931,UNKNOWN,UNKNOWN,UNKNOWN,FAILING TO YIELD RIGHT-OF-WAY,2.0,37.5,1.0,0.0
16baad7216e8dda774cb867c8af590902f9991f08397668fdb9ceecd835808e4eb39598638ba6a244954cbcba10749416e558779739cbeef43f7fa4e6f056ae5,CLEAR,"DARKNESS, LIGHTED ROAD",DRY,IMPROPER TURNING/NO SIGNAL,3.0,37.5,1.0,0.0
16bad1df1c8c1f7fd72ddcccf6691cc3addda89f72d9ad2cb291d892bb6198c18a62b6d4f98b0b1194a2aae70648a4685deb2d9b465ea0e030595d5f1bb3b610,CLOUDY/OVERCAST,DAYLIGHT,DRY,IMPROPER OVERTAKING/PASSING,2.0,37.5,1.0,0.0
16bad4e7b863abff9f976bbd4383cc35509d1d801d00cfcb719fb07a5bc435166e8c32b2cbf6c42e6c8246672622d5195471a5ecb1c546853e99ebcc8f2ba6f6,CLOUDY/OVERCAST,DAYLIGHT,DRY,FAILING TO REDUCE SPEED TO AVOID CRASH,3.0,37.5,1.0,0.0
16bad908adbaa4a3555ad2a9589c7d77a8c093a16b94bb2fda45a7b5544ddf2b7edd5d3054ba76bee1c7bb77a92afb8fc6fd7bb9e251c056216f015345f5b756,CLOUDY/OVERCAST,DUSK,DRY,FAILING TO YIELD RIGHT-OF-WAY,2.0,37.5,1.0,0.0
16badc377b4a706cf6c137cba55b32503c90735fd99d96c5907257d1a5a79dcc5e0bc0ac7367f7ab9e37ab5544401ffc591626a367a3049ceaebedadfb2db623,UNKNOWN,DAYLIGHT,UNKNOWN,FAILING TO REDUCE SPEED TO AVOID CRASH,2.0,37.5,1.0,0.0
16badca502699fe1013944b2fe2a9209f1e60fa2434635c126c0ba2615900842465e3fe5eac63c79e99fabd3874c49847115d54fee87e31b0484a7bafb44a634,CLEAR,DAYLIGHT,DRY,FOLLOWING TOO CLOSELY,2.0,37.5,1.0,0.0
16bae26c57186cc01b83d01ee1ebeb3e193e01ec68b322fcea4d2c2006709d341dbe02beafe49efba1f0aaf4e15f61c7fb2f191290a149ab72cf909b26b02237,CLEAR,"DARKNESS, LIGHTED ROAD",DRY,IMPROPER LANE USAGE,2.0,37.5,1.0,0.0
16bae6abde099218dac4327f25f444dd6e7c42c186a49485feca63030796b6d82eaa0ec09a934efd4eede23eac5a2a2bbd548988e11e157ca88875842b0bed8a,CLEAR,DAYLIGHT,DRY,FOLLOWING TOO CLOSELY,2.0,37.5,1.0,0.0
16bb228c4104fdc50284a1ba1020f5cfae7a78ba43e52ac862f114df3c868a1b653300dcda89b21be2922a29627eeb9c477da133d6f66e454368a9400f19d611,CLEAR,DAYLIGHT,DRY,FAILING TO YIELD RIGHT-OF-WAY,2.0,37.5,1.0,0.0
16bb4fe60b8c4e797803a423d2816947378837c696afdf146643b115f7455a6ae0397c4475d4aa3cb2acb526f245944f8164ca7e45dfa5b040623fb46249bdf1,CLEAR,DAYLIGHT,DRY,FAILING TO YIELD RIGHT-OF-WAY,2.0,37.5,1.0,0.0
16bb5fe6941354916e702fdf1b1f5387e8fb041937af4a1d59c51a0f7e5ba3b813ad2a0a61684516cebba6bcc2bc5cdc3f3d22bd5785f282ca9d386c78690970,CLEAR,"DARKNESS, LIGHTED ROAD",DRY,"OPERATING VEHICLE IN ERRATIC, RECKLESS, CARELESS, NEGLIGENT OR AGGRESSIVE MANNER",1.0,37.5,1.0,0.0
16bb8394f9acf2e809ee83872a0feb9e7b7d8a867be279b64fc44ab0aa4b617e8b823cf6acbb3cd5b74fdb0af2f5a0502b61e06cdc7fcb3943a528ed93646287,RAIN,DAYLIGHT,WET,FAILING TO YIELD RIGHT-OF-WAY,1.0,37.5,1.0,0.0
16bb8fa04eb5fb426fe380430c35414f8ef569f91919f57c93258e5a14d70dbe2676eb907653a4a5b51cc4620bd67bc475ba61e762d056a34b97b3a403cfe035,CLEAR,DAYLIGHT,DRY,FOLLOWING TOO CLOSELY,2.0,37.5,1.0,0.0
16bba319548a202499da1de2016a66db7721f428f497e129e8eb203824a009b9c2cc820893bace2096620fa1e6ef9d638df9238c40224cc2b11f041da8fba003,CLEAR,DAYLIGHT,DRY,DRIVING SKILLS/KNOWLEDGE/EXPERIENCE,2.0,37.5,1.0,0.0
16bba5efb0fd538814b2d6c3b0ce35efd79c3717b8613ce739161fe4115937354c690d11c82b86bb28b59dabc4dfadf1c46051c30b780a3ee28308e0db36b710,CLEAR,"DARKNESS, LIGHTED ROAD",WET,FOLLOWING TOO CLOSELY,2.0,37.5,1.0,0.0
16bbb263a376dd84b0d9750e00dfdcc89e91226ca8fb833b1216be64d5cb626698087541c4d2e708c00d4631cc87b96176bd631264e5b8ddd835f03e331ea8e3,CLEAR,"DARKNESS, LIGHTED ROAD",DRY,IMPROPER BACKING,2.0,37.5,1.0,0.0
16bbb6d1db5b5457ff9aa6187e3f04cfee28407f649cc99aae3a657c96d498fcaf0c53423bbbf03c46b2262cc6454d9a86688c8882ca269db68ff9881312497c,CLEAR,"DARKNESS, LIGHTED ROAD",DRY,IMPROPER LANE USAGE,2.0,37.5,1.0,0.0
16bbde3e18b5851346258a5055735c0f10b642a8b1632e2aeb5465e8d9c1aaabdc9eae60d24d56bf5d88d01e0ff3d70456ea8633280a3f3739d1760afb8a3167,CLEAR,DAYLIGHT,DRY,FAILING TO YIELD RIGHT-OF-WAY,2.0,37.5,1.0,0.0
16bc02069e387ca6f3686ffd091f547c8ef684cb90ddbc70c16f582849d8b979cf036376be6e82b7b3a1b8c11e984092208cb86e0eb75d0f69ef7f9ba705c088,RAIN,"DARKNESS, LIGHTED ROAD",WET,IMPROPER OVERTAKING/PASSING,2.0,37.5,1.0,0.0
16bc10a26b4e072433ff5767e6b3a2c257104af1244d14f438be8e9009327de73a97c87ab8e9dac0229d9b197538cc4b340f2853330507e16f351eacc7cb10b4,CLEAR,DAYLIGHT,DRY,FOLLOWING TOO CLOSELY,2.0,37.5,1.0,0.0
16bc414f3f1b072cf372d45b3d8b127237ba38aba55cb3b8b7a5d7f524763205b91852f3467cd97d971d9b8398d4937f12eaf543f79adb8bf30124f1cf2eb85f,CLEAR,"DARKNESS, LIGHTED ROAD",DRY,IMPROPER TURNING/NO SIGNAL,2.0,37.5,1.0,0.0
16bcb9e25d48c6264c2ea268bfc27ab98d9ea1bc72496d08d362081997759c4bf06c1d1091d6176bc32cb4cf027edc2505f58317d1d2e504564a23f402f8267f,CLEAR,DAYLIGHT,WET,FAILING TO YIELD RIGHT-OF-WAY,3.0,37.5,1.0,0.0
16bcc7c1a684de6dc2a6f3bc78d0563aebc36cc594425df7728c38f0f8829178b8345c45594ec59d8a426ac78f072c3d59a90df07b65c6cc2b13723eed4128cd,CLEAR,DAYLIGHT,DRY,FOLLOWING TOO CLOSELY,2.0,37.5,1.0,0.0
16bccfbf5b7a9307b468606b0f7afa17fe6d7ca5d82c67eb161c08e0967a5196e13ca83cdab13b25a38b0a29a514f0469c300fd9d4c8a46ccc7589a730d889f0,CLOUDY/OVERCAST,DAYLIGHT,DRY,DISREGARDING TRAFFIC SIGNALS,2.0,37.5,1.0,0.0
16bcd9a0127d42dfa49cd3d14e5f8e60f6187889084918541ed58432158757a81896462d0363e625954917f9e59e254b7ab94d06c307a732dbabff90fadede7e,CLEAR,DAYLIGHT,DRY,DRIVING ON WRONG SIDE/WRONG WAY,2.0,37.5,1.0,0.0
16bce2f6cb29d91b1919c0f4702baf71a64f0423c0eccb3973714d1510318ec389f42ffa2c6b84b232c0f424a609c5a15fb1a081e27a888136368e6f2f83677e,CLEAR,DAWN,UNKNOWN,DISTRACTION - FROM OUTSIDE VEHICLE,2.0,37.5,1.0,0.0
16bcf274e24f4c861628e84e7c519d23e42380fce26b8410abc8060aedf9c274184d076c49db4f56c1552c572d808c23919552724fef0044dc8cad6b6452955f,CLEAR,DAYLIGHT,DRY,DRIVING SKILLS/KNOWLEDGE/EXPERIENCE,2.0,37.5,1.0,0.0
16bd0fb0555d6bbe0bf3f20d0326a9e56d92412c022f942e342c7318bf641d33ee3b9aa7504c6cb726d27d7290b85470ff7145059d6ae42f71b103ff78ae82d1,SNOW,"DARKNESS, LIGHTED ROAD",SNOW OR SLUSH,FAILING TO YIELD RIGHT-OF-WAY,2.0,37.5,1.0,0.0
16bd1c02bbcfa49b99d8fa0fa3d0f359ac6dbf7d13da72f0693dd1bff0615971835d0221161547df7528f0705c59f90e4c6b62eab0f9cc3bdcfeddc067cf24da,UNKNOWN,DAYLIGHT,UNKNOWN,FAILING TO REDUCE SPEED TO AVOID CRASH,2.0,37.5,1.0,0.0
16bd49bcc9a5a19b54aaca01b83af1c31b6d2cb1e62345131f5ad8f49653cc83dba384253e279661a3b6c5a228c77e5c76d603fe3782fdf6b780dfdbdc3b255b,CLOUDY/OVERCAST,DAYLIGHT,DRY,IMPROPER LANE USAGE,2.0,37.5,1.0,0.0
16bd7d698c71f8f609aa9ab7083d578402e9f9027f280cda179c43f626829639bd5d52f2e2efe043df5cd214e1c17a0c13b4f69ab313702c508324d74b99a9c4,CLEAR,DAYLIGHT,DRY,IMPROPER OVERTAKING/PASSING,2.0,37.5,1.0,0.0
16bdae5d43c5b58f23af11d4f5c4a98371fd42003468b8c3bbc5da4e5f0417de1c3ba9cdf651d0d0d98de1df8c2d939fb771fb1b1bc73a0a767c398e2244b010,RAIN,"DARKNESS, LIGHTED ROAD",WET,FOLLOWING TOO CLOSELY,2.0,37.5,1.0,0.0
16bdb56f11917edc20eaa2f5ab44145ebfa3ccfff3abc62b800264986da43e6f8325ea60a761b2c23af5f6d1ee3c401921827363a71b965282cc35f2b044c8b9,CLEAR,DAYLIGHT,SNOW OR SLUSH,FOLLOWING TOO CLOSELY,2.0,37.5,1.0,0.0
16bde86797740dea518437e56a90365c8098361c91dd1427170c573b7aacd09d4ed48c187fb8d61418003a056ff20d891f3674ea2156c76b9c9a4372a032a4c4,CLEAR,DAYLIGHT,DRY,FOLLOWING TOO CLOSELY,2.0,37.5,1.0,0.0
16bdf641d9260c89a133e719e3f8f4a348c520eded544fb061a7c5a3a7d7ae97533c0334d551f88008cc0bbba1f4aace1602e60f6de273e1deecb89612f9c6f8,RAIN,DAYLIGHT,WET,IMPROPER TURNING/NO SIGNAL,2.0,37.5,1.0,0.0
16be0a477ab4902acb743643670fb452989b7b6f78799127a3eac514afa11aa661f8001ea016d9203880d181ac3da16bc5c637cc315f3a42b23b6d159af3affa,CLEAR,DAYLIGHT,DRY,"OPERATING VEHICLE IN ERRATIC, RECKLESS, CARELESS, NEGLIGENT OR AGGRESSIVE MANNER",2.0,37.5,1.0,0.0
16be406aa4160a2b2da3089f5a82d707752f4aebf71cffd00edd67af87e63e1a7d21e14d8253f45535551dfc073c07cd506207b807eba8665de17f478dcaf28e,CLEAR,DAYLIGHT,DRY,IMPROPER LANE USAGE,2.0,37.5,1.0,0.0
16be45a0888525f16da78a1ea77dd60dcffa9c0c544fb50b8a92bc9c2c0d88eb1819f06622fff832187e60ff4a5b247a05617009004d73b9b9d3468d64f2adbf,CLEAR,DAYLIGHT,DRY,IMPROPER BACKING,2.0,37.5,1.0,0.0
16be4a4ead5f95db5b2e489799f4c2ef2692905ed6f6f84510ca69d391423345cae072f3706675c084287a51869309baf5350781fdda83d0c9bfd4f639fb81e1,CLEAR,DAYLIGHT,DRY,"OPERATING VEHICLE IN ERRATIC, RECKLESS, CARELESS, NEGLIGENT OR AGGRESSIVE MANNER",2.0,37.5,1.0,0.0
16be7ae45eeb3d148394754523756cfaf52fb83f54bda3ceca108a297ac19aafff81fb0d19bb9a3de9e26ac8b60c5d55fc2b026f5c4fc3378120d0db76d0ee45,CLEAR,DARKNESS,DRY,FOLLOWING TOO CLOSELY,2.0,37.5,1.0,0.0
16be90ef08ac7ea37c74bca7f01668272a5399c770d94c47635a72eef065c72b61abda6f323a60fe5c3515c0f77fedc260f6efd66fc8673b69fc3ca3a60a8f9c,CLEAR,DAYLIGHT,DRY,FAILING TO REDUCE SPEED TO AVOID CRASH,2.0,37.5,1.0,0.0
16bea31a4c315a680e8f702fbddbfe12c8925d0abfa4686050c38e0709a94e4f00dfc9dac57e1fc9d1931652aa2249b8c2cf9c96cc2eef2f9a2d8ee429557adf,CLOUDY/OVERCAST,DAYLIGHT,DRY,IMPROPER LANE USAGE,2.0,37.5,1.0,0.0
16bea803983f6ef3dbdd1fab898ab8cea13a4bff54be161a929b81e6ea6ea3e37766d3a5224e99d784cc4b64e377449fc6ab5b5b41828a6b61219717270cc57f,SNOW,"DARKNESS, LIGHTED ROAD",WET,FAILING TO REDUCE SPEED TO AVOID CRASH,2.0,37.5,1.0,0.0
16bef59bb9a4c9a5e573cc497f35db12c877c2bc36bc1538763f4d2d9035ec7aff251810079478c1e2f1065845b63cb03c295f57bbce4f73d6198cfa3e131e58,CLEAR,"DARKNESS, LIGHTED ROAD",DRY,DISREGARDING TRAFFIC SIGNALS,3.0,37.5,1.0,0.0
16bef86878f63d8fec72aa394602545b566be1bd92ad7eaa1c853ee19c91fa44b2be0307f3641a4ac37140388044f8beef8583db28a54074876c0500045d4227,CLEAR,DAYLIGHT,DRY,DISREGARDING TRAFFIC SIGNALS,2.0,37.5,1.0,0.0
16bf1268af3647707dca6069f4b90125d9c1f8cbba1528bda008dab92b8841e7c3054072b36dbdf6e916bd714a24ddca7c8ecfb90ff383d87a0afe4c3323ed20,CLOUDY/OVERCAST,DAYLIGHT,WET,DRIVING SKILLS/KNOWLEDGE/EXPERIENCE,2.0,37.5,1.0,0.0
16bf370f3c835e3ae173d1519918543f281dc95de7862271cb4d6adf4ffef46ee401acab35568672a1091acb828286cf4400de4dae022ca48c2e1e855cb6aacd,CLOUDY/OVERCAST,DAYLIGHT,DRY,DISREGARDING TRAFFIC SIGNALS,1.0,37.5,1.0,0.0
16bf626c54665848e31a2daf0b6529f90a83ea6250aeaa9e2758a2e7bd064e649725fc7b9d7e402297a043cc44407db396b3c8c4feef3b91b78b7f6d00d4f2e6,CLEAR,"DARKNESS, LIGHTED ROAD",DRY,DRIVING SKILLS/KNOWLEDGE/EXPERIENCE,2.0,37.5,1.0,0.0
16bfa5e2c9cf4f60b90abb2642d16c5d75e45347e1e4e348e2ba269957c60a027f187b42a9ef5be3c8b25571787d2bde9e1e13cf07ccc6c524e2a73ee69bf115,CLEAR,DAYLIGHT,DRY,FAILING TO YIELD RIGHT-OF-WAY,2.0,37.5,1.0,0.0
16bfd48ca085d5df694ddc89bbf965651b1448672214d0bf49d65dd224204d39ec689ace46364ed37ed21fba4d882ed704da13b14f545de11959bcae4b56409d,CLEAR,DAYLIGHT,DRY,IMPROPER BACKING,2.0,37.5,1.0,0.0
16bfd67a833815d3721d43a406f182a7e1783c3370dd7319849662bed60b4ef3fa8d20b32a4e6be48cf0fa93024571d84c88c131ff77459de8d3cabc3a1f9544,CLEAR,DARKNESS,DRY,FOLLOWING TOO CLOSELY,2.0,37.5,1.0,0.0
16bfe8917940b5b19195c6a4a5b49c515f60e039f3e2ad0eddc7ea69b8ba8626b51904f19c226a31d4484a305f39fec9ebf526189a5bdfcb228edce94191ce57,CLEAR,"DARKNESS, LIGHTED ROAD",DRY,DRIVING ON WRONG SIDE/WRONG WAY,1.0,37.5,1.0,0.0
16c00025ffe0b683a17d1b35cd3cfac871ff77500681f0b547405deb4dbd4d8542a4ee176b4e73280de4e26d88273d891f6fbcfdb6cd994d91491cef1aca14b3,CLEAR,"DARKNESS, LIGHTED ROAD",DRY,IMPROPER TURNING/NO SIGNAL,2.0,37.5,1.0,0.0
16c036a135014faa0a2535be865242bd74579a974cc2759ebf47bed5e2317c07585225461b4367c3cee04568a2ec5bcc0b3fe4451c1bcde0261c8a6aef21d1e8,CLEAR,"DARKNESS, LIGHTED ROAD",WET,FAILING TO YIELD RIGHT-OF-WAY,1.0,37.5,1.0,0.0
16c06012db8af909f0cb056718ee9ff3a987b35fb2830f695cf1801d4abcc516f3b0343861d5da1501955feee56f6d56fcbe89cdd04f50f4802bef9b4587668e,CLEAR,DUSK,DRY,IMPROPER BACKING,2.0,37.5,1.0,0.0
16c0643c15db6a9e12d939d7909fd20bed33510c22eb64ebff42d4442bc131a2d101b8baaa03d60df966011388b982c52988e0c73eebc228efa7b6a0640c03ca,CLEAR,DAYLIGHT,DRY,DRIVING SKILLS/KNOWLEDGE/EXPERIENCE,2.0,37.5,1.0,0.0
16c09d97c5837e51a3b6cc7b86b6ec28d2fa1c00f45b58469b3ee91ee2964ac51625be07930904a1f815e8e2be1869ef22bef4250e4abffe35fdf705c0097d9e,CLEAR,DAYLIGHT,DRY,IMPROPER TURNING/NO SIGNAL,2.0,37.5,1.0,0.0
16c0f3b88ec1b13b77af9ae4feb7d33b276ef42912cded33237837b5fbb5563f8576944d81833b7d6849ee8ef66742aa47569019a6c67527f94780ee09a11196,RAIN,DAYLIGHT,WET,DISREGARDING TRAFFIC SIGNALS,2.0,37.5,1.0,0.0
16c10ed59137b045aec2e7c98c76d76b0f6f424b737108a8f5f5be4cacc659f23e2a5d0e50286e69f5a1f8ef3f07dbc0b8b3ad37ead727efc5b6cebbc31af472,CLEAR,DAYLIGHT,DRY,FAILING TO YIELD RIGHT-OF-WAY,1.0,37.5,1.0,0.0
16c12ae3f1a889bfb496b8fce4ce8485935006f04abfcbb740e5006c6d46811ee5ea1ebc9dd6ae4cf40ad2ee50fdd96cc6a30836f436f0911b6af3ae0f01d0a2,CLEAR,DAYLIGHT,DRY,FAILING TO YIELD RIGHT-OF-WAY,2.0,37.5,1.0,0.0
16c13ae1cbe704d934841a852ee0a7b4670b8d22d76ebeb72855dd7ee2b7bee673afb0acc5855b4fd8318290f33d5b52686262d7a42d054499d0792ee4cf4474,CLEAR,"DARKNESS, LIGHTED ROAD",DRY,IMPROPER TURNING/NO SIGNAL,2.0,37.5,1.0,0.0
16c15f52ebd308ed0135f9f0c7f8f9cde9831c3dc6de977485c1fd2b5ef655925d32a0d0815a73db001db2ef766dae0ac2f3945014696a56653d20628dd17259,RAIN,DAYLIGHT,WET,IMPROPER TURNING/NO SIGNAL,2.0,37.5,1.0,0.0
16c1689d5d64aaaa0727236b05ad1f189fa39426e5373f87769fc7f7ab1842c466bc49b90102e99fb31f72db42b7452d18c1a60608e069b41f0d220e5e649eb7,CLEAR,DAYLIGHT,DRY,DISTRACTION - FROM INSIDE VEHICLE,2.0,37.5,1.0,0.0
16c16d167e71c41ffe4161d5a908a49062a7d94fd36d7e1143263bdab0777778d428d84486bc0a4eaec020e36ba18522b2b8215889f4ac47a7d3a6fefe852a3f,CLEAR,DAYLIGHT,DRY,"VISION OBSCURED (SIGNS, TREE LIMBS, BUILDINGS, ETC.)",1.0,37.5,1.0,0.0
16c1aba152f8a4861dec5f38a3926008c7e3ce918d8c5ea6edb6b2eee6d372e729493aad5204f4097bc28803c5fe5df0ea1da4aa98765df7ba8fd17ec4267ddc,CLEAR,DAYLIGHT,DRY,FAILING TO YIELD RIGHT-OF-WAY,2.0,37.5,1.0,0.0
16c1c394de080b17a69e5cd56bf348137c8a185146d522b3053bf848bbcf292052abb474362259b918ae57d2fbe78ce75dfe8342f81a0b84e567e38add3c38dc,CLEAR,DAYLIGHT,DRY,FAILING TO YIELD RIGHT-OF-WAY,2.0,37.5,1.0,0.0
16c1c5231db1f4590f15b9b55d2e103f7e0cad13fd853f04559e15cb6b760e3f21e4a045ffd66c97dcd0a43b9672643d356f01789be52ba9afb6db93c15be452,RAIN,"DARKNESS, LIGHTED ROAD",WET,FAILING TO REDUCE SPEED TO AVOID CRASH,1.0,37.5,1.0,0.0
16c1c5e1c0ac9b8f939509d9025b53e95264604858710640a7ea4b4a1a77e082ccbfe49b6d09d56a1a6ef6cace2e0b6536de20f4f9761f06e6accd15463045cf,CLEAR,DAYLIGHT,DRY,FAILING TO YIELD RIGHT-OF-WAY,2.0,37.5,1.0,0.0
16c1dbad33f6ae14587f9e928ac55f8e07e30ca81952dd20b3d134e90a309b01ce306cf192192924b2349d350f19aa0089b0c2c0b8604785148060a3e895dccc,RAIN,"DARKNESS, LIGHTED ROAD",WET,IMPROPER TURNING/NO SIGNAL,2.0,37.5,1.0,0.0
16c1ef797a90e785b3a958f9f7292418e3ac4977beceb2b3a83b5906972fd5afbd4388e2fb71498583ff74f07b7f23975c4c763daadee70d50f5d2f9e921d486,CLEAR,DAYLIGHT,DRY,FOLLOWING TOO CLOSELY,3.0,37.5,1.0,0.0
16c206d58d1820ca97a75487bbd123eb5c9c3c2c9a3fa2b08623dbcd9c453c46335f6fe3b5035dc3869052bfe4e6566bc360ee78fcce1d52007d08b9c0597f42,CLEAR,DAYLIGHT,DRY,IMPROPER LANE USAGE,2.0,37.5,1.0,0.0
16c2110cf251dd7868decce02576e4f5843df3a58e0003c41aaada7ea045d65ddafa758a026c0d559363f7b1f8b3a449051e0916dd4001f186f28910ed6019c4,CLEAR,DAYLIGHT,DRY,IMPROPER TURNING/NO SIGNAL,2.0,37.5,1.0,0.0
16c2309e954d427f6cfe0352b49d5755732754ec6c5d07c701a5e9eb21f9f30dac8564afdcf0600eefcb142d790aba478e79dbc1648cb72250c8c50aa61a8371,RAIN,"DARKNESS, LIGHTED ROAD",WET,IMPROPER LANE USAGE,2.0,37.5,1.0,0.0
16c2376a7e9d736fdf942a2f593ee7ef88de0842dd7af350fe43e35aa2d87cb1547d8072d5b7db44fd75ae17fa669bfd0cc0c1b3dd4d5fc1f08ddcc852a799a7,CLEAR,DAYLIGHT,DRY,FOLLOWING TOO CLOSELY,2.0,37.5,1.0,0.0
16c23be02ea37d8e8e54ac97effa94f219e30dcf4b9a00beff0fa35707b5c431da9810ded07e59226b556fae79f3d81fba90b6fee043b3289942009a39e4a469,SNOW,DAYLIGHT,SNOW OR SLUSH,FOLLOWING TOO CLOSELY,2.0,37.5,1.0,0.0
16c23f42a21c1d4d60ade7526bfeec376f78a9981bfb1dc40152fdc386d9756ca5ee1790614101f4de5f3270e42f844f91820277b1a7fc3f6541760187025abe,UNKNOWN,UNKNOWN,DRY,IMPROPER BACKING,2.0,37.5,1.0,0.0
16c27894ea5ab41a99bde18435592fe22d381dfe9e6c8aa10d175130fbe23db6644381d5b9c2b7b527e532ce38c87b373597321819de62dd43d598b5041bf746,CLEAR,DAYLIGHT,WET,IMPROPER OVERTAKING/PASSING,2.0,37.5,1.0,0.0
16c27a60d5741a263676e8a6880fa2a0555f7d4b37ee1d635b585955a6d23a5ee2e693811ec0bc45e209569af2057c3f4f7adc23ccc188113ad4f7a544c0c2f8,CLEAR,DAYLIGHT,DRY,FOLLOWING TOO CLOSELY,2.0,37.5,1.0,0.0
16c28bb5b879966cfe6961be06de00031a35e3f036d86d3cf612d741f38ff983785354d5efa6a602a4943039ae57f298fe92e2c41c7fbd4ed858099bb90f952a,CLEAR,DAWN,DRY,DISREGARDING TRAFFIC SIGNALS,2.0,37.5,1.0,0.0
16c290bb1f396a657b7c4ff81fee206de8f536ea89d2870767d55cf537e6a9cea46e9e45f3bf076f87de2f5b7ae84d26bb42ef1b23f4e441ae7089348bb9ceaf,CLEAR,"DARKNESS, LIGHTED ROAD",DRY,DRIVING SKILLS/KNOWLEDGE/EXPERIENCE,1.0,37.5,1.0,0.0
16c2a4f466f6bc41c196cef7bacfef0528c332ae4f69342ba036af31393aaf7448e8c6a464a6183d2515e6ceacc9c7cba97da1e35c77e6d7eeabf42781fe892f,CLEAR,DAYLIGHT,DRY,FOLLOWING TOO CLOSELY,2.0,37.5,1.0,0.0