crash_record_id,weather_condition,lighting_condition,roadway_surface_cond,prim_contributory_cause,total_vehicles,avg_driver_age,total_people,total_injured
16c2b4a780d8f3c5ec21f4e0b918fb1fe4f8544633b85317a2aa1236dfa1d5669bba7416eee740330dcfa35467c3f9d7b169615493862c343a85deb8fef8098b,CLEAR,DAYLIGHT,DRY,DRIVING SKILLS/KNOWLEDGE/EXPERIENCE,2.0,37.5,1.0,0.0
16c2c81527d229f8181605d797804218890762aa1bf7562c3e42cf6b9bfafa2d53749416e4d424b8f6c38f84ca706df22dcf2b10d4081e4fb49640386355e253,CLEAR,DAYLIGHT,DRY,FAILING TO YIELD RIGHT-OF-WAY,4.0,37.5,1.0,0.0
16c2c84d92b3e4c9136fb7c734beab163cfd9743d55fee259ec7aa311b31eb3816eb42f212844af3f06da907e780a94f4afbf7de7f11d97c4ecb1a724c859fb9,CLEAR,DAYLIGHT,DRY,IMPROPER OVERTAKING/PASSING,2.0,37.5,1.0,0.0
16c2d5e010e72b37633bb70e0fafb661c36830a6a9125efc02400ce28e2ef3d5a1b51a986b10115e640b076089a830c893c81b83a4ca263453ee9153019c5c44,CLEAR,"DARKNESS, LIGHTED ROAD",DRY,IMPROPER LANE USAGE,3.0,37.5,1.0,0.0
16c2f9a6963a42b9f91fdaabe6d557e6079a447774c47a0c858a1b243bbadc63fd454ffd557efc086d0a2ce6ca702034caaa1675b06f165a635f2d41830e048f,UNKNOWN,DAYLIGHT,UNKNOWN,"VISION OBSCURED (SIGNS, TREE LIMBS, BUILDINGS, ETC.)",1.0,37.5,1.0,0.0
16c30701bad968f4f4c0c2ad4b950526c2602aab95e6241e92459485e833f151ba9c995a3031f261c92ff0b5acc53b933e5fa4738e62ca194f138b7ddebe4185,CLEAR,DAYLIGHT,DRY,FOLLOWING TOO CLOSELY,2.0,37.5,1.0,0.0
16c3076c80b6bb3f44d945972959ef17014544fa12ce188a8e2fc5be0d62c14d5e642839999950903afcb607ce8dd114396b3ba58bce355a2d4f87460e62f727,CLEAR,DAYLIGHT,DRY,FAILING TO YIELD RIGHT-OF-WAY,1.0,37.5,1.0,0.0
16c3118d30b3a8528b35b53248c327a40622fa36a88f9db8c9e2f1d5d13d98e271d83a92b26b1634c796e03ab0e4c2fd12f86cef9b0e715249b35a87073c0731,UNKNOWN,UNKNOWN,UNKNOWN,IMPROPER LANE USAGE,2.0,37.5,1.0,0.0
16c37d8ce40993a9e577e9f65765e84f4539d706c87ed24f3c5470b1f4c86ab46903d224de76a5845a3cd2d319095eb7ed87e0f2142f51a84e46ca029cad37a4,CLEAR,DAYLIGHT,DRY,IMPROPER LANE USAGE,2.0,37.5,1.0,0.0
16c3909bb520adf3009485b78dc5836e1a5b94b3b59571f27653b41a2af4a62decb53776f245dae99e7c56b9323955ac3aa7f7d1eeca78db62cc774fdeceabad,CLEAR,DAYLIGHT,DRY,UNDER THE INFLUENCE OF ALCOHOL/DRUGS (USE WHEN ARREST IS EFFECTED),2.0,37.5,1.0,0.0
16c3999ba433a6f6d98a2f2e93e5cc714958650281939469536267da71c5619175f08da68ee04008d55729364110949e642d44ee61344c81cad85de1b8d1efa6,CLEAR,"DARKNESS, LIGHTED ROAD",DRY,FOLLOWING TOO CLOSELY,2.0,37.5,1.0,0.0
16c3a3503ef604a88a635682e6e0b7da541e0b7297602ef0a2edd7ff9c789c14caa78e555b3f9d9c17ed732532d1934213d31f6afbb00a9c2eb8b301dde2bcc7,CLEAR,"DARKNESS, LIGHTED ROAD",DRY,PHYSICAL CONDITION OF DRIVER,3.0,37.5,1.0,0.0
16c3d18202af23c1bb7620e2ab192102dcf5a22cdfd626cc059c1fa7d9664e617f07e536f04621488eb51d63a602231eb1ba5e8c5b3212eca7e8966a76fa0d5a,RAIN,DAYLIGHT,WET,FAILING TO REDUCE SPEED TO AVOID CRASH,3.0,37.5,1.0,0.0
16c3da01ba45481b80dcc7f3d506885c059a37a341699b99bbe2cb8c0c0cc1109680cc5aed34d2179e77363784112eb651cb20f59c742178bfe2b9aa117f9db7,CLEAR,DAYLIGHT,DRY,IMPROPER LANE USAGE,3.0,37.5,1.0,0.0
16c3dc7e2137b69ae67a3fea76eee7f370af8a0c5aa86e3c24ed3ba3abad65e14336fdcbe2a030711209e705911b8a123dc162c7353bce28e0d074cb3ada88e0,CLEAR,DAYLIGHT,DRY,DISREGARDING TRAFFIC SIGNALS,1.0,37.5,1.0,0.0
16c3dde1c5148cad3662f0309fda8ad2d88e91c9eb590f6ac89679a31e99277cda891c1009da48da75dcd11263f02bed39d3b80ea090cf4ef85bf54a6ac7f9df,CLEAR,"DARKNESS, LIGHTED ROAD",DRY,FAILING TO YIELD RIGHT-OF-WAY,2.0,37.5,1.0,0.0
16c3df360f72b6bad70dae40c3bdb90e017b7fc964384cfe0511db2f5ae75d66481a7bb4b4ce93f2cd0e6d233de5a1fd91d7817f05e8178f740e0e330c9b2699,CLEAR,DAYLIGHT,DRY,IMPROPER TURNING/NO SIGNAL,2.0,37.5,1.0,0.0
16c3ecb936890a1a2252217e89f2febdb8a4477ad615783b700158f78c1a9a14329f60b06f585ebb6a8661361fa603dda60e2fb486a7756ed9f1a0b6515ec475,CLEAR,"DARKNESS, LIGHTED ROAD",DRY,UNDER THE INFLUENCE OF ALCOHOL/DRUGS (USE WHEN ARREST IS EFFECTED),2.0,37.5,1.0,0.0
16c40cf1d5d1719da7596ed4559d895a3d5877b98983b401b76a0137472e63a98068139cf73d74ba6352085aa95c20e0de85fc9a06621100c8461a03f622ba34,CLEAR,DUSK,DRY,FAILING TO YIELD RIGHT-OF-WAY,2.0,37.5,1.0,0.0
16c42124033e1684b07b70bbfe1b85c6887d38fed3b1effcd4252e1ac56e048e0302800255eb2b299088c74a2b540ec7b7794e1e93daf6e0a6045d9c90db0734,CLEAR,DAYLIGHT,DRY,IMPROPER BACKING,2.0,37.5,1.0,0.0
16c428b755deee67e2db701a0a0a37b96ea6b32bb90fbfb31cb7b0f9f8355672b6e54ce312ae52930e13b970110ec48a3b306058386af62ac12c965e88fd29a0,CLEAR,DAYLIGHT,DRY,IMPROPER LANE USAGE,2.0,37.5,1.0,0.0
16c45e4fca0866fd53bbc0d0295d5ba268fbc8856f259dcbede326b782fdcaa60c0c3b561324646c6d45cf8592af291944344d9b6ad1541701621d69a73ff93c,CLEAR,"DARKNESS, LIGHTED ROAD",UNKNOWN,DISREGARDING TRAFFIC SIGNALS,2.0,37.5,1.0,0.0
16c4a794c138406fae6c7c3f2a5de252adde419c052d9491aa3450f841ee56599e8ea9cb67e801b3bdb5a567f4981cb0ee771c715c434bb8d146945d6c69e1bd,SNOW,DAYLIGHT,WET,IMPROPER OVERTAKING/PASSING,2.0,37.5,1.0,0.0
16c4b43235fb515f72e77167d7b6697225aaa720d8f2360c06ce862284a987428b6483fd6ca6a8176dc779f7ee585daadb216dbedc3707a0aadb8bcc230c6265,CLEAR,DAYLIGHT,DRY,IMPROPER LANE USAGE,2.0,37.5,1.0,0.0
16c4befea70d0fef0b171b6cb234b6858a075cf3a5f8cf7b0ad7ac3659ab11174bb32fd313c1e39c6c3850c39d0bfb17f5e8386fbbe0071158a510dd3ee4a34e,CLEAR,"DARKNESS, LIGHTED ROAD",DRY,FOLLOWING TOO CLOSELY,2.0,37.5,1.0,0.0
16c4cac56e2fc7a205a8f80f5b59fd239127d5f72662e2555bad8e900c5fd366b11a4915691fa540e92f9d46abe5251fd1f5fabd038e1654cd456c075eb2d967,CLEAR,DAYLIGHT,DRY,FOLLOWING TOO CLOSELY,2.0,37.5,1.0,0.0
16c4d53af86c7be79460654f957bee13a56d9e4e97fe5e5a602a2674db47ac9d399e2b655ff65bdf3cebcaab3db033aea51e6a5cc28e523bcec57a580e3c64df,CLEAR,DAYLIGHT,DRY,DISREGARDING TRAFFIC SIGNALS,2.0,37.5,1.0,0.0
16c4dd893b2f0950bee273e03ed61d73f3ba7ff267e637e63c9e8aed01d3b0e9cd12b0dfc6d3d56fd380f6c79f2ec04ddb265e74c52f63a6dc73d88d1fea2e00,CLEAR,DAYLIGHT,DRY,FAILING TO YIELD RIGHT-OF-WAY,2.0,37.5,1.0,0.0
16c544a12d88ba66cc52430b61b79ff5902705be8c87395efee0c863b80a2f9b3fcb56be1fa4fccaa78a306eb7b937e02cda616994e0e2e736cc682a14597052,CLEAR,"DARKNESS, LIGHTED ROAD",DRY,UNDER THE INFLUENCE OF ALCOHOL/DRUGS (USE WHEN ARREST IS EFFECTED),5.0,37.5,1.0,0.0
16c561c07e8a6be7377b9cec32ae500f16bfa6ca09a8c933e5245ee0c0c5a75304d4862a7f399f509cb379a903a1803999562a8b8ab418dcf41f5463ea1cd943,RAIN,DAYLIGHT,UNKNOWN,IMPROPER OVERTAKING/PASSING,2.0,37.5,1.0,0.0
16c57d542bbe7253e1af938ae4965cd2d8ab921e903fe12813ad7a996a0e9e564563b47b786399e5c724e980f83842b7de097d598caf36097d913b4c413b24ff,CLEAR,DAYLIGHT,DRY,FAILING TO YIELD RIGHT-OF-WAY,2.0,37.5,1.0,0.0
16c591725cb0a0e0ead63ad11f0db76d2421da4018d96b67983ab4c710546ef557b4b876cef2ead7c877645d8f17a7100ca126fabd426a84677acdd2c9918f11,CLEAR,DAYLIGHT,DRY,IMPROPER BACKING,2.0,37.5,1.0,0.0
16c5b8915e7284b5ccc357a8d0dbf485e6f78cef7ac880338cc8be013ac48a48f54db83b2b24344d089449da87734464f8160e19e79e1aa658a70d60bd8f96bb,RAIN,"DARKNESS, LIGHTED ROAD",WET,FOLLOWING TOO CLOSELY,2.0,37.5,1.0,0.0
16c60cbb54b382a88924f9778311638694b2d34e08a7ea475e02ebb75f0787ff6e83ba577498f167a06bb1a293a7555d0a1560fa88193a4df1be7047b7889924,RAIN,DAYLIGHT,WET,DISTRACTION - FROM INSIDE VEHICLE,2.0,37.5,1.0,0.0
16c63351876cc5eb859ec524f03ef75e0a3b8908286db1d7fd593fdb5af98d55ebc623d873177c9fde279c4e0562b2a515a106a57dd0231efca7fc8d144774cb,CLEAR,DAYLIGHT,DRY,IMPROPER LANE USAGE,2.0,37.5,1.0,0.0
16c642a0bf4afd413906635d375feccfb13a32a83eb2fd0b99a577751aef7c2732b36253dd8edeac96ca5cb80013d50e077409b212554f98c3ad88f9eb746d77,CLEAR,"DARKNESS, LIGHTED ROAD",DRY,FAILING TO YIELD RIGHT-OF-WAY,2.0,37.5,1.0,0.0
16c65598c3d80a5a9843c606815a15d247defa53eedbb2615d5e0c1269d3afabb6f1cca7e4376637f904c6b5cd71d408edb946e4918b8fb1b964230682febff4,CLEAR,DAYLIGHT,DRY,FAILING TO YIELD RIGHT-OF-WAY,2.0,37.5,1.0,0.0
16c6680e3a7423f85199558e8e13ff4f19cbafbcaed06aca6ef5b1986bca913c63f3509c7ed704f49bedb30658c72a4ce4bc4ff397cd88c55c2924a0e3ec3982,CLEAR,DAYLIGHT,DRY,DISREGARDING TRAFFIC SIGNALS,2.0,37.5,1.0,0.0
16c6b826225994e074911f8bffd1aed97b125879341b3c44e32d6188f196eb9a9358e8c32768d004067fe62fbc6e3ab730368b774971ed7ee61d129736391c6e,CLOUDY/OVERCAST,DAYLIGHT,DRY,IMPROPER LANE USAGE,2.0,37.5,1.0,0.0
16c6bfbe634e6895b173c9246b6893c777c78343282edfe180641ce706911180844a94c97e28f66ff1932115c16cae09e16bb79ebeb8b2bce6aa1081669d118c,CLEAR,"DARKNESS, LIGHTED ROAD",UNKNOWN,"OPERATING VEHICLE IN ERRATIC, RECKLESS, CARELESS, NEGLIGENT OR AGGRESSIVE MANNER",1.0,37.5,1.0,0.0
16c6c743bcbced8604b6eded5f480a10fa943ea06432f6a26ebc7862f010f6386978ebe12d2e623bfe5e7b77d5bf8b5e0549b4620d44dd5d38c565b58ecf0c6e,CLEAR,DAYLIGHT,DRY,DISTRACTION - FROM INSIDE VEHICLE,2.0,37.5,1.0,0.0
16c6d47c464b70a983816e051cf77edd4c3aa1ca5d0895e6282e06bb32c3eeb6570d06e60b2cbb046add37b807cd83a63ddcfc9eb2d431469758582320854cfd,SNOW,"DARKNESS, LIGHTED ROAD",WET,"OPERATING VEHICLE IN ERRATIC, RECKLESS, CARELESS, NEGLIGENT OR AGGRESSIVE MANNER",2.0,37.5,1.0,0.0
16c6da4d143ea0e62d398456574b3e238e474df36393f2810e6af6a7d1b95747e1d411c54cabc6e07eb87218ae4ec1f304d1a16e2e91dc04df08c2bad290a320,CLEAR,DAYLIGHT,DRY,FAILING TO YIELD RIGHT-OF-WAY,2.0,37.5,1.0,0.0
16c6ef497c854ddfb5e58d7847846936875731cb916171cf0df33e2de7a1b082058ccccebd5eb0347b77bcbc9660d774110386489e26cdef5fc29374e6361a49,CLEAR,DUSK,DRY,FAILING TO YIELD RIGHT-OF-WAY,2.0,37.5,1.0,0.0
16c6fd1a976c874a099e5b09dc80aefdd26a91bc76585dcbcda8d9c3cd3b414d729ce778661809aae830df12a65eec4d48982b251c8b1f380d78edda78afb70d,CLEAR,DAYLIGHT,DRY,IMPROPER OVERTAKING/PASSING,2.0,37.5,1.0,0.0
16c71681bda6c2aecf3a32a5802704a6bfb0bc3317bb12efea2ecfa55bcf01c4d78a966eb5f8f1d12713e1998ec83296e5a9910b821614eeb3cd661014269854,CLEAR,DARKNESS,DRY,HAD BEEN DRINKING (USE WHEN ARREST IS NOT MADE),2.0,37.5,1.0,0.0
16c730a1681eccb16c4c6f5531dba7999c422f16a7402a7e19cd1aeca6729b18c48209b35062562a8c734df5dfdf723fa9250df8e019f3395916f86875df2dbf,CLOUDY/OVERCAST,DAYLIGHT,WET,IMPROPER OVERTAKING/PASSING,2.0,37.5,1.0,0.0
16c733eb4412668700969f748aa16cf13d7bf26c52d0fe4e081e258f00c064d62dcf49e941de7d4e68862c4d7d351c9bb28852247425f7af6dccd021b971c2da,CLEAR,DAYLIGHT,DRY,IMPROPER LANE USAGE,2.0,37.5,1.0,0.0
16c74cd5540600291717c0dccb241ec9bbe23345db451d831d3435d34f538ea4dfbb4fd016f9313648c2d5d8d6551f8929488fdab8b27425a0c59faec23e8915,CLEAR,"DARKNESS, LIGHTED ROAD",DRY,IMPROPER OVERTAKING/PASSING,2.0,37.5,1.0,0.0
16c7a0c2316bea8593d3a33b93babe68326e421fccd00a8c1826b1c0f393a1cee958df59da450fd11c2cd5a37015b27fdc6fddd48027678f234865aa5334c7c7,CLEAR,DAYLIGHT,DRY,FAILING TO REDUCE SPEED TO AVOID CRASH,2.0,37.5,1.0,0.0
16c7c5c06324359c06b0af550ab9cb8370e79b6a0ac628a56003a500e67db0f0b8532d6c92f8562c6f0d6d3026287a4fce924b596b4c5d5ed14824cb4f94752c,RAIN,"DARKNESS, LIGHTED ROAD",WET,DISREGARDING STOP SIGN,2.0,37.5,1.0,0.0
16c7d8c3e281ebd497f58b32fcc06d544f4f5e65fc41ffbc864791d94fe7389a337860389420dfe20ac80b1ebeaa49aa9a5b90d093f02047495c7752ccfeba2a,CLEAR,DAYLIGHT,DRY,UNDER THE INFLUENCE OF ALCOHOL/DRUGS (USE WHEN ARREST IS EFFECTED),2.0,37.5,1.0,0.0
16c7e42f059ac204820955b76f810d0c7fb277f7d359c476f199c18825876cb1c38e99fb0f58e3af7a31e2bd9791ac9593946af53b5be76258e116934aa19a3c,CLEAR,DAYLIGHT,DRY,FOLLOWING TOO CLOSELY,4.0,37.5,1.0,0.0
16c7f96d68be9ab09bcbf6e88d056d7ccbbe26842a359b9a7bcec11ae9b631ab25bd2092b45cc63bc6eb46c9b1b5be022f93fb33f08bfd356721c452f32d1799,CLEAR,DAYLIGHT,DRY,FAILING TO REDUCE SPEED TO AVOID CRASH,2.0,37.5,1.0,0.0
16c8041a3fa0a76f7c6819b2751ccf9a0b67ac779a87c484e131dc4e1ea32374d12f2ea4a257130e7a47be309973be03d4560f6b3740d992d3691378b760b819,RAIN,DAYLIGHT,WET,FAILING TO YIELD RIGHT-OF-WAY,2.0,37.5,1.0,0.0
16c82766640c05d084ea01747049bbff9bb78fb3c82716f22db65c8dd639c8e8bbda630514aa5a951a6cd682d7ba2bd7a2e3411163e5a1574bf593337ffe39ec,RAIN,DARKNESS,WET,DRIVING SKILLS/KNOWLEDGE/EXPERIENCE,2.0,37.5,1.0,0.0
16c83513931d99d14c95f153b1879d5a5303a858fa62e4bcd94298c82f7b38cc812ced968880940451d409b8bf80ed2cb54a15eb956614c2e2b9a2fd6b932286,RAIN,"DARKNESS, LIGHTED ROAD",ICE,WEATHER,1.0,37.5,1.0,0.0
16c83c3fdc5eabecda7b318407f4f2842617e9310a7b30a891fe7665f6e89001dc4ec17904421c521dd6f4d5b0e73fb722e0b46acbb5cc043cdf9e5fa1d938b4,CLEAR,DAYLIGHT,DRY,IMPROPER LANE USAGE,2.0,37.5,1.0,0.0
16c84f86ebeee1bef37b9fc217f095212dd5d12ff28ac8a035d4e0ef965ee867753563fba9f3fa6ee8c4d236449437d940a43f24d243cebe0979df45a188830c,CLEAR,DAYLIGHT,WET,DISTRACTION - FROM OUTSIDE VEHICLE,3.0,37.5,1.0,0.0
16c855802d2c9ac92de98ed5d6870824b92873881338b413fe04b61e48866454dbac9a7d9a38c490d3885de7ebe6403398255d42aa4bd036b2c42d6c14ddb47a,RAIN,DAYLIGHT,WET,DISREGARDING TRAFFIC SIGNALS,2.0,37.5,1.0,0.0
16c85c1caf88e3adea966250b361f159e4b7a5aa03cba3c71779d0967431a2ca88c429be07c0cb17c2fa32bf7f774ad098828f23e96de666cf42c4b3ded7c5df,CLEAR,DAYLIGHT,DRY,IMPROPER OVERTAKING/PASSING,1.0,37.5,1.0,0.0
16c86f742cf73a38a9a2b5a8bafed331f6171535db2b4f816d07069a3a1e3ec971cbda132a87591742faf5f2b479da6567059bb454bbcb4ccc7e2d80af51dde1,CLEAR,DAYLIGHT,DRY,FAILING TO YIELD RIGHT-OF-WAY,2.0,37.5,1.0,0.0
16c8a982d1d58b9733cd58635190a26cb173b595641913edec5c0d5fea72e17c706aa5ed0a52f03ec5638c59fc41a585cfa1b1215c0b312d08c7fde602635298,CLEAR,DAYLIGHT,DRY,FAILING TO YIELD RIGHT-OF-WAY,2.0,37.5,1.0,0.0
16c8d77af93e1e19dc0289bb83c6d3e04c0f5cfb4cb0e6f444d01063fabc219b40c86b30499674a762cbbb4d5fac72846a311beed9fb0a200005f8f75157b14e,CLEAR,DAYLIGHT,DRY,FOLLOWING TOO CLOSELY,2.0,37.5,1.0,0.0
16c8d88d83cecf483bd871e26558102a4903d4883b91a2f74395c2189a07b1a162f7039710e64c024da7dda13b842b6379239ca0dac33f1b23e51fb32f9e1a18,CLEAR,DAYLIGHT,DRY,DRIVING SKILLS/KNOWLEDGE/EXPERIENCE,1.0,37.5,1.0,0.0
16c8fa7809c155224bef1fa5f63b2defaec93c2ffb34be75f51b5fcb8bf2ddd6d164e8256f51102338c296160fcb25ab19ecc8bff3071bd35539b56630e6d1e6,CLEAR,DAYLIGHT,DRY,FOLLOWING TOO CLOSELY,2.0,37.5,1.0,0.0
16c91ea3a3595a7b50900c5643028be02d570d1e87da45998910343deff5b6f9f64e7d5bbe91010528fd2cf72039fae3df3440de5353bedcfac651c09d23383c,CLEAR,DARKNESS,DRY,FAILING TO YIELD RIGHT-OF-WAY,2.0,37.5,1.0,0.0
16c99738ca27a923ece321c1fcceef18085582c1de284c3e203dc4052cb750d507ec38f36a885a6df56abe34148c4e8e1b7b19b08ea4edded849ee44ae795b00,UNKNOWN,"DARKNESS, LIGHTED ROAD",UNKNOWN,FOLLOWING TOO CLOSELY,2.0,37.5,1.0,0.0
16c9c1f9e42f030bf35018edbfcdd2ce7e2135e961afdb2541e29e7c48cafd44cdf185c0a7419582a7e22cfac7e3073b12d8c96422c77922a72e23070a66c328,CLEAR,DAYLIGHT,DRY,DRIVING SKILLS/KNOWLEDGE/EXPERIENCE,2.0,37.5,1.0,0.0
16c9d712ac795299f18caa4301b2f454b38e67f9d3b350befeb788a2dbe63ace3ea5b91103ed5515f502e3bf462401fdcf1d3f0194c22ac71382c0ebdd1e8260,UNKNOWN,UNKNOWN,UNKNOWN,FOLLOWING TOO CLOSELY,2.0,37.5,1.0,0.0
16c9e77c7b51d2842841e55a5ecd0bfb591ec999749efa8b26fcbcf0194500e45f86e2c5a7697ddc0f0229b8f21cd799522f3f532bc1d290b19ab164b399e0fd,CLEAR,"DARKNESS, LIGHTED ROAD",DRY,"OPERATING VEHICLE IN ERRATIC, RECKLESS, CARELESS, NEGLIGENT OR AGGRESSIVE MANNER",1.0,37.5,1.0,0.0
16ca012f79eb7bbd6a2f20e648e0cf15533023971f76e38b3aa25f2a09a23c7d9507534f292c2178c52e837f95a696a157039cdc2b69b3cb8945d6bf7a3eba06,CLEAR,DAYLIGHT,UNKNOWN,FAILING TO YIELD RIGHT-OF-WAY,2.0,37.5,1.0,0.0
16ca3574fe92be02c3a675688dc709062539cd451e32eb2e758095a213092ae7f9cbd50afe3c174f126f6c6f609647c1b4be476bb035974d399e3597e60fba38,CLEAR,DAYLIGHT,DRY,IMPROPER TURNING/NO SIGNAL,2.0,37.5,1.0,0.0
16ca7b0ed24f9761227dfec3d8921c3006d1d9b19000f64dab3253b1e6c00c0b76d4a7ee43e0f2e24af741cab6e9a1e187350b412c08b37d41c673bf4fd6ecd0,CLEAR,DAYLIGHT,UNKNOWN,FAILING TO YIELD RIGHT-OF-WAY,2.0,37.5,1.0,0.0
16caa165b1a81200ca37b5991104b84eb6f60b02e687c199ab0080b7e6e84b67397a7ff8757af8e2e396b4e905fa48998f7a1b84986530988d3f92d6315f2fec,CLEAR,DAYLIGHT,DRY,IMPROPER OVERTAKING/PASSING,1.0,37.5,1.0,0.0
16caa6e1163f1b87ec5e7df775a4d0a46c45abf2802a3ad916472917e5561af381fdc608cd49bf3fa4686751e9d80f7f5f5b822351ad82874ce6c4272db1a5e1,CLEAR,UNKNOWN,OTHER,IMPROPER BACKING,2.0,37.5,1.0,0.0
16cab17046c489ec1e91e61935cef030025ed8aae1d1b55c5a1fbd6fbbd12f4563c8d4fd1d923b0d48a8508c1ec5f81842c13dad2c623f388703586f671ca828,CLEAR,DAYLIGHT,DRY,IMPROPER OVERTAKING/PASSING,2.0,37.5,1.0,0.0
16cb0204df619099d353dc4103a76a87e0be549998d949bc26fbfdfe11617b3a3eb7aa1d4bad622919b65a594f898613c73b3df9d4dbb58212b892bd8bf88a32,CLEAR,DAYLIGHT,DRY,IMPROPER TURNING/NO SIGNAL,2.0,37.5,1.0,0.0
16cb02e88db254919358a768a1f8561ccb508eea35a1ecbbb07b18b1fe11ee9bba65d38077f8c56322fb3ed05bf83df7851f3844c5318db7dbecccf5329cbc40,CLEAR,DAYLIGHT,DRY,FOLLOWING TOO CLOSELY,2.0,37.5,1.0,0.0
16cb0bca1c68f6df25cc43c214b344a5e3ff863a9544fcfd8baa9c814c906018263716f2fad2f4a1aa136231ea5ee484336121b263e64d0739bf3d0ee5224a7a,CLEAR,"DARKNESS, LIGHTED ROAD",DRY,IMPROPER LANE USAGE,2.0,37.5,1.0,0.0
16cb23873884ced2b2dea9afcb40a149fa2c97527fb6deb9fde42bd871fc6e75b140497c9fad528a22a971780b6c3f08dc744e9cd59e75a321841d4d3d3291d3,CLOUDY/OVERCAST,DAYLIGHT,DRY,DRIVING ON WRONG SIDE/WRONG WAY,2.0,37.5,1.0,0.0
16cb462aee9c47b16b48996e82642633b9cbff0cd90daf8a38e1ac9572cc703f6792fdc6af6021975759d4344c9f2e3728077edb4d5384ab1ed09d81f4dc1809,CLEAR,DAYLIGHT,DRY,FAILING TO YIELD RIGHT-OF-WAY,2.0,37.5,1.0,0.0
16cb464d993c6b22dba6e41d035950693b8c69defe1e66d2b3d27a5ae600ca2b6aa2c91cdc99167fa5be9858d39e92d92796fad3024b6117982a3ae37519a45b,CLEAR,"DARKNESS, LIGHTED ROAD",DRY,FOLLOWING TOO CLOSELY,2.0,37.5,1.0,0.0
16cb64472919ffe252ab361c4135354bad3dc44dc721867753544eb25aff7269b228c2636a1db8f3215251178583336a0a5e7925463983bde321af6d1ae55f07,RAIN,DAYLIGHT,WET,FOLLOWING TOO CLOSELY,2.0,37.5,1.0,0.0
16cb64a862d128a41c89ee6879e1cf4396e3ae8a8ee4519d85a37b94f93c6fc6e8baa6027ece34dd7b82e47e5df5985a4aef29bb0338c44d09c355e09533aa03,CLEAR,DAYLIGHT,DRY,FAILING TO REDUCE SPEED TO AVOID CRASH,3.0,37.5,1.0,0.0
16cb796ed75526574de36e8885543a1cb0adf6b44434f7596adab90a45ccb9348d0a1fec7b5327c3aa7b8e7961ea19619742a0d4840f3fa9b4b180f048c0217b,CLOUDY/OVERCAST,DAYLIGHT,UNKNOWN,IMPROPER TURNING/NO SIGNAL,2.0,37.5,1.0,0.0
16cb7d9ff5939fde21d02f1cae8909123967ff5ccf9349997249c3fab9fe00bb1ad575da222907a0a7127e9adfc100efd6ab3b0bedf66a0ed540971774446456,CLEAR,DAYLIGHT,DRY,FAILING TO REDUCE SPEED TO AVOID CRASH,2.0,37.5,1.0,0.0
16cb97238cf57b172df6426dc3d0767dae74cc42359cbd6b7378e1012ea31bc687462f6a9976dc91df1b0df3337f0510ffb46f089f12a97a325b55f4b6e4ed8b,CLOUDY/OVERCAST,DAYLIGHT,DRY,IMPROPER LANE USAGE,3.0,37.5,1.0,0.0
16cb984feb7a2b8b6b99df78032c70e4a6bf205b5f1b9c06ae403e0d1b1b77f1849520fe092f331b3a541bad51559db0e6da1d66a41ed7aeb4b2460302ea3c67,RAIN,DAYLIGHT,WET,DISTRACTION - FROM OUTSIDE VEHICLE,2.0,37.5,1.0,0.0
16cbcc54dd4b6632f9c2a8d868b67d65610e54d107683804f709c2b46ca15ffacf3b1a30d75c2bc52b11a5b05b9701e01429ebf67a381e95ae0f8ea0c500fa33,CLEAR,DUSK,DRY,IMPROPER LANE USAGE,2.0,37.5,1.0,0.0
16cbe6f79335f271ce7a3a0a22b00cf0b202fd6f03f5e19e5672978c3fa63596cba769b7617ff813b1b17cbac4869276f562d62f08a7284aa5a9d347685776e0,CLEAR,DAYLIGHT,DRY,IMPROPER OVERTAKING/PASSING,2.0,37.5,1.0,0.0
16cbe82f3f66b2b1e3f0166ec3484b8507e122e92270a7db58e4219078b9792360f9b8f9a0e7a1ccc6aff4aa22f54660085fc317cd62347244ecab20da4e9d11,CLEAR,DAYLIGHT,DRY,FOLLOWING TOO CLOSELY,2.0,37.5,1.0,0.0
16cbf116e0ce9bed6ecb53b9855442f545d6b5bd033df77a141e415066db4c85bc4028873ec757a78d96747a5f12f43fdb2e7841a0409ad4c0100531f197acdb,CLEAR,"DARKNESS, LIGHTED ROAD",DRY,PHYSICAL CONDITION OF DRIVER,1.0,37.5,1.0,0.0
16cc277276478e22e036f585c3c2ca5c346d577c86ba38f3c9be6954a152a9b401fd7f3674b1f6cd10540b121d86061f0cda27c57adc2849d7a2a143cf0d69b3,RAIN,"DARKNESS, LIGHTED ROAD",WET,DRIVING ON WRONG SIDE/WRONG WAY,1.0,37.5,1.0,0.0
16cc3f6891a2ab93c8648e6c0fe7e0200ad00c0e560441baf8be204eb4c404b8c3521ee17d974b31831309c857ee31a1620168be9ebad089fcceca8a7ca81790,CLEAR,"DARKNESS, LIGHTED ROAD",DRY,DISREGARDING STOP SIGN,2.0,37.5,1.0,0.0
16cc53eef857c4bd22240fa4facec03b2abc44e66297c2fabbc3fec455cf26f9a599ff8e34d5c8a392ef8a7ed0803076c25b20158d30a18f7ec503ad37d99238,CLEAR,DAYLIGHT,DRY,IMPROPER OVERTAKING/PASSING,2.0,37.5,1.0,0.0