crash_record_id,weather_condition,lighting_condition,roadway_surface_cond,prim_contributory_cause,total_vehicles,avg_driver_age,total_people,total_injured
16cc6ca4e7a16f805284957f57706574cf386a4b8deedf65bd194eeccf1f42e31c67575d71563d95210d173a894ce86a7a7676562d524eca23f6b0e5a616a889,CLEAR,DAYLIGHT,DRY,FAILING TO YIELD RIGHT-OF-WAY,2.0,37.5,1.0,0.0
16cc79e03bb69ced97b681095236b14065e6cf6f2d3ab36c561b2d03cdc1eeda04acca0ba742fdea1a408bf66ddfa4f5bc7b770702f735993d998a902d9f63fb,CLEAR,DAYLIGHT,DRY,DRIVING SKILLS/KNOWLEDGE/EXPERIENCE,2.0,37.5,1.0,0.0
16cc91c26ec915ca722e88c6611ac3aaf3761e44d317b293c7b932eff6b7cf2dc2f6b6a80d848187c6c7e181f35af9a1134d3b6ee20619513c3e14d5ce0615fd,CLEAR,DAWN,DRY,IMPROPER TURNING/NO SIGNAL,2.0,37.5,1.0,0.0
16cc9529ad01b2924cca20db30819389a86535a5e8ce3ad110c1a7e963e292d0128846326ddc0d4bf25f9d6a302433b0794fc4425df552b4dfea4cac78a72077,CLEAR,DARKNESS,DRY,FAILING TO YIELD RIGHT-OF-WAY,2.0,37.5,1.0,0.0
16ccd0eeefdfb70f81cdeea7391d64fb0ad93d25247c5d779cc8d6b4c5928a28b95d73f68bb5ca6ff37085b8b2efda27848449e08c70a06f1df2dcf0ec48269a,CLEAR,"DARKNESS, LIGHTED ROAD",DRY,DRIVING SKILLS/KNOWLEDGE/EXPERIENCE,2.0,37.5,1.0,0.0
16ccd11a3fcfd30dadce0fce61ed47028dc1d63fa2e5aec842e9ee633e85093cd54e07eb6fceab01e382bbeca1a2b97fb0fcd6188488ba8b82c24fafb72de50c,CLEAR,DAYLIGHT,DRY,IMPROPER TURNING/NO SIGNAL,2.0,37.5,1.0,0.0
16ccdd462311dd77dfe9ff8bf960817154bb22bd3d3b00be9ce67bf4256912fa5ee1d4eac1d9e0a72a301626f26bd3b692f4baf843cfbe38637729a3a21b8859,RAIN,DAYLIGHT,WET,FAILING TO YIELD RIGHT-OF-WAY,2.0,37.5,1.0,0.0
16cce8e37d6f34617d8c57495e71bb2c1b44a2abf635571fc50ead4360cd789b6189f80dde9d3e397e254182d62b9b80af1e629f44d2ee004af1d68c495c2b94,CLEAR,DUSK,DRY,"VISION OBSCURED (SIGNS, TREE LIMBS, BUILDINGS, ETC.)",2.0,37.5,1.0,0.0
16ccfcb9e141a1268fe5d32758aee6059f1852a44cd64ebe7fbc1ee507429258dd52e2c92d0cb70efe138ded3e3f788e5800f7bc50c484b2fb36d17ce4efbbe1,CLEAR,DAYLIGHT,DRY,FOLLOWING TOO CLOSELY,2.0,37.5,1.0,0.0
16cd1f2152a41e1071cdf1c9d34fae179281ee06e71c539535bc527d20c154984825601d8638ad85adf7f75637fe1842dc38f73f14cc4242448f1b71206577c0,RAIN,DUSK,WET,IMPROPER LANE USAGE,2.0,37.5,1.0,0.0
16cd8b92b48408c77d749351cd15361d182161bca30745e56a78a88e5d060fd7cdc747ef658e654034e1888c8e6530be985f20bd51f84462708c4ba7538a31c0,CLEAR,"DARKNESS, LIGHTED ROAD",DRY,FAILING TO REDUCE SPEED TO AVOID CRASH,2.0,37.5,1.0,0.0
16cd97730c8ded4e1f7c5ac45abbcaa505ee78735b990397d5e407ffe434c5b1db655432b3c0002dae84707871f86dd7fad6d42bb71d59e60d06f2863e7112b2,CLEAR,"DARKNESS, LIGHTED ROAD",DRY,EXCEEDING AUTHORIZED SPEED LIMIT,1.0,37.5,1.0,0.0
16cdc8a461c0879e4a0ea763c8ce8483f22e326b0fdfa8d148fcc5db25072dc3e72e2e3e47dfefac8319a9035c0e4bd62e63fb768356b04856fc41861b8ae2db,CLEAR,DAYLIGHT,DRY,FAILING TO REDUCE SPEED TO AVOID CRASH,2.0,37.5,1.0,0.0
16cdc9fce12a45d78ea7a562152190b466a7c6eadcf2cb10a795c12ebe7c83f68b2b230c4ba0f36537bede81fe78013d558175cd642de4209ce62a032caf4737,SNOW,DAYLIGHT,WET,FAILING TO YIELD RIGHT-OF-WAY,2.0,37.5,1.0,0.0
16cdcbaed3c64e7adba341592e58a663d0b90f712f50d0e39c83c0420910eb120dcd3040db25388bf3a6a4c001decd932f6cbefe3c230fe84d57643c453bf45a,CLEAR,DAYLIGHT,WET,WEATHER,2.0,37.5,1.0,0.0
16cdef04238189d7cdba1f811b4164cc4e7f06f8362f596261beb8787b633c3f93f47193f661247ca7c73a55e19eae25c3e1193626a661f223f8fa4d9296e6fd,CLEAR,DAYLIGHT,DRY,FAILING TO YIELD RIGHT-OF-WAY,3.0,37.5,1.0,0.0
16cdf32da5cf8a652c534b226992c80dd6b9e65810d43b28ba6fe93ec845868129bbe9689b0be74e287b48cfadb2f8a47cc8bf0b9652e411557290d6c9984d02,RAIN,"DARKNESS, LIGHTED ROAD",WET,FOLLOWING TOO CLOSELY,2.0,37.5,1.0,0.0
16cdf696df6f0e7f1a93e5f389a0e7c6201cda36c4025b965376e1223f2d945573352270027952cb6c6a52f0d094dc7ab304880691a6f970237d2ccfa128cb5c,CLEAR,DAYLIGHT,DRY,DISREGARDING TRAFFIC SIGNALS,2.0,37.5,1.0,0.0
16ce01dec002812f035aa99afc64caf42d275012df2ab6c6b832b49924cd5a608b24b92fd60852c041216699f97603cab7336598d18bccdca33448b14a4e51db,RAIN,"DARKNESS, LIGHTED ROAD",WET,WEATHER,1.0,37.5,1.0,0.0
16ce1f8c756e7a9bc381f1cac0cbf71e79c687c6f493eb4598625cb1e8f7f0c176268ec8b24d74b6be0774e91296a70e64eb55e159456e56bef42636b3a6890f,RAIN,"DARKNESS, LIGHTED ROAD",WET,WEATHER,1.0,37.5,1.0,0.0
16ce2985a2fc8614563e59d21b6e708658d67166b69ef23dc7fd9f46b50595b0911d315eaf9e3fbd79e4f9454c7b31f30803ba720433f5a7d7d6221bfc014948,CLOUDY/OVERCAST,DAYLIGHT,SNOW OR SLUSH,FAILING TO REDUCE SPEED TO AVOID CRASH,2.0,37.5,1.0,0.0
16ce625ef04ce8d35b6ca924c541f7eef194741f4537171cd08a71597ba14af010ccb3da846687b5a4b6ed26be5c10e60f1aa382227e5e3a7e77bc74ce06888a,CLEAR,DAYLIGHT,DRY,FOLLOWING TOO CLOSELY,2.0,37.5,1.0,0.0
16ce6a5284eedbc22153644765c7e1a4f04a503bfbe09c6b9a99647b9e1a768d713d0e517c4a4dfb010578a036e52ba19fafad3179bcb8091bcfee0e4f874d5f,CLEAR,DAYLIGHT,DRY,DRIVING SKILLS/KNOWLEDGE/EXPERIENCE,2.0,37.5,1.0,0.0
16ce91c848a2e9e7ad57bfc8941d28797b4bc5b0894798403b0b6920a9b59c04d0f56e26d4bbd9d552cdb06288f9aff8f7c687bcbf87dd0b0c7323168f398bfb,CLEAR,DAYLIGHT,DRY,IMPROPER OVERTAKING/PASSING,2.0,37.5,1.0,0.0
16ce940968c35e811ca6fbbc5250e9ea8ba83c9f62ce2b0f3e8fadbab94d65179dfcbe0cc5639c038cbfb5f9a826b42e77785593a6051f5a6735aa04712afc13,CLEAR,DAYLIGHT,DRY,IMPROPER TURNING/NO SIGNAL,2.0,37.5,1.0,0.0
16cee10d9cd35be4130e394b9cf0fe0a8dc0e0d8a9d9aec385197ccc631b785843e43b41dc667046f1e158e7283ee462d532d08d7b3df6f346e326271c056a47,CLEAR,DAYLIGHT,DRY,DISREGARDING ROAD MARKINGS,2.0,37.5,1.0,0.0
16ceeaf5dae686512cce2621815f43e4addeda243d94a5bfe216fb08b120d6756796629d2c5134fc3971ca6d7329a45a736967366ced1622a5dad920d338bd68,CLEAR,DAYLIGHT,DRY,FOLLOWING TOO CLOSELY,2.0,37.5,1.0,0.0
16cef179eb60191861022fe2dc1f86e1e652beec7b665508f7aa4f6037148bf7cbab764a7abcf5bc23ee2253f0a96f1bae0dbefd1439484f3c3f9fb23d639f26,CLEAR,DAYLIGHT,DRY,DISREGARDING TRAFFIC SIGNALS,2.0,37.5,1.0,0.0
16cf55776e9275337854f8a30869d2eeff4836cacdd242e6c822818d47aff0f888756d0a4a36237e168f652a2246a48a52c7d654ee349c60344d3584f412b7f8,CLEAR,"DARKNESS, LIGHTED ROAD",DRY,IMPROPER OVERTAKING/PASSING,2.0,37.5,1.0,0.0
16cf9186e0bfaa7f1e114edfedd53c86878247632b9d8a69f12a8d00f198057f23e65d71a844773967bd35233054ebf8b77731424d8226edb0652fee7eb2e5f7,CLEAR,DAYLIGHT,DRY,PHYSICAL CONDITION OF DRIVER,1.0,37.5,1.0,0.0
16cf948c6f449207f8b1c4aa52bfe2a776aad9b4dcbcb2df5dad751916fbe622bb752e666b2ffaf990d5ee2dc0b3cff51cc44f28d11a89e193bf21baa2456599,CLEAR,DAYLIGHT,DRY,DISREGARDING STOP SIGN,1.0,37.5,1.0,0.0
16cfc48d5d7deefaef01262d1486804d08eeb8825a6184af1a932263f8558a470df836f61eb562d80cf223bbc0089aee4bad8cfefa937a5ec4b353661df6f345,CLEAR,"DARKNESS, LIGHTED ROAD",DRY,FOLLOWING TOO CLOSELY,2.0,37.5,1.0,0.0
16cfd309bd3556da26d7fa65590a11774a3ebb6e0c7303c7dd730c8b740ccdada422551c8bc16917e42df3fb09543cc3509d94d7d70874f387318ee12d87c7d6,CLEAR,"DARKNESS, LIGHTED ROAD",DRY,IMPROPER OVERTAKING/PASSING,2.0,37.5,1.0,0.0
16cfd6b6990df1fe0dd55a7b29d45bb2358c97c8cf5bad3083dac949bb7aeeac395cc5a84f9fbecc12908a1a81c9cef115f7b2bbc2a13ad4f6f655066d3cc9db,CLEAR,DUSK,DRY,IMPROPER OVERTAKING/PASSING,2.0,37.5,1.0,0.0
16cfdda96024c4bd5db89b9caf3fc0a26c54c93aaeabbeae4f1d7a90b7fd1679ccee4c5296881383efe480486da1362773952e2e575d4a4216e83c4ab72de704,OTHER,DAYLIGHT,WET,"VISION OBSCURED (SIGNS, TREE LIMBS, BUILDINGS, ETC.)",2.0,37.5,1.0,0.0
16cfeea8fac2689735dffbd8eb7b3782ae8428e464ecb0e2380abcd0694d7e9e8e19d3da579f5f0ff4aa7cc0099ebcb7d54e64bca246b406e0822352aca4bfe9,CLEAR,DAYLIGHT,DRY,FAILING TO YIELD RIGHT-OF-WAY,2.0,37.5,1.0,0.0
16d056aeb864e393f852b27563f5b3f530ad81a3726d7222e90842b4a9bf1e0a2d3b934fd432451969b8c2aed470dade7c9b3f46ec036eded1aa6c0e5544c3e0,CLEAR,"DARKNESS, LIGHTED ROAD",DRY,IMPROPER TURNING/NO SIGNAL,2.0,37.5,1.0,0.0
16d08145dac4d7662c24da6d19bfdc57ce7af4d88d950feb5c5f319584bf55b6d374c183b2f7370ee36d58803e2a4a27fcc829c9123b1d8f7d9c5c4265c60215,CLEAR,DAYLIGHT,DRY,IMPROPER LANE USAGE,2.0,37.5,1.0,0.0
16d0b5dd5eb775f3c739ffc48ed1ca78ba81a16e7b7845dcc47aa8b8856ed5055ddfbdac441cbeb430975cedcb6121f733509721a8ad27dc74df1c320e190d4a,CLEAR,DAYLIGHT,DRY,DRIVING SKILLS/KNOWLEDGE/EXPERIENCE,2.0,37.5,1.0,0.0
16d103ce3bcf6225ff921bb87e41ef5ccc2fb9746f3e32b198f1af2140790939579b59fb2e989d0289208bc07d546dd7a40ae3198c6159c1b8f428e63ed65aab,CLEAR,DAYLIGHT,DRY,IMPROPER LANE USAGE,2.0,37.5,1.0,0.0
16d1040722260f4f3cea0daf8794e833aeeee0ccd4ae780b7b6a0bcb074f78dbf1f648e3b0dd0eab9270fc41f34094162c2560bf88169d351a3899299b1613d6,RAIN,DAYLIGHT,WET,FOLLOWING TOO CLOSELY,2.0,37.5,1.0,0.0
16d130a0dd8ccb77e2a6e961225004ec8cdf90b6f7f56d30e34f896239714a683467123a84307ada7a6439dfcaddc135b9d3ae3741893ae4df216aa99ba512ae,CLEAR,DAYLIGHT,UNKNOWN,FOLLOWING TOO CLOSELY,2.0,37.5,1.0,0.0
16d171a3cef6c48145aa60dc49227a0f0b4ae803ee2fd53dcb17a984dd778393f72df42259a98782ca76d9047cf44e892de4bf936b5f5a22bc27b495322e6f41,SNOW,"DARKNESS, LIGHTED ROAD",SNOW OR SLUSH,DISREGARDING STOP SIGN,2.0,37.5,1.0,0.0
16d19d405f9d80365ace60352089059a4e71d4e44e8659f343b8b52bf64a85993ad4e69ec2c01a1c43e4460d15225b61b9d91723f0dbd32551e39654d473da9f,RAIN,DAYLIGHT,WET,FOLLOWING TOO CLOSELY,2.0,37.5,1.0,0.0
16d1ce28f6f5ce2d35a080d9f71d80bda2c936b2a5c7fa3d49ad9e660fe8f40ba67618658568fbfbfdbd3efb5bf300d3356db9d1fd064a69447047a25753baa3,CLEAR,DAYLIGHT,DRY,DISREGARDING TRAFFIC SIGNALS,2.0,37.5,1.0,0.0
16d257ca28b003739ce269e80f14129cac85df5661567f6ffefb98a7b9847daedb7a267838eb2970c33c0b28ff1e3649ea484105da77c4ea42616fd6d6e72ae1,CLEAR,DAYLIGHT,DRY,FAILING TO YIELD RIGHT-OF-WAY,2.0,37.5,1.0,0.0
16d28346b57d8473bae17fed000d3b320eeeea71784e4309090cde21f8ad5b7060a892f6385e8e25a17a7c50b0d657f59936f4b5d9a2d8351a27c0fa8454be35,CLEAR,DAYLIGHT,DRY,FAILING TO YIELD RIGHT-OF-WAY,2.0,37.5,1.0,0.0
16d283b3dbf9ff810b3954312cae7ba4b5c59eecf8509edcd1be314637b2eb9293529a9e97be6cec957e76cd5e27d7b71bcd218f480135a4f7b97a6a8fdfdf96,CLEAR,DAYLIGHT,DRY,FAILING TO YIELD RIGHT-OF-WAY,2.0,37.5,1.0,0.0
16d294531a619874ba16f9ee37da94d4d64f1c6b7b1b3353e8c28965ccb5d60f471001967a8251f0386a5863c975d7fa61fc2ab9416c676ee72c5b938166c224,CLEAR,DAYLIGHT,DRY,FAILING TO YIELD RIGHT-OF-WAY,3.0,37.5,1.0,0.0
16d29d712825f50d88b00a82b16791c6897e67065f6d8472b2b0b79810029d750ff0b2e9951b21ea17225607521738a6d47d0a3cd542c019ff1a55d8188b5eeb,CLEAR,DAYLIGHT,UNKNOWN,DRIVING SKILLS/KNOWLEDGE/EXPERIENCE,2.0,37.5,1.0,0.0
16d2a78433178c3b7e61d547922a8f2d4a2c3862c87f9ed6f36e22bf2d7e4e83bb65168b40b14eba5184f79c762d8308e2031e908a75c0a12ecd0155d3bfbc9a,RAIN,"DARKNESS, LIGHTED ROAD",WET,FAILING TO YIELD RIGHT-OF-WAY,2.0,37.5,1.0,0.0
16d2ab88c647f25a455041a52236892f45167037e5a5ab38b8da31764e628fd8bf4069f81fe6ed8bc280fbda4158b89748ef5c88dbb2ca27eb7366c9251fbd56,CLEAR,DAYLIGHT,DRY,FAILING TO YIELD RIGHT-OF-WAY,2.0,37.5,1.0,0.0
16d2b5c4cacceca4d5e7497b1f40ae6ad45f2a79da54f7fb41206f7b6d5719b939756a46ed9949f1d7566bfedd8b7069f2fa92e47f76ddd80e6ff6df328e7a6a,CLEAR,DAYLIGHT,DRY,EXCEEDING AUTHORIZED SPEED LIMIT,2.0,37.5,1.0,0.0
16d30cc5e4208363665bc819bf2a42d44bcc2c312fa840b1418a772c30dded473ddd22a5227517986ef6858dc069d39dfc3a1d1f96dae10caa47ed5946c0e92b,RAIN,DAYLIGHT,WET,FOLLOWING TOO CLOSELY,2.0,37.5,1.0,0.0
16d33b9daa13a08139ec9814f30efbe0b418a1c82866060ca1efe56ec5195c9b9c05cbb5d487277d1ee883af5c92006220f57d9365510da16563d951ae118bb9,CLEAR,"DARKNESS, LIGHTED ROAD",DRY,PHYSICAL CONDITION OF DRIVER,3.0,37.5,1.0,0.0
16d344ac40a4e9ace57c516dc7cba89796a5cf9c96089f213adafcf90f1c3a6a79236470be17c75250406cb0b42e1aed6d4c509e364232813ee7a78d3a22aded,CLEAR,DAYLIGHT,DRY,FAILING TO YIELD RIGHT-OF-WAY,2.0,37.5,1.0,0.0
16d362a33a452fadc93862720c2b2b9e2c8063ff099d584ed69deb58a7c9041973e2d7765f71f12f5f49a7051c31bda7f5a03cdff01c54f6a3a9dcdadf89744f,CLEAR,DAYLIGHT,DRY,IMPROPER LANE USAGE,2.0,37.5,1.0,0.0
16d3731f51b420e5dc126f650820f858e7c7e5e185d577159c89216435348032cd7e4611bc67ad8650e23b9494cc7af6962959445ff5f8022124f484c626ff1f,CLEAR,"DARKNESS, LIGHTED ROAD",WET,FAILING TO YIELD RIGHT-OF-WAY,2.0,37.5,1.0,0.0
16d37844b00ce9af6a94f982739f5f7278559b48b14a49e8a647bf87fac96bc95efb967c98e9d58d06c9a9456cdfb014f2f797d38ff5f865714b4384ac5a4ee8,CLEAR,DAYLIGHT,DRY,FOLLOWING TOO CLOSELY,2.0,37.5,1.0,0.0
16d39b717878b99daf1a9c095d3f49714a3c1c93517083ddc816fa1daf038f141cb95cc70e405d176979bd1e4ebc535cf63a476bc7ac00eb1e94657013b683d3,CLEAR,DAYLIGHT,DRY,FOLLOWING TOO CLOSELY,2.0,37.5,1.0,0.0
16d3a86f3af4537108570393c00b5d7bf95edf7cebbca488677c8434e5772072922aa4bb4b3ec2ad049510ded5661c41c43858139c7f43a7432b1be358afa40c,CLEAR,"DARKNESS, LIGHTED ROAD",DRY,FOLLOWING TOO CLOSELY,2.0,37.5,1.0,0.0
16d3c8f296ba3bae380da7f9d4b81f5dd53d805f4b9122327071c1e15186a9da72a6e51e5fc27a6b74ae195db6a0f351f1fd6da480e43aad7c69b0bc4a8522c9,RAIN,"DARKNESS, LIGHTED ROAD",WET,FOLLOWING TOO CLOSELY,2.0,37.5,1.0,0.0
16d3cd720d82f105d521ccdf6b4e059b81fa3bbe283fa45a28bbae5d17495a4842ea0602d9e80bbbd2ad681276fb68d10ecfa87eebf1707627fc3f55d0a702bb,CLEAR,"DARKNESS, LIGHTED ROAD",DRY,IMPROPER OVERTAKING/PASSING,2.0,37.5,1.0,0.0
16d3ee88b56a678d087def038315a93103db8d490364d1fa131d6eea22066d4b597e652d2abaf3dfeeb0846db0476ec94627e884b5732d501dc113a835fdf2f2,CLEAR,DAYLIGHT,DRY,FOLLOWING TOO CLOSELY,2.0,37.5,1.0,0.0
16d3ff2c7809d890d05dbb79b8737625846f1310eac9dbb41d45e2c93873c14a3046b3ba24884793623f34b1843609f453062068b8434da3a081d34ab33329db,CLEAR,DAYLIGHT,DRY,DRIVING SKILLS/KNOWLEDGE/EXPERIENCE,2.0,37.5,1.0,0.0
16d417e9e7b3f539e8e641716572cbaba81489eda228fcf653fbac63ed148ba8f6cc2808053469a8ccc9376b64f9c6275c18021bfab54ccdc60930ba014d56fa,CLEAR,DAYLIGHT,DRY,IMPROPER BACKING,2.0,37.5,1.0,0.0
16d41bb6a58337448cf27a881d80aa416b13cc984474b8e4108c7af8d0b5c442f5b472cefe30b9b775e308cb18d1c580e74c6c78cf35b4bdb29b0d25314e17dd,CLEAR,DAYLIGHT,DRY,FAILING TO YIELD RIGHT-OF-WAY,2.0,37.5,1.0,0.0
16d45337aeefc733552c161f92183e3e8361489bdd0e0802d0f5325834a4c8093aab8ff8c898d95bfc4c1517502c83276beafa63f3c7aff87a37b6dec05b0409,CLEAR,DAYLIGHT,DRY,"OPERATING VEHICLE IN ERRATIC, RECKLESS, CARELESS, NEGLIGENT OR AGGRESSIVE MANNER",3.0,37.5,1.0,0.0
16d482b79c8a37789d3620230e997ee0598eb9715aa0c1a9e54a6c03099cfe197042ad56ba4f1f5f83911d7b8b8db7681ee165c2f3f32cf2a76aaa87a9ba6f3a,CLEAR,DAYLIGHT,DRY,IMPROPER OVERTAKING/PASSING,2.0,37.5,1.0,0.0
16d4848b4c546709867f643dd85d28260d89d911659c92e44bc2fddee9c31b6fa5297b787306db2c8961e4be795091685df4696a5bb8d228508646df52bb0f02,CLEAR,DAYLIGHT,DRY,EQUIPMENT - VEHICLE CONDITION,1.0,37.5,1.0,0.0
16d4b8fc9189026cbaae81967e8ddd17d27c941681bf131d7a1af52ad38fa5c7a70b3fc0a5543b5c311de0137572efe43d6443a9c883105ac46cbc26aa9c1a2b,CLEAR,DUSK,DRY,FOLLOWING TOO CLOSELY,2.0,37.5,1.0,0.0
16d4f70a0b111483de79283ebb9f96a3b7034292e4bf3d694ebfee21f0540f02cb71edf1cc2dde0859e3e5311abab9184a6859af60cf55ff860408d4aec8ce94,CLEAR,DAYLIGHT,DRY,IMPROPER BACKING,2.0,37.5,1.0,0.0
16d52477486d10440de28a6e8b82eace3f59d42fe511b5a365a7fa0f9f68b3a2a1c4ff1ba8775ce6b8b8cf98b320cf79189b2d68623532be819c75e33c6cafb4,CLEAR,DAYLIGHT,DRY,FAILING TO REDUCE SPEED TO AVOID CRASH,1.0,37.5,1.0,0.0
16d537cb4948dea0ad77a82e8689006b320436b80c05b411e8daf67f9b8da926e2f82d18f0f820bb59927dce56e769f92be8869e63110ffd41eeb781eda84825,CLEAR,DAYLIGHT,DRY,FOLLOWING TOO CLOSELY,2.0,37.5,1.0,0.0
16d564df2008470fbbf080778e2151e75723a523a8b294fd454e8734e267214f18695bc3602835292278f7ce91369cb9a2815b1e29c149385a2e10080ccc7939,CLEAR,DAYLIGHT,DRY,IMPROPER OVERTAKING/PASSING,2.0,37.5,1.0,0.0
16d5708b3cf94d411f7ddd4a636c78633f40b77b4c0d90271f083e36d45163fe1a08a6937a228e29c2b289444b163d560e5a94ba8adf192d27b5f2bd5a36b07a,CLEAR,"DARKNESS, LIGHTED ROAD",DRY,FOLLOWING TOO CLOSELY,2.0,37.5,1.0,0.0
16d5a257e28a432702f01adfca6812c803e3dbe3d5eee151749a585090e6e36e377794c66d563a9b0508ea7a3abd3e8a7fd4b5710eb681a284755bf621fc3940,CLEAR,DAYLIGHT,DRY,FOLLOWING TOO CLOSELY,2.0,37.5,1.0,0.0
16d5a6d1f42ccaf44441311a8def276c136c84a77d047b3c41d3d513ffa123c0b09d3800f1229bf6b89a22a0502035664c594950edfb60d08b7356f29944e312,CLEAR,DAYLIGHT,DRY,IMPROPER TURNING/NO SIGNAL,2.0,37.5,1.0,0.0
16d5b372437f5233c5f60908351f3261f7375c0862c7080c991a411c0e1229f54ed75be83f3df3ea3c8ed1b7be63ebe26a64e62aa3065247fb0e537f9cc8c78e,CLEAR,DAYLIGHT,UNKNOWN,IMPROPER LANE USAGE,2.0,37.5,1.0,0.0
16d5c2ca25841bdcde33b1bd3beed609a9a5233daeb07251a0f858990949ea503fe65b9d159be578e18f831500c6f624dcf0917381fe409e98bdffd6501fe774,CLEAR,DAYLIGHT,DRY,FAILING TO YIELD RIGHT-OF-WAY,2.0,37.5,1.0,0.0
16d5da45b2c9957e2f63e6644985725bca002d7a609049c23b7da1f737b9976443b89df0b2d3e914aeb0a0a4f203a07eb0ce508f88bbfa46a59903524fbca37f,CLEAR,DAYLIGHT,DRY,FAILING TO REDUCE SPEED TO AVOID CRASH,3.0,37.5,1.0,0.0
16d5f80b4b13615d743d233bc2eb1595bde85207f55b6f5683c336fc4ba611c94638d2d44f1a75aab424c53ffe7f244ff552ec606a609d632ac88b24cb3e9294,CLEAR,DAYLIGHT,DRY,FAILING TO YIELD RIGHT-OF-WAY,2.0,37.5,1.0,0.0
16d64b56a64b05dc562583e0229ca171ba90f35ee738402f71eb34e7cc3289228f6e7ebfd7d970c2a0b7f5dcc6340b3de71178211539e5469af3076a7e6d2f05,CLEAR,DAYLIGHT,DRY,DISREGARDING TRAFFIC SIGNALS,2.0,37.5,1.0,0.0
16d64c10e93dd82dde09441e7978632a29fe447731769d63b02af7cfe5a846e5ed68f0158f1820aaadea4529e08988d7cea3bb91863ff018cba2b5df8f2a77fe,CLEAR,DAYLIGHT,DRY,FOLLOWING TOO CLOSELY,2.0,37.5,1.0,0.0
16d65a3f463c3930a252569c33591bd99c61889ab2406d6e290c81349d2f0c32d6830a2333700d87c2cc641fcd28aa4df1cf546b448bda407a759138452a9571,CLEAR,"DARKNESS, LIGHTED ROAD",DRY,IMPROPER OVERTAKING/PASSING,2.0,37.5,1.0,0.0
16d6b2c29ec653c16a6aa361c3bde0f8b7e9af478f163bb7f4ae20054904a1475341eb1765d210ddda58bb145ef46fade4aa73bd1ef70a85bd5aa52ae445b5a3,CLEAR,DAYLIGHT,DRY,FAILING TO YIELD RIGHT-OF-WAY,2.0,37.5,1.0,0.0
16d6b4c14ebb5cd848727b6704d425a28f1422d6edb9123f6aea27e846724853b6887fea2749a253819795019f95a46deda0d08a044d9e3e64622dee0abf2679,CLEAR,DAYLIGHT,DRY,IMPROPER TURNING/NO SIGNAL,2.0,37.5,1.0,0.0
16d6ba7b0148192c25393bb5bb4338e63d31d8d292227b565558e07174b86a61ba423ce4593b79920c5311c9d02394c191bd0a054aa6fcbb0cdf3fa23e7925b0,RAIN,DAYLIGHT,WET,FOLLOWING TOO CLOSELY,2.0,37.5,1.0,0.0
16d6cdf6f2cfcd2459252d7459a332eb27fd16016b42f8b91bac6f952989f7f6b4d44fdde207807d54b0fc1aa7f6ec6c17dcb81cdcd15f6929e17adc430b40f0,UNKNOWN,"DARKNESS, LIGHTED ROAD",DRY,FAILING TO YIELD RIGHT-OF-WAY,2.0,37.5,1.0,0.0
16d6e81b0eca403f8b4638e62034446b26f19db8c81eb0aa2569b436f095e3dd4ea37613ac0de3c5c72b9bd99f7842e8ae9bb8cd6fc799dd81660c8ca2fd2979,CLEAR,DAYLIGHT,DRY,FOLLOWING TOO CLOSELY,2.0,37.5,1.0,0.0
16d6ebeced635ce77ad395d78950dae9127433eea8c0a34d02550380ef034703c30b5619f9d376b74c5aadf956445217c6e6ec4cdcaee69400f11360090f8bcd,CLEAR,DAYLIGHT,DRY,IMPROPER TURNING/NO SIGNAL,2.0,37.5,1.0,0.0
16d70d35843da0810065e34d4479e9e0f00c94e0adf2f3c5be9a72fcebecd2b709e4bdef183e67214a7905ab100f01bb03f1e1c78b8170b6e37992d737c88ace,UNKNOWN,"DARKNESS, LIGHTED ROAD",UNKNOWN,IMPROPER OVERTAKING/PASSING,2.0,37.5,1.0,0.0
16d71fb0805e40ed48f9105f90adef8dbfc78134b4e7a5c488e10e4ec0a874fa5a23136108aa244dbdd83d11dc701bde951d093fc24e5ae3a3439fc5474fa10c,CLEAR,DAYLIGHT,DRY,FOLLOWING TOO CLOSELY,2.0,37.5,1.0,0.0
16d730fdbbb5b1a4ac2d602c5edad190553bca916c1c96dc89ef1c2922c557008418d1e4ee833e26a6070169d398d729dd3c3e67058aaf5ec991afb24cd31c45,CLEAR,DARKNESS,DRY,FAILING TO YIELD RIGHT-OF-WAY,2.0,37.5,1.0,0.0
16d738ea9ec49dfbec9b35be1a054d511de6254e09a03b194aaa8c8ab2524f60b4cd0136933179279398378bbc19bd904488b66a974e483c6f9f465d13650ed8,CLEAR,DAYLIGHT,DRY,FOLLOWING TOO CLOSELY,2.0,37.5,1.0,0.0
16d761ab683012c0125fe90ca022722e0dd102b96cedc578372c7a7365d347c25819d4ce82366ff37039bc7c5e583da6f2cbdcf96032d493b7197da9216a1837,CLEAR,DARKNESS,DRY,"OPERATING VEHICLE IN ERRATIC, RECKLESS, CARELESS, NEGLIGENT OR AGGRESSIVE MANNER",2.0,37.5,1.0,0.0
16d78c2b925249fc6c887e2fccca70f65f2d1e1258260c26c6a2e8ce631ffea4056c0673b2eae7eeb984a5c9c91f3e23c41c103b919b9324179eb37fba8d369f,RAIN,DAYLIGHT,WET,DRIVING SKILLS/KNOWLEDGE/EXPERIENCE,2.0,37.5,1.0,0.0
16d78f898912bdf6892e30b222620f0b1fa93969caae6aa167f6dd4b3f0e010d1ef3ebf8816abef96354cf967d5f5236e473e60d35e735adcf91dd07b875dd38,CLEAR,DAYLIGHT,DRY,FOLLOWING TOO CLOSELY,2.0,37.5,1.0,0.0