crash_record_id,weather_condition,lighting_condition,roadway_surface_cond,prim_contributory_cause,total_vehicles,avg_driver_age,total_people,total_injured
16d7ad771fb6d8c111f666986af3d2dc56a299285b4e56af0423763c624d9480803f1e295ed43bfe55afba213a5cf85d37fadc05e094b8cc4261370a6618a4dc,CLEAR,DAYLIGHT,DRY,FAILING TO YIELD RIGHT-OF-WAY,2.0,37.5,1.0,0.0
16d7b250b663e765bcf38cb291426a3d82c1598b703f64b1dc0d8940cf87100843ce4114e032bb2924581cba07e8f87365a249e0487c04b184b23b4dd0ef73c4,CLEAR,DAYLIGHT,DRY,FOLLOWING TOO CLOSELY,3.0,37.5,1.0,0.0
16d7b743c2cadf22a7ab9ee1095d936d07c688e8d4a30795d1e0eb24e543c9dd369453b88c79d8583ea817553be0552141c911cff325cb2a3404c682e625f0b6,UNKNOWN,"DARKNESS, LIGHTED ROAD",UNKNOWN,IMPROPER LANE USAGE,2.0,37.5,1.0,0.0
16d7bd972a7206aacf06ac11897fd8477de4c5907098acc7cdc6470ee6b4bd39ca644482bd8e49f966a132cb0108a80cb927f7c0d0c85d2b923e2d6a66c62149,CLOUDY/OVERCAST,"DARKNESS, LIGHTED ROAD",WET,IMPROPER OVERTAKING/PASSING,2.0,37.5,1.0,0.0
16d7c3a944c8fc17ab97bddac0d40d94ee59921d26a8631da95903019706ab411f3570d3530a9534c1fb29f0e6e0e88c1a9ea9325927e0ee7b9fcc7a551ca892,CLEAR,DAYLIGHT,WET,EQUIPMENT - VEHICLE CONDITION,2.0,37.5,1.0,0.0
16d7e3d838907ed284777fa33a250aedc0cf84ad349c1c15c69bd6151726ce3a9f902612c8ee6da98d92dbb823cf28aa674d5704995e1d57943a5c49b587efd7,CLEAR,DAYLIGHT,DRY,FAILING TO YIELD RIGHT-OF-WAY,2.0,37.5,1.0,0.0
16d7fb7dd0f851b1980a448ad6249e245b46ba60153c38339c5fdf37f93dcd8ed74d9546368ca9d25c75dc91a86b2364882ed6539d7b3d64f37b5c26d52ec1a1,CLEAR,"DARKNESS, LIGHTED ROAD",DRY,PHYSICAL CONDITION OF DRIVER,2.0,37.5,1.0,0.0
16d808a7db308f5fe0e1e9650e47178e2eee1f688c2de804bb81aab677713394b61400533d62cbe56a1da52f538cdcd879a576d6b12249de8419b2753f7b32d7,CLEAR,DAYLIGHT,DRY,DRIVING SKILLS/KNOWLEDGE/EXPERIENCE,1.0,37.5,1.0,0.0
16d81c0c91f9862b0c2e93e8c02713a6da94e2471b96dc6edde39bf8f8eddf3d19c1f7bdb6a974ec15b0b9ad816a4be95c5a86fba30bdc8825fe73327a9aa45e,CLEAR,DAYLIGHT,DRY,DISREGARDING STOP SIGN,1.0,37.5,1.0,0.0
16d87fe3879d2020877fcc95a6051bb33fc80f39ccd88e8097c1909487473e729318a4e3ec8a04a4327f18526b23540b5cad5731800054eb86efac492c8b2b79,CLOUDY/OVERCAST,DAYLIGHT,WET,UNDER THE INFLUENCE OF ALCOHOL/DRUGS (USE WHEN ARREST IS EFFECTED),2.0,37.5,1.0,0.0
16d885fe1e75ef9ef3ef09a33a522b3e1fb377a68a484f374adc64e083c343bc46ac73ba488966e155eeeaa4ff1e2290bd6899d154cf76faf44c399d5d3bbe13,RAIN,DAYLIGHT,WET,FOLLOWING TOO CLOSELY,2.0,37.5,1.0,0.0
16d89fda4dcb291450ae81342fc9e57b64ed6187ee71be94847394eb48495a28920ce4fc16f7e74bf5e49dbf928864e543e662be16684061f3fbe493acc1ca05,CLEAR,DAYLIGHT,DRY,FOLLOWING TOO CLOSELY,3.0,37.5,1.0,0.0
16d8ad9a829eef3bca250f7bd8a4a5218282e26fd6e903d784785fce9eed93bb3ebf538f420c24eaa671dcaebef4618a83bcd12bdfd441607baf7d701e1573ec,CLEAR,DAYLIGHT,DRY,IMPROPER OVERTAKING/PASSING,2.0,37.5,1.0,0.0
16d9279682d2dedca5da3178e2dda5a243ce9fe08b99453929ad9f59f3b3481f9906350b6afe230d896fdeda1565c664461df1f0c34c61acb231b3431be48f79,CLEAR,"DARKNESS, LIGHTED ROAD",DRY,IMPROPER BACKING,2.0,37.5,1.0,0.0
16d93248e2fdc472fdf8b90c6fcbcfa1eca8b204e1ba609a7f065ab1b427f939e80d58cad7a96db222d7082a8face943484507640f29f5e8f8c6be9138bba0db,CLEAR,DAYLIGHT,DRY,DRIVING SKILLS/KNOWLEDGE/EXPERIENCE,1.0,37.5,1.0,0.0
16d93544cd14ec374e82ad16a919e26a6a2b845551fe084f7caf5536633447aa2b124880c434d13033367e337918b48380a608b78a3ac57266ed77fd6b5377d2,CLEAR,DAYLIGHT,DRY,FAILING TO YIELD RIGHT-OF-WAY,2.0,37.5,1.0,0.0
16d93d4ce2cfdb4bdd32d5ec1ccdad34de3017fc7442b2cbe27fa0b3f71762e58adcfd468032864965cce0bd6b97860f4e3c0a27250e8c24734073dcc82382a6,CLEAR,DAYLIGHT,DRY,FOLLOWING TOO CLOSELY,2.0,37.5,1.0,0.0
16d9666377181deb8e0ff5fc3190d27ba77656cb2ae816097439f9adc484c91550c90f8a38ca30b046e43a90f21e157fe956ee7f60d2542ec83abb4d1c2cdd8f,CLEAR,"DARKNESS, LIGHTED ROAD",DRY,FAILING TO YIELD RIGHT-OF-WAY,2.0,37.5,1.0,0.0
16d97b0a2407d2f5c81d7e661cc39136c8ba4b7f64e62b6bfd483cb6a48ccba53eb53b5be9ffd444ebf02c8632b87f3cb1f04f2ac36187d172523e3956e2f3c3,SNOW,"DARKNESS, LIGHTED ROAD",ICE,WEATHER,3.0,37.5,1.0,0.0
16d982b3c0fb901f2cb5bea3ee76c38202f054dc171cb6838b6f23c34cb2da4d477ae7c579edd64eec40114e11b67835e747b90d5ff7e12932be375a869595fc,CLEAR,DAYLIGHT,DRY,FOLLOWING TOO CLOSELY,2.0,37.5,1.0,0.0
16d9909bc1cfe1131a5a99060958329a963dddc0d10d02860a53d28e4c591d7e60c6f248cc8a732662c609b9a44ad9e06b57d9ee30d46e428e549128ef83e03c,CLEAR,"DARKNESS, LIGHTED ROAD",DRY,IMPROPER TURNING/NO SIGNAL,2.0,37.5,1.0,0.0
16d9cad9984d671d50df03fbbb186d5be6581190694751c159be4de96fe759348c01fa4fc8b5023d619630e340e522673d2adb2c59a9bcde596b754022801be0,CLEAR,DAYLIGHT,DRY,FOLLOWING TOO CLOSELY,2.0,37.5,1.0,0.0
16d9ed3d374216a66be70b2ff5485fa11d2b394dfe292005253d80fc301ebf5d6b37029a32356e232f9920cde328a2d2d610091cd937abf5723f077d4ef3befd,CLEAR,"DARKNESS, LIGHTED ROAD",WET,"OPERATING VEHICLE IN ERRATIC, RECKLESS, CARELESS, NEGLIGENT OR AGGRESSIVE MANNER",2.0,37.5,1.0,0.0
16da01161dae840fa9349a962c13ab238e6c0184b23b9f735146e08d09c0226042f4443e074a3f5f0a68a0cd27b5d67c7d33733499febe5e588205d30cbd68f5,CLEAR,DAYLIGHT,DRY,IMPROPER TURNING/NO SIGNAL,2.0,37.5,1.0,0.0
16da1931e7ef900221f2e149cc71f471c622066e39565dba2cec68be7fb65bea7b686b3b71c82af42bcf0533c555f6111637b696f5193ba82efd99e4fa18dcb6,SNOW,"DARKNESS, LIGHTED ROAD",SNOW OR SLUSH,FOLLOWING TOO CLOSELY,2.0,37.5,1.0,0.0
16da1ec4478b19a6b91d5a54961b5a47783a5522d06ad70c722ef8f166cf4f7b0b2e27082eaf81aab39f0f588f50240a268e84ab5a8f7c93ff88b09c1258a218,CLEAR,DAYLIGHT,DRY,FOLLOWING TOO CLOSELY,2.0,37.5,1.0,0.0
16da4aa608053ee3be6cf0c7af293dc72943858b95170fe0bc11579b319ec4a0c38c057c7ce141f3ebff36f7c015614e2dd074a1b1fbfc0d333e1ccbda1dd490,SNOW,DAYLIGHT,ICE,WEATHER,2.0,37.5,1.0,0.0
16da77fb37d4d88685155a56366b10c9b87e00983b6f69f59a7203799c71fcb8e95cdbd530ebff228dcecb37cf12cbd1e631282617b0fc4b6a6133f476409add,RAIN,"DARKNESS, LIGHTED ROAD",WET,FAILING TO YIELD RIGHT-OF-WAY,2.0,37.5,1.0,0.0
16dac992c7d526fd931deef30548b1a0a605dfd6275a1da407bd3397d08cec27ed90dad959c56ab3b5a1bf498d9263a67c79a8290afd2cd48150f41ee035c361,SNOW,DAYLIGHT,ICE,WEATHER,2.0,37.5,1.0,0.0
16daebdbe77af0c994caf38d6a137a09ad617d9736d654ce7051cb2a5d18bff4c6c0ba413c7044afa8135d92e3826e915a390407524689f79d1fe61b8d720850,CLEAR,DAYLIGHT,DRY,FOLLOWING TOO CLOSELY,2.0,37.5,1.0,0.0
16db341bf33b081f0b469f95c2bdfe0cf054d5b9029d80709dc88716739b80dcdf7004c328c8ede7e01d1eff3b1904a4e52441d330765cb936c38778b6f7e472,CLEAR,DAYLIGHT,DRY,EXCEEDING AUTHORIZED SPEED LIMIT,1.0,37.5,1.0,0.0
16db6cac4791761320b74ac6170a1faa01e2df3ff40b711ce40e34ddbaa6ad1329aa62c641a468e9f542e4f6b16fc2229bc33f32aa3844955ddf8bebc667d334,CLEAR,"DARKNESS, LIGHTED ROAD",DRY,FOLLOWING TOO CLOSELY,2.0,37.5,1.0,0.0
16db8fcd9159f6b4f73f1be6aec447ba9d9b2e626df495512f9ae116c7527d6e6e44b89bbb2f6e4ca1085a02de7d5f79469195519c9cc48d562253c2e8c6087c,CLEAR,"DARKNESS, LIGHTED ROAD",DRY,IMPROPER OVERTAKING/PASSING,2.0,37.5,1.0,0.0
16dbcc461d2ce10083f880b25fc9aa96cf804ac4815998b59af766f65652425a7ed96e046a86261ba127802d9c4eb0b985639d7a2e3be32acd01a5f09b229fe7,CLEAR,DAYLIGHT,UNKNOWN,IMPROPER TURNING/NO SIGNAL,2.0,37.5,1.0,0.0
16dc588200161238f2e8670dfbac524deddb9c190ffc2a806174e8fb93f6f108c2dda337f4adb2606760cb94312fb9bfb131c0af9b4894121369e1cf61793eff,CLEAR,DAYLIGHT,DRY,FOLLOWING TOO CLOSELY,2.0,37.5,1.0,0.0
16dc9410d7828920eb17c49d5d211d1492b58abb9d39239f284a75c796274018ed3790c1c56897e19349f557878d632301e732fb4bc07a00384bd7505cd55efe,SNOW,DAYLIGHT,SNOW OR SLUSH,FAILING TO YIELD RIGHT-OF-WAY,2.0,37.5,1.0,0.0
16dc9e548ab2c533d00e4dad28517b24e707c660b71d42ce7e2c01c6bad257110d69c83360fb484d58da6b3d656a938f15358a8030f8138c49fe9404eee03f44,RAIN,DARKNESS,WET,IMPROPER OVERTAKING/PASSING,2.0,37.5,1.0,0.0
16dcb1f964d211aa41dd1616ce50e57703b08d7735d32957b9846ce25d4999450274526ea2fb6cb2c03809d220d141b400ed8058db4bd3a8e09f72b8ad31aa48,UNKNOWN,UNKNOWN,UNKNOWN,IMPROPER BACKING,2.0,37.5,1.0,0.0
16dcd8fa9935290cc450ac84b817ccad595d775aa62f05566ed581c7cf3b4b22374a6ea75825fab69e568e72c074057198b58b009dd6e9a6b82464261b0def83,CLEAR,DAYLIGHT,DRY,DISREGARDING TRAFFIC SIGNALS,2.0,37.5,1.0,0.0
16dce98f84455c290a34a25a6ab065535aa2eb21fe3b61d08bec4dd98b036213f2d87bb3ace56898665f338a670bfb6d301cc6ab1e03fd1096623cb94bb6a4e9,CLEAR,"DARKNESS, LIGHTED ROAD",DRY,FAILING TO YIELD RIGHT-OF-WAY,1.0,37.5,1.0,0.0
16dceda924eb798348b7dd14bd7644c5e842f923a41dd3e2689a8b5641ee6f53ce63267ded6e890b406ed011cd1ed466215a37af98d739e76f58a2f64c35bddf,CLEAR,DAYLIGHT,DRY,FAILING TO REDUCE SPEED TO AVOID CRASH,2.0,37.5,1.0,0.0
16dcffc526fc51c9be296e3031b41b23b4153a0b42335986cd67c4353d935387fc10059f41b7519994f578def91f07818c3692110b018a73312fc595bc0318d2,SNOW,DAYLIGHT,SNOW OR SLUSH,FAILING TO YIELD RIGHT-OF-WAY,2.0,37.5,1.0,0.0
16dd683c98269413bc9f54b429dde29d6ee466404d7fcddc2dd9dae9fee9e4543b97920e3f75d03130344fdc3178c1bec1d920280630e4588987aa2e61d8b309,CLEAR,DAYLIGHT,DRY,FOLLOWING TOO CLOSELY,2.0,37.5,1.0,0.0
16dd8ef4e60cfbac08681f2240331633f094ed4512afc4797eb2fc38ec4e88477bcd3149e15f4716c86370b3285df29cd46b05dc1eea0905c9661835b980b8ed,CLEAR,DUSK,DRY,DISREGARDING TRAFFIC SIGNALS,2.0,37.5,1.0,0.0
16dd9516dc19e08f11cde7417f231f9652f375a1d892bc9c20a3923de26a08222c3cb555a81dc39dcf9e8161ffcd3d3e82de7541776deab4de3f6c1bf7586b44,CLEAR,DAYLIGHT,UNKNOWN,FAILING TO REDUCE SPEED TO AVOID CRASH,2.0,37.5,1.0,0.0
16ddc06ecb5a27b29744a34510fa02fbabd0324ef714f034a82b36ab2f36db6f6797f57e74bbdf00f145217ff00fa8a982b4ca5aa521c429121f4765e76468c0,CLEAR,DAYLIGHT,DRY,DRIVING SKILLS/KNOWLEDGE/EXPERIENCE,2.0,37.5,1.0,0.0
16ddd5c30d48167d31ea86f991591cc8bf888fa69b7a3313b4b1c5ba498745b93116108a1dfb8bbb9db4688d6f6f644ed4b6223d2f56ae0aafa5052ab770c30f,CLEAR,DAYLIGHT,DRY,IMPROPER LANE USAGE,2.0,37.5,1.0,0.0
16de14662b6e98b4dc3e22e3ebbafc29237ecdbc249fb52e282062ab1202fab5ee50bb9625ca63e54f0ebfe3e3f72dae1b6d24cf950e62d53784b0d6c9637217,CLEAR,"DARKNESS, LIGHTED ROAD",WET,WEATHER,2.0,37.5,1.0,0.0
16de1e0a126d67156725dd5369dbf72ee683d01e43f2e07b0364ee31f6604618cfd5bb4f72b1f5ad53e2a1699cbcd4095064c54623f538041c464b5916bd0470,CLEAR,DAYLIGHT,DRY,"EVASIVE ACTION DUE TO ANIMAL, OBJECT, NONMOTORIST",1.0,37.5,1.0,0.0
16de959e29c999edc011b431f2dd39d0c3c8484916ee8c89cc5a3fadd7c87b2169c19aa7f201ec5a474d5bd4cd50b0f8b525ab888a0b9a8d57d00da3b051331d,CLEAR,DAYLIGHT,DRY,FOLLOWING TOO CLOSELY,2.0,37.5,1.0,0.0
16dea301b6fb6f8c833effd0ee603637e987e03b61a7369387222a63dd689181a9b9036b7356d453291ed353bdcca4e6374853217c07ca983d643073ce3deb41,UNKNOWN,DAYLIGHT,UNKNOWN,FAILING TO YIELD RIGHT-OF-WAY,2.0,37.5,1.0,0.0
16def8dbde433253a0bb2085a69b8be7c9d3f777d4474e80b99afc786a8b117b7c3b3f6c79d8668b92be6c7d9e903b35b21c027e2effa34aa3772ee2da33c0d6,CLEAR,"DARKNESS, LIGHTED ROAD",DRY,IMPROPER LANE USAGE,2.0,37.5,1.0,0.0
16df3ab1c48728db652c62c5862dfc2aac9d8c511b076b34a6a75c4950354f6abc21b9bddf226af9094eaf1e240c300e794aa32cf820b7d9212443dc67c70ca7,RAIN,DARKNESS,WET,WEATHER,1.0,37.5,1.0,0.0
16df51f715097e74ecf4fe034bc2c7e12d90f83fda1a9bfd6e883a7b1b105931a2c4a0d916f09bdb24e5130c9f622caa2e5c01e4f10e4e41649553a42e05218b,SNOW,DUSK,SNOW OR SLUSH,FOLLOWING TOO CLOSELY,2.0,37.5,1.0,0.0
16df7cd8c59f9f5c7d84abfe23b15883077a643c582f338cae0c7335dc442a0a3c23737a398db35de74e7b9c9517c49d41510201dc7156224407b5d8517837b5,CLEAR,"DARKNESS, LIGHTED ROAD",DRY,IMPROPER TURNING/NO SIGNAL,2.0,37.5,1.0,0.0
16dfbcf1649523d2d50be78c52a8cd4ac79b354db78661c977edfaca7cceccbe1b247528f727c8d86c9034c7bdafcc87779be6da0858e15c3af8621c903f340b,CLEAR,DAYLIGHT,DRY,DISTRACTION - FROM OUTSIDE VEHICLE,2.0,37.5,1.0,0.0
16dfbd833a9cfc7be6fc5188ed8e51f1408345546e149fda25927f05d316dbc9224ec56b4a07b7038614d0666e6020472bf69a2acc0934a8808427b48283c0d1,CLEAR,DAYLIGHT,DRY,FOLLOWING TOO CLOSELY,2.0,37.5,1.0,0.0
16e005c80762c153542676bc205de050c6280e13b52170ae9fc3343cbca80d1fa0368c49f6b9800059b7455c46e19697b08ad137ab28bb73deac626839f696e8,CLEAR,DARKNESS,DRY,IMPROPER TURNING/NO SIGNAL,3.0,37.5,1.0,0.0
16e020c6135186edcad71a612101813ab4ba4755a9fb7f43290afbabacca7b2dce238d81c431c970610829cb3907c7a6b078556c434005ce0663d99f38fbb3ec,CLEAR,DAYLIGHT,DRY,FOLLOWING TOO CLOSELY,3.0,37.5,1.0,0.0
16e02cd69e9c9ebb9679b5b74752babebd0c6e15f4c7eaaaf113d199f455ed24bdb6085693461917ab30c1820cea9106c7428d0693481e83df38a93ffee7d1d7,CLEAR,DARKNESS,DRY,IMPROPER TURNING/NO SIGNAL,2.0,37.5,1.0,0.0
16e030226f12f2fdc4dcd8733ea56464584a85b701f4eb47d98a4a470e1c8158155fe61ba277385e12e9346ced826ff9d5cb2244cb867cd95d6e024c15831f3b,RAIN,DAYLIGHT,WET,EXCEEDING SAFE SPEED FOR CONDITIONS,3.0,37.5,1.0,0.0
16e04e2408aff43e397f8ecff3dfdd87b563990f6de78bb7fb1723b192c56b3035d198b1f4a238e2089023dc5dc20342bc24965fd5060cc7c3b43356a9f17518,CLEAR,"DARKNESS, LIGHTED ROAD",DRY,IMPROPER TURNING/NO SIGNAL,2.0,37.5,1.0,0.0
16e05e352ce6bc61d303aaeabc42b40ea47f6d92789de067be6a6913b61d1df0d5cce4f9accabcfd2fe481632bde2710ab3656b229703dada8dfd8a2afe06fc2,CLEAR,DAYLIGHT,DRY,FAILING TO REDUCE SPEED TO AVOID CRASH,2.0,37.5,1.0,0.0
16e083509a6ca8ac9828506f1c841fcb151a8b2b32e9cd4493502536c539bc4eddcb2a0b4ab33bf26b4f4ea93b93f785d86f6f057ee9b25533c155a35095bb1e,UNKNOWN,DAYLIGHT,UNKNOWN,IMPROPER LANE USAGE,2.0,37.5,1.0,0.0
16e093a08c9399a64302c2187f1c98ed623ce5e7b5f42b804ff901cde8118becb847d11bcc760139cce176f09de144e0f119fd6e6f684d52eef99fa5607357dc,CLEAR,DAYLIGHT,DRY,FOLLOWING TOO CLOSELY,3.0,37.5,1.0,0.0
16e09f0afb52af9f3e0114e963292effcbed3addbacec2a16055ec78ccebc7bfd56cf0bc8be78055017df91c667f580f5ed0610581fa7142b79c79fb48da4ef0,CLEAR,"DARKNESS, LIGHTED ROAD",DRY,FAILING TO REDUCE SPEED TO AVOID CRASH,1.0,37.5,1.0,0.0
16e0bb2c92503d0dcb0eda24ca92527d40641271948ccb2f44c5d4400ec0e11d812605d33e27673146e4ece57bb6bc699991208d469faff6146c78d9f11258d0,CLEAR,DAYLIGHT,SNOW OR SLUSH,ROAD ENGINEERING/SURFACE/MARKING DEFECTS,2.0,37.5,1.0,0.0
16e0db22eeb8b142a34c0be8aa2eace6f9715d5486fc3fa0613f60045bf87b1f0faef5e5e100168c5cb3d4aa4a7027284b5683978116cd325f435aa1227f136e,CLOUDY/OVERCAST,"DARKNESS, LIGHTED ROAD",WET,FOLLOWING TOO CLOSELY,2.0,37.5,1.0,0.0
16e0fcd7108bb43a00f519418ef4bc30b956c61106070110887ccbf7f50925e58bc6084e0ac2a9f966c9cb6e83198c6f8e42855be65754c9153b33e580518949,CLEAR,DAYLIGHT,DRY,FOLLOWING TOO CLOSELY,2.0,37.5,1.0,0.0
16e12438cd953c18ea1ca5c713e0c46dd9666cc3c2f4195d89030a33b1090d21f69af7af734d0cb68e4de1b3642c33bb60e735b04a4c196b6503ad7b028e7c5a,CLEAR,DAYLIGHT,DRY,FAILING TO YIELD RIGHT-OF-WAY,1.0,37.5,1.0,0.0
16e1291f1d5afb104177c7f38a236ccede77723c62b03d0d6b6544cb0f1d2302d7594b6f4b611cde2a462937641f8349d0f21b7c1c968f0b03d3ad5d61f34eb6,UNKNOWN,UNKNOWN,UNKNOWN,FOLLOWING TOO CLOSELY,2.0,37.5,1.0,0.0
16e14e4eb8b87300f4934bed089997291fbf10531c5fba4f59d61c4c7496dbaf9a81494d4f37441c3fca4903a2963ee05acd6d4906a56fba45ebb9a871ae7058,CLEAR,DAYLIGHT,DRY,PHYSICAL CONDITION OF DRIVER,2.0,37.5,1.0,0.0
16e161388689ba0338b7f39e2e567bb9f27f5702444d173f9e58ae8e71ddc7bc8331cdb21dbb85c8dd75520ea86aafd873ea7a8dc1888edee82fd831f5279527,CLEAR,DAYLIGHT,DRY,DRIVING SKILLS/KNOWLEDGE/EXPERIENCE,2.0,37.5,1.0,0.0
16e16beb610a7de82295fa6c9e9ea10df9e806b1ad84dc6eedb47d56e79b99d9f2785d97dc125107201375969fa85be42c7a33aa3a9fa6ae948c1f160e5e8a65,CLEAR,"DARKNESS, LIGHTED ROAD",DRY,EQUIPMENT - VEHICLE CONDITION,1.0,37.5,1.0,0.0
16e1700edb8102e8d2c5316e455b4a1be069801dc209ea71d9003602bbb3ff0ed67285451b05aa523f599d7e9091329b63abfc34739df6065845ef2625719a3d,CLEAR,DAYLIGHT,DRY,FAILING TO REDUCE SPEED TO AVOID CRASH,2.0,37.5,1.0,0.0
16e1840f4ed68224a53218b82cf9eccefbf754186dccaca8f1e4c94a575dafd092950fdfb7497b0c77f5ff15d08f9955dfb9239d63926cab2dd1174e279910f1,CLEAR,DAYLIGHT,DRY,FOLLOWING TOO CLOSELY,3.0,37.5,1.0,0.0
16e18d4828c499029ceef6bf5d203fc5cc9e44d5e07719c2994ac6f0fc28781cf6a66eacd1eca22d1a36d95cbd21258025efbc8a5b931e397bc343ce1c7cc56a,CLEAR,DAYLIGHT,DRY,DISREGARDING TRAFFIC SIGNALS,2.0,37.5,1.0,0.0
16e1a326cf7bd0505511d08c059d6b3ddba4999863cae364608fdd933dc7dd4ccd47d9f28c542f0a55a3960169f9b238f567f781f855008ff5ce64e698140680,CLEAR,DAYLIGHT,DRY,IMPROPER LANE USAGE,2.0,37.5,1.0,0.0
16e1d105d69b1a58fe2e90e08b3cca6bdd3c9125d23e4621b3569b754683beedcba828a2c544a44427f8972ebe3bc38083654db4c1326e683315e7aff925c520,RAIN,DAYLIGHT,WET,FOLLOWING TOO CLOSELY,2.0,37.5,1.0,0.0
16e1daf58da265f511f5df264b59346d9f1be6a83e83f5e14fb5c98b14725cb18fceaf1d0cb3d4c8c93a2026458a1176e3f61a8a0cd73dc3f9527166fa23d964,CLEAR,DAYLIGHT,DRY,IMPROPER LANE USAGE,2.0,37.5,1.0,0.0
16e25c9ffcc8f403be451b46e58de81b509782b5cceec4ca85275d1890ca0eb86f5dbd316e230ee911a06b68cc68d088933e3965e17c3038280f3f244390dbd4,CLEAR,DAYLIGHT,DRY,FAILING TO YIELD RIGHT-OF-WAY,2.0,37.5,1.0,0.0
16e26142fdfd7c7aee8b01f5cb8e62341060a20a92cfa846ffc139aee5982ba7cf4cb637fbac9e544498a1a587b6e98cb08586cb42b94d1043186168388b53ed,CLEAR,DAYLIGHT,DRY,DRIVING SKILLS/KNOWLEDGE/EXPERIENCE,2.0,37.5,1.0,0.0
16e27731949793fcbf34807cc55c9e43902d5698ed1ab79ee9eca608ad35ff554f8844d1235c9083661f2ae297c7d919849e22290d5187d33b4e7a54b2211b4d,CLEAR,DAYLIGHT,DRY,FAILING TO REDUCE SPEED TO AVOID CRASH,2.0,37.5,1.0,0.0
16e278fd6911c112c75551e7c9e9bebc8f62da320c3cf567b565e082e482f3a4433c89dbacb8eff8cfbfb3117217aab694496c483c08c7ada25294fa00e539c5,CLEAR,DARKNESS,DRY,DISREGARDING STOP SIGN,2.0,37.5,1.0,0.0
16e296ac0fbd44e8672f94bacdc7530318a99e83476e55b291c3918c40f9e1fd583475d31a455c7ee6a0d9a2469f879e07f6c6325823be3fa00fc4a0bb9d4a31,CLEAR,DAYLIGHT,DRY,DISTRACTION - FROM INSIDE VEHICLE,3.0,37.5,1.0,0.0
16e2e82518f7251159c5d8d388cb40bd8370fb0676460577865f2963e393b27214f82cb8f002efd34658193783d4f313e1c1c88065fc20f2c16a1ba7145ba762,SNOW,DAYLIGHT,SNOW OR SLUSH,DISREGARDING TRAFFIC SIGNALS,2.0,37.5,1.0,0.0
16e2e86c161210b665dfd2efa627bee37579d471f6bc6c2e6d68652291e3d7c859e297ac6bd70fecc3306db079a0c9aec0ec98a877eb69d37000c91c9e91a3c7,SLEET/HAIL,"DARKNESS, LIGHTED ROAD",ICE,IMPROPER TURNING/NO SIGNAL,2.0,37.5,1.0,0.0
16e2f18869f7f7c681d5b21b22561507317e16a935e64a58d18784443110492d2bdde271d57513a6539ad9406a6488eeaa02481b97451618990453b01a43aff5,CLEAR,"DARKNESS, LIGHTED ROAD",DRY,DISTRACTION - FROM INSIDE VEHICLE,2.0,37.5,1.0,0.0
16e34827f3c9b57896c782b9873ebfd39ebb2f9b74f0e472ee6745b13ce12326f25ceea7fd73713de615c777357fe834459c2eb8454b32005a20a4bf2aed53bd,CLEAR,DAYLIGHT,DRY,DRIVING SKILLS/KNOWLEDGE/EXPERIENCE,2.0,37.5,1.0,0.0
16e36162fcaf3da35e329293c331e8c91ab631cb6bb310c192917e9101d5e9132cb73e11a0486d2d044fb51359bf78c3912c10cd9ce8f99c8cea130a5eed60fd,SNOW,"DARKNESS, LIGHTED ROAD",SNOW OR SLUSH,WEATHER,1.0,37.5,1.0,0.0
16e38737e653b030355b6e2a0c147cc96ecf458c2ba5ddb202aed502fc5eeaf1af46a7e010fbac41451e57d77f23d8c842e2cb50e948fab700fb10d34b736962,CLEAR,DAYLIGHT,DRY,IMPROPER LANE USAGE,2.0,37.5,1.0,0.0
16e408d4c18a74f880289e29f821496d41cbdd31855c06670ad1a063d13cd815c0fe80d2367cc79e207cadc7b340e6e0bac39d3ae61784221153fb92441bb29b,CLEAR,"DARKNESS, LIGHTED ROAD",DRY,FAILING TO YIELD RIGHT-OF-WAY,2.0,37.5,1.0,0.0
16e41c751befb5d717b7944d4e41b3ce25a5a8cc4b9b423194dc383d35af96d101eefb3e7902b79c46a2ef9c470f052efc95b54a5d26a9bac1f8ae0d063f214d,RAIN,"DARKNESS, LIGHTED ROAD",WET,"VISION OBSCURED (SIGNS, TREE LIMBS, BUILDINGS, ETC.)",1.0,37.5,1.0,0.0
16e42291bdd4c899b442da64b643ca6297cec28b85d2138ec4981261367a22b96f7c530b00697da6da7c0ee3e0394fb0a519e312bca6584fa9de0836309c89e1,CLEAR,"DARKNESS, LIGHTED ROAD",DRY,"OPERATING VEHICLE IN ERRATIC, RECKLESS, CARELESS, NEGLIGENT OR AGGRESSIVE MANNER",1.0,37.5,1.0,0.0
16e43e7bc4dadd96d373a0a03de73a9944e98fc091b1db179f8da69ccf497d9185fe623fcd4ccb20decc30a06516bfc5ff3504655754e1d1a2ea58afbec9c713,CLEAR,DAYLIGHT,DRY,DISREGARDING STOP SIGN,5.0,37.5,1.0,0.0
16e442af57f8d6d0ee77fd8b01bc7c34654e97fb2352c7eda918ac850f8dd85f85f1f374f526f632d95a3e9d2ecb1bc2421f6bf64c97bf8a46f01d1e57075f20,CLEAR,"DARKNESS, LIGHTED ROAD",DRY,IMPROPER OVERTAKING/PASSING,2.0,37.5,1.0,0.0
16e481fba584da2761e8bb05d536b26a9d260d0d093e008d4f59784e4e0ee997d1adc31e297fd81f41f097c42782dbf6432cf4ba54b2b8d6c83cd67c577e5c2c,CLEAR,DAYLIGHT,DRY,FAILING TO REDUCE SPEED TO AVOID CRASH,2.0,37.5,1.0,0.0