crash_record_id,weather_condition,lighting_condition,roadway_surface_cond,prim_contributory_cause,total_vehicles,avg_driver_age,total_people,total_injured
16e48bfeae29a7fbfa52d6e346359f67e7ce3af71ac7b6c1309492981283e8baa3977e09e70bfd21742106b28d4113e1fccf3207c1f25eaf7edfb5a9aa9b973c,CLEAR,DAYLIGHT,DRY,FAILING TO YIELD RIGHT-OF-WAY,2.0,37.5,1.0,0.0
16e4c33a81c4a73fbff135bc4b84b44effc8373a998c69c53cd352c7138dbcadedb045ab144b4acae0a4204c8780639460639bc873b507fe3ccfc1ae39195c8d,CLOUDY/OVERCAST,DAYLIGHT,DRY,FAILING TO YIELD RIGHT-OF-WAY,3.0,37.5,1.0,0.0
16e4c8139c7831c7cb73c519a32c67dd3938041a6776f723ed23eea503663e96dac7d5740753ce9ada90df030c324dc3fa46687317e1d070510b6566a72fb31c,CLEAR,DAYLIGHT,DRY,IMPROPER OVERTAKING/PASSING,2.0,37.5,1.0,0.0
16e4cfc88578989bac87b12caf38bb993a891debc3834217ea95fe6359608978e296c5d856fa3136adccc76e6961f0652a082875fbf39a3a605550ead5aeb6c3,CLEAR,DARKNESS,DRY,FAILING TO YIELD RIGHT-OF-WAY,2.0,37.5,1.0,0.0
16e4f12c77819665f496a24d571050db0ba549b5f88cb6b4ad67f0cd79bc8880ec5d6aa961279f67fbd9770748e3b393ebbecc168b2885f52a17d53506b208b5,CLEAR,DAYLIGHT,DRY,DISREGARDING TRAFFIC SIGNALS,2.0,37.5,1.0,0.0
16e4f3dc28b95fb7f6b329846112c105808255fcb60a85b5cb5a87839691a7323c9b0f2e1d8b330734cb1ca88d2df7b1f76d4bbbaccd262c1996bc7c184d640d,CLEAR,"DARKNESS, LIGHTED ROAD",DRY,FAILING TO YIELD RIGHT-OF-WAY,2.0,37.5,1.0,0.0
16e4f4a25e1fed3a5cf420b661ca1ee6bfa10b1111539efcbf61a1c08e5475bbb2377abbd0602757479cd50150954a35b770392af09aa72ef2f3cd47d3d1332c,CLEAR,DUSK,DRY,FAILING TO YIELD RIGHT-OF-WAY,2.0,37.5,1.0,0.0
16e4fa799f0c724ba7623b2e41ecf9842997e797c553647f298fef54f0549608fd6ffd171eced6db99386ac521c9af9af989a6d4d12e322384ff88664044d06c,SNOW,"DARKNESS, LIGHTED ROAD",SNOW OR SLUSH,FAILING TO REDUCE SPEED TO AVOID CRASH,3.0,37.5,1.0,0.0
16e5144a63552e8bbae8efa41bf8886ea0f323a4b616f21782dc15441e6ff8cf2f28545030ad094477a75db1ec3639811ac48f55a7fb78f2f02306c72bf1a27b,CLEAR,DAYLIGHT,DRY,DISREGARDING STOP SIGN,2.0,37.5,1.0,0.0
16e532b948662d2c13b70d4f098a1206250b5a2e0f1c6e711d1b9b4c532b26fa9aab969f0333b211de113b5b5cfa8fc009d03a6a9955af2cf0ecf3c9789595fe,CLEAR,DAYLIGHT,DRY,FAILING TO YIELD RIGHT-OF-WAY,2.0,37.5,1.0,0.0
16e54dfeb794d8dd7607a7deae5b47fe7c969508450e3c37c298ff033d00927e31fa4217f593fe086864e2ca1af5e6ce35c7b2c7a6e81bb617026102c30f5ad9,RAIN,DAYLIGHT,WET,FAILING TO YIELD RIGHT-OF-WAY,2.0,37.5,1.0,0.0
16e58f5401b7f9d8f77649941427f2337c024c9453ba51d7047901e4548752356146bb4551f3051d6ce6f027aeb3d76ee6c13f6b1813916a0900eec870df64d1,CLEAR,DAYLIGHT,DRY,FAILING TO YIELD RIGHT-OF-WAY,1.0,37.5,1.0,0.0
16e5970cdc0478319b703fa4b1cfe63219390be38361de80230efdb2d57ce1a58856df79554668ea9bbdfd38f0aa36f59b4aee2235b2fce45e7b07d8baa14f26,CLEAR,"DARKNESS, LIGHTED ROAD",DRY,IMPROPER TURNING/NO SIGNAL,2.0,37.5,1.0,0.0
16e5c1b14a8651b52762dae9a347c1e78cbeb2437ecbdfa03fd57b0782a2ed181ebff480e375882df730561f4507e9933f4610cba68342834806049f6367c16b,CLEAR,"DARKNESS, LIGHTED ROAD",DRY,FOLLOWING TOO CLOSELY,2.0,37.5,1.0,0.0
16e5e3edd8e6c2a21ac69b7f92eca74219a463c031a88fa0e7401aa26706e0570c4fadc468fc455d4bab0860122d576ef25832b26e3acc4f0fe400d7fc0a9a27,CLEAR,UNKNOWN,DRY,IMPROPER OVERTAKING/PASSING,2.0,37.5,1.0,0.0
16e5e5d0be9f9c23091ddbd963d65c779548fbc147df12305cdd7a547964e85ea784ea98c40f330bb1abd047eb06a392d4c2bd9e98d2ca8b41571a7f2f37944d,CLEAR,DAYLIGHT,DRY,FAILING TO YIELD RIGHT-OF-WAY,3.0,37.5,1.0,0.0
16e6009f6f9d3b9d4fc8b5f339dfe89601851221247af21b04ab2296397a6aaae7d0f83186281c7041c587f38e300332dfc9620b49e5fc9426b063b3c22e7e86,CLEAR,DAYLIGHT,DRY,DRIVING SKILLS/KNOWLEDGE/EXPERIENCE,2.0,37.5,1.0,0.0
16e600aa043a56e4edf555aa75862aace41b0c7b10c4c7417544610c0920337b816b17ba542729159b91a009e5eab667c42415b8673c6bb827d1f832b0e4dcab,SNOW,DAYLIGHT,SNOW OR SLUSH,WEATHER,2.0,37.5,1.0,0.0
16e60f9fec676e85b8313aa4cd6afd418caa1af0cd77f1b83378074fca087cc5f6e3be8f1c260a650ec360fa6ff3a0c1e39f6d53598b423ffececbd0bc11e57e,CLEAR,DAYLIGHT,DRY,IMPROPER LANE USAGE,2.0,37.5,1.0,0.0
16e6166151bcc3d1ffe3acf41c6ee7aedce18c30c0fdb45a645dcaa4f40dc06222d8fdf2067497f098c6a0af086ac2f784b306eaa46bc0fb7c8ab9660a18402c,CLEAR,DUSK,DRY,IMPROPER OVERTAKING/PASSING,2.0,37.5,1.0,0.0
16e64b6d1396bd203f26fe8bf205d81cd46218019dee982366624659a96a23dddabd62432f86a415cce8593887f43c92de9b709e5ea36ba5d61df24c964eb919,CLEAR,"DARKNESS, LIGHTED ROAD",DRY,DISREGARDING TRAFFIC SIGNALS,2.0,37.5,1.0,0.0
16e67b87b19bb13cd4fc1e6a0009a7a7e72feb18c155349b60e1eafcd46fa7c5f6872ed5cc0853d623c7534d45f3ed014bf1879b0c4bc5d97976ddec92b6815a,RAIN,DAYLIGHT,WET,FOLLOWING TOO CLOSELY,2.0,37.5,1.0,0.0
16e6830f91f0154496152eac078c915fa9fbc3016443d41ffb8acdf56b90b77b50cf59e5bdde89c0f2fc3b0d29fe063711d3d94008c4954f8e9f4c8862af0473,CLEAR,"DARKNESS, LIGHTED ROAD",DRY,FAILING TO YIELD RIGHT-OF-WAY,2.0,37.5,1.0,0.0
16e6890600f5654aeaecc87f5d043522d2c9e4671632fbbf831c15a4d9c615822dc0142b831ed0454e7343a66328a4fad4c23e73e44ed38250a3ac9014097da2,CLEAR,DAYLIGHT,DRY,FAILING TO YIELD RIGHT-OF-WAY,2.0,37.5,1.0,0.0
16e6a9fc833d7d93532e79b91448ea6d0c9a1d8b0acecef700e4a7513d00d0602d1ac2fce6f94e03c87e6a715f1de189763f657e95be0474d43c3a74c11123d1,CLEAR,"DARKNESS, LIGHTED ROAD",DRY,DISREGARDING TRAFFIC SIGNALS,3.0,37.5,1.0,0.0
16e6b6b334589b3b5037dcfdee9dcb1e526cbcdefacbbc654f9f1e21341058ab799b15d0de39486a3c6a2ad3b38cecbc8d42a5c2e891f98ef5946a27c2557913,CLEAR,DAYLIGHT,DRY,FOLLOWING TOO CLOSELY,2.0,37.5,1.0,0.0
16e6d99ded33cb1de188bed27273e5ec16bb7a3c95e3d761a99b441dbb692558e4da378185ea837a4ae3216101af800deba5558f709c656f7c8de544cbe7722d,CLEAR,"DARKNESS, LIGHTED ROAD",DRY,IMPROPER TURNING/NO SIGNAL,2.0,37.5,1.0,0.0
16e6f7f445f49aea14a1a6deb615a8ecd2fedfa481e5247ba21becee5002d57b822514b18b973764e5eaeee07954a1fe9849c1f8d26479080625199b8c5db6b9,CLOUDY/OVERCAST,DAYLIGHT,WET,FOLLOWING TOO CLOSELY,2.0,37.5,1.0,0.0
16e6fd3c34f26cccf51ae6453e645580fdc9cbc1b2d7cddd4d7dd98a0764d82e5dd1c4ab5f89776f9ae5512e8b5d9b9c97af37c8f87c9f442cefa2f336757804,CLEAR,DAYLIGHT,DRY,FOLLOWING TOO CLOSELY,2.0,37.5,1.0,0.0
16e6fd5f5abffc37014f9c2b6ffd7b6ad60cc4606372ceb75daa49b22da0187b40a814c864197156fb0211a8e1d362f286a78cdcf3b4ef7704bfb401a6ed50fe,CLEAR,DAYLIGHT,DRY,FAILING TO YIELD RIGHT-OF-WAY,2.0,37.5,1.0,0.0
16e71bf85efff66b24f24d7fd99f5c1f00afca0cc52d3771daa505933714ea80604f6fb4f660e9f868e387ed32a3ec427a3505b2398fdb210c43c5c6fa3d8d39,SNOW,"DARKNESS, LIGHTED ROAD",SNOW OR SLUSH,DRIVING ON WRONG SIDE/WRONG WAY,2.0,37.5,1.0,0.0
16e734ab2eae9333ba3856d1d649be41f3330d1c8717f65077c791fa8872ecd56fae5db6617d77e9ee757e5a820941d46fb249dbfeb987e3d2d30c261529603c,CLEAR,"DARKNESS, LIGHTED ROAD",UNKNOWN,FAILING TO REDUCE SPEED TO AVOID CRASH,2.0,37.5,1.0,0.0
16e73edcf8ce939edc83a0001354827473ff2d7bbdc36925c58a7175f89f7e7f07f6cdd5a50f0f1cb8f298b1bc13de777082a24782d4b2586b5fbd405f023b90,CLEAR,"DARKNESS, LIGHTED ROAD",DRY,FAILING TO YIELD RIGHT-OF-WAY,2.0,37.5,1.0,0.0
16e7676c7621029112c92e8ab21577dbfdfd20a0137644c8e619ed32159b401e646162ced588f43440927ca876625ab2b5eae51e4395bfba9dc7caf76c0d01fd,RAIN,DAYLIGHT,WET,WEATHER,2.0,37.5,1.0,0.0
16e7a7dfaaf23f75e48b4dbd6e63dc2c35c235c6ca49ba105e254f67d4f6a48ee0d60e7c9f14442fc2b91b94ba01f1c7b4df2b1eb41981552c159af1c8445f93,CLEAR,DAYLIGHT,DRY,DISTRACTION - FROM INSIDE VEHICLE,2.0,37.5,1.0,0.0
16e7b8a8b295e0c56b9ed754713559dc251590b45ceefc9184ca2bd92cd61605f7be235550195f530b3d18a0a2ebeeca93a696a157c67b194492827913cb39c1,UNKNOWN,UNKNOWN,UNKNOWN,DRIVING SKILLS/KNOWLEDGE/EXPERIENCE,2.0,37.5,1.0,0.0
16e7fdf76ce5adf35ffec68b656dc9031ee1c5538fb0f4780df4c2395b9f2b5b2f6e7b1ad8c7065cf2066964f6128ab8b3bd90202b0ea5f381de0b983f0b1686,CLEAR,DAYLIGHT,DRY,IMPROPER OVERTAKING/PASSING,2.0,37.5,1.0,0.0
16e89eb55f17c1d12ba8e38123993f63831d0130332d4a3a97b446250e0cf611abd551d4acd3d7eac2a17a8ed07ac7b5cd62ff9f626a605b8343431392dc4591,CLEAR,"DARKNESS, LIGHTED ROAD",DRY,FAILING TO YIELD RIGHT-OF-WAY,2.0,37.5,1.0,0.0
16e8afdd9cf6f51d7d14f16b22c317b7455bf1d0c6792c25c0efb2e83bf4956a767879af5c61364dd8083b5c240ebe40ebf66f0275e2a21d97fd0437fdd7857e,CLEAR,DAYLIGHT,DRY,IMPROPER BACKING,2.0,37.5,1.0,0.0
16e8ca3df28f6d9129e0d577224186c9855980d5e998faf0b3fb17d994a1f0fefab70e55a5e60b1a87c3f64f43fac92960e8dff355cecd0f8ba6c30ad2cde4e3,CLEAR,DAYLIGHT,DRY,IMPROPER BACKING,2.0,37.5,1.0,0.0
16e8e1b6ae561863738ddf6c50b7a536ab06980dbdd6dd4764b55030b20a8a53c523c24f3383ffe9313de520ad3906f384b6e0c3fc01e20ef5ddd8c8ac541de1,CLEAR,DAYLIGHT,DRY,DRIVING ON WRONG SIDE/WRONG WAY,2.0,37.5,1.0,0.0
16e90e50acda112a532c8b8c07437449b00029e67be63ea9833edc1a7bb1a08e0d8274ccc2e3073e261edb17ec8e1d3eba23c3e3f5d3bf3b58b8b7f80b31f928,CLEAR,"DARKNESS, LIGHTED ROAD",DRY,IMPROPER BACKING,2.0,37.5,1.0,0.0
16e932925673ab9e4fcb970f059514e2183be330107737b7e785367a15b99803d8b4f39639b02305ffb0415c1fd5342320e4bb6f3d2b4085ecd8b1cf0f11f5b2,CLEAR,DAYLIGHT,DRY,IMPROPER TURNING/NO SIGNAL,2.0,37.5,1.0,0.0
16e9376ed23968724d55c5045aa64a1f3322cc2116bd26438a3bdd6bad2946f995dcb7e3b3f581afe3860f136958c6243a73262b2b32dfbc94a7b7ea6008c6cb,CLEAR,"DARKNESS, LIGHTED ROAD",DRY,DRIVING SKILLS/KNOWLEDGE/EXPERIENCE,3.0,37.5,1.0,0.0
16e95a7709405ad4948d24b28bb3969bcd9a7c9c23d751f54017df42dc7d2b09ff2394e90bcfef3f8233222ef0c9bd71e1d5d98a6080adf20b801a737e55e0c9,CLEAR,DAYLIGHT,DRY,FOLLOWING TOO CLOSELY,3.0,37.5,1.0,0.0
16e985bf862839c6ecfcd84dc0a18c536570cd87d0407e10d9a7bc3cee9db2dd8f73b3b2021975e8ba046700c45951409489a017ee0ba6c70248d80ce23012f5,CLEAR,"DARKNESS, LIGHTED ROAD",DRY,CELL PHONE USE OTHER THAN TEXTING,2.0,37.5,1.0,0.0
16e98be814714346b7ae3c038bf38278dccce88f97a96637ba985f57838e54496ea5626d8835a75ed722c1927e17a213871fbae1eb337dfc0d8e3e3379c52a21,CLEAR,DAYLIGHT,DRY,FAILING TO YIELD RIGHT-OF-WAY,2.0,37.5,1.0,0.0
16e9b558d7e9e52842a8c53a15d894e28634f483ed951c9456fe94384b63f54c50e68e6bf134602cc434d7eebbbdb019bce4683c753ca30cb4e3a5a10f0f8357,CLEAR,DAYLIGHT,WET,DISTRACTION - FROM INSIDE VEHICLE,3.0,37.5,1.0,0.0
16e9bd196b0ff5696e23b14702b6668fbda8d1f5c8bd76b9b62d352595a898be22c9662c97a4051f054887420a2f1d8f881f72e36ad2eb02b35e3e54c3cc7188,CLEAR,DARKNESS,DRY,IMPROPER OVERTAKING/PASSING,2.0,37.5,1.0,0.0
16e9ca8e8b2b8f65474033f1d9a174ae7387c92962ad3c0fbc92452bdf574e16e6f6f1573a35eefea25cb0e1b38566c521f124d1f11c078668009011db3c8691,CLEAR,"DARKNESS, LIGHTED ROAD",DRY,ANIMAL,1.0,37.5,1.0,0.0
16e9d9bf1f0ab42abdf07f414b34ba783badfcf53f7c13f95721cd2c4ab8cef21943aedf855494c8c8d3b157d47bd47deee31ad0469f7e2cba25600436ce90c9,CLEAR,DAYLIGHT,DRY,FOLLOWING TOO CLOSELY,2.0,37.5,1.0,0.0
16e9dcb1bbc188bc23aaf97268297244e7bed74c972f7c80ed2abd397e959a7725365c92c4a671fccecab2bdf7471970cc96b361c66be96fbc0c3625cb7732b1,CLEAR,DARKNESS,DRY,EQUIPMENT - VEHICLE CONDITION,2.0,37.5,1.0,0.0
16e9efbc2d618a3d700fe9bf0b38915d8d598b635184065d5acfbbd26d1421e65c7bd5aa27c247d01f2bb7db975ff9f8a1f77b77854ff062bdb57e3647a65509,CLOUDY/OVERCAST,DAYLIGHT,DRY,IMPROPER LANE USAGE,2.0,37.5,1.0,0.0
16e9f44a133311fda4fd66624129c6fd3f3bf0e53e417c51972cbc87ceeed48ed3fe1fc0bedaf69cc5e120502fc4b3d1beb82a554039fc55d9babe27e2fdce49,CLEAR,"DARKNESS, LIGHTED ROAD",DRY,FOLLOWING TOO CLOSELY,2.0,37.5,1.0,0.0
16e9f934128414ae681c10d2429466108d9c3dbbb73432507a15ae9f6d376456985be69b31d4215064ac94cc0b15a73005ebcb038092245be68ea77b27f8a7f2,CLEAR,DAYLIGHT,DRY,IMPROPER OVERTAKING/PASSING,2.0,37.5,1.0,0.0
16ea1c1020a4c31c0777262ec4fb0f484eebf93f36bf784e076f28ae3eda36613058e1439e2956d9e2b87988f45014ef61f8f54e8bba6527a7c9a2d121d2a342,CLEAR,DAYLIGHT,DRY,DRIVING ON WRONG SIDE/WRONG WAY,2.0,37.5,1.0,0.0
16ea556aa2bfdc9b1ac8ea58d81351d46032e64101cd6ed84b43b7d9ba004faaa4e47ea367752bfec46ee8d30361f3e4260eb7186657b49482054bcbe48a8397,CLOUDY/OVERCAST,"DARKNESS, LIGHTED ROAD",WET,DRIVING SKILLS/KNOWLEDGE/EXPERIENCE,2.0,37.5,1.0,0.0
16ea5acf2b12a1c050bb3477a2764613de64184e13c2c238380cb5f5d415a5251c62533713ff30a500c66c3d4eee2c1c5821fd458ef4d9807319b001be5dd042,CLEAR,DAYLIGHT,DRY,IMPROPER OVERTAKING/PASSING,2.0,37.5,1.0,0.0
16ea65c79c2a78c34d812af30ef00ec6b1be5136cb27a750c8cef84a188a9725eb4938236b760d40a723626d73214b048ac5cbb9e2944102e51db601e478193f,CLEAR,DAYLIGHT,DRY,FAILING TO YIELD RIGHT-OF-WAY,2.0,37.5,1.0,0.0
16ea6f26c6e8814ef127d9359a8166e98764799ccc6b4c712af067987406c871f45dc180f4009c14883f0a8866625338b783d2c5c94395f9c0ebccdb59e2797a,CLEAR,DAYLIGHT,DRY,PHYSICAL CONDITION OF DRIVER,2.0,37.5,1.0,0.0
16ea8f12b37c261e9a84b24dbbd4304eeab7e8d2142b93dc2892fbe8eb140500369d8a4c90be4a0f60af02bc0fc80ffb1834062fc085824b7ae55b55002f4572,CLEAR,DAYLIGHT,DRY,FOLLOWING TOO CLOSELY,2.0,37.5,1.0,0.0
16eaa017845ac89b7b51122ad26f36642cdf1e8ddd62d81b155a0e11605ce3ea2936f6435aaa44b1dbd040e914cfbab0f25b002b50fa13de598ad83d7935d58d,SNOW,"DARKNESS, LIGHTED ROAD",WET,IMPROPER BACKING,2.0,37.5,1.0,0.0
16eaaf79b1487a8377818e2ed0abd9108aef93515ecb4daea7add29e41e8efefec48c6eb27b898a58e6e687dfcff1219a995cb5b0fcfdd2d9151fb84c2652163,CLEAR,DAYLIGHT,DRY,FOLLOWING TOO CLOSELY,2.0,37.5,1.0,0.0
16eae02a3e59024ecdeb9de01d3e40e236c263d9b64ab1bdc24ec328cd8c63a964c714e217c3c296411343ee1b52a89af9c994ea77e11a97d6d1f95ae0d3bacd,CLEAR,DAYLIGHT,WET,FAILING TO REDUCE SPEED TO AVOID CRASH,2.0,37.5,1.0,0.0
16eae0ebe0b1bc033e84dfd9e187f40c661e47117d62e196d7b2533817ce9e568397a213c0e01b36cc5d4969fe8430058c4f96ce208efae4259005c2f4d06e15,CLEAR,"DARKNESS, LIGHTED ROAD",DRY,IMPROPER BACKING,2.0,37.5,1.0,0.0
16eb04b20da532364038e19a4cd2db0e0b0905d89d5bca562b31b520fa3e92a9942cc0e1d4218f647c182d43f3686f348b1ed3ba7dd67988760eaf0444c4f713,CLEAR,"DARKNESS, LIGHTED ROAD",DRY,IMPROPER OVERTAKING/PASSING,2.0,37.5,1.0,0.0
16eb3105ddd36b98aa485920b60cfcbf549b3ba78542d03cc02a5b9422674e57418c732867664a6802e1d7b820d7fd5eac730ba5f6d04bbaa896c657eafe656a,CLOUDY/OVERCAST,DAYLIGHT,DRY,DRIVING SKILLS/KNOWLEDGE/EXPERIENCE,2.0,37.5,1.0,0.0
16eb3bb3d0365c804eb68f89dd226a13b677b5f55d330995ee7c99d3a2ee0243151b75e8a5a494835e16d653e9f16406b23f2db7ef14fb04203ea6607d141d27,CLEAR,DAYLIGHT,DRY,FAILING TO YIELD RIGHT-OF-WAY,2.0,37.5,1.0,0.0
16eb3c9d688793cc45c55e17059230d895baf8e1645eca4321807153a6a205e5a0def1af3beddf4d5f752e1c6c28073e0b39f8109cbc5b7bb59e7e50eaedda56,CLOUDY/OVERCAST,DAYLIGHT,DRY,IMPROPER BACKING,2.0,37.5,1.0,0.0
16eb44d3ae95590a47e8bb712e27c9b6eb4d17e6f8b4f18d90d937fa6efb5a3778efa37dbe2a4c7fd7b4fc247ddacfaa5dffdcaf142a094f0edf1ee4c073ba96,CLEAR,DAYLIGHT,WET,FOLLOWING TOO CLOSELY,2.0,37.5,1.0,0.0
16eb70eb94b0b410e94abf178c5db57257cf139d9cc1946e7c7ee8bc7b6ef8972d96902abe1f3cd799a79a34acdc6d46c9ae2d571b1ba8894cd85364147ae481,CLEAR,"DARKNESS, LIGHTED ROAD",DRY,FAILING TO REDUCE SPEED TO AVOID CRASH,1.0,37.5,1.0,0.0
16eb7aec4e1ee292b9f1313ffe06404b61e72baa597f92d4bec870c3f484bf088cabe342b5f2d9e30c10b7d93852650285d1e94df7bed6d5c4a36152fe1de47f,CLEAR,DAYLIGHT,UNKNOWN,DISREGARDING STOP SIGN,2.0,37.5,1.0,0.0
16eb8bf146bc2031aba6008d1012edf644b500a3ca52fdcc6fddab4a6ddf5fda0b9e349174c12d19f44017d3ec74255fd82fef1709e8d18b01ae6b24c20cf0c0,CLEAR,"DARKNESS, LIGHTED ROAD",DRY,IMPROPER TURNING/NO SIGNAL,2.0,37.5,1.0,0.0
16eba420d443073a217d6bd30b0c93bfe1e166e63a121b041a7f43096753555f513346e35162e406c535719b052841f4b0f032e7be1914cf1f9729a99d1a5156,CLEAR,"DARKNESS, LIGHTED ROAD",DRY,DISREGARDING TRAFFIC SIGNALS,2.0,37.5,1.0,0.0
16ebaa4c0911de603649ebed47453cb9e340e82d8b005ae381f147af18d1899278403fb1151e8715d06e9e4840441a77cc17d56456c5e8224f55c7375f93255b,UNKNOWN,UNKNOWN,UNKNOWN,DRIVING SKILLS/KNOWLEDGE/EXPERIENCE,2.0,37.5,1.0,0.0
16ebd2b780e2b44906c523045b3defe5452ec3b6f543a15c195b43d94f94ee42e7729b8b44895a9ca71d809c3271666f37f11344579b1418bb7fdfe0037bbe6c,CLEAR,DAYLIGHT,DRY,DISREGARDING TRAFFIC SIGNALS,2.0,37.5,1.0,0.0
16ec0df2e0f0b9e35ddf8364af5cf0596a03c48911bfc275dfdd1956fc684b42f173cba32d0fa9ba53eceafbaae6a2eed9cdaf83160823b4950b5384091cc01f,CLEAR,DARKNESS,DRY,FOLLOWING TOO CLOSELY,2.0,37.5,1.0,0.0
16ec421740650f34ef5345d01f864cc0d3f512ba19432e81979443204dfa14096729257f3d2cb426abc3559e7300f4be736351e03a112956e40ba7263af01f9b,RAIN,DAYLIGHT,WET,"OPERATING VEHICLE IN ERRATIC, RECKLESS, CARELESS, NEGLIGENT OR AGGRESSIVE MANNER",2.0,37.5,1.0,0.0
16ec442430ed1b06064da9dc03396aefd985f525efabebe6d90cfbfb7a03a8d7b2f40c209f9dbf7772357f0466aba4f5acce500ad2541d90243ecddfd10d42f6,CLEAR,"DARKNESS, LIGHTED ROAD",DRY,DISREGARDING STOP SIGN,2.0,37.5,1.0,0.0
16ec5c355b0afa7103196277619e73b8c7eb525f81c01ec7220e181175e99d096a5682ad68da09c5ecd169355d7fd86d19e67ff4807c7d258e38d106e09ffbfc,CLOUDY/OVERCAST,DAYLIGHT,SNOW OR SLUSH,FOLLOWING TOO CLOSELY,2.0,37.5,1.0,0.0
16ec7332a21b59a0e50b099692e621b2e1582310aeef4abe2e8a54e27c7d3a8864385b64ed8e63b8121001572734628fba2768e1babbc08e6d36a32cfe0581e1,CLEAR,"DARKNESS, LIGHTED ROAD",DRY,FAILING TO REDUCE SPEED TO AVOID CRASH,2.0,37.5,1.0,0.0
16ecc5c8b9a0a33e14c2b525483ac9935f0b92737b7530bf2c667ae5e922b8da5e1b14f0702433fec358a1df3d964b60790fac8cb77856dc37639800ccde50d6,CLEAR,"DARKNESS, LIGHTED ROAD",DRY,FOLLOWING TOO CLOSELY,2.0,37.5,1.0,0.0
16ece6353cd916737cf72d6c16bee1452751fc0d0a8c51c40214cc0537b736a0b3ffa2f7aa018b1b6be3d8b035365e45ad6ba8892bee0e946c0368136b99d69d,CLEAR,"DARKNESS, LIGHTED ROAD",DRY,DISREGARDING TRAFFIC SIGNALS,2.0,37.5,1.0,0.0
16ece73cbaa8a041936fea04eb08413896ec0a02e39c82d68207f7383a61a7e954b676a5342612574311e5fb5964d0a43f243b0e92e698694fc7cfdf9570921d,CLEAR,DAYLIGHT,DRY,IMPROPER TURNING/NO SIGNAL,2.0,37.5,1.0,0.0
16ecfe69fc993ae54c6641316e6a5ca7591c7cf3d38d51372544c0aa6bd2ee14e278ec404b303e1caff71fcfdbdcc1e654639784e94d955db9bf1c8e17451b42,CLEAR,DAYLIGHT,DRY,IMPROPER BACKING,2.0,37.5,1.0,0.0
16ecfea8db9fb679e8809e3d19b533bb4641e2d46efa1c5e76e42d888d47b9461b3b2354700e0022bfd9a0fc282c4b3dbf0358dfcaece70cef887b0884214c3e,CLEAR,DAYLIGHT,UNKNOWN,IMPROPER BACKING,2.0,37.5,1.0,0.0
16ed00150985b80f92b865e4421e2ebbf528e0c5698ce8eec7d781124b179652cfda57766f172474b09c5515dfa27115654ec0c8347bb0a820e73c8f75ed41e3,CLEAR,DAYLIGHT,DRY,IMPROPER OVERTAKING/PASSING,2.0,37.5,1.0,0.0
16ed3af20498437693ca29878478447ae61849854f5e7f9ea5e00a7cb0a81d4611df8a39a0102ded037884e7612f702237128a59faca754443f7907ad2552e4d,CLEAR,DAYLIGHT,DRY,FAILING TO YIELD RIGHT-OF-WAY,2.0,37.5,1.0,0.0
16ed4b225c763c3ecd62bb860c485474b12426622e9dbb372362c2c51ed5f10f598d00096fd416d2b7a2d71ef0322ef9334c979516d8c38e900fb44f491c3e11,CLEAR,DAYLIGHT,DRY,DISREGARDING STOP SIGN,3.0,37.5,1.0,0.0
16ed532718fe8708c969d1f90bc859124c2efc7dbae24f7dc986aecfecfd1152bfecd814a58103038750491c6b305207623f6a1d67901f8aa2d6204194dfde05,CLEAR,"DARKNESS, LIGHTED ROAD",DRY,IMPROPER TURNING/NO SIGNAL,2.0,37.5,1.0,0.0
16ed6014b71fa79b7cf93e5823d9632e2c89004fc65e5f5455756659723964af62f3d10e3054c83b34044d03b14c2f268ea59896b1ddd00cb876273fdfb508a5,CLEAR,"DARKNESS, LIGHTED ROAD",DRY,UNDER THE INFLUENCE OF ALCOHOL/DRUGS (USE WHEN ARREST IS EFFECTED),2.0,37.5,1.0,0.0
16ed75cae3a6e84c65f8075e90aaba7ae70ebf92c04440e66a80867eab77a170205c62c125d604a2fbebb990f483865fcb7f4c7c9f183ff6d946087df547c252,CLEAR,DAYLIGHT,DRY,DISREGARDING TRAFFIC SIGNALS,2.0,37.5,1.0,0.0
16ed967e565ff4ae17ccfbfa3293ec503fdfada52a3dccba8d5cead9e77551d587f2b4a3c629afab796bec0dec236e179c60e1bef8ed2ea6da41b06f403a95b9,CLEAR,DAYLIGHT,UNKNOWN,"OPERATING VEHICLE IN ERRATIC, RECKLESS, CARELESS, NEGLIGENT OR AGGRESSIVE MANNER",2.0,37.5,1.0,0.0
16edc6da3f44c826ed093bad53d328bd77e6dda1de7928f66b4e0ca71918f24d9453a30eed76455332e4898e324431a393793220821cfe285c06c6b572e08710,RAIN,"DARKNESS, LIGHTED ROAD",WET,IMPROPER LANE USAGE,1.0,37.5,1.0,0.0
16edcdaad8ca66bc55ffef64250c95b92307845c84c157702c8953a9642452521a89c35f1c061c0e84e0b3b46487cc4a086f0b8a556cff24dab660f055a34aa1,CLEAR,DARKNESS,DRY,DISREGARDING STOP SIGN,2.0,37.5,1.0,0.0
16edde2f94202cb8099f0e0bedc1e21717bf12ce77d0ed57b50f18855ff7cd3d88714808c5acf612c6855e9179c53577cabe728d2ff51dc725f9d3165e10b2de,CLEAR,DAYLIGHT,DRY,DRIVING SKILLS/KNOWLEDGE/EXPERIENCE,1.0,37.5,1.0,0.0