crash_record_id,weather_condition,lighting_condition,roadway_surface_cond,prim_contributory_cause,total_vehicles,avg_driver_age,total_people,total_injured
16eddf3576aa4a8ca4f0c8a04d1549c15282a2a92fbe86bb855f1ade7a38b312f8da06a0618ffbcad386f65efaae589e624313cfac6dd669b7faaa37ee997aa2,CLEAR,"DARKNESS, LIGHTED ROAD",ICE,DRIVING SKILLS/KNOWLEDGE/EXPERIENCE,2.0,37.5,1.0,0.0
16ede231e6902e67c808e14640df4962bdabf7b472d40117054705c162efd6c9ee0ea2c1311c381f0318441d1da29ba5fc386019b22581e65f741e5788198907,CLEAR,DAYLIGHT,DRY,DRIVING ON WRONG SIDE/WRONG WAY,2.0,37.5,1.0,0.0
16ee12fcc595fb71819fd4ea465ad8bd8fedee5965da04da35e892adba0845332f6fa8a013005b5dab5512c0dc07f91267de88763d42ad30e90f8b1b5561bda8,SNOW,"DARKNESS, LIGHTED ROAD",WET,FAILING TO YIELD RIGHT-OF-WAY,2.0,37.5,1.0,0.0
16ee48e886a8e4320f322ceefb7e855f5026ac9c52d7e03ea37a08f974341bcfc2cdaf62483f6ee8a2c040b539cbf2e4b6d148a27bfc25a629d92be0d9345c0f,CLEAR,"DARKNESS, LIGHTED ROAD",DRY,FAILING TO YIELD RIGHT-OF-WAY,2.0,37.5,1.0,0.0
16ee6158214c9fd882361a841b6180f7e39ab8e1c41a34bab5f3d361d08d0be75731e6aa7ff6b3349cece9b9726146f1acbcdbfa4e32925e7ad3cc04b03b70c2,CLEAR,DAYLIGHT,DRY,IMPROPER OVERTAKING/PASSING,2.0,37.5,1.0,0.0
16ee6242c3d3078fdaf1359cc46a7fa7dc68c2150c76cee2c8f15be8eb0476ab3207081b2ae75a3c42b7078d46de9842ec37239abb8ae6d94eaadea26797eb12,CLEAR,DAYLIGHT,SNOW OR SLUSH,FOLLOWING TOO CLOSELY,1.0,37.5,1.0,0.0
16eedbf8f2dac90e2e14668f1627e93b851c6217dd490d74c88c80b455cb5de2089cd4435c2ab63740cd82b759f8b3b8a2253c6e4e591d4e697ce9bf9e723062,RAIN,DAYLIGHT,WET,FAILING TO REDUCE SPEED TO AVOID CRASH,2.0,37.5,1.0,0.0
16eee677d1ed373761bcd6ac4734e0670d47ea473e396aa10ec67e22c6bf646bca7cb495af82c8e8fcc3018c789f760231a824dca75f515d9fd8c5f5f060c16f,RAIN,DAYLIGHT,WET,FAILING TO YIELD RIGHT-OF-WAY,2.0,37.5,1.0,0.0
16eeea34ddf748e3f3a24b24618850044ba9c1db14d7948a6332ad6a066f4b83a098ef8d9163ba77329eac34a91ecabe6cda9097b23fcecb84b1abab97150d6a,CLEAR,DAYLIGHT,DRY,FAILING TO YIELD RIGHT-OF-WAY,2.0,37.5,1.0,0.0
16ef0a5771d4e8d8e8bbb3932c4fb94362e6e379169f072ff9dbe1b493311ed16e46ef4c5c8f5871718caf388a19bdeba877b03fb624296b53302e7e2b7c842c,CLEAR,DAYLIGHT,DRY,IMPROPER OVERTAKING/PASSING,2.0,37.5,1.0,0.0
16ef418969c08b1dabd44b8fbd2f4431576e124a1710434bbc3cfa921f448662dd12974550a20f6b05a073b2cffd58c4add3cb1083031a2f010df6a6e4f06d71,CLEAR,"DARKNESS, LIGHTED ROAD",DRY,FOLLOWING TOO CLOSELY,2.0,37.5,1.0,0.0
16ef56860dc0b938063a7fcd9741d61eb4b0a12a48a9b5e90cccf9a6044b98c446ab7fd6f183f54b42230f831246a39c47ddfeacf4211bbe7526f4705681d877,CLEAR,DUSK,DRY,DRIVING SKILLS/KNOWLEDGE/EXPERIENCE,3.0,37.5,1.0,0.0
16ef7bf9a4a4c3c658f5caef017bf7fcf547b965529b02ff68a34c024687e1f4ec74ed9e0562e2d344d43b5567ab584e2d844424bb301977dd6b91553d4c2906,UNKNOWN,DAYLIGHT,UNKNOWN,IMPROPER OVERTAKING/PASSING,2.0,37.5,1.0,0.0
16ef7ed0734a2f694ebe3b8ffd3ec6a0318a71fb21765c4e6d38bfe81e05d35f07b9c5acd34642b213751e4498e56ba8f9e84e92841237e84e2cfdbe491dfdd9,CLEAR,"DARKNESS, LIGHTED ROAD",DRY,FAILING TO YIELD RIGHT-OF-WAY,3.0,37.5,1.0,0.0
16efb1baf37c49112ea3846b03175c1072a4843d889e0e4e694521a5c12423facae39ea7bd60c57091cb0a04629211b8ce697656fa7c352bdf1f341d1ae65057,CLEAR,DAYLIGHT,DRY,FAILING TO YIELD RIGHT-OF-WAY,2.0,37.5,1.0,0.0
16efc5bb13b6c82362f8728b9b4533d5a55df5639086302e46c17e931494ba758c9d2cc1c9b6ce1878326d0dbc4475bc985a4364943c01314079b9f6cdd04b57,CLEAR,DAYLIGHT,DRY,IMPROPER TURNING/NO SIGNAL,2.0,37.5,1.0,0.0
16efd0fb57f4f69a72224b41e1975ac66ef04b12a3524c0024ef470d4df46680e85b7d552f6c6ec7f7243ff23982503bc965c1841b0a0c5f8e2f4ca8396794e6,CLEAR,DAYLIGHT,DRY,IMPROPER TURNING/NO SIGNAL,2.0,37.5,1.0,0.0
16f001a7aca17203154fbcf19b0a0550ad0d762c9e5dc88dfd6d77b9a608e89b1343567c92682192dc5304d7cbb10e206bfaeb42e58e87fe8b0b9e3f9a71d283,CLEAR,DAYLIGHT,DRY,FAILING TO YIELD RIGHT-OF-WAY,2.0,37.5,1.0,0.0
16f029628f0f5b3ed9385afff2fab47095530297a2fbb94a4245b20aa612d7f5ce2b80ba8604137334fff83f6d3a2b5aa2093c2508a6b8a107d58422a766878a,CLEAR,DAYLIGHT,WET,DISREGARDING TRAFFIC SIGNALS,2.0,37.5,1.0,0.0
16f056bff081b87593fb07f2bf785de9168aa71753aaddcdca0556fdd70754d6b971f087a400c3b67fd069c44bf8e80be3521d2ff447fbf00e9a31d8a177359b,CLEAR,DAYLIGHT,DRY,DISREGARDING STOP SIGN,2.0,37.5,1.0,0.0
16f06a988f0262e7156d3ceee0412677a3f2a822acba450b1a2c0d4edf186d02f7b4aa1d7f315c0e35a3a11ca000bcf677fe48c5470368fe7db1173bee48ecdc,CLEAR,DAYLIGHT,DRY,IMPROPER BACKING,2.0,37.5,1.0,0.0
16f07f130c6466902929de1a54f167be670266f686ebc0d3dd6ee8710bfc8432549e74c65e259b09386744ecf984833f8447178f0e84a4b2d615eaedc05f9414,CLEAR,DAYLIGHT,DRY,FOLLOWING TOO CLOSELY,2.0,37.5,1.0,0.0
16f0a1ae4f79650ad832a7d3eca833187991058247354edb18307da6a35ad89e2e0c14fe870ef2e8aa72150e358d833592b68be9dcac1f8e8a176dce663ed0da,CLEAR,DAYLIGHT,DRY,FAILING TO YIELD RIGHT-OF-WAY,2.0,37.5,1.0,0.0
16f0b0dcdd963c7148e94e8e796aee16925d82d2bd42fd9ade9795279a099525bcaddc82fdd82331d5f3ace0516d5a5a8aa805a4975cd3cfe78b4f0c8d276256,CLOUDY/OVERCAST,DAYLIGHT,SNOW OR SLUSH,"VISION OBSCURED (SIGNS, TREE LIMBS, BUILDINGS, ETC.)",1.0,37.5,1.0,0.0
16f0ba9a34f17c0717516cc3f5d04b6f2d52317bdfbcb56229b1d8c4ccb6c652c9e899ce5793058d81dee50c35f5b2cf47705056fb5e8a70d58d937c65fd4f8b,CLEAR,DAYLIGHT,ICE,FAILING TO YIELD RIGHT-OF-WAY,2.0,37.5,1.0,0.0
16f0ce6fe3441ceb594865c1fc3e49326a15c56db8e46d3926dc46b97d5ad9d262ad32ae48f40aadfcc59b767ff2f21de1c9e865173c52acbcb5cbed3c609063,CLEAR,DAYLIGHT,DRY,FOLLOWING TOO CLOSELY,2.0,37.5,1.0,0.0
16f0d7b7660b26eae04defbd997a59612a850b5f65a42fbf3933633654b084a532968eba40f7299b8d8c3fdb9dbd24078611fff8e962a85db40a7822e85546fc,CLEAR,DAYLIGHT,DRY,IMPROPER TURNING/NO SIGNAL,2.0,37.5,1.0,0.0
16f0eed3920ca30c20375fbbb24b3da0ed927ee5452d4bd91fe34e9993cf6ca91ec3ba11cc559a92ee11b084af85f9015970842fba7102aaf2e89f82f304f507,CLEAR,DAYLIGHT,DRY,FAILING TO REDUCE SPEED TO AVOID CRASH,2.0,37.5,1.0,0.0
16f10987dfbdc1245479b9a42232ad496ff4cd3015c64ddbc36974ae88c5b5c8a53033e7eeb0c7cf7d4b1307d6f206c8a95d18ea20a98de51eb85e93b8f6e555,OTHER,DUSK,SNOW OR SLUSH,FAILING TO REDUCE SPEED TO AVOID CRASH,2.0,37.5,1.0,0.0
16f117774ae3f4128d64f4f9f39962c8426456079bf7f6fc7341b3aa280b6998931310731e96703d7a79903013926073ddbe8ec8c419c5aef6640ed979c2cfb8,CLEAR,DAYLIGHT,DRY,"VISION OBSCURED (SIGNS, TREE LIMBS, BUILDINGS, ETC.)",2.0,37.5,1.0,0.0
16f11adf46e5b29e5a8fef65ac252105d0feede6183b5fadc99608f2d240663d95e0ed270882c4d0bb25155985a412676644d67fe6a8f6fa6b4116ccc169f876,CLEAR,DAYLIGHT,DRY,IMPROPER LANE USAGE,2.0,37.5,1.0,0.0
16f15cf0cd9b5d11bd41321514537db03536c32f226b29af613c5a10ff76fc6532825b7b1a22e82f353c016588083fe673463c4048a5616a2e12c600bb2b660c,RAIN,DAYLIGHT,WET,DRIVING SKILLS/KNOWLEDGE/EXPERIENCE,2.0,37.5,1.0,0.0
16f18b9420787911cc222f4aa8162aaaade2f19f88cd2292ff5d82649a7af32ac0979182f0efd6ce5c95ce48c91d2601998eb41337fa8d1bd924d8222e2ec095,CLEAR,DAYLIGHT,DRY,IMPROPER TURNING/NO SIGNAL,2.0,37.5,1.0,0.0
16f19d23c5a9abeb49941f95491fc49edad422d34496ad010409927e39539dbc50c5962fc843bac9e8abe004f2aa13d5754370edccd0dc67f0343fa1c6141e5d,CLEAR,DAYLIGHT,UNKNOWN,IMPROPER BACKING,2.0,37.5,1.0,0.0
16f1c26dd3fc21014075e9378016deadd8d75314b30755d60241af2ec4f4cc21b71c5b20de4b70b243af55ae92dc460a3084ca8b601843775cc4a19cc93b4ff5,CLEAR,DAYLIGHT,DRY,FAILING TO YIELD RIGHT-OF-WAY,2.0,37.5,1.0,0.0
16f1d0d356eab4c54ff4ba77bbe31b670845df98a1d9daadd8582541075f85ede103c1c110862832462c36b8fc45607654edd6482bb815f6355aa2b95c1e88bf,CLEAR,DAYLIGHT,DRY,FOLLOWING TOO CLOSELY,2.0,37.5,1.0,0.0
16f1e12e7786a570b7d3fb8362c5a082f7f381a2829eb894bea0bd6bb8c74d334d1a4486b3cd1056b1f05c9b166c983b3b0723a28dbb3544ab79c19ba54fa055,CLEAR,"DARKNESS, LIGHTED ROAD",DRY,DISREGARDING TRAFFIC SIGNALS,2.0,37.5,1.0,0.0
16f259dd59e2c03458406c98eb3da3840d37bc9f4699b092658c20e93829ae9a8afbbdeff1c0a45f737dad2d3e9b91db8d93cd5ae3b2bcb84dd10e18aa069842,CLEAR,DAYLIGHT,DRY,DRIVING SKILLS/KNOWLEDGE/EXPERIENCE,2.0,37.5,1.0,0.0
16f28986707ec4633f2aa28d90692f28a4e4f2e69170484eab42d865fa70d40fe27b0d7dc45d8336315bb9e6063504b5b3165a2bab5c4cc011ddd6d69a4df270,CLEAR,DARKNESS,DRY,DISREGARDING TRAFFIC SIGNALS,2.0,37.5,1.0,0.0
16f290344716ab719bfbe042dd475ff4f227c076f581510e592d86a550f41e550be4e6c3a8f48119b1a8163cf26997db6b55613275c172f908a3ec12e7c2a83c,CLEAR,DAWN,DRY,FAILING TO YIELD RIGHT-OF-WAY,2.0,37.5,1.0,0.0
16f2a92235fd67a6cbc472bc4db9fcc4d6d36c1852fdda8b7a13bbcd2e2c2f7d7d597889c06823a5ed50e52ca01ce782f2215bbf728c7d50a076709fe99f55b2,CLEAR,DAWN,DRY,IMPROPER LANE USAGE,2.0,37.5,1.0,0.0
16f2de19494279cc84620056c946ab8e8dbb3ae4793fa02a07f772bb6a0ef49df5cb702b0a3e475f387eb26e07519d2642fda05aacb0b7afbf2f7e0f2c63c634,SNOW,"DARKNESS, LIGHTED ROAD",ICE,IMPROPER BACKING,2.0,37.5,1.0,0.0
16f2e7a78ec738efd4ebb587b60ff29db12009b86c0f85334a81f2a3309ae30879d4b5e9d4415b8d424195821f0dfceafe253554da715946793eee010ce2a25b,RAIN,"DARKNESS, LIGHTED ROAD",WET,IMPROPER TURNING/NO SIGNAL,2.0,37.5,1.0,0.0
16f2f0e57601f26b0e105b1a61afe48d0c14ff07ca5bb4cfe44dc53e8a5c445b3e75df867f57e1c8934949d475eb56eed788103c72a5401b22d76cb88dfb5da5,RAIN,"DARKNESS, LIGHTED ROAD",WET,FAILING TO YIELD RIGHT-OF-WAY,2.0,37.5,1.0,0.0
16f2f197c6a7e5a43fd88867edf39b68acddf71ad8be9c66f41acb0e9d97215f9fda17da870303ff944c17523e1b10939ffe8010e66789cf8ae49560f0cdb4b6,CLEAR,DAYLIGHT,DRY,IMPROPER LANE USAGE,2.0,37.5,1.0,0.0
16f30fb093f1227b69b2c5887a94a324b48225c4314790479b153d83d00984267e5406df6e17ce9e9db9d1d3203278e7f54693dc6a0429f78c2c418d3f560bda,CLEAR,DAYLIGHT,DRY,IMPROPER OVERTAKING/PASSING,4.0,37.5,1.0,0.0
16f35e2595e6113ca3452aaa182a917d2433115603069064bb8c5be3bff5605f5fb285ac19dcddfa46bd77d8756139c0303de9c02160c949b52481913bd4ba6d,CLEAR,DAYLIGHT,DRY,FOLLOWING TOO CLOSELY,2.0,37.5,1.0,0.0
16f36633f3fb12384ad6c3dc5f45b29d444def635d4ed51016e81c4b711ce1956361d99457248b6fbff9f0f28f01e64f34f2f3183cd683c382469974feecb8c0,CLEAR,"DARKNESS, LIGHTED ROAD",DRY,IMPROPER OVERTAKING/PASSING,1.0,37.5,1.0,0.0
16f366a5f5a4c482dac2bd17b112b7383bcf07bd171c76dff02fd476b45125b6154164e21e3380f41393a0be8ce4f4e20808b0ed62654e6c7938ce743e29e753,CLEAR,DAYLIGHT,UNKNOWN,FOLLOWING TOO CLOSELY,2.0,37.5,1.0,0.0
16f387482532f485ee21f6c80a6994aeb1c534a0efca4b1efdef9357e412bdbe1780d184ddf7258e87e4e16d9d1c1181238ff2a3211e12875e24a5b5f0ba19e0,CLEAR,DAYLIGHT,DRY,IMPROPER LANE USAGE,2.0,37.5,1.0,0.0
16f3add65fb47e6f38f4915737f33437125d1e8fd599d6f308b449f4fe572493ef31841a2701a41e6d37d0edc19fd29ed50a75a8f42fcf2b213ad23a5ed3e6fd,CLEAR,DAYLIGHT,DRY,FOLLOWING TOO CLOSELY,2.0,37.5,1.0,0.0
16f3b464dca5983c2b79e1c49786d9982804ca7fe07890563cbd6059b97d123479df80fd0ce300b4313df60fff632b08a62f55d823513a33367df3b7900350ad,CLEAR,DAYLIGHT,DRY,DRIVING SKILLS/KNOWLEDGE/EXPERIENCE,3.0,37.5,1.0,0.0
16f48e8cddbc70ed7df077daa9265fe2958cab4b94ed1bb3ed1b56d93731bc14801dc7f6cf6a044f1a21fbb2fc92023d434f9973fd9aed213ba5b3415b1396be,CLOUDY/OVERCAST,"DARKNESS, LIGHTED ROAD",DRY,IMPROPER TURNING/NO SIGNAL,3.0,37.5,1.0,0.0
16f4925e744ee599655e1bc5b3aa105d4de3705e0baaeb1c6035914fc2264e320641529db4809b68102cb110695a2b53ace9170c364e938b787d0cbfce98b2d3,CLEAR,DAYLIGHT,DRY,IMPROPER TURNING/NO SIGNAL,2.0,37.5,1.0,0.0
16f4970ff81f4dc654fac6c9da4ebaa588d73058f735d83404bdbb21171458c2052c002477706262153bc0792cea1355470ffbc87e60bba0fb30b77d3d8d5549,CLEAR,DAYLIGHT,DRY,IMPROPER OVERTAKING/PASSING,2.0,37.5,1.0,0.0
16f4a95ad6f7a78da40bd6895e40f5baa6c00bf560e137c7d9c2646af012aa3a9b5be01592104e26b8fa8ef8d0d85094221ae417e939f6a66a50bf6aedb99910,RAIN,"DARKNESS, LIGHTED ROAD",WET,FAILING TO REDUCE SPEED TO AVOID CRASH,3.0,37.5,1.0,0.0
16f4ba8501d75b4e583610b3ea16d9643e25e7ed540a09cc66ecdfb87c60998691122b0ce47eab715879a98005654733d3082ed9529333d709940605e5a8ce9b,FREEZING RAIN/DRIZZLE,DAYLIGHT,WET,"VISION OBSCURED (SIGNS, TREE LIMBS, BUILDINGS, ETC.)",1.0,37.5,1.0,0.0
16f4bdc52e4bce28d529b6fb2b7f43c7cfaaafd398c8d13f76dd101723cb500bbe34a6df26ade1aa5a482d5c0cd7127e6a679f6ef3686c49cc740905628adf32,CLEAR,"DARKNESS, LIGHTED ROAD",DRY,FAILING TO REDUCE SPEED TO AVOID CRASH,5.0,37.5,1.0,0.0
16f4ce8fde88fcfb1e4ffee43e8006f1b01d120f2ffa93bf2c312e12a2f2848a4f5388f991c48164d77850eb3e2abc8327162dc278d3b58cb402252b8d638172,CLEAR,DAYLIGHT,DRY,IMPROPER TURNING/NO SIGNAL,2.0,37.5,1.0,0.0
16f4db6e02d6dbb2fdd7520f509c5ad370e5366d29bb4459107a8632800e881e7d8990e5718e0e81435fb076cb5e650133f262f00e4655217cfb481d44510a5a,RAIN,DAYLIGHT,WET,FOLLOWING TOO CLOSELY,2.0,37.5,1.0,0.0
16f4e4dd11611a139fb4b58c2bdd131e5f524926f8caf886a5f583aadd8d0e859268763f166c20b6f630b1258a1301cf136a5ca19a87ece62f3562431d52d95c,CLEAR,DAYLIGHT,DRY,FOLLOWING TOO CLOSELY,2.0,37.5,1.0,0.0
16f4f6240d994b7c300ecdd41802245231096713c5a67d09833cc5b0a543131990f11abde5166353131ad489653ee293dc618bb2f67d20b84f80834f116a3f09,CLEAR,DAYLIGHT,DRY,"EVASIVE ACTION DUE TO ANIMAL, OBJECT, NONMOTORIST",1.0,37.5,1.0,0.0
16f4feb01aeaaccf37a40a18a23aab3f944497969e92d9910bc6e68599561cac3b047a380c91c42f6a5f07c1592b5741ebc23a8329f5f575c95f2f3b5b39ae47,CLEAR,DAYLIGHT,DRY,FAILING TO YIELD RIGHT-OF-WAY,4.0,37.5,1.0,0.0
16f505c45ec87fab72ae29195d065af68c7a31c79e7fe749d18806c082f909b2c1317216aed933d3bd359af51f11109ea6cb08071220da5ef0fdaa0f89d296f4,CLEAR,DAYLIGHT,WET,FOLLOWING TOO CLOSELY,2.0,37.5,1.0,0.0
16f50a15075caaa9ce953b5161bff6e4468b56c293adcff33ec64885ffbd0fc21f772116e4a7227517cbd9ac1e077f23295788816ed524b0e7f126f6a3ca8fd6,CLEAR,DAYLIGHT,DRY,FAILING TO YIELD RIGHT-OF-WAY,2.0,37.5,1.0,0.0
16f50a5d14ede7ee47573c8a85cd3ef10bba09a497996abd71c82991b2611f8aebfd5c1ef9a02701efb53eccee5de8af7cf07fedb15d16c43fb6367d9cb758ef,CLEAR,DAYLIGHT,DRY,IMPROPER TURNING/NO SIGNAL,2.0,37.5,1.0,0.0
16f52fe7fb60a1e1a0a7fe9206a83bff3dcd35b2d77a5eca41306a64d07eba15d9a496412fb554988c719d8e6fa335edbee1297334c08aa79f7df86fa83beb2a,CLEAR,"DARKNESS, LIGHTED ROAD",ICE,FOLLOWING TOO CLOSELY,2.0,37.5,1.0,0.0
16f53c3e04d5516f949c3c9586ad06e97042d819525d52a11a7aab6ccc5075640c389df9896a2a4ab77b673895cced509126a59f023e95d97a5a47c9ee79d949,CLEAR,DAYLIGHT,DRY,IMPROPER OVERTAKING/PASSING,2.0,37.5,1.0,0.0
16f5438247b59bf56ba981a0cac6bc62f42f2a53e44a43ed6cee2a7bebcb0bb743279f0005f666f0b459232b8387048408bde2d387baaba8eef71e0d06cbc913,SNOW,"DARKNESS, LIGHTED ROAD",ICE,WEATHER,1.0,37.5,1.0,0.0
16f5527e2408495c98b6aff034c2c96a0429a91c365f004ed63bfa26afb0a66b303583e21d3c6bf2c8373edd8758ad842b71eb199fa5a165086620a7deeec178,CLEAR,DUSK,DRY,FAILING TO REDUCE SPEED TO AVOID CRASH,2.0,37.5,1.0,0.0
16f5aac1ae4c6a568e91989757787584c0824dcbb9010801a174a92b4113521bc74ebbedf935c3f3a75e547e9dde9c8b6d66e8bf2909eba48d7dba21e4f883f6,CLEAR,DAYLIGHT,DRY,FAILING TO REDUCE SPEED TO AVOID CRASH,2.0,37.5,1.0,0.0
16f5ad7cff475dedbab894fe05f77ac4b7e4e02470be17e789a1ed2b7fb110ecfc5ae151b456c7f1b217519c2b0290a1d05235018540ca4fcfa01af58299f234,CLEAR,DAYLIGHT,DRY,FAILING TO REDUCE SPEED TO AVOID CRASH,2.0,37.5,1.0,0.0
16f5b62039350121f92dc5c133d3e474b4ab71623c84f0c4546c17bf32909040f8c0f2c75732881e1a33f090fb06bfaccd1e76d4b44e756b539c6013eeaae0cf,RAIN,DARKNESS,WET,WEATHER,2.0,37.5,1.0,0.0
16f5ba0577675b15f6da456f230fa2e11c5e3d4d3f82688b743c5ba98f604f82bf130fc0d3732dcf06fd33fed85867af6ca327133eb78fd1e89177f6dca273c3,CLEAR,DUSK,DRY,IMPROPER LANE USAGE,2.0,37.5,1.0,0.0
16f62f0d0e172c63c8e3cd57506b79fa73f304d5d27c35630930e9a4dfc834d249396820bc44a8a65ca2fad770914147198a72d157c5d35625b3a65f96836230,CLEAR,"DARKNESS, LIGHTED ROAD",DRY,FOLLOWING TOO CLOSELY,2.0,37.5,1.0,0.0
16f65b6ba26bceff7b6ae30c73e7c65ac7f8a449fc9b0269c3808dff043c956ba517e6a9c56acc95e60605e94d46f5f72e0fcbc154f321eaac0035c2d23a264d,CLEAR,DAYLIGHT,DRY,DISTRACTION - FROM INSIDE VEHICLE,2.0,37.5,1.0,0.0
16f67c5164d449357319f5a5d19e9bed242a6e0329f97243ce6bdb792f2e1c2ae44fbff26fbf5bda1f678397406ca6ae24a8c19626241e2f02f664c9cd5acbc1,CLEAR,DAYLIGHT,DRY,FAILING TO YIELD RIGHT-OF-WAY,2.0,37.5,1.0,0.0
16f699014164588696ff578b831928341555ecdeb97f9cce4da606254687d1dd8594d9ee344315a60a05bebe59fec03d86fca27d5f0220130c87a986b34e582f,CLEAR,DAYLIGHT,DRY,FAILING TO REDUCE SPEED TO AVOID CRASH,2.0,37.5,1.0,0.0
16f718bb86efffceb01cd2663b16d20a63460fb06c0b81346a6c62bf71342348ab5cae194bd9ac9efd3839d788d92cfe6b86613025855773b6df71f954566d23,CLEAR,DAYLIGHT,DRY,FAILING TO YIELD RIGHT-OF-WAY,2.0,37.5,1.0,0.0
16f72ee2a685a61a0209f69d8defc6ef96d6c0b420e420dfc054870bf1252e1082c79e8ed12360dba43e3a1afa460d4704684e594e1803ce2ae1ecc5d1c22542,CLEAR,DAYLIGHT,DRY,IMPROPER BACKING,1.0,37.5,1.0,0.0
16f7770fc1af3ccc21b54d61c88ac26da33697d9dad5c7e622948663dd848bf14d798232d4f28bc0e78371eb93fd920a27155b8519f3f8525229977449fc194a,CLEAR,DAYLIGHT,DRY,FOLLOWING TOO CLOSELY,1.0,37.5,1.0,0.0
16f7856ea3694b9f2f571486e67e6651e9d628b82f6c7203cb0b2b43c349578be5fd6e4a6ec55ffe409df97647c4a28b49fe942b079595d6173cc18c88e3c37b,CLEAR,DAYLIGHT,DRY,IMPROPER TURNING/NO SIGNAL,2.0,37.5,1.0,0.0
16f7b504e96e3f0a9268ea37e22d0fc231546b3d671adef93b15b9a1318769470ada20bc58cb248166398f01fca3c6d193d88bc5bab2e87a35e62633b1344f4f,CLEAR,DAYLIGHT,DRY,FOLLOWING TOO CLOSELY,2.0,37.5,1.0,0.0
16f7bad9d82d2eff5b638e0d54c49f22246e4525ce2646dbaafe87960be8f388a3037717778d4ecaf765b03c972ff3b052e514c4a23aafd3aa7ec4e6c744efe9,CLOUDY/OVERCAST,DAYLIGHT,WET,FAILING TO YIELD RIGHT-OF-WAY,2.0,37.5,1.0,0.0
16f837351ad7cc10b34888543125e41fae4f63236373fd8f55e962c7cb0ff80002118923a7dd2e658e40a7395daacfbe4c6a4b9a576a95cfe506f921f2dac9c8,CLEAR,DAWN,DRY,"OPERATING VEHICLE IN ERRATIC, RECKLESS, CARELESS, NEGLIGENT OR AGGRESSIVE MANNER",1.0,37.5,1.0,0.0
16f839240ccf2bb535747151890b7b73b7ab0d5b76e99dae2207d52e394d3d5fb3f8a1d6d7eee6fd87b767838f0a6fe8b2655fdb63b2c9bcc54f751f8b843e80,CLEAR,"DARKNESS, LIGHTED ROAD",DRY,IMPROPER LANE USAGE,3.0,37.5,1.0,0.0
16f8a3be8f4baa6992d750825ca7baa7ef01645d1c27504e776abb4d9a147fe2080791956d1d27c5a5ea408079391808235ead283982a331905d0bcaf26fc285,CLEAR,DAYLIGHT,DRY,FAILING TO YIELD RIGHT-OF-WAY,1.0,37.5,1.0,0.0
16f8ae008fb817665f4d9a844c536be42729f3d3493693b0395713c2f9758eb0f7cd33020bc0dd7b07dbbbb71906a358762deb78efe38af4699e17f2fa911e17,CLEAR,"DARKNESS, LIGHTED ROAD",DRY,FAILING TO REDUCE SPEED TO AVOID CRASH,2.0,37.5,1.0,0.0
16f8d4156f31e8c5f4dbbe696c229c43397bda805d51a80c5563a9a826fe7d7f1f8295a7d5e7c43a5f8346cc9ebe26792493eaa88cfc4dd34ecf8504f5a5fd67,CLEAR,DAYLIGHT,DRY,FAILING TO REDUCE SPEED TO AVOID CRASH,2.0,37.5,1.0,0.0
16f8d7a5a2de69773a345c027bc14f0ce75b2a1be22a11b27bbe53e43028fc18c02ae4639f7366b7c1bfe1abbe4f133774defd35de2a3a61e329c20d9a358ae7,CLEAR,"DARKNESS, LIGHTED ROAD",DRY,FAILING TO REDUCE SPEED TO AVOID CRASH,2.0,37.5,1.0,0.0
16f8f0a1435c901b332882b7191a5699554422336704b6834951ebad71caadffaef09ef1d00eafa40d58fd731bc65e9e46033ffe9dee45eb02e56d918327a8fc,CLEAR,DAYLIGHT,DRY,IMPROPER BACKING,2.0,37.5,1.0,0.0
16f911e5ab5619c1449ef489d3440d7e9ff217e83c42292445259f40a34d4130cfbe82fc8c1864b8a9ba9c449b6ac168d441eea30ce42d94e6ee294cc6ac904c,CLEAR,DAYLIGHT,DRY,FAILING TO YIELD RIGHT-OF-WAY,2.0,37.5,1.0,0.0
16f9227cb5f0aa1913e08e63f43d71d9eae247d8c49811155960742b330618d997297be2af920838cfb896e6921094e744b5a8440b161e6a1f4ee9a86e1567d5,RAIN,DAYLIGHT,WET,DRIVING SKILLS/KNOWLEDGE/EXPERIENCE,2.0,37.5,1.0,0.0
16f9614040bcb7a179d497c04fbca139879879c7a007d898004e9c10308409ee83d9ac3120e1c0d624175086933e403205ce9b78de638c3917782653d6a29455,CLEAR,DAYLIGHT,DRY,IMPROPER BACKING,2.0,37.5,1.0,0.0
16f987b05074b5860a28ca28e99270379410b7f5b8bf729241359c5fab7ba695b79c1e552a55915cc189933cf4408eac37bf2be8270988d2f3d12651b4fbaae6,CLEAR,DAWN,DRY,FAILING TO REDUCE SPEED TO AVOID CRASH,2.0,37.5,1.0,0.0
16f992cb466a475981024ceae21807c025b9119ab69554072371e607651e82ad4e2982d328b60de737a6f340d1db804423500928a9edb5ed8b967b4088d42502,CLEAR,DAYLIGHT,DRY,FAILING TO YIELD RIGHT-OF-WAY,2.0,37.5,1.0,0.0
16f999e41b210cbd29b405629183cca690c9e0d33711f2c8a8008e4d9ff474ee83ff77f60cdc21773d1fa408f01b99a93d7ebf6a3c2488ebde44768ed345db0f,CLEAR,"DARKNESS, LIGHTED ROAD",DRY,DISREGARDING TRAFFIC SIGNALS,2.0,37.5,1.0,0.0
16f9bfe697a4f8e3939d9d858198a947e50b8434c069ffff553cd989d1ea4ff57b8689b1a782a862224b8537105987e85daa5e60bf8c61cf55173a056dc68d00,RAIN,UNKNOWN,WET,FOLLOWING TOO CLOSELY,2.0,37.5,1.0,0.0