crash_record_id,weather_condition,lighting_condition,roadway_surface_cond,prim_contributory_cause,total_vehicles,avg_driver_age,total_people,total_injured
16f9c661624c188283f402819017378d08c7a277f2caf3fca436ba3d37333702ce501cc762d5432464529a143a85907c8ddaba2030fe5653e27d2626f8fbcf7a,CLEAR,"DARKNESS, LIGHTED ROAD",DRY,FAILING TO REDUCE SPEED TO AVOID CRASH,4.0,37.5,1.0,0.0
16f9c7ed7d5e581ad3f131144c06c8d794109f6302d6eb2fd11cbda92c637d978777ed2bf60db3c42be3902d685a1028efac115238bf9e38b9747c4e58927aae,RAIN,DAYLIGHT,WET,FOLLOWING TOO CLOSELY,2.0,37.5,1.0,0.0
16f9ce446f8b0c40b7419338e82c4749c7411216ef5028ab8bb1ca2a8f0eeae9d8ca18e4341ef4b612cd7749d63c83c5f6b1efe437dc4c573ed391bdad562f65,CLEAR,DAYLIGHT,DRY,FAILING TO YIELD RIGHT-OF-WAY,1.0,37.5,1.0,0.0
16f9dba0f3f0998d133d930deba68256965ad5b5a3b93e9b164de0ad9f7677d1992da81c163135afe5afaaf9428450253c6e686a33dec302fcdd1a9a6f820bb1,CLEAR,DAYLIGHT,DRY,FOLLOWING TOO CLOSELY,2.0,37.5,1.0,0.0
16f9e1bc9e648ff6076598449f7110c771d642c5aff11f2b25f5cad54f1e09371eedb990342892f380f9959eac4602dd9adcd8cdedbe8a38f5ae930a9349f34e,CLEAR,DAYLIGHT,DRY,IMPROPER TURNING/NO SIGNAL,2.0,37.5,1.0,0.0
16f9e23a6cbdd72346076b622d1d404a9021b1e173194c443239ded507236ace99f3ebebebb5872ab7976f2d94e5bfb814fac0904d490dec05f0db2da96e4739,CLEAR,DAYLIGHT,DRY,FAILING TO YIELD RIGHT-OF-WAY,2.0,37.5,1.0,0.0
16fa31e47f640ee994e3391d1ed76407771306bf22af7025840e568f6ee649d6b6f9c7124bd5fa06dd82bedc7e2c06fae532435c77c137ee79dc03de4c0ba66d,CLEAR,DAYLIGHT,DRY,OBSTRUCTED CROSSWALKS,2.0,37.5,1.0,0.0
16fa32e902f5303a6150bf681a9d852649d5747730ce9d5570a203d91b0c9093fb4ca39ed5ca1f39765a16ef3eed54af3786790d62b48102689cecae19eaa2e2,CLEAR,DAYLIGHT,DRY,IMPROPER TURNING/NO SIGNAL,2.0,37.5,1.0,0.0
16fa68e4d5322f8dafb2cf0729a7a4910d072bf09af0ebc4015c9f1ba37e2c5a7ca3094b2fc50fdeb562f879d9c547456a883ae4c358a40538028a71234a3165,CLEAR,DAYLIGHT,DRY,FAILING TO YIELD RIGHT-OF-WAY,2.0,37.5,1.0,0.0
16fa708760cf351297d6c01c15b3e5ee6a86b38537c6d6c8d4649e037b48f1bda2e9c167995134848f126b634b1976321e301d9fd331dc557d6daa8db8349e6c,SNOW,DAYLIGHT,SNOW OR SLUSH,WEATHER,2.0,37.5,1.0,0.0
16fa7b1212319510fc7ddb217f63cc48c3d35adc12b9f4b2c72a93e138337fe6602d1297c47829fe5c85b0c0a0d994b9971ca21b5c7d8ff4fe97c8ec9ca85cd3,CLEAR,"DARKNESS, LIGHTED ROAD",DRY,DISREGARDING TRAFFIC SIGNALS,2.0,37.5,1.0,0.0
16faace83eea222be9155863afea6071be3174b1680721d600d3367e3e87e1c84ec165a205af42813eb8dcdcc72d9f8b149e8da2d8c1f42181f23cb80b937265,CLEAR,"DARKNESS, LIGHTED ROAD",DRY,"EVASIVE ACTION DUE TO ANIMAL, OBJECT, NONMOTORIST",1.0,37.5,1.0,0.0
16fac5bdf291d09923144688802b4b27beadf24b751b2084002f238d226e4f0ff914aea0a4378fe3523b925f2d8d673e52544fa2b34cb4d625144e715cab3649,UNKNOWN,UNKNOWN,UNKNOWN,FAILING TO YIELD RIGHT-OF-WAY,2.0,37.5,1.0,0.0
16facc7a162550ed579f472ed9d1b4f2e9e0ebcc457a10284d10af8d7fa51c5d901977c37f8df00a4ee85b16c886582561d39085944e69e62b826f4dcb9ecd36,RAIN,DAYLIGHT,WET,WEATHER,2.0,37.5,1.0,0.0
16fae030a231b1cfcdc7f24479d49e8d235a7996ae161bf9ec25f688bf3a34c7019e49b6663e759ea8cbfb4b43ef099dd6a010a4babe90c8c2043df4bac13676,CLEAR,"DARKNESS, LIGHTED ROAD",DRY,IMPROPER LANE USAGE,2.0,37.5,1.0,0.0
16faf08cbbb4f2654ae64719941ddff4762246f17e255a4d3c3ae2d0e3fe052fc4818fd0d5fd51e0d7c8bdc01616785ca2e10a7f80cb8acbe2f92b2fc1585cc8,CLEAR,DAYLIGHT,DRY,"VISION OBSCURED (SIGNS, TREE LIMBS, BUILDINGS, ETC.)",1.0,37.5,1.0,0.0
16fb19e986871c2debe766a224a95bbcc7ded147f246b4a518dd07f2fede84f5eff1e1bfada47c747d45e71cc3d7a0a13cd04703e970fee8abdf499a81d7f103,CLEAR,DAYLIGHT,DRY,FAILING TO YIELD RIGHT-OF-WAY,1.0,37.5,1.0,0.0
16fb399039cf53ce92ec54e75a8e5f9a83a2ca8b24ec800312e1959d71e44d8694b0769bd5c86281f0a0b5eb383ee0cc628f956f2c8692df5a91020deb752850,CLEAR,"DARKNESS, LIGHTED ROAD",DRY,DISREGARDING TRAFFIC SIGNALS,2.0,37.5,1.0,0.0
16fb4f430208ba0b516d6dd45746d67266a4300ad26b4ec7f386d980eda07edc6bbcefde915b3c3fef21954ca3dcc2daf15d57d7e3409f4b46f2f77f2235005d,CLEAR,DAYLIGHT,DRY,FOLLOWING TOO CLOSELY,2.0,37.5,1.0,0.0
16fb6483c91a9378012ec9e6516af9d297fa384661ca0c0f65acec04f1012d8ce615c5fcf946dd62bf28d2513f99ba745f50e0e6f3f0c1b0e8d13ba3b39cad79,SNOW,"DARKNESS, LIGHTED ROAD",SNOW OR SLUSH,IMPROPER OVERTAKING/PASSING,2.0,37.5,1.0,0.0
16fb6ada11540997039313494bd6c54538f1fc91d1e38a4c74d8a0d3d7d60845457c0f7826dfb49ea4a8fa991d751c416194052e741bc7369fb6a5f9ba9cb53c,CLEAR,DARKNESS,DRY,FOLLOWING TOO CLOSELY,2.0,37.5,1.0,0.0
16fb70240c1a2de9a71862c9e421a9109415f02b69a97751b42b50b794804a46705787493d74dade3284fa60aa4af5bfcde26b96eb7df1b6505adbeae663fd4e,CLEAR,DAYLIGHT,DRY,FAILING TO YIELD RIGHT-OF-WAY,2.0,37.5,1.0,0.0
16fb7c5b20dbb6691f44318a46020833714d15d0e6a54379fe706b138dc9fdeec555e388993eff0a36449552181ae9bb0aeb783e506a59b035ba94b4f58f8cc2,CLEAR,"DARKNESS, LIGHTED ROAD",DRY,IMPROPER BACKING,2.0,37.5,1.0,0.0
16fb801e1c8da7d047e5798eca4be2f67d65bff611b5886e9531fc325a2664db08293464f4f00b56cbe57c37a774c89bd60a107cb5e9acccb20bb343c43413c0,CLEAR,DAYLIGHT,DRY,FOLLOWING TOO CLOSELY,2.0,37.5,1.0,0.0
16fb91e019bdaf9555cd037777c59ad3c32f7a86c361e29b4360cba1b71ed4ae1102294dbbce8460c37c66a754f1bf112a6adbe5c0822b11692fec9fce5b0f7a,CLEAR,"DARKNESS, LIGHTED ROAD",DRY,FOLLOWING TOO CLOSELY,2.0,37.5,1.0,0.0
16fbeccafa88da7b4d9c5477692b1612feba9d29ba498f370b7f6ef7e8331055fd4fefa2880ad25dd936d23dccb7a8238fe85fd14f2e321a6a845a7c37754145,CLEAR,DAYLIGHT,WET,FAILING TO YIELD RIGHT-OF-WAY,2.0,37.5,1.0,0.0
16fc10b890e90c9324cb252ca2917a4bdd3de3dd7f2a3d02ee8f9aa8a3dd01da5c259f80edd300530d19ed75a5cfaee5d6914ffb4ffdc6554771791aa6893687,UNKNOWN,DARKNESS,UNKNOWN,IMPROPER BACKING,2.0,37.5,1.0,0.0
16fc4956aa2306dffbaca4b835f01e0ec26239d706ef40bc4712f4ba4d31db5497f7a2f0f9a7195af1642ce358c35ebae63aaa177ef50cd04b9154f5c0fba561,CLEAR,DAYLIGHT,DRY,FAILING TO YIELD RIGHT-OF-WAY,2.0,37.5,1.0,0.0
16fc5f0ac89ac473d1390de88341aaa1d0d9a90e003d7ecd33fd920a129afe8d606560941d492c32ef9bcab7a6d3b9d8c41c8bc995b0a33da16528e9b9ed7304,CLEAR,DAYLIGHT,DRY,FAILING TO YIELD RIGHT-OF-WAY,2.0,37.5,1.0,0.0
16fc79d82c83a5e57aaf884bdf763ec7917a50a404f609bf4661b236b4e400039c87f3ddde76a934290b2de73d5031abcae54505df31df8856164e1921e2dac9,CLEAR,DAYLIGHT,DRY,FAILING TO YIELD RIGHT-OF-WAY,2.0,37.5,1.0,0.0
16fc810383730715f888ae09179e3fdc670342cd6d085d0dd6764f31b5335840286dafaabd62aaf7642666688fa0cfdb900f20a5515717ad4328236f8a2bfc5a,CLEAR,DAYLIGHT,DRY,IMPROPER LANE USAGE,2.0,37.5,1.0,0.0
16fca2d820648a4da0a48bcc28147248cc23f45cee2de95c6be9cfcf9af42881a3ecb7c0cbf9a6a94c97173339ae0738d09b3afd981d8453787bc958368590a6,CLEAR,"DARKNESS, LIGHTED ROAD",DRY,IMPROPER BACKING,2.0,37.5,1.0,0.0
16fcaa83550403a12f10afbf1e5340422c07c5fe5ecf86532263a8eeaa3f77903b9263f048d9196c5936806d21fffa6b7066fe4a656fdde131533814c9d685e4,CLEAR,DAYLIGHT,DRY,FOLLOWING TOO CLOSELY,2.0,37.5,1.0,0.0
16fcca8a50aa3160ff0fd2dca9bbc2cecc923ec962ec01bc4f8362d8ddcf7016eb164f0c98646729d95922578a6ef00a06b49415e9ec31cc952a5464b1baca75,SNOW,DAYLIGHT,WET,FOLLOWING TOO CLOSELY,2.0,37.5,1.0,0.0
16fceea1c81b26755bc3065f7c60f30a2db4f39a6d0e648a70820d7a148ea62fffc69aa6ddc01f01a91afe2571627e487e7aa60aaff359b09601414ccf67253a,SNOW,DUSK,SNOW OR SLUSH,IMPROPER OVERTAKING/PASSING,2.0,37.5,1.0,0.0
16fd0726f8536d8f45bdf2c515905176afd3a44a25ebde7e9866b5377bd50b8fba5079453caef01f1361e1c5b94f8e1b35eaaaf91eba1bcf9d0c14e8f12f13e1,CLEAR,DAYLIGHT,DRY,FAILING TO YIELD RIGHT-OF-WAY,1.0,37.5,1.0,0.0
16fd0ef7664c665ff8fe5ee81d7d6680a84e697b9c7e20b0498bdbf22a0b66086bac883f5e1070798822b03260492fdb84790d7a8fbeeebbd0934191f752f06a,CLEAR,"DARKNESS, LIGHTED ROAD",DRY,"OPERATING VEHICLE IN ERRATIC, RECKLESS, CARELESS, NEGLIGENT OR AGGRESSIVE MANNER",1.0,37.5,1.0,0.0
16fd30df70bc856e1f18a17cc3bd14618fa9ac494dbb237951a24f9630edc4b443f98970daa6423afd812016ec427558e43a45ef21b476cf9b544fc9e92a7087,CLEAR,DAYLIGHT,DRY,PHYSICAL CONDITION OF DRIVER,2.0,37.5,1.0,0.0
16fd448d4b20b95a7104a047a0a140e3a23f506a263050aab6453115cd6bfdb705d203203913e11ee7cd437a9c6b9ac83a97914eff51da1830b7c5e63a101be7,CLEAR,DAYLIGHT,DRY,IMPROPER OVERTAKING/PASSING,2.0,37.5,1.0,0.0
16fdb2791332702b6493d29ff6ac542bd7e04ea7e3424d104a084c4cdee7110738383e0ab7204675e19a44ee1b88aa07da65cf42c50809721ea17d1c5be51136,CLEAR,"DARKNESS, LIGHTED ROAD",DRY,FAILING TO REDUCE SPEED TO AVOID CRASH,3.0,37.5,1.0,0.0
16fdbad1749ec160a5e6091ae57c61855b41932ecfccd7ebae24279e36e39e242ae74529042fdbc8336f9164a86c503356068d9c84f5b48e3ac4d91f9f6ed602,CLEAR,"DARKNESS, LIGHTED ROAD",UNKNOWN,DRIVING SKILLS/KNOWLEDGE/EXPERIENCE,1.0,37.5,1.0,0.0
16fdbe99d96788f92818836aa0722a03adb1982c12a65ff31b8c1ff572546e307327ac0b9593eccf87b54ca5a727fcee1faace18759ca8ef4ab295628f928b5e,CLEAR,DAYLIGHT,UNKNOWN,DRIVING SKILLS/KNOWLEDGE/EXPERIENCE,2.0,37.5,1.0,0.0
16fdd7d6ff2681f7597256c3b41d83d7c09d111433c3d6ad3525da9321549b3623a88442f31451a3540bf813d66d3eade6315f47dec51e111b24f2f3fa4db490,SNOW,"DARKNESS, LIGHTED ROAD",SNOW OR SLUSH,FAILING TO YIELD RIGHT-OF-WAY,4.0,37.5,1.0,0.0
16fddcab558da8c47746f8f7c38b93c5ed1ddc7287645a8bd61ac14942ae843b4efd2cbaca889b9db07f4226072827425d959066d8e5644ff1c8a0465a88ad6f,CLEAR,DAYLIGHT,DRY,DISREGARDING TRAFFIC SIGNALS,2.0,37.5,1.0,0.0
16fddccab68763f1a07e6eb1a7318fd76615939df3d439794184a679b7df7e66d7da58ee62feca1205f63ebbcece47864dbfe11b18c2443e7c289054b3cd4478,CLOUDY/OVERCAST,DAYLIGHT,DRY,EQUIPMENT - VEHICLE CONDITION,1.0,37.5,1.0,0.0
16fde0d4f38ef0c74c39448e7ae70d8fc3f3f4e3e24173b92173d92d55a95470ffd7098a673f778dba9f75ebb0bc19f7dca6e84989a7926ba1ec9479db803d5f,CLEAR,"DARKNESS, LIGHTED ROAD",DRY,IMPROPER BACKING,2.0,37.5,1.0,0.0
16fdfc2b9140ee94280c8bb3484ee9603c8af30f5526824be4244c4320784fbbe97d1848d7c5c814134b872bc810fe3e9f5317c86b3cbae6502e1e3d527dec90,RAIN,"DARKNESS, LIGHTED ROAD",WET,IMPROPER OVERTAKING/PASSING,2.0,37.5,1.0,0.0
16fdfcd4ba2222fbb8a1a47f1dd6d4d548950b85254a2632bfa6c40f06a16c19f3803dd705690469a6409272c25e9cc5cc46542da82317e6476461f36608c2d8,CLEAR,DAYLIGHT,DRY,FAILING TO YIELD RIGHT-OF-WAY,2.0,37.5,1.0,0.0
16fe270261547d6ea5d052067880c0ad26b5d605e40efb9083695a75f837f1d6270f17108ab391ce5e4ca4eac277e02f2fa69c3f9cfe89192133765ac033e2d8,RAIN,"DARKNESS, LIGHTED ROAD",WET,DISREGARDING TRAFFIC SIGNALS,2.0,37.5,1.0,0.0
16fe29f46062440eddfc31eb66afa82f5264134c576b44366ede1e3516e15a9d01b35548fccfc206ab2e5ef57131aa0a9bdb8c3b92e7e435670cd7ca2a3ea4a1,CLEAR,DAYLIGHT,DRY,FAILING TO YIELD RIGHT-OF-WAY,2.0,37.5,1.0,0.0
16fe3487d136fd063aaf72360d13dde7d10b1087252554ce9ec46a691680fb7451016939db82bb376427c53d424f3673d7682c57ddb0d204207462b80d4b80ac,UNKNOWN,DUSK,ICE,FAILING TO YIELD RIGHT-OF-WAY,2.0,37.5,1.0,0.0
16fe486b16321a75c877291007981eef05a2632cd5c2aa0014e07b478e12dd15916de7cf7bc27976ad15c7927a7874239d4ebca4da2214e4b627645935ca5d00,RAIN,DAYLIGHT,WET,DRIVING SKILLS/KNOWLEDGE/EXPERIENCE,2.0,37.5,1.0,0.0
16fe754eba5ce319807b2dd092f29ff28f877ff507d2489b5ae875521ad42b672e559385907147637ca2d3c0f2dcebe0e26ac381d6f1f98064ee169377f19829,CLEAR,DARKNESS,DRY,IMPROPER LANE USAGE,2.0,37.5,1.0,0.0
16fe80d3858a0a9a5703b6a7fed67419d44dafc70c1ca1859eb0637cd4b1108d254b48591aaf4d7e9d67196b88bbffc42e035f5a2537225d9fab92009fb29275,RAIN,DAYLIGHT,WET,WEATHER,1.0,37.5,1.0,0.0
16fe86463847e3a2dfffd263cb6a3f3d527736bdafc1716fe68d86d98c721c51cae59459f2c5e7591bf5cddbf35de4aa9418167a2320baa9226444a82e8f1524,CLEAR,DAYLIGHT,DRY,IMPROPER OVERTAKING/PASSING,2.0,37.5,1.0,0.0
16feadabfbd220c9aff4b2dfbdd5dfe0c2d82556ecc00ac6723b533a989dc4c7f48b6a0a75663229709dc0e6e8f32843e8b887b509c76738680ea02926b64047,SNOW,DAYLIGHT,SNOW OR SLUSH,WEATHER,2.0,37.5,1.0,0.0
16feb723cf48df2d6756ab7f4c4c0c24c3e046ed443220c7c332d7f8f3a6c5cc3f3e2919fe37814eabcba4da1bde2eec58e58199225f7bdb40eb08decc3e5303,CLEAR,DAYLIGHT,DRY,FAILING TO YIELD RIGHT-OF-WAY,2.0,37.5,1.0,0.0
16fed177bdd27600fcb6c8d97574f3723e7f1f712d6c5a6b7284d059f2caa682fc1361f5f160a9425105f4f17aa7ea5c9dbf3a8053bfbb42b6c4a03e65a3c6f3,RAIN,"DARKNESS, LIGHTED ROAD",WET,FAILING TO YIELD RIGHT-OF-WAY,1.0,37.5,1.0,0.0
16fee228936a413e88bf55aeef16467efe4098d6082ca0e8a3884db16d5c09237ef84fded78d7c01bec586dad136430112ef2ba35576d1461490c34161fa325e,CLEAR,"DARKNESS, LIGHTED ROAD",DRY,DISTRACTION - FROM OUTSIDE VEHICLE,3.0,37.5,1.0,0.0
16ff1a9d259e3e9bf0e60619955e3dfd6b623ec9e0fb84def2ddb3214bb81b75277937053905aa7929ebc2b8d3fe1191196f0127bc0a1956b252b4603d540948,UNKNOWN,DAYLIGHT,DRY,FAILING TO YIELD RIGHT-OF-WAY,2.0,37.5,1.0,0.0
16ff35fe40d69940e71c7fc6a51bbb0359c30529b2125337f439ccd624cea3798eaa68b6a117c30b7efc3d68af663de685deb88fe16e833d71b48171a56cb007,CLEAR,DAYLIGHT,DRY,IMPROPER LANE USAGE,2.0,37.5,1.0,0.0
16ffccc611dde3a5df10b88e0515e9c664ecc16fdffaebcbe71ca8b0d6586e5c05db3554d5bacde2d5563bfbd06177e752edf7579282360753973018dd71d9dd,CLEAR,DAYLIGHT,DRY,IMPROPER OVERTAKING/PASSING,2.0,37.5,1.0,0.0
17006cad988d0c4fe6d8332408500eea6e287dc243e8f6e472a142ac76373f29f28a3c11ad1ffa7c657d2814be34e97637bff02e94632efef571eb4e946a79d0,CLEAR,"DARKNESS, LIGHTED ROAD",WET,FOLLOWING TOO CLOSELY,2.0,37.5,1.0,0.0
17006ec0e3109f241e04ec5e0b749762d483812713e2d7ed2100cee52f8af05adffd22e223942260bf338e15f42360ccbfa42db2ba1caa9c7cf360dd5e76607b,CLEAR,DAYLIGHT,DRY,"OPERATING VEHICLE IN ERRATIC, RECKLESS, CARELESS, NEGLIGENT OR AGGRESSIVE MANNER",2.0,37.5,1.0,0.0
1700b13321f9c72c9af56a639a01937a34cd7b8f3de4047aaf42bdbabbebf5a5f56040d6b5ef1770ac978655b29a9e576f5a8270a2d44481e55e85f11725bd42,CLEAR,"DARKNESS, LIGHTED ROAD",DRY,IMPROPER TURNING/NO SIGNAL,2.0,37.5,1.0,0.0
1700c164752960c9c7a97de4ad7a6465e654e0af7564ec1d7b61916ad9e54ca50c7a01e7a521e10c3a6eb3f10df893465795670fe2a54baca75846a37c2d34e4,CLEAR,DAYLIGHT,DRY,DRIVING SKILLS/KNOWLEDGE/EXPERIENCE,2.0,37.5,1.0,0.0
1700f36c696fa5f09d26717568c879f222575b717dcf2e3cb7f1f18576966064224d8a8402317a4d6c8f3438d50bdfbe68381961f7a0f462c9c862c5c8f5ba3d,CLEAR,DAYLIGHT,DRY,IMPROPER TURNING/NO SIGNAL,2.0,37.5,1.0,0.0
17011f3ff2c2c15a8229100dcb319d948174cc7bbbe6b63dbbb50542618fec35d7895326c780465c934ee9adf0dab0959949b5be85c26407f3b795197a15ad30,CLEAR,DUSK,DRY,FAILING TO YIELD RIGHT-OF-WAY,2.0,37.5,1.0,0.0
17015145b27674a8564069498cd8e9864db149e35940cd48ebdce3d87878a5484aa87811e1f4792d9fc256c95d994cbb170c482323bc4f53b1cceb1b74e0d9ed,CLEAR,DAYLIGHT,DRY,DISREGARDING TRAFFIC SIGNALS,2.0,37.5,1.0,0.0
17015d846edf86bc68327697d5eb143285333b066dab503d6957223879e679352bdb3059bc76fb8cb3432f4d4bf47e0ca2206faf04de9315257fa336d6e2cfa0,RAIN,DAYLIGHT,WET,WEATHER,1.0,37.5,1.0,0.0
17017954f304bfe4aa0ad58b6c0bc3c1b57ad6a6651ba7ca1693870edcf9e8c053a784e35adb61dc6c7b2232ed16ca2ade6c7568ae9ee9935ca17dc90287ff00,CLEAR,DAYLIGHT,DRY,IMPROPER OVERTAKING/PASSING,2.0,37.5,1.0,0.0
1701f21d2a6c730cf40e1dfcacf68f3bbdb01c7a5665ccc95e4c88cf6b235e35f893854e7c45fcfaa69c3673caa0176590b0e59e4327ff1d91b9c4873b2e2f01,UNKNOWN,DUSK,UNKNOWN,FOLLOWING TOO CLOSELY,2.0,37.5,1.0,0.0
1702118c5f9bda3a22ca0144364b5df61b4100310534a82c598440fefe5917071f6e7168097d9b2aa66ac2c5443c08253abae6214ea96ebd4824fa847aeea8af,RAIN,DAYLIGHT,WET,FAILING TO REDUCE SPEED TO AVOID CRASH,2.0,37.5,1.0,0.0
17022bf93908e4e7d282eff1f1e70c3f63c38623da5027dc40485f7e31dbfe464dcc3261dbad7e0bd924ebf060d5f9b7b003bbbf3bc73e63144333740d9539c0,CLEAR,"DARKNESS, LIGHTED ROAD",DRY,FOLLOWING TOO CLOSELY,2.0,37.5,1.0,0.0
17026d3619d1fa20a7420c39ccf5e13e02541b8acf0b9f97a66c0221c3b173026fbda6667a50c7250122413a7de67ba184541b8c182e593cbaa34bacfeb29ca6,CLOUDY/OVERCAST,DAYLIGHT,DRY,FAILING TO YIELD RIGHT-OF-WAY,2.0,37.5,1.0,0.0
1702870cb2451b7daf674ec2747c0d9445af9cad5a73e252e5b7b2d7faa420ebce65887bd1f618b9c820c9ba55a6280850ba92dd56acecdfc8903d08371180b3,CLEAR,"DARKNESS, LIGHTED ROAD",DRY,FOLLOWING TOO CLOSELY,2.0,37.5,1.0,0.0
170298bd410888f6fc72906568b7b649ba3c52bff1b4af7ad1ceea7c8579f812e2df94a00d00908ab73b593b2c9e1ef3ca6e4a2dd539fe444f48dc49d6ff4a66,CLEAR,DAYLIGHT,DRY,FAILING TO YIELD RIGHT-OF-WAY,2.0,37.5,1.0,0.0
1702f08d0909b5c78f5dd727fafae3c3efab5be64c4cec2dfc6ee25315ace09276e5bc00a3d1d6e84061ca544b7bd29a85ebdb92fc60b7c6490449e5dea32e8e,CLEAR,DAYLIGHT,DRY,FAILING TO YIELD RIGHT-OF-WAY,2.0,37.5,1.0,0.0
17031268961b7e32754be54f1498d6057a592fbb1017cf4f1f4abbf88b6f889e209487df3c60d00046b0894349d192a0d0273437e97de6ba9235df5024c6bf77,RAIN,DAYLIGHT,WET,IMPROPER OVERTAKING/PASSING,2.0,37.5,1.0,0.0
1703164e59b349288d67b8f8fa480a455dd54973c7469509067073a1016b9c868768e55e8fb77ef33cf57a2b29afc9883a79bc6f71f5f9d30880f737044e2697,CLEAR,DAYLIGHT,DRY,FAILING TO YIELD RIGHT-OF-WAY,2.0,37.5,1.0,0.0
17033775fe166ff729dc17dc3dcc9dad309bddd8d4a8c085574dd2909d65278bd448f421f839643e8eeb9b8510ee4cfbdc7d49351705360d6647bd870bcfcb4a,CLEAR,DAYLIGHT,DRY,DISREGARDING TRAFFIC SIGNALS,2.0,37.5,1.0,0.0
17037136715d265056a216804c30d33be8b8beee3ecb57eb41c7249cac593e9226ffabaae9f168d2d1fe0b0b0224c84bdae7f8de69a1e86b790d9d3ab6749e3b,CLEAR,DAYLIGHT,DRY,IMPROPER LANE USAGE,3.0,37.5,1.0,0.0
17037fd8de9c890e9a3f4015d34fc712bf60ebfab7b2d06e6a92441528a7061175d5eb89c8a01597d7e637e69a72b09c19b269a7c043a268506fac89280583a9,CLEAR,DARKNESS,DRY,IMPROPER LANE USAGE,2.0,37.5,1.0,0.0
1703b1839bd2a4828e18052c9da31bc26ac9f765a41d848d8731d959e844b58d9080339c815769e8d816c194e3e87175c18e327747275c8b5505c128e432b38c,RAIN,DAYLIGHT,WET,IMPROPER OVERTAKING/PASSING,2.0,37.5,1.0,0.0
1703f394da92590321711afcd7be35d0f64cd95b564a4dfeada183f00abea5978a52cf6c793e0e190746118005930e69a3a7776189e2fdbc6ee9cc9d67b56e30,SNOW,DAYLIGHT,SNOW OR SLUSH,DISREGARDING TRAFFIC SIGNALS,2.0,37.5,1.0,0.0
17044280404b9eec42cecddcd6d42b12b64f408e2443d996602ee3ea88a0a544ec60d827179dc98f7c7ef2c1c2d85dca37f73982c477b0da636295cc6b45ea15,CLEAR,DAYLIGHT,DRY,FAILING TO YIELD RIGHT-OF-WAY,2.0,37.5,1.0,0.0
17045fb03eba22d4b532b2e61424e57e3627767baf8a2bae7ad83644f663ba972a72ed53261d3b1d5979bdb0e3f875bdae302bc976bab787fc1270ad559b7d2c,CLEAR,DAYLIGHT,DRY,FOLLOWING TOO CLOSELY,3.0,37.5,1.0,0.0
170489128388fb895b420431f063fb3ac8e655608042c968a2e8fb946cd04979332db751e1cf76044cec0b62ec2c680f8657935a2fa2d1872906223e47fb118d,CLEAR,DAYLIGHT,DRY,DISREGARDING TRAFFIC SIGNALS,2.0,37.5,1.0,0.0
1704cfa5263c1ff42eba2e7472d8786fb1a3bc1e3432be3a6f70b2b9e6fdc2e506269a71fff7a93283d759bac34b2015c9d8950dbd96a8077d0aed37e08e17b5,CLEAR,DAYLIGHT,DRY,FOLLOWING TOO CLOSELY,2.0,37.5,1.0,0.0
1704d9352362ee1652f736439bbceddecb0adddec50076cdea7e4019cc1231432077a54805125b7b35afd79c2688d12aaaa2e71d25308f4e5883ee5dec807129,CLEAR,"DARKNESS, LIGHTED ROAD",DRY,IMPROPER OVERTAKING/PASSING,3.0,37.5,1.0,0.0
1705077c20e1834103e2e945f3c478c585e162c33f242a30d7fcccff586e5127f44cf72f58e7cc1561606e5ef60dafc361340af62aa9bb0fc2606896dbacbde8,CLEAR,"DARKNESS, LIGHTED ROAD",DRY,IMPROPER BACKING,2.0,37.5,1.0,0.0
170509941f5045003168356e6a6b3ac5e4dc0823eb385cee4b26e60eb403605b6b70fe6eb806fdec776285aaae5a96c97b1038c1bcb4a87f3cbf9510b1ab494d,RAIN,DAYLIGHT,WET,EXCEEDING SAFE SPEED FOR CONDITIONS,2.0,37.5,1.0,0.0
170527576ba43aa33a9afedbc44c7c40e63a7995e068028613c6d46b636bcee5af8cbc24ee333ec51ae77dde81ce9a946b710c09e0a6ea72102164a5cafb4b46,CLEAR,DAYLIGHT,DRY,"OPERATING VEHICLE IN ERRATIC, RECKLESS, CARELESS, NEGLIGENT OR AGGRESSIVE MANNER",2.0,37.5,1.0,0.0
17052f638d71d1a8efb20b071cb507908dc654a7d70e236dfd9eb5b44c4ede1c2e52b711525d6762f39666fea698ee3cedd796f851f39ecf12f6b1a1afa60d42,CLEAR,"DARKNESS, LIGHTED ROAD",DRY,DISREGARDING TRAFFIC SIGNALS,2.0,37.5,1.0,0.0
1705ae6c3b6b8f416b23344682753c7039c5ad66824a6cd1a41015accfa34da4219c50fdbff613ce11bdb49c848db27bfc26dd4164a10dcb611d5cfc96426353,CLEAR,DAYLIGHT,DRY,IMPROPER OVERTAKING/PASSING,2.0,37.5,1.0,0.0
1705bfa0feadf4b55a5ce762aebda1b1a74a92a239157a848a2152899dd41b284ff90ea8f78f6dfca39e621bcba2a1282a9fa2fb698a390ea4806d1979e95d83,CLEAR,DAYLIGHT,DRY,FAILING TO YIELD RIGHT-OF-WAY,2.0,37.5,1.0,0.0
1705e743c13fae82364b027bccfa038fe7dd65380c3052101ce466d399d4df833a97a0598e85e5e78706326d8b48d9a7169ad8aa64b03e8e438dc828d5defc99,CLEAR,DAYLIGHT,DRY,FOLLOWING TOO CLOSELY,2.0,37.5,1.0,0.0