crash_record_id,weather_condition,lighting_condition,roadway_surface_cond,prim_contributory_cause,total_vehicles,avg_driver_age,total_people,total_injured
1705e7d5d7a45bcdac81166d33eddcae9cd79fe7fdf6c8e602f7938138ffcad43abea627ea15da4f84d91c69d372c0af469338ea90f17ec585f0d0ba2f5b43d0,CLEAR,DARKNESS,DRY,DISREGARDING TRAFFIC SIGNALS,3.0,37.5,1.0,0.0
1705edbfc5b91a3d688f6a6fb568ba6287cd0c281c8dec78e8bf1ef091a712d911f06230b63d49d01f0318b9fe6f7e2ba9fd055c7a9b1b12bde531c4e0b83291,CLEAR,DAYLIGHT,DRY,IMPROPER BACKING,2.0,37.5,1.0,0.0
1705eea6cd354f28bbb972c59d154292a6cd9edb754f8fd2739688a36e066480d6df6e7c1c1aad7d7cbc046d4736a32b5a6dd9964c1451201adbd653d3976aab,CLEAR,DAYLIGHT,WET,FAILING TO YIELD RIGHT-OF-WAY,2.0,37.5,1.0,0.0
1705fa735e5e187d1804f95423bacfce88b6451445de5dd51992c344654503eb27fc026fc809157cbdd1a7f4357d8cfd2b201536c16e49791f14a2c24efc3406,CLEAR,DAYLIGHT,DRY,DRIVING ON WRONG SIDE/WRONG WAY,3.0,37.5,1.0,0.0
1705ffb867b4720a1a097261e63b6bef53ca1c92bca8bf69ec7051a98137fe76b2c449aab68c48cedd8ed72f85fe40c829c8e5c9947a52ee604051a5543eac49,CLEAR,DARKNESS,DRY,FOLLOWING TOO CLOSELY,3.0,37.5,1.0,0.0
170619a55d721b7cd859c9817e0d1ee3166d89f82f24d8661d9e93c396f4608d559a447d67c833abdafa997fa174e0c980e493d565c29698006ee9f6ea0cd073,CLEAR,"DARKNESS, LIGHTED ROAD",DRY,DRIVING SKILLS/KNOWLEDGE/EXPERIENCE,2.0,37.5,1.0,0.0
17067886edabafce95c6350509136a6a4e12898d30d7a25f57b83ed1af6bd5d70f40f10f5765b4e42194373a54699a96550857434fe0e51f938402b1ee47b02c,CLEAR,DAYLIGHT,DRY,ANIMAL,1.0,37.5,1.0,0.0
170679d974967785d777fecda1d50cc2a6519901f9ac5cf855d58dda357f8b6891518cf243ca5872c596418793d260c0548321ba80bd9bb8b9ad1d2cfeee86a8,CLOUDY/OVERCAST,DAYLIGHT,WET,FAILING TO YIELD RIGHT-OF-WAY,2.0,37.5,1.0,0.0
170687d8a36bdc7c68e82ee36d354d8fa51089b13c8f574202ffc0f6be87c08006cb5be24524f6b4df11135037845d1e6f8b43ebd10f5d653ff0d83776f0ab21,CLEAR,"DARKNESS, LIGHTED ROAD",DRY,IMPROPER OVERTAKING/PASSING,3.0,37.5,1.0,0.0
1706983418e5b943a1dba14c77e2927bbb98c01583d5d670f5fc567a7e76ad05d9bd43ff7fcf5224a4c74e760659d01d64a9418789466baed56d5d9d6fda1210,CLEAR,DAYLIGHT,DRY,FAILING TO YIELD RIGHT-OF-WAY,2.0,37.5,1.0,0.0
1706ab9896615dc46f8d5a00491fdd44673661b1a46f5e96767fe76cca509fa74b43e59a90d699dc99a74b6164b06ceb26301e1e564a02168d2cae4830d8f86a,CLEAR,DAYLIGHT,DRY,"OPERATING VEHICLE IN ERRATIC, RECKLESS, CARELESS, NEGLIGENT OR AGGRESSIVE MANNER",3.0,37.5,1.0,0.0
1706b34609b645b5b9f3cb2fc7fed68333e69918cb182590b761d36ccd336d6dc56aeca0104f2c814fd563e71afd4e8c2e1427e27bdf5f0eb9e4042ca997fdf0,CLEAR,"DARKNESS, LIGHTED ROAD",DRY,IMPROPER LANE USAGE,2.0,37.5,1.0,0.0
1706cea231007bc775785df28526af33e9d180e35e9ca303efdeacf39f2158773dcbf0434383852aaa1be0155174d5777b549b26cac3c98379ada18fb5830797,CLEAR,DAYLIGHT,DRY,IMPROPER BACKING,2.0,37.5,1.0,0.0
1706d8432850d9c26eb2420aaa32c58c98ba3274d20cfd6e97dd49268f42039cd828fd3783a4cd763582228a001ed1a48fd4d5ea2662fcc850e05123c972d00e,CLEAR,DAYLIGHT,DRY,RELATED TO BUS STOP,2.0,37.5,1.0,0.0
170712d1f48095676c8722139f88c42beb85b9175bb554a2a325a1d754d4e0f1ffec9ad5798fb4063c30b626ccc761b0847566fece800f1b34c179a54c75464d,CLEAR,DAYLIGHT,DRY,FOLLOWING TOO CLOSELY,2.0,37.5,1.0,0.0
1707146cfa20f7db56b8d30e6e5e4a3683eeaf8b2bb6ed85c77500ab0556891acd0337929676ac5d50ccbd5035061018098cb51233e859100802ddde0dc89d6f,CLEAR,DAYLIGHT,DRY,IMPROPER BACKING,2.0,37.5,1.0,0.0
1707397be8588915dcfe9e2289c86c8b6b8531afed4ee842013388cfbdf5ce66809de7ad35aeb4eb20703e49e2d31e0da2040b8fcf7c340ae3688e72203b57cc,CLEAR,DAYLIGHT,DRY,FAILING TO YIELD RIGHT-OF-WAY,2.0,37.5,1.0,0.0
17073d8321355bfd575fac31a824ee978b65fbbd6f065f2354896d4453191b2ab967cbefc6c8223a312054fe3f954e08ac8f9ef65937546463c5ac60f62031dd,CLEAR,"DARKNESS, LIGHTED ROAD",DRY,FAILING TO YIELD RIGHT-OF-WAY,2.0,37.5,1.0,0.0
17074fa528c7acdc7dbc0bd4f736731d4075cd94e4da50d21eefdff6f74d2c75f2c243971bd44a12f4aef2a5f24449b9f95fa9af53acc5b688a79e03527fb0be,CLEAR,DAYLIGHT,DRY,FOLLOWING TOO CLOSELY,2.0,37.5,1.0,0.0
170785d92e777b9544bf2344bee61c8378ff1dc37654fb8ed70b7c5937c17d9b1b781f4f6086c8f4afc094705e6af1ebee5153c82067830849017e1d17a6cab0,CLEAR,DAYLIGHT,DRY,IMPROPER TURNING/NO SIGNAL,3.0,37.5,1.0,0.0
1707c9690aa7333cf0997f8e36f520ff3e269b36cc9d7b6f40bdbc1d752f33532f7f81f561f37326581714cd8696e5efbfd34918959812e763b9b20a8a8cedef,CLEAR,DAYLIGHT,UNKNOWN,ROAD ENGINEERING/SURFACE/MARKING DEFECTS,1.0,37.5,1.0,0.0
17080243b3cb26d83e36c66b8d33b8c2d2f381e604017f247015883b7e8991e5f0f84e74ab1e14a4649174f277f0102063991e41209edfad5904b78f04f645d3,RAIN,DAYLIGHT,WET,IMPROPER OVERTAKING/PASSING,2.0,37.5,1.0,0.0
170847e0bdfb1c72c32c796d5506e304b5babcc9095641008aa274e098183c229c368dba0ceee154f850efb0d3586d74b8a5fcc190fd41acdd8b6b9f6e35cf28,CLEAR,DAYLIGHT,DRY,FOLLOWING TOO CLOSELY,2.0,37.5,1.0,0.0
17087528fcbe7b6f005df068ade6017b405499adee0611262471b6bcf6df59338ae0d2daa2fb277e35876094e45461072593735c61a52edc2c3fb98a12c38c9c,CLEAR,DAYLIGHT,DRY,FOLLOWING TOO CLOSELY,2.0,37.5,1.0,0.0
17088b19e5382696d8e99033d7721bb2f1774c82eb185b616b86fc5229733920834b5537b95f3535f746ce33bbc0f41cdf715fcb850b37eeec25e8bf306cd899,CLEAR,"DARKNESS, LIGHTED ROAD",DRY,TEXTING,2.0,37.5,1.0,0.0
1708a913a6ed4986157a113bf7b801ba4095fe704ff0df2c68e6f0f7e6a3dd483d4e73357e788b2ae5cb564a822df38923436b16b8c3437c096118f6606da159,CLEAR,"DARKNESS, LIGHTED ROAD",UNKNOWN,DISREGARDING STOP SIGN,2.0,37.5,1.0,0.0
1708ac009bdde7494c090c8045b474dc5551a5bf0fab95f710b2f7f0ba0c597b43cdf61e18b84c54aa50c0153a17dda21d91ec8bc7d3bbd49ddf3227ddadf097,CLEAR,DAYLIGHT,DRY,IMPROPER LANE USAGE,2.0,37.5,1.0,0.0
1708ef4c0a4bbf5b0c843ea633d7f48afda701bb0546e629e77ad9609fc9ec5661ec4b4a2a039b1ff06a7f27af67ca5432da47e1e8e6cea70a828ba5d6199fcc,CLEAR,DAYLIGHT,DRY,DISREGARDING TRAFFIC SIGNALS,2.0,37.5,1.0,0.0
1708efab9baa3ce9b92bff16a6cafb39a19dc497a57f33c1f55683b1fd09a923cdd0ea16fc054c4ef6aa709196bcd2771291225971fba0e6a15efff6bde33fdd,RAIN,DARKNESS,WET,DRIVING SKILLS/KNOWLEDGE/EXPERIENCE,2.0,37.5,1.0,0.0
1708f516c3fa3ce70fc51516c3f95098096fa4e183884b86574e8565cd55c16ca3f31ce727c709a752b9abbb8fbe4fd3467cf9d22d245d8447a6d04f668bcced,CLEAR,DAYLIGHT,DRY,IMPROPER OVERTAKING/PASSING,2.0,37.5,1.0,0.0
17091b8d02ddeca511c13ad8dd4f3e6a359f8a4266793af7964cb66868c83564778767ac57b70b565647aa2ce90f3f4e9a194d9326c980b46e876da9d45c69db,CLEAR,DAYLIGHT,DRY,FAILING TO YIELD RIGHT-OF-WAY,2.0,37.5,1.0,0.0
17095a501e8f2846cbf88229180105471b3a731502f5539548103f4ee530e64592c1e715d022ee94596e248d2ca4404dfeabfb90f95a6ab2264abc3094ef0ace,CLEAR,DAYLIGHT,WET,"VISION OBSCURED (SIGNS, TREE LIMBS, BUILDINGS, ETC.)",2.0,37.5,1.0,0.0
170974d1ee74e95dc5ea441e3b7f97dc4270f3cc5565f17d81db175356bccb0d9ccc618f59fc7d182e95b7408de894e3084515b03edacec28e3d79cec3b3b412,CLEAR,"DARKNESS, LIGHTED ROAD",DRY,IMPROPER OVERTAKING/PASSING,2.0,37.5,1.0,0.0
170985ad32f17e71fbf40deef4904773efc2bbb590faa66e5641df142a62a6989d88661cd399a4e463443505ee3a890ff91c58499d85e628d4f8deb1e9832068,CLEAR,"DARKNESS, LIGHTED ROAD",DRY,FOLLOWING TOO CLOSELY,2.0,37.5,1.0,0.0
17098d493a11a6118107e76f5f677df0f44e54341db926c75a808dca61a267e5950d0b691121f53e26177a677fa250f5de64b2944e5fb1885b2764d9324bb4b7,CLEAR,"DARKNESS, LIGHTED ROAD",UNKNOWN,FAILING TO YIELD RIGHT-OF-WAY,2.0,37.5,1.0,0.0
1709b0150895e734373f2e0c88f5c41fb92312a7289ac59ba6576465f3aae591a89357f83d6f669bec4bc2a3ffef2e3eb4d6b72c27f41800af37d401167882b5,CLOUDY/OVERCAST,DAYLIGHT,UNKNOWN,IMPROPER BACKING,2.0,37.5,1.0,0.0
1709d652c434f50980dad8ec453322e9e4b5d3b5deff9250b88afb910610eb46d9a39c81a539ec225161c1b5d172d76f77e888a5767c96e6573e31319f4e083f,CLEAR,DAYLIGHT,DRY,FAILING TO YIELD RIGHT-OF-WAY,2.0,37.5,1.0,0.0
1709e126d266a0f8a2d6d8597e55cc976d71346da36ad298d5eb7d2c8160fce965030c2bb785ff6678d9c75cc10561dcf93a59b59ee5687d5c3d796a1dd228a3,SNOW,DAYLIGHT,SNOW OR SLUSH,"OPERATING VEHICLE IN ERRATIC, RECKLESS, CARELESS, NEGLIGENT OR AGGRESSIVE MANNER",1.0,37.5,1.0,0.0
1709f7f9e4cb1b9b680b8e2e5fa19cc47c6444b8c4bdff6f9613aa00e32044a371446310d6d9f262873f29d525fa87ebd82b333616ad3d1c9a5fbf5752aab8e4,CLEAR,"DARKNESS, LIGHTED ROAD",DRY,IMPROPER LANE USAGE,2.0,37.5,1.0,0.0
170a5e30f188843534646db0bafecf0fdefe20293658bd46b7d3f9a9d67e850a996a4d11a2e83c407ba41f9f1c5a6a3933f8338ebb698a4106b96fd1566d722b,CLEAR,DAYLIGHT,DRY,IMPROPER OVERTAKING/PASSING,2.0,37.5,1.0,0.0
170a67b9be3acdcd01fc40f9fa29ac623f7edb7d3b6374f3f9700e07d91d3c097bf6af0a8d80de7ad5c5ef83c5d4c68312224627b1c5e0be4bf66725aa1e8499,UNKNOWN,UNKNOWN,UNKNOWN,DRIVING SKILLS/KNOWLEDGE/EXPERIENCE,2.0,37.5,1.0,0.0
170aa4d93b9a4026f4cccd1962a68251084acc7d54b792d23baa9092930b6a70f14a2bdff43a9ed88cbf630acbb8f615f910545096a68e6b7706ce63aaae7099,CLEAR,DAYLIGHT,DRY,FAILING TO YIELD RIGHT-OF-WAY,1.0,37.5,1.0,0.0
170b20ae7cb6630b8c644e606bcfdcba275f4c7a471438d44c34a1e9a6eeee3cc237a62a54a549455733a4b9ce2191f77174808460cd7cd481434657a708a6bc,CLEAR,DAYLIGHT,DRY,IMPROPER OVERTAKING/PASSING,2.0,37.5,1.0,0.0
170b3626d441e112fcfb4801528e432dd134672696f3340e2cd5a334323317338183026775a3d0197980980439d99d4d09653771f3da9d929f2bc4c2992676e4,CLEAR,"DARKNESS, LIGHTED ROAD",DRY,UNDER THE INFLUENCE OF ALCOHOL/DRUGS (USE WHEN ARREST IS EFFECTED),2.0,37.5,1.0,0.0
170b45d66812824e853580d6a54b63ac06930ecbd8605234f7e17790670fa540b01bf7614463ed3ed5fd9e34add302004cf2e72891fef02372ec12cd784a19f7,CLEAR,DAYLIGHT,DRY,IMPROPER LANE USAGE,2.0,37.5,1.0,0.0
170b529b3f9274b31a5eac38a856e3c6bc18b906c8ddd3b134a9fab5fdb99f61aa7fe47b8c8923196ffd73b78d7b37b94952ff53b6b6ef760de87585364c1354,CLEAR,DAYLIGHT,UNKNOWN,FAILING TO YIELD RIGHT-OF-WAY,2.0,37.5,1.0,0.0
170b79514c4b5f220e94131ed79ffed80015d019e596a03e43c16280c98a6503e24a141af142d975a1b01a7ec551be359913dae50c459fba609d0e9454802bdb,CLEAR,DAYLIGHT,DRY,FOLLOWING TOO CLOSELY,2.0,37.5,1.0,0.0
170b7ea26606db5c23c549ab4c864e52107c63a48ff50e85d61c675fbd481d0933a01abc02e82c47eac6487dad0add03f2c75d21ee66e0ab260f01a0a1033dd9,CLEAR,DAYLIGHT,DRY,IMPROPER OVERTAKING/PASSING,4.0,37.5,1.0,0.0
170c07aa1ee75cf5fccf54b5ba6b61dace4a46bbd0bceaa1b3b54d56896049d87184d74ab52a969f2a312a927d286d090b97b955e8f441d2380225d92527e75a,RAIN,DAYLIGHT,WET,FOLLOWING TOO CLOSELY,2.0,37.5,1.0,0.0
170c1919aa20d544f2ae4895f16aa60fa5cccc9e9ef84058201b45c19c76ad5cc37c416ea48ede880395432d90af2944c91e8467e15a1c634a2c9371c58a3166,CLEAR,"DARKNESS, LIGHTED ROAD",DRY,DISREGARDING TRAFFIC SIGNALS,2.0,37.5,1.0,0.0
170c2a91b1f53fe798f138ad27b3b3185f1cc2c4adb01a0dadf69105eea706670757b87dd660362cc335bf2fb6dc2df3f83c49a50ab5d1895a7e68d531430100,CLEAR,DAYLIGHT,DRY,DRIVING SKILLS/KNOWLEDGE/EXPERIENCE,2.0,37.5,1.0,0.0
170c6b9052d6ae0ecddec68d79c6dbb3f509246a75de61b7371c02c565bac281f1515e363887a3aa622681fb46cf38eb9b987237856eef44908007a339a0b4fb,CLEAR,"DARKNESS, LIGHTED ROAD",DRY,FOLLOWING TOO CLOSELY,3.0,37.5,1.0,0.0
170c781f3ccb1622f9f830daf8a95f448d932cf6360bb1ad9605f205a2863031877decb2d68128402bea3f6f6790d698596a51560e161767d7d2078e22729b85,CLEAR,DAYLIGHT,DRY,FAILING TO YIELD RIGHT-OF-WAY,1.0,37.5,1.0,0.0
170c7f5dcd528987d05c47c88daf89cc7edaf9aa70852259ca528ee9063c88ad6e2985a544f305aafb20ccf4d21d18a622d7c7e608747a2df28d75a46424d7bb,CLEAR,"DARKNESS, LIGHTED ROAD",DRY,FOLLOWING TOO CLOSELY,2.0,37.5,1.0,0.0
170c849015c2acda92804acfa2f773cb01c59363d29153e05f6991ede30b82682080756e644d20a110610edc878a68300e8c9a115503b3660d374f25ad507fb1,CLEAR,DAYLIGHT,DRY,DRIVING SKILLS/KNOWLEDGE/EXPERIENCE,1.0,37.5,1.0,0.0
170cfe73b0bd35246354bca435780fbde49b1eb8f4e4be4a7a00d1eab26b023cd6a70c4cf8d01d036148c756430c1dac13f77330ebd87d870e9120e64d2487af,RAIN,DAYLIGHT,WET,WEATHER,2.0,37.5,1.0,0.0
170d0a7ced8f7fb5592e8abe55ff15bab14088982123fcf4ce768bbf285f3bec84cd06767d5c3ddd191bfff873bd0bab6821a9dcb6c3301f072c71c6d0133449,CLEAR,"DARKNESS, LIGHTED ROAD",DRY,IMPROPER TURNING/NO SIGNAL,2.0,37.5,1.0,0.0
170d3f7fd01560c3217f52a2a124a05fbd1af8b154235167a64bf6c5cd2a7e878d47eb29bcf420d226e3e2305d209c26fc28a4563155f29dfc0dcb1917677ce0,CLEAR,DAYLIGHT,DRY,"EVASIVE ACTION DUE TO ANIMAL, OBJECT, NONMOTORIST",1.0,37.5,1.0,0.0
170d42b4f15cd3dcdc13b75ca515d54511acb054f4e4bb2bb72f4cf025fe1195c21d47f44885f4889496fa5005f66f56940f27a8e54501cdd27e3de8d8c8077c,CLEAR,DAYLIGHT,DRY,IMPROPER LANE USAGE,2.0,37.5,1.0,0.0
170d5cecb05d02d938c77d08d4f00d8430c3b911db5ea3c5eb39553355753d24489aa183cf0da6ddb2cc399fcaddcd27825a43aabb8cf93a4dcc89b28470f627,CLEAR,DAYLIGHT,DRY,DRIVING ON WRONG SIDE/WRONG WAY,4.0,37.5,1.0,0.0
170d6ca8d0187ab8c7eefc9284ea6933f3e1856f275c036fd570de6c13b4f8c8342d876ab60bde2fd718f5253b036de8e86da991584ccbbd224c4b89186f3c90,RAIN,DAYLIGHT,WET,FAILING TO REDUCE SPEED TO AVOID CRASH,2.0,37.5,1.0,0.0
170d71010607ec5a5cd9f8f91c5bb7f7f5758d5346d9be13858da343f829208c6da5ac430cf04075ea3fdccea4bebcae70f0a090e3a835b6c0f07f2fe8aae288,CLEAR,DAYLIGHT,DRY,DISREGARDING TRAFFIC SIGNALS,2.0,37.5,1.0,0.0
170d9f9472be7af4c3ba4e0d944f94e64c82774714b660fa7af4a4c6332f5f35ab792725b479e1d7c4fa65cb8a8a179d2fd8626409ed203ba48cf376b04ad3d9,CLEAR,"DARKNESS, LIGHTED ROAD",DRY,FOLLOWING TOO CLOSELY,2.0,37.5,1.0,0.0
170da1535d734e8b4cd384cbb45e0fe834149cd1d0eddb66d8b23e5336d7a06b1b7b50729430b42b9542bce8d9019f0c63cee96d449b9df73f8a44326a16cf9e,SNOW,DAYLIGHT,ICE,WEATHER,2.0,37.5,1.0,0.0
170db225f9ab9ddcc9604ac9c35146b5f94c132d63a24c710e997b65415858a880fab8b49889105e5103a7e3ffe6e82f0f6843dac1657bc9d4fef6a71e5a6d1e,CLEAR,DAYLIGHT,DRY,IMPROPER TURNING/NO SIGNAL,2.0,37.5,1.0,0.0
170dc634847dc27f5ff2d1c9d8e57bde9d42f480484f56cbf2493c57ab8f310eaa99e3a169b3ab315de0dbda12ed8e05341c27419a671a94b989f03388e72222,CLEAR,"DARKNESS, LIGHTED ROAD",UNKNOWN,FAILING TO REDUCE SPEED TO AVOID CRASH,2.0,37.5,1.0,0.0
170df9c8fe5cb70c1ec705ad20b042d29ab6f77bea9607f7c131b6bcbcf6cf0fac187a4eec67e8fda610d8483ba236aac54eed3483415671c729aa7d320339d7,RAIN,DUSK,WET,IMPROPER LANE USAGE,2.0,37.5,1.0,0.0
170e18d458a98a38132f7bd624559cd29eb84902ab6a04d2ee786903414db74e38df2d1e3b5b8e2929f6a1082b0b681025c9bd1f282b0690c7803106d6921d12,CLEAR,DARKNESS,WET,FOLLOWING TOO CLOSELY,3.0,37.5,1.0,0.0
170e3f36c42e377b486a7340b21f354fa5f1ff2e19b688580b2745bf7c0780993c7f47e0ffa5dc95b7c96fbc7faa26d4a8f2bddc6466f944c2552c9f7e65650c,CLEAR,DAYLIGHT,DRY,FAILING TO YIELD RIGHT-OF-WAY,2.0,37.5,1.0,0.0
170e60f4a20c0a03345a51cbc6cf495a94308a74465e5ab430167e6732899199dcbea8db7dd6d20ae93bd1865053ea77d061c40b74324f3f22cbae7ed3943cc5,CLEAR,"DARKNESS, LIGHTED ROAD",WET,FOLLOWING TOO CLOSELY,2.0,37.5,1.0,0.0
170e6937eaa8b827c67451670891624746922479f05641bc3c05e2e9f186b8ea9c8bb2c240042a49fef58283bc66c17ef08c7def2a0f19c344e2fea47a85a910,CLEAR,DAYLIGHT,DRY,IMPROPER OVERTAKING/PASSING,3.0,37.5,1.0,0.0
170e7e6850ecef3d79140a47f88c00a1000809bf67b13bb0a9791412fe97fc80a8da579587100a2034a405dc0027305f5378ed443fc3fea3347de8cd83a4da9a,CLOUDY/OVERCAST,DAYLIGHT,DRY,FAILING TO REDUCE SPEED TO AVOID CRASH,2.0,37.5,1.0,0.0
170e94fee06503ac61f3e5d9785c4e833d5ce96853ee9fe7f53138dcd0be90df7e487583288b0463cf263e44d28525ecb914a1b2f05bdb2d12ada1a177acce39,CLEAR,DAYLIGHT,DRY,IMPROPER BACKING,2.0,37.5,1.0,0.0
170ed085aa98168430b281a9fadd48a900307383d662d586cc33af0cdc273f9cdbf52f6182f2897fd9b8f3385e0b04cfdd3c8998528ea44713a35e0018430efb,CLEAR,DAYLIGHT,DRY,DRIVING SKILLS/KNOWLEDGE/EXPERIENCE,2.0,37.5,1.0,0.0
170f47e8c64083a707e417fd430899c800e284241758314b5b89b3a6c4b00419b1ee6fd98cf22e2102062d227c85c1c71c1381d1f9a23fcbd4facf8fce3f075c,CLEAR,DAYLIGHT,DRY,HAD BEEN DRINKING (USE WHEN ARREST IS NOT MADE),1.0,37.5,1.0,0.0
170fa9069c0617151085b8fad681b1823984720cf9b91efdb40b55bf36a59b8355614ffd91ab1b4c2e9deb5af5ca94b1d739a28a58bb8eb3b55bdca690759b38,CLEAR,DARKNESS,DRY,IMPROPER OVERTAKING/PASSING,2.0,37.5,1.0,0.0
170fb1bdb3ed2a9233e602276f807a1898e136ff1ea8632aafcdc919220ad5e2d44c2068fe0aeecb32569f292148e5b70f983461a71660f15f6b3ad662dfe2c7,CLEAR,DAYLIGHT,DRY,IMPROPER LANE USAGE,2.0,37.5,1.0,0.0
170fc817da131d45415cc534f22bc65804e4169a603b14770c51ead0e0e4e1435735b07dda4a926da14eeb03b5645daac20383622f87af2faf7306bcd401fe09,CLEAR,DAYLIGHT,DRY,IMPROPER TURNING/NO SIGNAL,2.0,37.5,1.0,0.0
170fe53c1c0668ea6b7c073dfd2bcec802902024802e9653cb7a2c5b96ba1d0ce0986a8027219e9ca50ef6d460b983194d3015fff202b67148ad9c7d8f0f1f74,CLEAR,DAYLIGHT,DRY,FOLLOWING TOO CLOSELY,2.0,37.5,1.0,0.0
170ffe6998106513e79e700d7e226e5f957efdae5a21c8e56c26c665b6078bae15744f82ca64f25c3079c3cbf49dbad08965a74c0005f67b8ae4a3b7e3c1a023,CLEAR,DAYLIGHT,DRY,FAILING TO YIELD RIGHT-OF-WAY,2.0,37.5,1.0,0.0
171007d33c315a79414fb8a122495de4097a9b972e38886751cde96a3f53a27b8f742db946c8a86d3915ff48563b0c0732fd7beacecf4ed14ff4ed01cb7102ae,CLEAR,DAYLIGHT,DRY,FAILING TO YIELD RIGHT-OF-WAY,2.0,37.5,1.0,0.0
1710133626b453e8c3ead7dbccf4b4969f4550b1e2506c5dfa72dd845e769272ae21566b7919fba7c29485377d42732ec8c1f36f70992148ff71acd32f34ac2d,CLEAR,DAYLIGHT,DRY,FAILING TO REDUCE SPEED TO AVOID CRASH,2.0,37.5,1.0,0.0
1710867a02de76eb697b09ae2975f7cb727b944dbe97fc9261cbd9658ac7c253c06310d1c6e5ea629a2037518b872c0eb8211fe6cd4344fccc6e1ff88713b15f,RAIN,DAYLIGHT,WET,FOLLOWING TOO CLOSELY,2.0,37.5,1.0,0.0
17108edc9c4724b4ff7b51a0bd86dd6e745cdbafe8700b00efd3d228b8a8a63b561c76dc324ff48db5a5f5a36e66e0c7266971936c2f5343ec388b753f262c52,CLEAR,"DARKNESS, LIGHTED ROAD",DRY,FAILING TO REDUCE SPEED TO AVOID CRASH,2.0,37.5,1.0,0.0
17109aa67bc0768fd37011f87e609156944e6d2cbb561b37ce7820c6f331f493a1848cb4abb8934d19639387f708c0d5632939b3bc75d4ceb6d72aa89908f223,CLEAR,DAYLIGHT,DRY,IMPROPER LANE USAGE,2.0,37.5,1.0,0.0
1710ec29ab3c6ac83ac4e7b84ea13b282e93d5e10ef3b2a434e0c8683c30c35986077116a852051ae2dc350fe860945a935204595e63e52be754734117aa87ff,CLEAR,"DARKNESS, LIGHTED ROAD",DRY,FAILING TO REDUCE SPEED TO AVOID CRASH,3.0,37.5,1.0,0.0
1710f39966c80afa23eb04e6ce0fb501b5681a63765ed9125709ad500ee2aea424ba57ac79f3b2cb2ef84e441dcfb2fd2080593d2a204ae1cfe7e37a8196ab42,CLEAR,DAYLIGHT,DRY,FAILING TO YIELD RIGHT-OF-WAY,2.0,37.5,1.0,0.0
1710f3b927fbdcf9e4fda727c4b06976a14e4f6df233fdfb8ddcebedab0c4b85bcae24a7f0ee698564e3a718f4b1edcd6472df4f17e383f3d8abbd86b83eab0e,CLEAR,DAYLIGHT,ICE,WEATHER,1.0,37.5,1.0,0.0
1710fa8fd367b35bcc9202ea5fd0e3ff856a6d4f5936f679eb176d463a2ffd2385ed76091ac75db7104e4e6d855525844e8a07d27e9f59547001996d0bfd9c24,CLEAR,DAYLIGHT,DRY,"OPERATING VEHICLE IN ERRATIC, RECKLESS, CARELESS, NEGLIGENT OR AGGRESSIVE MANNER",2.0,37.5,1.0,0.0
1711045265c0782f09fedf4c51b8b739c680ba0265793e4fb48d2f97bc0ae9d5ec1537c853f909358f9ae48b2afbb1d1658948c25907a2eb67e5ad328dc5a557,CLEAR,DAYLIGHT,DRY,FAILING TO YIELD RIGHT-OF-WAY,2.0,37.5,1.0,0.0
17112c2db85fc55975bc583bd7b8886d18b1880b8fd905f4fe8bc8b2c91ad6f53672ce9d76f4fd2cbf4a0b6c04616dca0cf517cac72ffe8005b7bb4f3d4bf979,CLEAR,"DARKNESS, LIGHTED ROAD",DRY,IMPROPER TURNING/NO SIGNAL,2.0,37.5,1.0,0.0
17113656fbf1cfd163ea886d903f4d0b1f010f8a25df79d90ded2ebd07a6b218da84620ae6f806024c2c605ba0a9c6ef3d8279c706f985823574b89c9c568adf,CLEAR,DAYLIGHT,DRY,FOLLOWING TOO CLOSELY,3.0,37.5,1.0,0.0
1711909a40b0f106c0c69dc2f0e962f9db618eb2394cf0d03eb6a57383c6518e0cf0f8a1ca251e1b772dacab9fc8bc32185409d1560d3c445ea112688a8529f2,CLEAR,DAYLIGHT,DRY,FAILING TO YIELD RIGHT-OF-WAY,2.0,37.5,1.0,0.0
1711d17e2eeb553e38c693e9c4732a50ed41fbc78b7dd3ff9e6468722cf051a83ea86589e3b9c6934a0eea16e86f50557249aa68004816ddf89a121e22ffe969,CLEAR,DAYLIGHT,DRY,EQUIPMENT - VEHICLE CONDITION,2.0,37.5,1.0,0.0
1711dcc62cdb65dc3871dfb9e719f451d6d29a7459182f786d3e895ae12310e30fedd47afaefc48602fc834e5aeaed4c49e718787bca77bcd9f0c33fb9037887,CLEAR,DAYLIGHT,DRY,FOLLOWING TOO CLOSELY,2.0,37.5,1.0,0.0
1711efe65a004951299e531f54d3609a2be58f160e5b6221f2ee697494d40bd86de8990dd5a01804d65d4a2f2d132f1f6aefff12e139f1e8d0bf21d940bba784,CLEAR,DAYLIGHT,DRY,FAILING TO YIELD RIGHT-OF-WAY,2.0,37.5,1.0,0.0
17121ee68343ad685f65491b87fb882c1b410ee9c8bd7e42efd43278b2a54c8fad50b4f0801b1e2a813926fcbe9a252d80f78310d62167de76030ff04d287c7c,CLEAR,DAYLIGHT,DRY,EQUIPMENT - VEHICLE CONDITION,1.0,37.5,1.0,0.0
17123f0293925abe53ad4c64fc2b609209c48223e901432515ca7996003e8a6f618e020c8f86dfebe8bc03e619be06b3d2999b966571d05efb4231a0b87c9708,CLEAR,DAYLIGHT,DRY,FAILING TO REDUCE SPEED TO AVOID CRASH,2.0,37.5,1.0,0.0