crash_record_id,weather_condition,lighting_condition,roadway_surface_cond,prim_contributory_cause,total_vehicles,avg_driver_age,total_people,total_injured
17124954dc13b41c84d754a73dbb51163bc879ac3e1d6397fb1343a977d0e461dfbcedae8fb4a10c094b20efafa58a3dbb90ec715ad0ebf1ec7eb70191e3cdef,CLEAR,DAYLIGHT,DRY,FAILING TO REDUCE SPEED TO AVOID CRASH,1.0,37.5,1.0,0.0
1712736fc3944268db861c0be19e8ebbf48f6a027d2f3614ea6784d6ab678cba63a6d6b0c82133e4867f06e6c8e0815029bd93e93cab7bca447b95cf3271ca55,CLOUDY/OVERCAST,DAYLIGHT,UNKNOWN,DISTRACTION - FROM OUTSIDE VEHICLE,2.0,37.5,1.0,0.0
17129d065613fd22bfce53049d1f413137cd272d65ff91062f1473887e7d26554b13225e479369e41eef4f2f5dd333d3a60163dd1fe896eb2ab3e7af12185b51,CLEAR,DAYLIGHT,WET,FAILING TO YIELD RIGHT-OF-WAY,2.0,37.5,1.0,0.0
1712c44939163d3c6663ab52f6656b66f98b39f7019f382eff55c667697d3d1afcf1356f5b564405cfea4b4df29cd80f9f944b3da7f2b028ca5468b6c5e23e24,RAIN,DARKNESS,WET,DRIVING ON WRONG SIDE/WRONG WAY,2.0,37.5,1.0,0.0
1712cccc09175702a82b2a269abc4523c3a05990e368d274167f85ae3f5178b93e298f7a0b6af0a2289fed7454f2e262753b72ce7c97dfac986c21955355cbff,CLEAR,"DARKNESS, LIGHTED ROAD",DRY,FAILING TO YIELD RIGHT-OF-WAY,2.0,37.5,1.0,0.0
1712d6b8bb7309715b1c656139f8dc1ab39ffba55213f1f6743696c84dcf23a1c66907d4d45ebf29defe073ce47092a221230b529e2f2bc82fb7ff07ef07f2fd,RAIN,"DARKNESS, LIGHTED ROAD",WET,FAILING TO REDUCE SPEED TO AVOID CRASH,2.0,37.5,1.0,0.0
1712e282dc6c1035fd76b4bf95a7f843ad5f832c50bfd582c7fb4fc51a49858782d70c9337cadc13e9be0b89e52af9ffc9bdb3b08fd0b86bf399df7f9be00ad9,RAIN,DUSK,WET,FAILING TO YIELD RIGHT-OF-WAY,2.0,37.5,1.0,0.0
1712edde69a5b8ded2278aa2d38c6280c79a774130aa5e5a970d9e6b141405a2a62516475bca8f3b8c0ff9e2df758c18507762d95349853998d17d182cc7e1e9,CLEAR,DARKNESS,DRY,FAILING TO YIELD RIGHT-OF-WAY,2.0,37.5,1.0,0.0
1712f4ea6ea6ec9bc7d00eddc62eff4fe5feb581b76860af631fa15c71d94b91e50c04d1cfae4e5a7c96105259ffbb07867e18dce25498c4ff5ad02509d12b8e,CLEAR,DAYLIGHT,UNKNOWN,FAILING TO YIELD RIGHT-OF-WAY,1.0,37.5,1.0,0.0
1713011094c6c6073fcfdd387ec01397a16c7ba96ad95d594427778534ad3a8d2389568ea0af02035a6e33a350ee6be655fe66477452e386a85e3c5c039f065f,CLEAR,"DARKNESS, LIGHTED ROAD",DRY,DISREGARDING ROAD MARKINGS,1.0,37.5,1.0,0.0
1713040f30c1701eb71b7bfedce49708e0a23617cbd1e7dc6bd7c512bcab786fe74e7dfa8c6983605c95c96286dc530203dc9ce648a7a93e522367f18e669a36,CLEAR,DAYLIGHT,DRY,FAILING TO YIELD RIGHT-OF-WAY,2.0,37.5,1.0,0.0
171314a697a797bc3795bd4fb11cf0da667b2f80a313adc0ba98669e0b0307c1a4c31a4b5e6a4a3d980497d506e24288476a611f06558b90c1a12571e04f2e47,CLEAR,DAYLIGHT,DRY,FAILING TO YIELD RIGHT-OF-WAY,2.0,37.5,1.0,0.0
17131c0c8e3c3997cc87da88d17b6a10f4e3a5bb7fa9ea4856c13b35a27c6f2c35eb91c33ea8964ac06ade7f9ce75c9edc6d4c3848eb8a5bec417a9d8a649b14,CLEAR,DAYLIGHT,DRY,FOLLOWING TOO CLOSELY,2.0,37.5,1.0,0.0
1713236859ca4590301e146914776920bda168b99f98796b3fc088ea42c74139aecf997bc987f6513cc292a3058735407f7ab9c1b06cec2850444f0198847241,CLEAR,"DARKNESS, LIGHTED ROAD",DRY,FOLLOWING TOO CLOSELY,2.0,37.5,1.0,0.0
17134265dbb602fd94302ed867b91fc61c965c749c68cef7e44a1eb63efd3ca74095de6be205541b30d29f00b8fd8930b859ff9746255cff80d179dc2e65b3a3,CLEAR,DAYLIGHT,DRY,FAILING TO YIELD RIGHT-OF-WAY,2.0,37.5,1.0,0.0
171349b813d5ece2908eee8a16e0736482e3490b09eea53f18f07114d8a686e64c17446bab9389fb26c0d809f42af62ad3fdb007eaf3217277d4346586adae57,CLEAR,"DARKNESS, LIGHTED ROAD",DRY,FOLLOWING TOO CLOSELY,2.0,37.5,1.0,0.0
1713633c970dc7c9d717b1454e9a584c02d700251a529584e2fe8d49bf42d864b22465c57943fe38bceb8f56c4411e81be5b6674ab29a04ce76f055f5f7796a4,RAIN,DAYLIGHT,WET,FAILING TO YIELD RIGHT-OF-WAY,2.0,37.5,1.0,0.0
171366c42add895226dfb4bed323439516384609e694a6c455c197ea5041f9f49c94b8c4f4f28eb8cab9c68e6d4f136ac3917ef6706edb4f8c5d6695d5273b4d,CLEAR,"DARKNESS, LIGHTED ROAD",DRY,IMPROPER LANE USAGE,2.0,37.5,1.0,0.0
17138f23df688f6a8ce2197439b533af6cde2338e7cade1a11d42b9fc7c5d757ed7f3c64eaefecbd6542ff2fa74daacee3397e9fd4f1ab85f3714dbd6d65f9f1,CLEAR,DAYLIGHT,DRY,FAILING TO YIELD RIGHT-OF-WAY,2.0,37.5,1.0,0.0
1713a04314f15e536549c9a42c9038f60f6573416190638d06d5733d6482aa93bb4aee4b0b0371ed2f821e190de65e30e5353cf1767eec85303722f66eac137d,CLEAR,DAYLIGHT,DRY,FAILING TO YIELD RIGHT-OF-WAY,2.0,37.5,1.0,0.0
1713a6893dd83ffe52f93b1a78e9f6f976edff4ef48997e274c36d9de77e02aa3d2d3746dc1c7b80d05db9ad77de4ab3e14c94083f3ccf4e764d3c69bcc628cc,CLEAR,DAYLIGHT,DRY,DRIVING SKILLS/KNOWLEDGE/EXPERIENCE,2.0,37.5,1.0,0.0
1713d236b1e5b92b051c57d3e1f9f46ae2d78e782c20bee0d07912de05008335e40764cc91520a00ee085e5d5b31944011f9f114cea7a736bcfc416a5fccc09c,CLEAR,DAYLIGHT,DRY,IMPROPER OVERTAKING/PASSING,2.0,37.5,1.0,0.0
1713f21280bf264396269cbefaa2f3a0c4cffb51a7b5519d8a0f29213b7c992a1d781607cc256fdbaa0842560fa849896ae5542bd92312515e742aa615d7b598,CLEAR,"DARKNESS, LIGHTED ROAD",DRY,EQUIPMENT - VEHICLE CONDITION,2.0,37.5,1.0,0.0
17142da4c20fda07bddb964018ca53792d67b05cfbcd1b945b09ca82186bcbc3bb4e8203334c5294b0d520ed510f6701edd241fa42e4d7167669f9ce95caf365,CLEAR,DAYLIGHT,DRY,IMPROPER BACKING,2.0,37.5,1.0,0.0
17145818c9112eeeeaed20e25f73a55e7e9e674253532b7192c30800a764185660d119dedd8359ab25ea4993552afd3f5b23918db0d26933b45ba26621b2beda,CLEAR,DAYLIGHT,DRY,DRIVING SKILLS/KNOWLEDGE/EXPERIENCE,3.0,37.5,1.0,0.0
1714655d9e2dd8bda45938b3e87cff24fa134fef6f9d6cfda1c076aa958a5f957d044111ef571be45aad9e1a4c69073be56e3a8d6797bce7340ff262ede07f8a,CLEAR,DARKNESS,DRY,FAILING TO REDUCE SPEED TO AVOID CRASH,2.0,37.5,1.0,0.0
1714a901b39d3582843d186c74cd91021479807ad19745be904033756e455f9156cca8ed6e1927edd3d259d9d429e9d1b005de741b1c79f0c877cb0ccdd8408b,CLEAR,DAYLIGHT,DRY,DRIVING SKILLS/KNOWLEDGE/EXPERIENCE,2.0,37.5,1.0,0.0
1714c4e85ca15263ca1e8e750c2e5438ba44bab3a79ed388e08295c7132afb6f2eac2456742caf0b6a44e4a99efc5931b032c992c582347498494b04bc334a21,CLEAR,"DARKNESS, LIGHTED ROAD",DRY,FAILING TO YIELD RIGHT-OF-WAY,2.0,37.5,1.0,0.0
1714d722696830bc438d255cbaed7512fee3a12f1d2c20ef25d421a7feb3893130ce34dbb646c02ac50dfdd07c0055262ae6f665220bede6f59c3b04e14643c1,RAIN,DAYLIGHT,WET,FAILING TO YIELD RIGHT-OF-WAY,2.0,37.5,1.0,0.0
1714ffed583129f27d7b404642db8f9fe0e8334a434592741cf8eb844fd915eccd5272c544c94fedb70e03db7f57e4fc886ba70773873a43342ddafd9057ca0c,UNKNOWN,UNKNOWN,UNKNOWN,IMPROPER LANE USAGE,2.0,37.5,1.0,0.0
17152d8019e11f94eecef54af06b821dae47be35e19b74a4836332baef540a1a42d72a1017fa05fb72d24b5a436f3d0068497e5e1e3c143babf43dafb7e3a329,CLEAR,DAYLIGHT,DRY,IMPROPER BACKING,2.0,37.5,1.0,0.0
17153135a159839db5e0db7b900880db5ab3bc10613f47ffbd2081b62e47bddaf2de1b45888bf21db6f003c9e928f8f938d3023c6ae197a902a7ae173c845df9,CLEAR,DAYLIGHT,DRY,DISREGARDING TRAFFIC SIGNALS,2.0,37.5,1.0,0.0
171536aa989eba17f4d1da33c1e6647cfb5983b754824da2d17c3c7eef3499e7afc2f49ed520728152f9d1d1da50514866099ac9846e02f21ea9336d5e32b054,CLEAR,DARKNESS,DRY,IMPROPER OVERTAKING/PASSING,2.0,37.5,1.0,0.0
17155dd6a5303e6851b37f51c8b465d2d204b5bd9d4febf6772a865e3f029ad9bfc80cf3b2765c891e0b16ee9de46213e456e39af1ecb8d63fbb1ebf0a651c85,CLEAR,DAYLIGHT,DRY,IMPROPER BACKING,2.0,37.5,1.0,0.0
17158dddb3bd899c3c8d827a978213fce9d20cff37569dcda6af682e5c9e8245fb928fe865506571df58af93e0e0cdc7daa680e190bcfca54e1c87bf48c96370,CLEAR,DAYLIGHT,DRY,"VISION OBSCURED (SIGNS, TREE LIMBS, BUILDINGS, ETC.)",2.0,37.5,1.0,0.0
17158e1c56dcfd0ebecd5b8677dfab71b148ccc5046aaf3e0888c5d308548e1fef556f62a6d2e7f663daf90b6b00a2799233e229bc19df0eec77e6a4a8dfa3c1,RAIN,DAYLIGHT,WET,IMPROPER BACKING,2.0,37.5,1.0,0.0
171594d0d3fc44dc278fcb4788ba1b68f9efd5986cbd3e1e3751708213ab24ab34c6278e81277ead29d0b020ea33ea1bbd405f4a084c51756852847dcc07f287,CLEAR,DAYLIGHT,DRY,FAILING TO YIELD RIGHT-OF-WAY,2.0,37.5,1.0,0.0
1715a8634493265f959c0aaa08d9e58a2b2e0ddfdc315ed347c63c377f398eb8fa50aeab23920dc61899dec18422f97049919d2cb9c94cb610a1c85b43247169,CLEAR,DAYLIGHT,DRY,FAILING TO YIELD RIGHT-OF-WAY,2.0,37.5,1.0,0.0
1715a89afd07c5be4c54416e58bc28f875b21ab854020f39fd597672f4aa7ad146acb81c26689e03d5251b11c68c462e960a826cc292ac13e05868e7c2139a4b,UNKNOWN,DAYLIGHT,SNOW OR SLUSH,FAILING TO YIELD RIGHT-OF-WAY,2.0,37.5,1.0,0.0
1715e7ae486d1e914f13b62c1a4d6b6cd7ea2799362975d24e2f7e65aaf883e2a5bb0cb93ef4512f943b256137776407dec9864bd6b527f4d1250f5190b70832,RAIN,DAYLIGHT,DRY,IMPROPER BACKING,2.0,37.5,1.0,0.0
17161f6c579358e154f7e181664b33a8f1c99f90a499b1b2b36388743910e6120e42f4177026a32aa25faa294bd6c6a2a6b6e0016ab99bb00e91d1fd53aca664,CLEAR,DAYLIGHT,DRY,"OPERATING VEHICLE IN ERRATIC, RECKLESS, CARELESS, NEGLIGENT OR AGGRESSIVE MANNER",2.0,37.5,1.0,0.0
17162b66c0b5048f2a08885b628554b07b5b75666b9754604628ec1d9e8612568093fb97abee675e905bee88d24c9d26199603578a435554c7f7f25311977b6b,CLEAR,"DARKNESS, LIGHTED ROAD",DRY,FOLLOWING TOO CLOSELY,2.0,37.5,1.0,0.0
17162ec43866b0bc55ae870e6a5c0873c4545ded99ff2e1cfaeb893581a7d952a3e55fa1d7d196a3e3be43a27118dc1da29c329ece329ef931ca436710aa3f79,CLEAR,DARKNESS,DRY,FAILING TO REDUCE SPEED TO AVOID CRASH,2.0,37.5,1.0,0.0
17163d0825657f7a037664c24f68f688d3843becc1a3d4df8bea865a67f6848594ea6843addfd5c949887870772372a984a1055b00cc12ca9bd7c2eabd649f90,OTHER,DAYLIGHT,WET,FAILING TO YIELD RIGHT-OF-WAY,1.0,37.5,1.0,0.0
1716987b4a613910c987df1a8498275d657df5f34d92f861a0ea486d43de0cc69b01bed7dde3a43d0d7fbf9c2383464948c2fd7cef4083620fbf31636a56c649,CLEAR,DAYLIGHT,DRY,IMPROPER LANE USAGE,2.0,37.5,1.0,0.0
1716a28b8640ea6b20547e197dd700ff803a8d1c945361ee7517bb9398eaf241f139f915438efcddf58c40a7a7f38ffc1c58a690a3a143d169089eeaec402c32,CLEAR,"DARKNESS, LIGHTED ROAD",DRY,FAILING TO REDUCE SPEED TO AVOID CRASH,3.0,37.5,1.0,0.0
1716c4b740021c7e59536ebb7150951e3c117e3bfbccde801c52ce560de88eae9580cfaa7830aead98d382d4e8bc9cde1700e01d6d8716d2fa6169476d0a7224,CLEAR,DAYLIGHT,DRY,IMPROPER OVERTAKING/PASSING,2.0,37.5,1.0,0.0
171707aaf0d729ea1645a6fce5bd3eee3f9ad2f17088d496430b9c755c0d7daf8450b8595939acfb37cd454077da154e7521db87375b3efe1c81f2d0ef46c6b9,CLEAR,DAYLIGHT,DRY,DISREGARDING STOP SIGN,2.0,37.5,1.0,0.0
171712f9726424d3eea8afaf0d024cb481317916b7b48ab549a7c5d6fda17c3520b872f21f7b619baa4784c780281d4659931afd8a6d040d3024437f41df55c2,RAIN,DUSK,WET,DRIVING SKILLS/KNOWLEDGE/EXPERIENCE,2.0,37.5,1.0,0.0
17175594192ee128a38f96ef10e9d4ebfdcdbcab8fa35117469a1e6a719a850ff4a54a5d44a4d504907b3bbe12392197375f909a9e24cd3f9f2b1709ca241fd8,CLEAR,DAYLIGHT,DRY,DRIVING ON WRONG SIDE/WRONG WAY,2.0,37.5,1.0,0.0
17176c3ab456507bfbfdc5a29b496b69b6c2e05d596b3b1ccb89166210717a1074ea889a3e15229e5aceaa14c7ea1c8d9934d5d30b25c9cd7dc1332b7bc8893a,CLEAR,DAYLIGHT,DRY,FAILING TO YIELD RIGHT-OF-WAY,2.0,37.5,1.0,0.0
17178a397a1319b97bd1d3f84c656c6b5a7797878bee2a13b7a5d620a434cab84feeda068945ec905ce9bc9e165eac4cd57773914afbc41fe059e5e540836ad0,CLEAR,"DARKNESS, LIGHTED ROAD",DRY,FAILING TO REDUCE SPEED TO AVOID CRASH,2.0,37.5,1.0,0.0
1717b9f89e20f8213a39fe01d1b952dcb5eaf54bda05941dd498a0dc02ba560d24ce66b0da2936493f88400c08c2757268c3656340e7581598dcef8cc34cf637,CLOUDY/OVERCAST,DAYLIGHT,WET,DRIVING SKILLS/KNOWLEDGE/EXPERIENCE,2.0,37.5,1.0,0.0
1718418cc5d53d5e799dce13c25d916f4579601a43b56e7b927227221187b1e2793bc3887c2c7dabbefed31f0dbaaa4ec909e188ce35bdc03cd88b0ba7db31fb,CLEAR,"DARKNESS, LIGHTED ROAD",UNKNOWN,DRIVING ON WRONG SIDE/WRONG WAY,2.0,37.5,1.0,0.0
1718527d617a8a0f47f2a8d64024685590f6a42b524486ca81aa41179b0a00dced0c6571a4d8c2b89471f024ad8b9878ee7ac0c39eb3df75fb001b8b1b4aac89,CLEAR,"DARKNESS, LIGHTED ROAD",DRY,FOLLOWING TOO CLOSELY,2.0,37.5,1.0,0.0
17187fe7ddfdc2e3e495cd6fa5c93ab6ad67c75120e212a984c15aa55b5cf84218fd661b28e7b98ca08b879a9568ceda7f2e5b27ea3fad88792144090fed91a9,CLEAR,"DARKNESS, LIGHTED ROAD",DRY,FAILING TO YIELD RIGHT-OF-WAY,2.0,37.5,1.0,0.0
1718cc40b2572da5c0080c5edf68cf34f2b25b4c7aab2419417845f7ae25901086564793e4bef65c8589ede33dcb1563239c0aeba8cbeb7ca4414fb14ef77d57,CLEAR,DAYLIGHT,DRY,IMPROPER OVERTAKING/PASSING,2.0,37.5,1.0,0.0
1718ce1da1ec0ec9e04364304cb585ba8ae1a86217c06fe21afc5bc347a0c42178fa4d438e3972e646a7914f4f71a65b1b8cc66155f343aa87961a42f397177d,UNKNOWN,"DARKNESS, LIGHTED ROAD",UNKNOWN,FOLLOWING TOO CLOSELY,2.0,37.5,1.0,0.0
1718d4b4468a973bc6a9d45d03b2ef02728a1ee56a296fc8e3a2ecaef8b35b93f040fe118b6711aa43b54e6b23e6febcb2a25adc88667a88f5cd648e1f17526c,CLEAR,DAYLIGHT,DRY,FAILING TO YIELD RIGHT-OF-WAY,2.0,37.5,1.0,0.0
1718d85ca6beeecd4a6882ea4bc9aebbfd2f2cf28cfa6410e20a995cdad1d43a465fb8330b30a66c2e09bad6124578a6e70755cae8dafe92453ac08b050b1a63,CLEAR,DAWN,UNKNOWN,IMPROPER OVERTAKING/PASSING,2.0,37.5,1.0,0.0
1718f1153d907034b6c20d32927c0d62a6770181441c3a01215f5fb711efb36a60651292decec0773d87a38757c1641990bc1f8b4749bff088fbf716b36d9d56,CLEAR,DAYLIGHT,DRY,PHYSICAL CONDITION OF DRIVER,2.0,37.5,1.0,0.0
17191906626c013b492d8aeeddee9e37450fb4ef52c0b5289bcc26424d683d5913345e29532ee3f2de0a0c6f8c57660c201f7b2fca2aafee32cae4b90d643bed,RAIN,DAYLIGHT,WET,DISREGARDING TRAFFIC SIGNALS,2.0,37.5,1.0,0.0
17197638e73424b3bc41ca72ac33d1ff4d52955758a75e7c05d04f11d9f617c6718c7f2f5ab42de0c0529043c3bb2c55e710423e273812d4426f3960daca7e5a,CLEAR,DAYLIGHT,DRY,IMPROPER TURNING/NO SIGNAL,2.0,37.5,1.0,0.0
171986d82bca3238f837a9acaebd953064312e94fb203fccb10172b39475e8b4330b036530fc027c1fc2758a23cfa52983c8847a823b32a22566bc5a837104a0,CLEAR,DAYLIGHT,DRY,IMPROPER TURNING/NO SIGNAL,2.0,37.5,1.0,0.0
1719b15b4be527c5459338b1745c3377d7741640c4636bd004b3ef9656bfe422d71a42f729a491f99dad35e991fb0dbe283944bcf3d4b9e31d1525c9fd6ccf4c,CLEAR,"DARKNESS, LIGHTED ROAD",OTHER,FAILING TO YIELD RIGHT-OF-WAY,2.0,37.5,1.0,0.0
1719c447a7de2ea08e0c7e3ebcd94e21ea7f59923af8ad4a8b9cd67b2d6d6587eeea3a60f5c0dceab2760eb9b5e83f35b0f5c6a1c07c3d80dc8b608806ac02a6,CLEAR,DAYLIGHT,DRY,FAILING TO YIELD RIGHT-OF-WAY,2.0,37.5,1.0,0.0
171a044bc3a987bff027277829033810bdd01d5e18fb1f61014152e76112b92a9c34f866909fac3a10a44fe2bc4013d0340d4d4b2a39b274a778021bbdf78ca4,CLEAR,DAYLIGHT,WET,DRIVING SKILLS/KNOWLEDGE/EXPERIENCE,2.0,37.5,1.0,0.0
171a0b326cd0d63359e61e8b3e6bb0f26734b9906419aabb6f4010b32ff13b18b6ca501a3dd0b5ee42c62849806329d8ed465274bc40fb12f9a329498d587bc5,CLEAR,DAYLIGHT,DRY,DRIVING SKILLS/KNOWLEDGE/EXPERIENCE,2.0,37.5,1.0,0.0
171a28011c4bcbd0ccda43fdf2ae10896f2e9fec9b0be43de5012e2b43fb9bcf1d450dfae0596742a09f2490aacdf5e775bf60aa7ec9b18281278cac5895147d,CLEAR,DAYLIGHT,UNKNOWN,FAILING TO YIELD RIGHT-OF-WAY,2.0,37.5,1.0,0.0
171a47cd9b079749729e9bc740cdc8a00e98fc7faf4f537003d63c44d0859b388d47ee0c13c8bb41b5c639cbda650f3c5da4ac3c305cc86337d0ea6b922f399f,RAIN,DAYLIGHT,WET,FAILING TO YIELD RIGHT-OF-WAY,3.0,37.5,1.0,0.0
171a684decb800904eae5d902c0678896319a55fdf57283f38fa8c63b96e7a7f0bef2e84dadf392dc05606019970f3b7e3154f2ab0491fd43c21d200c61db866,CLEAR,DAYLIGHT,DRY,DRIVING SKILLS/KNOWLEDGE/EXPERIENCE,2.0,37.5,1.0,0.0
171aa46a2dfa2955eec15cefc1847eb6df48900d09dfdbe40e9369f158e4fc2b8dbf232cde7c589e5975e64ef7b88b56da3cad694431cd07bad167e7b2298674,CLEAR,"DARKNESS, LIGHTED ROAD",DRY,FAILING TO YIELD RIGHT-OF-WAY,2.0,37.5,1.0,0.0
171aa895963d3a098f875ed19c741c5a1ecbcbeb49952dbe26de2910067e4046320b93df9fbf4ffb7c64afaf59857c99e76299028e1b71236bfc318f16f0787e,CLEAR,DARKNESS,DRY,IMPROPER BACKING,2.0,37.5,1.0,0.0
171ac0075acc475b491861ea5f6cc59d0a273bcb4bbc500775dcbf856ed019c92abdacbd86563cd4f267b73b0a85216ba0bee315ce13e9c154541a7cb0912c70,CLEAR,DAWN,DRY,IMPROPER BACKING,2.0,37.5,1.0,0.0
171ad1eeef991886e8d156730d8c3c9160010b1a098c08a59badc3e20efdb36e785a4a56ddcb0256ea9b30654131f861a4e21b1579af357f349993ede5b35406,CLEAR,DAYLIGHT,DRY,FOLLOWING TOO CLOSELY,2.0,37.5,1.0,0.0
171ad22011c0931859f2f9f8a15c9cac3881b978e5ac81aab187dcf8f8032bbb7947f3a58f066d005b8e7eeda68f9bb6d7dea7462c25067e222a7aff9aef3b5b,CLEAR,DAYLIGHT,DRY,IMPROPER BACKING,2.0,37.5,1.0,0.0
171ae03452f14f2280c683759d489677fba666479cba7126e586b198efc8e72162985c136813d8eb624457f9e84321077e8f4e0b1609ebe72ca39d6a332499db,RAIN,DAYLIGHT,DRY,DRIVING SKILLS/KNOWLEDGE/EXPERIENCE,2.0,37.5,1.0,0.0
171af99b9a306b5548ddb9329042442a5cd697609e7ad27cdaec7c9df627b62aaf1722514ba512797c7769e4c329a6e8662b12b6ebc6b7c5808953a674ca3d7d,CLEAR,DAYLIGHT,DRY,IMPROPER TURNING/NO SIGNAL,1.0,37.5,1.0,0.0
171b0474c400d166e2fc6a75796760f17b75d1af6bf952e5210517de0de9ecef09dc0e0e815ed53d03bf48ca0a7b65af338b0b62de39c7a7718b3eed4fdd4da1,CLEAR,DAYLIGHT,DRY,DISTRACTION - FROM OUTSIDE VEHICLE,2.0,37.5,1.0,0.0
171b0c47844eab3be46383cb6113094383a3f66fe9b894fc8a649c99f2535985f19c685541ed4f85e672d962d388fb5dd1b7720e97d0bcea174d9b216301969b,CLEAR,DAYLIGHT,DRY,FAILING TO REDUCE SPEED TO AVOID CRASH,2.0,37.5,1.0,0.0
171b2987fb79e5d0441124956473826a8a02fb280068b411ba8918f62ef471925b986c82a4765322ca76116e807fe15c375c17db0c78e4ec2f93cbddf34ece75,CLEAR,DAYLIGHT,DRY,FAILING TO YIELD RIGHT-OF-WAY,3.0,37.5,1.0,0.0
171b638fbca70e040f07e66bc273e246264d87a1b83d1d71ddaa21fcd392fbc455a25d7cb71a8fbbae501d391a6a6d11eb4759c1f7b3dd5e037b41a3a99d926d,CLEAR,"DARKNESS, LIGHTED ROAD",DRY,FAILING TO YIELD RIGHT-OF-WAY,2.0,37.5,1.0,0.0
171b989d209c04a5264e44e0f3aa3a251f924a4fd552a9bff84c220fd30043001445dbedb46f5fc30f355f6de82da83fc26e3f1ac5faf160f97c0a88fe66c98c,CLEAR,DAYLIGHT,DRY,IMPROPER OVERTAKING/PASSING,2.0,37.5,1.0,0.0
171b9f78e503bb1b475a905db1a63f7a601c70ea4458aa55f6f18552c96f785812abab01853dd4e4882c6468053651e2b7aad6ba3438febbcdb99773680e0c1c,CLOUDY/OVERCAST,DAYLIGHT,WET,FAILING TO YIELD RIGHT-OF-WAY,2.0,37.5,1.0,0.0
171bbaff348578393548d5d81860044c251a81c2750dc2e8ca9c44462b3d2be0267f0ee98cfa351c61613b22fdea43612db16ec42b4eb3cfc231f339e007205c,CLEAR,"DARKNESS, LIGHTED ROAD",DRY,IMPROPER LANE USAGE,2.0,37.5,1.0,0.0
171bc190f2731321d50165feb26393b9a8845fd77984d1948be439ee0eff9ed52172cd20c1b8fadd06f61e4882291493c14d8f96df3727801a2c29978360fe83,CLEAR,DAYLIGHT,DRY,FAILING TO YIELD RIGHT-OF-WAY,1.0,37.5,1.0,0.0
171bd03a877a761d2fb65605c540ed5d84d3a5a8554ffb338ab1251e718342b6964f9eac2f2545886a44de8248fdf969746acf483dc0459bff5775316a4dd791,CLEAR,DAYLIGHT,DRY,DRIVING SKILLS/KNOWLEDGE/EXPERIENCE,2.0,37.5,1.0,0.0
171be03216d9e3299eb3e3b10e0e5015431c96fc436e7eae3e0ab89ade21e56268ca492de00771ed03158dc41276d74e5ac43baf355820ae0aaa66fa0840693e,CLEAR,DAYLIGHT,DRY,IMPROPER BACKING,2.0,37.5,1.0,0.0
171be46d8ae5e18b365c908836261f629db1d2468860acba3a7d0ff99f2e5d8fc64e1dca20cbfa9872d573a6f514da45812126f6bf74adcdc07fb554878d7656,CLEAR,DAYLIGHT,DRY,IMPROPER OVERTAKING/PASSING,2.0,37.5,1.0,0.0
171bfac9a321990ebf39d5cd21fc2eb1b981579a0582fd3b9e72b08028855fdc54efa3dad35f4198b41ade91d5eee8da69066d5cbb94f77b98a4ed45081ca535,CLEAR,DAYLIGHT,DRY,DISREGARDING STOP SIGN,2.0,37.5,1.0,0.0
171c063303bcb5bce48de545b0e8162d69e507d77c38d9fab50a3019c728da7f22d5cd638ae5efa4416be845bc20f4e00fb9d34aff6924e836bf01e503eec52d,CLEAR,"DARKNESS, LIGHTED ROAD",DRY,FAILING TO REDUCE SPEED TO AVOID CRASH,1.0,37.5,1.0,0.0
171c115165e6ba8f2fc6a9563ea944c69d594ae2f425ddf50c542f326d9ad30f140cdf2022c633418e0ac82d357472720031d2a7ce0e686fee64f2b220239879,CLEAR,DAYLIGHT,DRY,DISREGARDING TRAFFIC SIGNALS,2.0,37.5,1.0,0.0
171c242a4578ec0875543313fba0c40462e94ea2b734b3ce602a8592133e42797da3e7811d8a1af5856cf3b2ef8b6213f7b81d7d4cecb55cd2fd87c048a1562f,CLEAR,DAYLIGHT,DRY,IMPROPER BACKING,2.0,37.5,1.0,0.0
171c25b96b6395646fc4f742e986708ba445ece45159c2973e7a62709840cf34c4bb3c2af516fc9c041a20abf2ae99be9fba2641929c4fe198a60d9811f111b3,SNOW,DAYLIGHT,SNOW OR SLUSH,WEATHER,2.0,37.5,1.0,0.0
171c49b072f7129e2cccfd52fcf6604ed3e601efc8baca86a67cf35b615882fa2b2813ab32a76a060fed0caad5617f723963caeba64efdedb2c40e11dc4743ec,CLEAR,"DARKNESS, LIGHTED ROAD",DRY,HAD BEEN DRINKING (USE WHEN ARREST IS NOT MADE),1.0,37.5,1.0,0.0
171c4d7e2684c743b01addc86c88727576d72a38b5fc1ee423fd44b1c67d6aaea321eee90668fb0220236d2671e246755ea2cf6900ae39fa8a11ea6aa03db7e8,CLEAR,DAYLIGHT,DRY,FAILING TO YIELD RIGHT-OF-WAY,1.0,37.5,1.0,0.0
171c7b515d558df6972c48b199406e2baadcb045b0424b02f946e7fdbece7949a375c3290b4618d2c060db3b3129e8b2be43e92c72e3628ae61b10e2de2eb50f,CLEAR,"DARKNESS, LIGHTED ROAD",DRY,FAILING TO YIELD RIGHT-OF-WAY,2.0,37.5,1.0,0.0