crash_record_id,weather_condition,lighting_condition,roadway_surface_cond,prim_contributory_cause,total_vehicles,avg_driver_age,total_people,total_injured
171c8c13f1c6e53a41aee93a1650e8243d5f5e4ddc9d92e45d281c8f3d9bb9a1edf168e42e0f897ccd3a133bce56899bf70018628cffa3ea6de04e94f252b350,CLOUDY/OVERCAST,DAYLIGHT,WET,FAILING TO YIELD RIGHT-OF-WAY,2.0,37.5,1.0,0.0
171cb0e574436c97776fc082f358de8d5ccb603f3fbcdddddc29c213a1e8e3645ab25fe177b7dd915c6ccdb71d7cb543cec98081c07bb846e09ef3ebd78efa46,CLEAR,DAYLIGHT,SNOW OR SLUSH,WEATHER,1.0,37.5,1.0,0.0
171cca7b681a1273c86a8264ab4da3d0c530785a50350438d0d2ede13be07995010c0e0bf6dd996e2e3ed35aef25520da8e9723bd51c2c5b85f197f74830701d,CLEAR,"DARKNESS, LIGHTED ROAD",UNKNOWN,FAILING TO REDUCE SPEED TO AVOID CRASH,2.0,37.5,1.0,0.0
171cd7f10b7f98fbca3d140db36ee48a2469f346d282e10242b28aeb3aee435b01a4af6b9e13fe00683956e0e89e0a762e6289852774661d236e60a05f420299,CLOUDY/OVERCAST,DAYLIGHT,DRY,FOLLOWING TOO CLOSELY,2.0,37.5,1.0,0.0
171d3d21d3ab2482b45161b2a6846e2f209db9424f9da88fe46621dfe8b9fbb176ef71b554141ecf9002dd6914b6835d4cac0e21b6c3aad940e3f9994a96a45e,CLEAR,DAYLIGHT,DRY,DRIVING SKILLS/KNOWLEDGE/EXPERIENCE,2.0,37.5,1.0,0.0
171d42d7f11aa1d07ae2ff3ae5e90198825fade4f62916d185048053f878576f2f277d32464ba7bd9d78a64b40998b882b88e5fcec029feb0289ee99f1922ab8,RAIN,"DARKNESS, LIGHTED ROAD",WET,DISREGARDING ROAD MARKINGS,2.0,37.5,1.0,0.0
171d57bf393c140cad6ae4ec4f3172bf9ab8d60bfb546aa1f77c548dfc0cfb4593242a82f287cf660d43f230e96e7a462d163ce7cc007b8842181e19ffc42f9d,CLEAR,"DARKNESS, LIGHTED ROAD",DRY,FOLLOWING TOO CLOSELY,2.0,37.5,1.0,0.0
171d5a0275aeaeadf84a554b8e770d37b1d9224c3c702236d3f8f1d96c3bdff0bb00e66994994fb9d45f42c82d26b018e1d8e0b5f3eaa537e564a3c572171973,RAIN,"DARKNESS, LIGHTED ROAD",WET,FOLLOWING TOO CLOSELY,2.0,37.5,1.0,0.0
171d5ff1e23d8192ff51350549d9d6e2fb076a2500770051f265234162991d339f318de39cb83ece219afb56ed54c212ad0f2979b603062deb94b1446fb072a5,CLEAR,DAYLIGHT,DRY,"EVASIVE ACTION DUE TO ANIMAL, OBJECT, NONMOTORIST",2.0,37.5,1.0,0.0
171d7df5d87e2f44d3135543e0680fde99e6c2bce8f1b9b577ddfd8ac98756fe0ae1e6a91764cee4629ec5c051f3e13b726c1980470b7eb99e5a0af609e41512,CLEAR,"DARKNESS, LIGHTED ROAD",DRY,FAILING TO YIELD RIGHT-OF-WAY,2.0,37.5,1.0,0.0
171d95c8aa85d6b84d12bb603d4ad3a6d29f487fd64e3a41b84d43969667dd9620e89c7215f7f0e5ad0f2b36c93cf1ff662a299d7e3b0ea19fe3a74b1574bd0b,CLEAR,DAYLIGHT,DRY,DISREGARDING STOP SIGN,2.0,37.5,1.0,0.0
171d9e601f3f4b0748348301587e67670540b54b9752cc9c2da70dde5bfd42dc587fc0614cac310afef96c5af98b5730a3e78d68a3dcc40a8ecf088085c6d197,SLEET/HAIL,DAYLIGHT,UNKNOWN,FOLLOWING TOO CLOSELY,2.0,37.5,1.0,0.0
171da4c569c607cafad96eb8a22541e374f5dbbfbd2e54dbc37c81c94d058d97d896b8797818459ce3a17dc20ba4df5a202eee7045ebc7032ac3ee6dbb8a70ea,CLEAR,DAYLIGHT,DRY,FAILING TO YIELD RIGHT-OF-WAY,1.0,37.5,1.0,0.0
171dc403a83c27053b09b5b47dfe57b13eaa157a3b2f87bd8d5ff0c63dd3d53efa038f1a53783f33e1ea9fb0541f96b207d50f8eb9eb2aa8baa53a10d82688c6,SNOW,"DARKNESS, LIGHTED ROAD",DRY,FAILING TO REDUCE SPEED TO AVOID CRASH,2.0,37.5,1.0,0.0
171dea908c2da79d280343f74307893df4dbe5d8bbb226822fd9ecc5b8bb4af28c04f8e6b19b9029bc2955b1ddcc00fa5da59b61338f8139807d0256d8191c2d,CLEAR,DARKNESS,DRY,"VISION OBSCURED (SIGNS, TREE LIMBS, BUILDINGS, ETC.)",2.0,37.5,1.0,0.0
171e192cc729f6e849278c410b5ecb16545cb1624cae08c5b011daf4f74d005e6fbbda15f95f1a1cefdbb6131b595852c94c68143e3118525e0e94a6cb5d4539,CLEAR,DAYLIGHT,DRY,PHYSICAL CONDITION OF DRIVER,1.0,37.5,1.0,0.0
171e25cb3fa7f7e242510aa7e475bfdd2a1178644f35379808e8b62a5e6d7282e5d3e573345e0cba03a37421dbf1045cbe0574b946c60ac7362e222182d2573e,CLEAR,DARKNESS,DRY,IMPROPER OVERTAKING/PASSING,2.0,37.5,1.0,0.0
171e4e9eca2a0aa65a1f7b28332fdebe21d95deca7b7dcc0c220eb89d2529385660572c0838ad25e473b4a940a8e70811441b191516ec9b1cc0a3dee83cfa296,SNOW,DAYLIGHT,SNOW OR SLUSH,FAILING TO REDUCE SPEED TO AVOID CRASH,3.0,37.5,1.0,0.0
171e5df10c4e34f10a83cbd6c2f45c2245cadbca098cb7c1d25377baf25e0309e2bd2993fa2289f6cc80727a39450d2e4ef96fedab212d5030964f6f96a0cced,CLEAR,DAYLIGHT,SNOW OR SLUSH,IMPROPER LANE USAGE,2.0,37.5,1.0,0.0
171e623b4c8256cff3642ca9e22fa0cae08b8114eb946c9d8d3bc1a7223b668112d40328b0b34456223320170b8b593e960543139cdcc772083111770e46c015,UNKNOWN,UNKNOWN,UNKNOWN,FAILING TO YIELD RIGHT-OF-WAY,2.0,37.5,1.0,0.0
171ece5def9692dfdc68a252246c9cb92007a9dd4380699f8930ed3b55107d6be58eae026b69db78673176991390ce2e927f4e096f40ed6fe9e198acc536d45a,CLEAR,DAYLIGHT,DRY,FOLLOWING TOO CLOSELY,2.0,37.5,1.0,0.0
171f10a26e652d2fab8bd2dd5afba5766279839de7416c3593b595730992d1b46b3acb3c7d317ce3dc7df5a6c34b4fc06596ac065f5c96cb50d068ffa754e75d,CLEAR,DAYLIGHT,DRY,"OPERATING VEHICLE IN ERRATIC, RECKLESS, CARELESS, NEGLIGENT OR AGGRESSIVE MANNER",2.0,37.5,1.0,0.0
171f161afaaf43d2a68f3804dcf97d4c22a5acb5fe4403c2965b26606e483569d3ea7091d2bd7d2333b56c55b2fe5552ed8fd46988905b9977dca1e63ac2c2f7,RAIN,"DARKNESS, LIGHTED ROAD",WET,DISREGARDING TRAFFIC SIGNALS,3.0,37.5,1.0,0.0
171f217f4a6265c2d13ab927f4469b33edfb16f813e64c67b1ce1a509dfaf9d72e4ec5e6327873d9d9061a5702d18137a9000804b98dd89c8286fb02406ea042,RAIN,"DARKNESS, LIGHTED ROAD",WET,FAILING TO YIELD RIGHT-OF-WAY,2.0,37.5,1.0,0.0
171f4598898e4ff2739bce10349a880a5e47e8e3cceaca145666b50ec58f54660478059457e04016ebdf03724dfd4ea73a1e2d1e1bdafa81fa07861ea319138d,CLEAR,DAYLIGHT,DRY,DISREGARDING TRAFFIC SIGNALS,2.0,37.5,1.0,0.0
171f47fe30c7a0068ce1dfba69198135b3d65d7b2b2ab06f05c16681c147091028415ee13bf8b5221a112398e8395b7fedc7c10d6f4c170be4e36458b6f4d7fa,OTHER,DAYLIGHT,OTHER,IMPROPER OVERTAKING/PASSING,2.0,37.5,1.0,0.0
171f59f22a6999f8ab92a3b4f56fc437b45a755291713f86a097b7fbf47b98b6ce45d33d74157604fb1c3802715c410b481957e57700b0542b9836655fb9bfc3,CLEAR,DARKNESS,DRY,IMPROPER OVERTAKING/PASSING,2.0,37.5,1.0,0.0
171f6f14ae3002effa35a866963b2f5bef9506f2b498ec1f3be37847f8d608e8c1afa14492b0145a774f7aae4a6f700a8d1bf745a513e7323d12aeedcb4f2e64,CLEAR,DAYLIGHT,DRY,IMPROPER BACKING,2.0,37.5,1.0,0.0
171f83c78eeeb6642dda8074daf2622d75410e480b4e81ef6e9e4610ffe6cb549e1ed0787d46f2f573bee824b1431893b8e6064dc6c8d0581a56326c6d1374ac,SNOW,DAWN,ICE,WEATHER,1.0,37.5,1.0,0.0
171fa5071ad266bc6767f5cf8ba8be8f6b660fe4244bed3040fe86b693c6d32f959b675fa10e4d11031df8371dc79dfe9d447cdd6aae64ad53aa910d33a33308,CLEAR,DAYLIGHT,DRY,DRIVING SKILLS/KNOWLEDGE/EXPERIENCE,2.0,37.5,1.0,0.0
171fa8c1033cfa286ac4b4a4ccc209943a6c351f3c13f1aa94424fad1eaa7bc05445070befd21e78af154db124e3dda13555f56fc2675a525b845d35d18fca10,CLEAR,DAYLIGHT,DRY,IMPROPER OVERTAKING/PASSING,2.0,37.5,1.0,0.0
171fe236eebcf1557bf372db5ad39df8b3a43af6b504da46163b9d92793b7cb0efc4782dcbb9ef286bd5fadaa013b94b6d92e729eb293248a59fd0b19cec16a1,CLEAR,DAYLIGHT,DRY,FOLLOWING TOO CLOSELY,2.0,37.5,1.0,0.0
171feb06cf6bd3540d5424daa6ad27b693431fb76080cd72f4b95f8b00edfc5035a039012e90317772fdd6ed2f80a6bf4d2051ed7dfda819ae760808d6550479,CLEAR,DAYLIGHT,DRY,FAILING TO YIELD RIGHT-OF-WAY,2.0,37.5,1.0,0.0
17201e0b8bb55e411969a73df79b5886a2960daf6f3a0b85a9aac2ea8124041ca085e7d1eedd3fb389a2bfa967ab082ef32374a5a9923e99bd9171f2d370be46,CLEAR,DAYLIGHT,DRY,FAILING TO YIELD RIGHT-OF-WAY,2.0,37.5,1.0,0.0
17204e51f781c1c361a7b89886ab8489438c8acb9c8d42b5039c6dee3497bcde9237a34273cbb71a972d128befcc98d6b703b1f9ce50425bed978eaedc7180ed,SNOW,DAYLIGHT,SNOW OR SLUSH,WEATHER,2.0,37.5,1.0,0.0
1720f9f335646351e6ed73106966c04eeccca0167ab3699076491a1698e83551876a84593900d95af99952299831a322a90826482f310a4f2ad96b0b3263e61e,CLEAR,"DARKNESS, LIGHTED ROAD",DRY,FOLLOWING TOO CLOSELY,2.0,37.5,1.0,0.0
1720ff851e90f148925c06d715ce40db8d363822141dc184dd3db9f3a4a0d6bfe73b2d099eaecc4d733008f638f7273d2e1dbb98bba2e61917f2622b3838a365,CLEAR,"DARKNESS, LIGHTED ROAD",DRY,IMPROPER TURNING/NO SIGNAL,2.0,37.5,1.0,0.0
172151bc3b8ff8026c0f126a23fd117422c7b2299c045633eb7b40323e90e4ebd15c2a6126fe742e6205e1756abfff67285820f9fbe6e2934787197bb5f870eb,CLEAR,DUSK,DRY,IMPROPER BACKING,2.0,37.5,1.0,0.0
17215921400aaf3db7a4fc43f53b8e8b405c65a6ad3125609fdf863f3ddb5a422bedf25b9d6883783152bb2b5828e0023dd5605e5487d92eefeaf119751955f6,CLEAR,DAYLIGHT,DRY,IMPROPER BACKING,2.0,37.5,1.0,0.0
17215e327d8748506f0ba0393b2c314fde22d41d6c4cc4498280b831e20e31bf9a74661ba47e8f4cb712f2c2a2c6fc26281c1699a2958e9beeb067d987286e9f,CLEAR,DAYLIGHT,DRY,IMPROPER OVERTAKING/PASSING,2.0,37.5,1.0,0.0
17218be83748b912b9cbe57685afe09bc44b3d3eaab938601facc22d07913f2ffb5686f0f8eacdf78ba3ea154504cabf3962ef443fb3d55f1540bb61d3703376,CLEAR,DAYLIGHT,DRY,DISTRACTION - FROM INSIDE VEHICLE,2.0,37.5,1.0,0.0
1721ab1670f22b68010cf7ad60307ebbe8abc715efde0bb9c6912c3688eaeca2f48231ab20cf333b900e67d78113d7a7794d489dfb27a294e7916f5413471514,CLEAR,"DARKNESS, LIGHTED ROAD",DRY,FAILING TO YIELD RIGHT-OF-WAY,2.0,37.5,1.0,0.0
1721b633ae75563ea6566664fdbc90a3ce353ca4e24534f0b59a44ba0add7335619a86e8bf13e356ae784044166943bd93fbb139ce9d462132df79c4f652b725,CLEAR,DUSK,DRY,FAILING TO REDUCE SPEED TO AVOID CRASH,3.0,37.5,1.0,0.0
1721c80ac0a84be98418d0bc52fce4dc9c906b8208c0488c74f044a9b7a95789be09bd5fc0636fed50bf39602be2eca9f147a515718f9db86222ed093c116362,CLEAR,DAYLIGHT,SNOW OR SLUSH,FAILING TO REDUCE SPEED TO AVOID CRASH,2.0,37.5,1.0,0.0
1721e494edb22e089e833f1f58e7e1409bf55e813e18dba3a34af4aff1786cf420d9c74e0a89e09bca1367a9caae73bc9577b99052cd445d16738081f7b5bb01,CLEAR,"DARKNESS, LIGHTED ROAD",DRY,DISREGARDING TRAFFIC SIGNALS,3.0,37.5,1.0,0.0
1721fb6b2f22942a1fd5cad4c601319c03f4a287943e28a15f0890680a1572156bfd923f6864b2338e5feaf80eaa695e6589e7ab22e594363ba71f57fac772a3,CLEAR,DAYLIGHT,DRY,IMPROPER TURNING/NO SIGNAL,2.0,37.5,1.0,0.0
17223ca621cc11475834e0b5deba8f4c273e6981e40bd252ab5bff670e489a2afb6a9612084fc09a8dcb4f1a98b17265d199daa2c889d4206eeb0a1c86e5a328,CLEAR,DUSK,DRY,IMPROPER LANE USAGE,1.0,37.5,1.0,0.0
172248cf8f264f95d395e4f8a0028e0d1ad2397e52223971ce4b040b44e07ea4f3a67ee4b5c9ec02608ebec6bb3c7aee9b8d292828c070e3a16b02fe8a197f1e,CLEAR,DAYLIGHT,DRY,FAILING TO YIELD RIGHT-OF-WAY,2.0,37.5,1.0,0.0
17225a6737db1705694d63b55f788b95ee487f4445bfd01507a6749c01f528a4b7741e0640c578726b3c99bf976f52956b2980a424fefd31cb453f597032a5f8,CLOUDY/OVERCAST,DAYLIGHT,DRY,"VISION OBSCURED (SIGNS, TREE LIMBS, BUILDINGS, ETC.)",2.0,37.5,1.0,0.0
172297e4103bee8edfa11f70e5fb64d2cf6a1d380bbe61355a2d7f074028e2ec0cc2b45f73d519a9b2665ae84705f4ffbbc1bbc8137dfa28eee0f50bfab2c280,CLEAR,DAYLIGHT,DRY,DRIVING SKILLS/KNOWLEDGE/EXPERIENCE,2.0,37.5,1.0,0.0
1722bd08c715d22ea57c3eb498466492efadf701cd2e1a2e971240270075fbb649443b9720299ba026f514895d3766ad6df219cd4024b958ddd3c634ec5b7114,CLEAR,DAYLIGHT,DRY,FAILING TO YIELD RIGHT-OF-WAY,1.0,37.5,1.0,0.0
1722d6b8c23f3fe30ccf42681a4d0e6fc6e35181a62935b31b92a12d2bb7cf59e3eabd1fd2c601d77345c8fff8e220fb8eef68957eabcd4b0246bcd38a53b6b4,CLEAR,DAYLIGHT,DRY,FAILING TO YIELD RIGHT-OF-WAY,2.0,37.5,1.0,0.0
1722d8935345724dd6f8db30d2958279a2354d675b4f5ac3de52813f9db528e3b844c834a8fe317160a22c25009252d7a2151cbf78f7eaae11d4428453d156ea,CLEAR,"DARKNESS, LIGHTED ROAD",DRY,DRIVING SKILLS/KNOWLEDGE/EXPERIENCE,2.0,37.5,1.0,0.0
1722dfce21d7a51aa8775aa5939eab2d7a3592d20758a050b37ad361571ce89142c948c6f615f279e92102dba2ec3cca1280749d60b5986b2cbd08cb0f430bdb,RAIN,DARKNESS,WET,FAILING TO REDUCE SPEED TO AVOID CRASH,2.0,37.5,1.0,0.0
1722e209007d5e7b634433dc1a922009d5a7e55ec07589475fda1f887def7fc75490f9c802bc08e8b0b8813d8a0869b778a7391b33f728d02b038cc229d536f7,CLEAR,DAYLIGHT,DRY,IMPROPER BACKING,2.0,37.5,1.0,0.0
17233e7c5e817a2ac176c4284564cfa47db0516d3558741b86658766eb964f54e6aca541608d4abcf2405f60c34e584b9375147bb90028b19c6c6daafa62459a,UNKNOWN,UNKNOWN,UNKNOWN,DRIVING SKILLS/KNOWLEDGE/EXPERIENCE,1.0,37.5,1.0,0.0
1723a6802c2accc50c855a0bb8a95c6fd6852ce9e948119803b6f7d446d47f7f200adae015b3ed2df9bf981d5717f45a4e6a95c6774196ce68ab64f8ff1107c2,CLOUDY/OVERCAST,DAYLIGHT,WET,IMPROPER OVERTAKING/PASSING,2.0,37.5,1.0,0.0
172423e57987fd9b13adb85d773e150e7170e6418dbc3b95a75d4d5074baa3390ac05c4879ec61774ca02c4643441b52405388ed9051cb623f2cbf1335fd89e3,CLEAR,DAYLIGHT,DRY,DRIVING SKILLS/KNOWLEDGE/EXPERIENCE,3.0,37.5,1.0,0.0
17243f6c32e7c10e41df5d623080c7a4c607c24e71195a13791da255f261559a0a20fd021f1b1e17c41f04e5073f5a25640a596cb2b3a52d608b8ffe5d75a95b,CLEAR,DAYLIGHT,DRY,IMPROPER BACKING,2.0,37.5,1.0,0.0
1724503896c0f017cc5bde5cc4d8432a5d9e51e0de4137aa5c775e43ba47905cbf72671395a5321f6d9a1f0c5388976946de7196af0fba38df821bde51f64d8f,CLEAR,DAYLIGHT,DRY,FAILING TO YIELD RIGHT-OF-WAY,2.0,37.5,1.0,0.0
172467b6028b12ee94089c520d5868efcd0b5432263ed1ccb5821eeeeac686d491b6bdca11d0cd855e695bdef6e386db0b13d7317205dca0437b1aca92b710a9,CLEAR,"DARKNESS, LIGHTED ROAD",DRY,IMPROPER OVERTAKING/PASSING,1.0,37.5,1.0,0.0
1724a0ba22d36ea72b89c1fa995656b3bfb27b3fe2df707c4c1ef7738bd59c98a741be84ac2cc497ebe3ab8a85699e0b59579d3aa8caa85a3e13f95cda9e1c7e,CLEAR,DAYLIGHT,DRY,FAILING TO YIELD RIGHT-OF-WAY,2.0,37.5,1.0,0.0
1724c9f3cd39b98757af73bb6ddcff21f25216f3589321f9df0dfd2717b8bae05670bbfa028111c6fbb5aabc79f19f6b60c85b306ea6ca9bf52fc477938f2aa4,CLEAR,DAYLIGHT,DRY,FAILING TO YIELD RIGHT-OF-WAY,2.0,37.5,1.0,0.0
1724ca72938078ce671453946e91f22151ebf684ffdd5577c397f6f6e42b7916919c9de1229b3fc8db14967558b402a1aca7dd64213eb1981a666c6d663b6482,CLEAR,DAYLIGHT,DRY,FOLLOWING TOO CLOSELY,2.0,37.5,1.0,0.0
1725097e779546f8a1263c2248afbb91f9f7cb137801e1d4edbc1c074f66d5f902f97f0ad2bbca2f497c7b58cdd38efda29a774401e7b96402cbeb55b8273e38,RAIN,DAYLIGHT,WET,IMPROPER OVERTAKING/PASSING,2.0,37.5,1.0,0.0
172517a897f9bf3afae1933fe1371639477e0c8d7f59416328a3f389c3560a556c8f0188890091762cfb66f3d07239beec2842993d21f3814c0da4df74ba35f6,CLEAR,DAYLIGHT,UNKNOWN,FOLLOWING TOO CLOSELY,2.0,37.5,1.0,0.0
172519d0e6e6d305af30e833eaa3b0d6c24302765bf0ceade35ddeb46a60c5ca119d550fb926c353f9b9423ac4df6f50eb02dba0ded81f4e9a474d0d84f15954,RAIN,"DARKNESS, LIGHTED ROAD",WET,FAILING TO YIELD RIGHT-OF-WAY,2.0,37.5,1.0,0.0
172534201c1bcda0ab0a7b10c11e549c34748fb4c88112b51f9389dff9cb130ceea0b6671e1681d1edcdf23b6e6af3b4c2edf1a003816df26d465d14c5f5f287,CLEAR,"DARKNESS, LIGHTED ROAD",UNKNOWN,DISREGARDING TRAFFIC SIGNALS,2.0,37.5,1.0,0.0
17254415502f1cfe573033cedf3cf0ef9e9a6f98893cbfa0cdd5b18d8746d3090bd9ab09f312516b23f60148592c1341445f6b3a8ac97014ed04f3f1e767bacd,CLEAR,DAYLIGHT,DRY,IMPROPER TURNING/NO SIGNAL,2.0,37.5,1.0,0.0
172553dd4c881d96f4bc447386afdc9ad4e604767e017c3069f5cd3fa8faec43ae775578652a2f1eda59b62bba1cc4cf75f0826a1fa3afa53ec5532117b0fc56,CLEAR,DAYLIGHT,DRY,IMPROPER TURNING/NO SIGNAL,2.0,37.5,1.0,0.0
17258585d891eebdbadef8ddb855de811bfcd1227a690b691fbd91b883a0c16ab6d8ad2f73f286e1eec48f65674930f7f865720095877b21099ee955f0cfc640,RAIN,DAYLIGHT,WET,"DISTRACTION - OTHER ELECTRONIC DEVICE (NAVIGATION DEVICE, DVD PLAYER, ETC.)",2.0,37.5,1.0,0.0
17258bfcf2e8a500732d53e5fb933ff88112d74d94b096401f0c89c30ed970ded681f50aa0f49f630397643c29a92cd8f9f9a8c38b67276ca0810fd2636a33d4,CLEAR,"DARKNESS, LIGHTED ROAD",DRY,DISTRACTION - FROM OUTSIDE VEHICLE,1.0,37.5,1.0,0.0
1725a0a0bc38b830df4307881f240bcc5ffd7b3261c3eec690a65fbc04a91ad281e6b8b648df5bfa9d7e7e3de47b2bd822ffcd383f2ad53e1a6d80c03a52b739,CLEAR,DAYLIGHT,DRY,IMPROPER OVERTAKING/PASSING,2.0,37.5,1.0,0.0
1725a66c4b15f6fbc784c569a21487e8c55486fe3fb207e9c04d3dbae3cca1432c2af5166962a49c68b17900ecc2b5a61cee8cc0c17430dbee59388e826ca060,CLEAR,DAYLIGHT,DRY,FAILING TO YIELD RIGHT-OF-WAY,4.0,37.5,1.0,0.0
1725fa09ac8791b77294238acd2b22f742603ca8baa0ae740f9d524d3d76a6d3ca04ef8cc783f70b4899077433c44d7605a65a04a8362cc9d8d7beb0c930ce34,CLEAR,DAYLIGHT,UNKNOWN,ROAD CONSTRUCTION/MAINTENANCE,1.0,37.5,1.0,0.0
17260af43768ae4bf046de7db962373e6cce884b4de52799957174a9db866ccad63c00c772540b1af0c7a962428dc3ccb5328d01fa1582334c8c5ee07fb1e2f5,CLEAR,DUSK,DRY,FOLLOWING TOO CLOSELY,2.0,37.5,1.0,0.0
172612ceb7f5b1a41757685611e9f7d91b3a463116ec6fb9e5b22fec17e4772c1e0cf73075fe527da832cbb41f09cd1058e1b3227c8c6304cce9296a0cebc136,CLEAR,DAYLIGHT,DRY,FOLLOWING TOO CLOSELY,2.0,37.5,1.0,0.0
17262f613f5345838e908d4457a4501459a06d61822e6add60cf5f6e4f560d4914a4bff49ec423e40281b46d6bbc2ee65528a8eb2fc123a478baeeaa164cac24,SNOW,DAYLIGHT,SNOW OR SLUSH,WEATHER,2.0,37.5,1.0,0.0
17263ffda363a4880ec644af5ce857cd9b20476a1add15ac0f0b7c48e6fd68a8a6d818b8a1bdc5f472a299fa405c1666bcf2f2dd9a47d3b34f0f90200654f3da,CLEAR,DAYLIGHT,DRY,IMPROPER LANE USAGE,2.0,37.5,1.0,0.0
1726566b70bbcdf6966f4b2ca2de54100a850b621376e7f22f6cb6db24510af5f42367cee83126877d30c883ba55c478b589ce2b2b962a31b39ab2ff729fb85f,CLEAR,DAWN,DRY,UNDER THE INFLUENCE OF ALCOHOL/DRUGS (USE WHEN ARREST IS EFFECTED),1.0,37.5,1.0,0.0
1726b0eb1aba4075854dad899882cb0e75bd499a043816bfe8f8b8977e66a8dcfcd0a0c7c3be426a579386617c392805f6f57d7861828fe82decf9bb5ec39b40,CLEAR,DAYLIGHT,DRY,FOLLOWING TOO CLOSELY,2.0,37.5,1.0,0.0
1726b326b50f9e3ae3f24f9a8e269fd3c1a1cbb4b51b3abd8c28f5d2147ecfbdb5139b44109f6505b7c3a0218484ad873f2910534036da15533c53e2d865857d,CLEAR,"DARKNESS, LIGHTED ROAD",DRY,FAILING TO YIELD RIGHT-OF-WAY,2.0,37.5,1.0,0.0
1726b6b36a1c647d0ab72e3a401706d480bf97345942f6cd31520246681ae016ab31cc06ba7da913123caea481761af807994362ce1e661dcfcb1e0abd30e338,CLEAR,DAYLIGHT,DRY,IMPROPER LANE USAGE,3.0,37.5,1.0,0.0
1726beeaabbffc6a0a9f835fc0c86c7cd111ced9a30ff5bd343a9f6847f0c53b6663f9fe9474f4efc6abe87803210df37e476d66a78d37605482691db84a2bf4,RAIN,"DARKNESS, LIGHTED ROAD",WET,DRIVING SKILLS/KNOWLEDGE/EXPERIENCE,1.0,37.5,1.0,0.0
1726ef3664684d7d5e30367d9f2a8a748bf5389abb7a5f52f895ce3e819400217adb63be4f0cd7327f2bbb9a8d5a619fce395ae5a731a14a43233128e57569ad,UNKNOWN,DAYLIGHT,UNKNOWN,DISREGARDING STOP SIGN,2.0,37.5,1.0,0.0
172728d77df9b9c654099328a2c85a0c66de82863884337eee8f27ab5d7c3a814ea547bdba259bf4039ffa939fcaa9ffc0231442e7f9098c530d90b216bb3c8c,CLEAR,DAYLIGHT,DRY,FAILING TO REDUCE SPEED TO AVOID CRASH,2.0,37.5,1.0,0.0
17277c75722b5c6695a80fe31b6c94770397d4ad7cf1a1f86058b03fa24f97af6c839769b4823bcd28cfcafe0b51ec7bb860341997c53dec38516845cce1d332,CLEAR,DAYLIGHT,DRY,FAILING TO YIELD RIGHT-OF-WAY,1.0,37.5,1.0,0.0
17279f70a7b57be00685453effa3a5888741ae6aa041786af0d4c3c1ad4342aa7d919611bff2fb1ff1e7e9fe90d93b899af58eec69c6ae8fb7470820eab9f68b,RAIN,"DARKNESS, LIGHTED ROAD",WET,IMPROPER LANE USAGE,2.0,37.5,1.0,0.0
1727a9049dc702f114ca8e27c8babba1dd8093e6648b98ee843a024a190b52a5ea4a36bfa08c8683193d1653931de033802f50f3c24d36de2ae7ebb18e65e219,RAIN,DAYLIGHT,WET,FOLLOWING TOO CLOSELY,4.0,37.5,1.0,0.0
1727c0af1ecc9cb2c0d57748687ff18fc3350e56d162caab79ef85e72a4b0a5c714446310ef6904ccb1375887cf6f1cf8d5afadc29e86aa2e8037feee721aea8,CLEAR,DAYLIGHT,DRY,DISREGARDING TRAFFIC SIGNALS,2.0,37.5,1.0,0.0
1727c9b6d4ccbae2eb33b0f70ba7776498ef7d29e17df0a8427c91e453450187b9681763d8eab24801c988b0e69266234f3b44e5c39a109f80b71c1de08edd2d,CLEAR,DAYLIGHT,DRY,DRIVING SKILLS/KNOWLEDGE/EXPERIENCE,2.0,37.5,1.0,0.0
1727d9fa63b1d0ed03e45dcb302f43c240f5afa5583e4bd9bd7a4668a44506e20840613a46bdecd0238b909465adc44a9b7f0e07489967801f365c70fcb43b05,CLEAR,"DARKNESS, LIGHTED ROAD",DRY,IMPROPER BACKING,2.0,37.5,1.0,0.0
172804ee7e8deea57eb6f9088fb9e91712c1344e7269f7795b9b0a5948a85a18a6fc00a9a276f8ecd731d11446cb7db7c639beec50232fa8626e4af923a9ae90,CLEAR,"DARKNESS, LIGHTED ROAD",DRY,IMPROPER TURNING/NO SIGNAL,2.0,37.5,1.0,0.0
17280649f227e1fa5ad6ba2dbb2469e75fa61095e4299850aed408aafcd458c447f5b24699670e63b8d6ec0738b55c064e5ece7ffb29ce2d57ceaa521c0b7246,CLEAR,"DARKNESS, LIGHTED ROAD",DRY,FAILING TO REDUCE SPEED TO AVOID CRASH,2.0,37.5,1.0,0.0
17282de2855858f57ad6c168fac2d800c8d0f3ec4b8427c4d320cedcedce2d7281e20feda9d6291360ec8de9e886fbf2246f14521f43d13b43ba0979e7515200,CLEAR,DAYLIGHT,DRY,IMPROPER OVERTAKING/PASSING,2.0,37.5,1.0,0.0
17283e677ab74760573da02dcdd12a28f3668c056f993c5ceb941da96e4d9ef3601c91f9810e8365cbf29e7b61d3b49dafdd3529e7f0dd831662eb8798daaca2,CLEAR,DAYLIGHT,DRY,FOLLOWING TOO CLOSELY,2.0,37.5,1.0,0.0
1728549ed33ada4ae05f5f78714edab3f8dbc03b9d86027eba79a6c5a874013429f574dd21f11e7fa957afb736f020be22d7417bafbed1568c3a86540f1e11ac,RAIN,DARKNESS,WET,IMPROPER LANE USAGE,2.0,37.5,1.0,0.0