crash_record_id,weather_condition,lighting_condition,roadway_surface_cond,prim_contributory_cause,total_vehicles,avg_driver_age,total_people,total_injured
172880324d966a2d539a72bab40b9c90308963a7de4a3689c5edfab4dccbc0f9a6ad0f4b9a41d70e41267d262ec320d246d52181f92dfb4468a0abe5c3df6276,CLEAR,DARKNESS,DRY,IMPROPER OVERTAKING/PASSING,2.0,37.5,1.0,0.0
172893d0757f941df6db3358b6d9826c34280eb9c48439fa1c7cc1064318a6147e9f1f6293f72df069e3d686af28312e93f4fcc23f0b1bf85cabe3410eebd27a,CLEAR,DAYLIGHT,DRY,IMPROPER OVERTAKING/PASSING,2.0,37.5,1.0,0.0
17289e9641281006f905d042770b9543766a3d626e7e02cf6144efb859bf49de4a617820225898bd6fe42167cbf9f2af7757ac200a8bcd65e3d5ec5c0a9f262e,CLEAR,DARKNESS,DRY,DRIVING SKILLS/KNOWLEDGE/EXPERIENCE,2.0,37.5,1.0,0.0
1728a71f1ad1a0ea70f4b2bf35dc4ec38be24bd6dd963fdbd358ca785b9a34de43610beee83166b099f17e69b25f4838a4a6c7dc5abd25b6f0c65c84b1bb73f0,CLEAR,DAYLIGHT,DRY,FOLLOWING TOO CLOSELY,2.0,37.5,1.0,0.0
1728b24c61ecb5f2a4f6a2949bf751ed1b51910b62c36a896c6051b58ef895cb910b235eb28b0de078238a1605cd63f480747331f76b3afae4af4ae7e0ea115a,CLEAR,DAYLIGHT,WET,IMPROPER OVERTAKING/PASSING,2.0,37.5,1.0,0.0
1728bac273fe99afe9ccc0b8f15a7ec44b7fa8b40d60caf7232739c54849bdc9f7443435b52d860b031f400551d4698286c7fce8233537d35f984a1bfb36d29d,CLEAR,DAYLIGHT,DRY,IMPROPER OVERTAKING/PASSING,2.0,37.5,1.0,0.0
1728be619452c241be138189efd00c39d5c739a96d78666228b293a174a1f59b35d2e8ea78df48afb8ffe5e67f04c1db1d2947891b3d9f410f2ec68c1cdb8a96,CLEAR,"DARKNESS, LIGHTED ROAD",DRY,FAILING TO REDUCE SPEED TO AVOID CRASH,2.0,37.5,1.0,0.0
1728e425c5ea7f29529a496dee7d094994f409194e9e00ec8682fc3aaafd7dc2250cac091053a2f4316d74910fbf6533254a7224e4ef48c19da16a0602d3e7d3,CLEAR,DAYLIGHT,DRY,DRIVING SKILLS/KNOWLEDGE/EXPERIENCE,2.0,37.5,1.0,0.0
172917ec7512a3b8bc45f3386d200631b5707940d9106f18c31967239aa8f682f52c55416dae68560055f8179fe4a37ca8f7268a5804272cd5f75796ae2eacf0,CLEAR,"DARKNESS, LIGHTED ROAD",DRY,IMPROPER LANE USAGE,2.0,37.5,1.0,0.0
1729369b9c48ca570f69a8f1463e5c630e7097005b797b2a56b7b07ec9e71e56aa008155981a55f1de41ff05844d6b58269f4b096db69818e1bc2b11e9ce216f,SNOW,DARKNESS,SNOW OR SLUSH,WEATHER,2.0,37.5,1.0,0.0
172950e22038d1204fbd848c57018dbf00fd48d01313debc74c6d58bf779e68b0f6150ed0f60c54bf13f224693f8b7f191080a09c5d39d1f69e5fb9474b50872,RAIN,DUSK,WET,IMPROPER OVERTAKING/PASSING,2.0,37.5,1.0,0.0
172968890c0300ffc6c1ab463d9de08918682043de6ba07259322234a95ae378b466af499bf213e03cfbe9c59d37bbe9fc36d23059517d01b7610580c732f39a,CLOUDY/OVERCAST,DAYLIGHT,DRY,DRIVING SKILLS/KNOWLEDGE/EXPERIENCE,2.0,37.5,1.0,0.0
172976534c4536124f48bee2ae7fa8ec67edbaae7b57268387e509fb098f01c1a49d4e76acbf810b1ff6f07405fbc14d1a467e31908d950f9b4c5a61d3c9aca3,UNKNOWN,UNKNOWN,UNKNOWN,IMPROPER OVERTAKING/PASSING,2.0,37.5,1.0,0.0
17298218ad84e2ed65a398a2d105346ce5d3b86505b448b605198aa1721ba8a5771bf60a55c7ded0f5e60524248a4349c45bdff395f339d06c3e2c0ed779e99f,CLEAR,DARKNESS,DRY,IMPROPER BACKING,2.0,37.5,1.0,0.0
1729ad8f3972856fa91e16f2ca13f21165dcc3338a1c1ec004675461d46bc72ec70f22600281f3861c307dc573002abebda8bd8438dc199134f93443e293400e,CLEAR,DAYLIGHT,DRY,FOLLOWING TOO CLOSELY,2.0,37.5,1.0,0.0
1729dabdcd478dd3ede75d774b96e583eb0141934d16e0c48bbae7e6af5d71642c89c2bda206f3bca85bc60827aebf9825e9dafbdf9095bc9ad56ed0d94cf27e,UNKNOWN,UNKNOWN,UNKNOWN,FOLLOWING TOO CLOSELY,2.0,37.5,1.0,0.0
1729f28e42f0eaaeb31329479a6381c0e01f79795582ddadd93131feb43350a15e29cf609beb60adb8051290e98e7a8adf2bb1c6a0b9cfda5a39af957ecd6d2c,CLOUDY/OVERCAST,DAYLIGHT,DRY,IMPROPER OVERTAKING/PASSING,2.0,37.5,1.0,0.0
1729f8a1b7455c259079452615457cea2e5b0f9255de661fd5de87c21a87a99fe7fd71b5c7e09397cd4f8b124f2de28d22393d6271c7cea61e7d1d1046b3736e,CLEAR,DAYLIGHT,DRY,FAILING TO YIELD RIGHT-OF-WAY,2.0,37.5,1.0,0.0
172a25ffc84926c23a18d4063ebf7e91ac2a8bcaed2ea8d993324ea714029a5bd8acc70764329352afd933a469ac62108ca130b041fa5be31df46cb344462ac0,CLEAR,DAYLIGHT,DRY,DISREGARDING TRAFFIC SIGNALS,2.0,37.5,1.0,0.0
172a618f2f517a9ad55e1acb3a96228d70e0988001d5bca3578793aa3ca1504476ea2551582f4175274aabede907be726d21e0b4d6642fdc2d7dcbf7ed117a9a,CLEAR,DAYLIGHT,DRY,UNDER THE INFLUENCE OF ALCOHOL/DRUGS (USE WHEN ARREST IS EFFECTED),4.0,37.5,1.0,0.0
172a794b96292f33f23fba406c3852a45a524a7997674f94e43921a8481f60a1c21d0ca2632d32f730d9ffe0d8b36a9576a9c191657ffafc4b42e3ae6e0fa32f,CLEAR,DAYLIGHT,DRY,EQUIPMENT - VEHICLE CONDITION,2.0,37.5,1.0,0.0
172a98617d054d976fc12c13e84c0594024ebb7a6511b512340d7e9959bea1d954a142b125ae4f24b72a9da968f06318aa1ac8ce983400896adc3bfaef5d4160,CLEAR,DAYLIGHT,WET,PHYSICAL CONDITION OF DRIVER,2.0,37.5,1.0,0.0
172a9d38f0cdcd4bcdb1ee10e44d166e30714800657b9b806e70ac98e2eeec574e2afb786c07aee85f3b089324b8ff3462a0a998b985d6e201b0487bd097ea44,RAIN,DAYLIGHT,WET,FAILING TO YIELD RIGHT-OF-WAY,2.0,37.5,1.0,0.0
172ab6a9f23ea27081f05d0ad353602af1aaef7bd66281a1f09d00bfde722dd7c06dec4c072598d0bf5b8d1a035e6264c8ea53e5b69eb34470250ab8b578c2b2,CLEAR,DAYLIGHT,DRY,FAILING TO YIELD RIGHT-OF-WAY,1.0,37.5,1.0,0.0
172adece1586479f51a4e0d63805c432355d155c7136873fb40a6a8f039963f3403e2b22b912219c1c5e4f85d40352fa4c9abe33a832913837ce750d2039afe9,RAIN,"DARKNESS, LIGHTED ROAD",WET,FAILING TO YIELD RIGHT-OF-WAY,2.0,37.5,1.0,0.0
172aed977ad6ed7db542286ba657c6aa78220920a3b4b1cc647f1832b86522486ea7520af841a0f6c622397ca9d5507da347d11ccc3e7b5e8727a05565885f10,CLEAR,DAYLIGHT,DRY,FAILING TO YIELD RIGHT-OF-WAY,2.0,37.5,1.0,0.0
172afcc83f2bee0c8c1367fa7bfdd7ca46710429ad98f8260ce846b302b5aaa3696bfe1b9cfdf42b869fd175f317e04b0db377de56e9565650aef53950bb161d,CLEAR,DAYLIGHT,DRY,FOLLOWING TOO CLOSELY,2.0,37.5,1.0,0.0
172b19978ee0d3f33db90b4f11b0ad161aabbd8fc5f7df701072b672d03354a8de546b24f91219d776c6ef6cc8bb7e58598ff8372fe9ec2af39b6a0bb82c5a49,CLEAR,DAYLIGHT,DRY,FOLLOWING TOO CLOSELY,2.0,37.5,1.0,0.0
172b21a8a2209d9b8e74403e0098213745ead1f13588ea139834f81b18fc70addbc4a86467c091ca0acf5975677a783666100567e40fe27d7eec1d185af6b915,CLEAR,"DARKNESS, LIGHTED ROAD",DRY,DISREGARDING STOP SIGN,2.0,37.5,1.0,0.0
172b2ab88823dda1f6d0c32661dfbf08f4dba33a4c92555f8ffa1c17f415e8a3673ef73ceb7c2fc6bd3160ff306bcd284f14b7e70a7de5ee2211edb16f71138d,CLEAR,DAYLIGHT,DRY,ROAD CONSTRUCTION/MAINTENANCE,2.0,37.5,1.0,0.0
172b3b1922346e3931f6ff919e0e3846fd9312b07c409a38a151115a19c28e3ab60ae0d6ac2a09e24e0b639bde77c4cc57f266f6edf0e2d9578f8373dcdbb330,CLEAR,"DARKNESS, LIGHTED ROAD",DRY,FOLLOWING TOO CLOSELY,2.0,37.5,1.0,0.0
172b4d24c9ac9dbc1f33a6967e146941444614ac2d88a10c58f0f97934f3216ae938159abd10551cef3291979cb3042e02524c1921a076803215430177fa17df,CLEAR,"DARKNESS, LIGHTED ROAD",DRY,FOLLOWING TOO CLOSELY,2.0,37.5,1.0,0.0
172b80ef9ea7e6300785a06de94f2e37e306c0de2af6b3b35a9c70c0d1a3f546dd09f27ef5ee295780e867f7433cd77e7121e04f1c364bdefe754c4b4fab3735,CLEAR,DAYLIGHT,DRY,FAILING TO REDUCE SPEED TO AVOID CRASH,2.0,37.5,1.0,0.0
172b8c766358c237ea0ccc23dec3aa6b7f3446ac7e6b545035bc8c2fd5ee9e1d031970df5470a5e706a2ee9f19d74d154177a294d189be011b3ba88563b24cd2,CLEAR,"DARKNESS, LIGHTED ROAD",WET,FAILING TO YIELD RIGHT-OF-WAY,2.0,37.5,1.0,0.0
172bcaf2d70ab6f2828cc4ab1de2965d18eca884b798380b42b40d9ec69b301c348705c305a4bfadd7d00a00d36672f9ca54d565e88af2bd7d371336d703ccd6,CLEAR,DAYLIGHT,DRY,FOLLOWING TOO CLOSELY,2.0,37.5,1.0,0.0
172bd4acde71f3cdea596837d85594d83c8f622deab718b718226051efcaf20abf8de1d1ccfd45ca76c44a67e33ecdc817e7ee2b45d8dd2e494b0a4c2302ee48,CLEAR,"DARKNESS, LIGHTED ROAD",DRY,FAILING TO YIELD RIGHT-OF-WAY,2.0,37.5,1.0,0.0
172bdf0dbe37d09c9fa140134b7f039187becc519d6d38be324a4618604caa65dbef15d458b2e15b2f4f1b87cee367c816a6a02be79658a31af5c758358eda67,CLEAR,DUSK,DRY,IMPROPER BACKING,2.0,37.5,1.0,0.0
172be2a1d747bd22afdd171a8ba3c920a1bfa64dbfd64d63f718654c520b6acde0413e0a7677d3a40a8b9661001d67e58590817fa8e9d02544588e0576bf5eb4,CLEAR,"DARKNESS, LIGHTED ROAD",DRY,FAILING TO YIELD RIGHT-OF-WAY,2.0,37.5,1.0,0.0
172be38001269c4dc7b49cc571c61b9870e73c954d01ada8431eed5238a84311892bb1d2a8f59d43c6ecf931c3e16499425f9c3d5ad92c2d7890052a990efa2b,CLEAR,"DARKNESS, LIGHTED ROAD",ICE,IMPROPER TURNING/NO SIGNAL,1.0,37.5,1.0,0.0
172bf56eb1dabfa78a374b59c16bcedb1fd2b85871703acae813e157392f5f4bc44f075ab9635602fedd148086cba7c46ff0200ef667eb26a0508517af712cc6,CLEAR,"DARKNESS, LIGHTED ROAD",DRY,ROAD ENGINEERING/SURFACE/MARKING DEFECTS,1.0,37.5,1.0,0.0
172c025549d84e6b3836ac83c001a4af9befd2537f15ee01d0ccdd601e7937c41e1a5a4b399c2cea5fadbd33663f1d38ef10be46dcbbf4f9b2254f48cd3bc9cf,RAIN,DAYLIGHT,WET,EXCEEDING SAFE SPEED FOR CONDITIONS,2.0,37.5,1.0,0.0
172c253a3427c94bdf288b107338a54d06ae0b5d769bc5746f75d874b7ad91240f0bb60b463886758703cdd3e3ce0aabb53ec9aa72a9d05d28cbcc33743883b7,CLEAR,"DARKNESS, LIGHTED ROAD",DRY,FAILING TO YIELD RIGHT-OF-WAY,2.0,37.5,1.0,0.0
172c72345a6f3411bc702601b2d7fc397176648587de6ea0109a69f2b549e62e9a6990656c77843143476cbe460964c4620e1c601a992044152d125d1df24279,CLEAR,"DARKNESS, LIGHTED ROAD",DRY,FOLLOWING TOO CLOSELY,2.0,37.5,1.0,0.0
172ca9dae2511dfa1bdd44f42c5e25d9d5a7751fa83f1028d721782675df90dced5fa4fa6f959efec0372e295797ad2993a19c0b269a24d095f1baf5d16eb10c,CLOUDY/OVERCAST,DAYLIGHT,DRY,DRIVING SKILLS/KNOWLEDGE/EXPERIENCE,2.0,37.5,1.0,0.0
172cbdd2dd8bdc7253231c961aebd5aabfa79e30e33213fdd696bbff3b4a34c1d208ec36cc448f6b0d3eced8bb7d828586eba6951c908b3932368604c84336d6,CLEAR,DAYLIGHT,DRY,FAILING TO REDUCE SPEED TO AVOID CRASH,2.0,37.5,1.0,0.0
172cebfaa4ca69758f8b171e7f275f7a11f95402eccd01e0e2f90a79770044c6c75ae6148170921f3ad6a77e0a1fb0b4777e1d4bdd834696c2b29e312b6180bc,CLEAR,DAYLIGHT,DRY,FAILING TO YIELD RIGHT-OF-WAY,2.0,37.5,1.0,0.0
172cf176fcadbc0bc1e77cb0a6562b7b69c760855f86105a6d58667659bd8b291f15e978d981ee481760ac66abeb8aee12b8532bfbfd365527f784a3d32c4e51,CLEAR,DAYLIGHT,OTHER,IMPROPER OVERTAKING/PASSING,2.0,37.5,1.0,0.0
172cf9948de3f86eef96003777cc127d4d7a60e32a131a8e295b97ab75613d48cfe2c0a13a18b54ecd1f25f108decfc4402bcd3ee9ec956f186654bf8e01a9ce,CLEAR,"DARKNESS, LIGHTED ROAD",DRY,IMPROPER OVERTAKING/PASSING,2.0,37.5,1.0,0.0
172d08d8122684031ac22b087feb193c2d8fc1eeaf7aa670f72ca6daf51c97e42a5d1a2aeafef896e910b4d60eed871a79a5d18d11ef89b55ecd96ee2477adf8,CLEAR,DAYLIGHT,DRY,IMPROPER OVERTAKING/PASSING,2.0,37.5,1.0,0.0
172d210b78c6199240f446dfd60d8f728ef28f8b9bd3b67cbe38037b80ffac62268ffb8b6432ecde7652129b18a5acc9c34fe71c329353537925fd66da1dd07c,CLEAR,DAYLIGHT,DRY,FAILING TO YIELD RIGHT-OF-WAY,2.0,37.5,1.0,0.0
172d2ff587ee9e0a9346815bcb07d8e3717ba91a99433568d2f5b2dc6f7b9dc16f4638a8aaa526b44138c146c618060339cd260ed1410bed48f7c36d63b09fff,CLEAR,"DARKNESS, LIGHTED ROAD",DRY,IMPROPER LANE USAGE,2.0,37.5,1.0,0.0
172d39ad9390da43d73aff7ddf78075f44dfb421773b2a5cd315ce84802d83f0a5a2f4e1d29a9ecd1ab514cd2268cd8386125f796bab0bafdf0b0f3e638b65ac,RAIN,"DARKNESS, LIGHTED ROAD",WET,FAILING TO YIELD RIGHT-OF-WAY,1.0,37.5,1.0,0.0
172d54509a03ef1c88b9b255ef04f5e9b85590792bd8c9614270905ade13d53fa6a15bef3e806c418fd8574a7be49b940df8f7f3ba2b2895f931dfdcfb190007,CLEAR,DARKNESS,DRY,DRIVING SKILLS/KNOWLEDGE/EXPERIENCE,2.0,37.5,1.0,0.0
172d65aa994665b1bd8de1988257698912bbeffaa9418c6bea8487cdf5ffe543b88d339d7f1c72412b7b1d92bec13e5de12c12d1d2461dfbbf7afe76176dc4b9,RAIN,"DARKNESS, LIGHTED ROAD",WET,WEATHER,2.0,37.5,1.0,0.0
172d9bd49f572ead3d1b213ebab0921c1269c3235da1984f345e78025123564956c8b8127be9257e51f58b82d13a1319a904a8a49a3cd28b216af1b0e56c3248,SNOW,DAYLIGHT,SNOW OR SLUSH,WEATHER,2.0,37.5,1.0,0.0
172da653276065cada9f628c14948358652352ebdf52e4d1e1e7b64fc02a15a20dff816d37853c8292bf2aefdc1d7ba7c56335c6fd687183064b613f185002ec,CLEAR,DAYLIGHT,DRY,DISTRACTION - FROM INSIDE VEHICLE,2.0,37.5,1.0,0.0
172db5374b0e226e29c0a74460b7d0c1737aae0231d85b765101ab5b7085976e9ce80e4f080abf8164d59c1d03a75ea8ac83c8a907ed7e7a6604e43201d5e874,CLEAR,DAYLIGHT,DRY,DISREGARDING OTHER TRAFFIC SIGNS,2.0,37.5,1.0,0.0
172db8407795e6a13a7aedcab42e62fdf24a6d778091b080b4ed14ab60afd52b512cd039296748959274085a7a78ff13cb95ce10869d6385cbf94273cb2d273f,CLEAR,DAYLIGHT,DRY,FOLLOWING TOO CLOSELY,2.0,37.5,1.0,0.0
172df20aaff0b21ceef1348120e355c96a9cb0f4ece89715d841f11420b393ad1cc5c2aa9b88d798cc7512b216dc5fc6a63a3e9b1df26941ab6c2f7ff8290c80,CLEAR,"DARKNESS, LIGHTED ROAD",DRY,FOLLOWING TOO CLOSELY,2.0,37.5,1.0,0.0
172e36ace622cbdaeb8a1b6694e18e2780572f8f3a70bccb8c483d2e261a2a3d589cfef088fc5f62b412c2fcdd396fce07db06c276d0803c3ca0a56963d79350,CLEAR,"DARKNESS, LIGHTED ROAD",DRY,DISREGARDING TRAFFIC SIGNALS,2.0,37.5,1.0,0.0
172e3921fff6e762d59243dd0ca6af8c92d2ba7115a4036762fad3ea085b2d7ee05acaff39070e924ad54c5b86a0236636da98e920e86eeb4c142aaac2f83cdb,CLEAR,"DARKNESS, LIGHTED ROAD",DRY,FAILING TO YIELD RIGHT-OF-WAY,2.0,37.5,1.0,0.0
172ea92e383b1624ae11616b086a7307a1df43ad48af34d97ee5087beb456d8a8b64b5ab7118a41860e23844af802c02443d3917405d1a7e3c4aaa27cca35010,CLEAR,"DARKNESS, LIGHTED ROAD",DRY,FOLLOWING TOO CLOSELY,3.0,37.5,1.0,0.0
172eb184ac5017b4e7463aa1ccb4cc28183bc91f9af0e275d57629bca05ec67cda6d128f2fcbccd7fb92f075d4885e2ffdfbb689576223adb52ecd6f0b5fe12b,CLEAR,DAYLIGHT,DRY,FAILING TO REDUCE SPEED TO AVOID CRASH,2.0,37.5,1.0,0.0
172eb90d33c90a0adffd09df88fb32329737ba1be02bd6ec7077825fbc82e7119c15699f7aa283476987bd13c4bdcd572968ddfecfea047ba67a5bc926060761,CLEAR,DAYLIGHT,DRY,IMPROPER BACKING,2.0,37.5,1.0,0.0
172ed95f7320838fc2a580b167abdc3cb7de0b81c0709a784c657dc786afaf4e5e0961d1f34dfb957b110b7a95bd32fa1817ffb0ec4624df9c4aa3b929534839,CLEAR,DAYLIGHT,DRY,FAILING TO YIELD RIGHT-OF-WAY,1.0,37.5,1.0,0.0
172ef588140f6fd5d69527d12565615d9f9e8f7242fd09b2b4f1d55d31db7a41d8f9f4cc5e0dbc0a7ed3b65ba2339f736d59fbc949bf70b88fe7ab6ae296e71d,CLEAR,DAYLIGHT,DRY,DRIVING SKILLS/KNOWLEDGE/EXPERIENCE,2.0,37.5,1.0,0.0
172f078e46d7eac78dc679d730e7ae6ed710789601b044ad7e21a55e4730da8f1ff827f521b6835c70580395054c5d51561376205c1aa79ccdcec67ceb814593,CLEAR,DAYLIGHT,DRY,FAILING TO YIELD RIGHT-OF-WAY,2.0,37.5,1.0,0.0
172f1ab77ea7f5f2341a6785466e02f637108c902f4194ee27f080b56e341a7b36ae9dc845e352b94c943334800825db36b0839bd8e0d92e9fff65c7841246ac,CLEAR,"DARKNESS, LIGHTED ROAD",DRY,IMPROPER LANE USAGE,2.0,37.5,1.0,0.0
172f8de1395bbc34b1e9df6adf2d68c4a51a8342f650bc26aa6750fceee0a2522dfd99278b753f80ec60dd779c43511023092c33b6c8da0c0731bfcf9ad42a87,CLEAR,DAYLIGHT,DRY,FAILING TO YIELD RIGHT-OF-WAY,2.0,37.5,1.0,0.0
172f9c9663ca5ea1a88fd548315a7c4d30e0055ab9b1181cad3ce84d4a79ad147a64a5d9f7c2682e8dca1de74389278a53f3689a35a0b491510ca6082e9dcb5b,UNKNOWN,DAYLIGHT,UNKNOWN,FAILING TO YIELD RIGHT-OF-WAY,2.0,37.5,1.0,0.0
172f9cf5292cec28aa4377de01f7dbbeca49ab7696ca6e54943a78ae28a612e75e828de8219c41c37ade1764b49928b6eaafa7ab74897209b5148c6a608f8471,CLEAR,DAWN,DRY,FOLLOWING TOO CLOSELY,2.0,37.5,1.0,0.0
172fb392298693a7bd553a2161fa48f1968df08669179c14d6254c3dbb21d86960e607f32a8b073ed5a8f3c0e5020dca91aaa22706052850fe6a6ab71fd4f58c,CLEAR,DAYLIGHT,DRY,PHYSICAL CONDITION OF DRIVER,4.0,37.5,1.0,0.0
172fb9f51ea963767eec7487720f5dc307bcfe835657822f4606fcc4071f232310b5233ef37f36f54ca5bd2e8f03a9f320c89d4c6dca97dc70ffc1c5f1ef44bb,SNOW,"DARKNESS, LIGHTED ROAD",SNOW OR SLUSH,WEATHER,2.0,37.5,1.0,0.0
172fe43cffadd434eacbae85ad96af83ad40c3bb133f5e66582a8625cfb89d80eb0e97503b509f58b4070d51b2a1df3587d5c92d8584fe2cc85b0fde9286a3ce,CLEAR,DAYLIGHT,DRY,IMPROPER LANE USAGE,2.0,37.5,1.0,0.0
172ff1a967512f143f44faf18c11df79ff8774db1a08ecece5ea2fb855f717dd014bcde736822be26b54a057eded307bc1311bacb40270d2bd0674e41fa16c9f,RAIN,DAYLIGHT,WET,FOLLOWING TOO CLOSELY,2.0,37.5,1.0,0.0
172ff3629db205b610f376d2e048d098e518818aa5e0896b1e6530d1c7e4b9034f4a3a0e98b7abac5481076cb75d7f91843038a895744f728411624a967ce64f,RAIN,"DARKNESS, LIGHTED ROAD",WET,FAILING TO REDUCE SPEED TO AVOID CRASH,3.0,37.5,1.0,0.0
173003ad23b4409110e8599a101e85c007ac2c25743443d8194b82e59916cab60600d2294550a97746efd43a1366dee6af240d8611088a08c0eb6effbc526e92,CLEAR,DAYLIGHT,DRY,IMPROPER LANE USAGE,2.0,37.5,1.0,0.0
1730203e2d29258f38f0d47b1a3fed7398f125fd19fcd244f9ec6fbbb2d2891fa58f02f130a569325c4160e2a8f30ae2ad7af12c772d2266f6ef94eb61c57361,CLEAR,DAYLIGHT,DRY,IMPROPER TURNING/NO SIGNAL,2.0,37.5,1.0,0.0
1730436942189ec9228a48c940551b29aa533736f08a04725a094d837ba22af60a7b8f5cb69f5305db1cf18b892f5886b25ec12b5682e1cbf7ec2bdf57670424,CLEAR,DAYLIGHT,DRY,FAILING TO YIELD RIGHT-OF-WAY,2.0,37.5,1.0,0.0
1730626d8bdeeb6397fa75fcb123449603adb723633caff592c7b1ae58c1311a37020583c9bd89a5880eacf3e5622879bd29accec0fa58068616e886951f6e66,CLEAR,DAYLIGHT,DRY,FOLLOWING TOO CLOSELY,2.0,37.5,1.0,0.0
173093c2239ba0842a856c5c5b2ea1225cc2fd2ff941e1a828d3ab1e18eb4ae22533de65d89e78bd365174d8f6a271b5dfa7471ffcab00a296fa8433de3f6bef,CLEAR,DAYLIGHT,DRY,IMPROPER OVERTAKING/PASSING,2.0,37.5,1.0,0.0
1730cf243bc838d82d4e4586a0c59ad9a71aa8de0839cab38b35ba7c83cd6d950c5814d19a7ed850423538b4f1ee3a5ff91d7194b9b31af7bd90b047e2ff9c70,CLEAR,DAYLIGHT,UNKNOWN,IMPROPER OVERTAKING/PASSING,2.0,37.5,1.0,0.0
1730f87b5393b9dcb189f205f01b3b6150feafe81a0beb4c1acc053b3cefb8b2dbb87e0406a5c89a2d15e754eb03476fc65b650cac906ac3b0f44a66b2cc697c,CLEAR,DAYLIGHT,DRY,FOLLOWING TOO CLOSELY,2.0,37.5,1.0,0.0
1730ff6d5c8db3c5f55f0a79e2a41b2415b55463602050b9f1985fcbb8d38e9619da7b794a75b946e4c04a5b53adaceb33252dc465121ac913a7a9438b2a9ed4,CLEAR,DAYLIGHT,DRY,FAILING TO YIELD RIGHT-OF-WAY,2.0,37.5,1.0,0.0
1731338747627d2fc4436a9138b82ac3d7dd822462f7f4673ca2eeec209a2fea3639718c838be158125b6aa108a9a63918192c4f1becbeba8efb3543690bc4d8,CLEAR,DUSK,DRY,FAILING TO REDUCE SPEED TO AVOID CRASH,2.0,37.5,1.0,0.0
17314c78d352f72a03da13ae0545fe04ca33b4189d7b2afffef919d20b576d931008a7310e1af6dca10b76e7b585884d9cc7bca819350249ebf97a838f1c8f6e,CLOUDY/OVERCAST,"DARKNESS, LIGHTED ROAD",WET,FAILING TO REDUCE SPEED TO AVOID CRASH,4.0,37.5,1.0,0.0
17316a707e0f0672c2192735279dff62df5b4f65d80029f9161e9595f6276e1329ffa912e72f73b603664f60615adba7c152ea8b419115f28ac93723fa2c2242,CLEAR,"DARKNESS, LIGHTED ROAD",DRY,FOLLOWING TOO CLOSELY,2.0,37.5,1.0,0.0
17318a6965184e957b7c2d4d595fd480c5b9798fcd4751417ed42da7c3c27471257c461067a945c758cbd0b9f2e8090c81c3da6d2cecfb121b8a9d6c96581670,OTHER,UNKNOWN,WET,HAD BEEN DRINKING (USE WHEN ARREST IS NOT MADE),2.0,37.5,1.0,0.0
1731b7982ea65c89bf44776df251ce3a106afb620321c37b107085068a402c20dfbdc25b71d596343eefd2756e91b8309270b751a70d115e21c0f81040935f0f,CLEAR,DAYLIGHT,DRY,FOLLOWING TOO CLOSELY,3.0,37.5,1.0,0.0
1731bd425e855215a4ff5dd8e82780bbe26dda87b5e4cccbdb176de62ae7f72a77f08f77bb1ccf1160d2b11310c5b66110eccf4545ebd39eb65d57bf83f4cd6e,CLEAR,DAYLIGHT,DRY,FOLLOWING TOO CLOSELY,2.0,37.5,1.0,0.0
1731c6206e6104bb03bfe6c07b466e236fbe55247114f7fec1e0af2948239f9dd845b58bef26f1a459a0438fb5b027407b4059a297327bafa430ea44ebcdbc32,CLEAR,DAYLIGHT,DRY,IMPROPER BACKING,2.0,37.5,1.0,0.0
1731d334138fbf91af86e75a31bc1f0f9fe1f980fa7919dcb2271bd0b059667c5651316923422cf7d59bc3c6d14ee4897cf10cb0e49e7ebdf49e0dc917224724,CLEAR,DUSK,DRY,FOLLOWING TOO CLOSELY,2.0,37.5,1.0,0.0
1731df30b85e556aab993e3b848a20c554fdb451664472e0e76648ebc23b675c232277b720d9fa3dc495577ce27c1c37c47f7cc82420955c452b3e0669af4a51,CLEAR,DAYLIGHT,DRY,"VISION OBSCURED (SIGNS, TREE LIMBS, BUILDINGS, ETC.)",2.0,37.5,1.0,0.0
1731f3601958662ba0c8df2bd70ddc78fb6c06a4e54f3975885e2741bfe751a05df49a9aea645316ae6cb0e03336ddf0a39df13cdf7d0ed1adaf394a5d7aee2b,CLEAR,DAYLIGHT,WET,DRIVING ON WRONG SIDE/WRONG WAY,2.0,37.5,1.0,0.0
1732076876d86740366fdd5dbb068c77d90a196031c2cc69fb93491245b2243ca29a8c058a627fbb35fd8b79356cb3e18e3926a542e6db9df1b78082c66ec9d2,CLEAR,DAYLIGHT,DRY,FAILING TO YIELD RIGHT-OF-WAY,1.0,37.5,1.0,0.0
17322577e3afe0eb2631db4175a9c917be8e42da887d38e97529eb6313420381e236d481145b61737853fc9c394eea1389141fd92155005204a6d67dd5a31ca1,CLEAR,DAYLIGHT,DRY,FAILING TO YIELD RIGHT-OF-WAY,2.0,37.5,1.0,0.0
17322695509811ad8de2d09b18afb959b9b33ff778bf030e9e4af6f82bb6d9510a4625de26600c6fafd711bb0c52a2c29bf6c76667ea92eb6b1989b01a95cb94,CLEAR,DARKNESS,SNOW OR SLUSH,IMPROPER OVERTAKING/PASSING,2.0,37.5,1.0,0.0