crash_record_id,weather_condition,lighting_condition,roadway_surface_cond,prim_contributory_cause,total_vehicles,avg_driver_age,total_people,total_injured
1732354bf21e3569ec237b040da21446689271ad9de96b62d411a0393f14a78ee2f29a7ae50a9ab05c00cef5d7146b4b50d2996ed6dfa949950ff35c958cd35e,CLEAR,DAYLIGHT,DRY,DISREGARDING TRAFFIC SIGNALS,2.0,37.5,1.0,0.0
173275a30c5a32c9f50f1d04dac0e9acd40be4ff4af47a27e137bac17d7cfd77a3efe8573896d303daa6cb9325c59c76bd47274fe58460d871dd354c52e21871,CLEAR,DAYLIGHT,DRY,FAILING TO YIELD RIGHT-OF-WAY,2.0,37.5,1.0,0.0
1732c494add48921d2d3784ffd007d27e1de35789a18be5376dad5817098d3f47c471127311051b89a90967ffb912e53c19deff898f07cd5cd9ee7a558c68af3,CLEAR,DAYLIGHT,DRY,OBSTRUCTED CROSSWALKS,1.0,37.5,1.0,0.0
1732cfe36753570be82f29fc8e52acf54bf07faefcf80749c0537656494ddb786b97796c66ae641fd6280b30233433cdef3566ab3a8be0e4318e2b898323ed5b,CLEAR,"DARKNESS, LIGHTED ROAD",DRY,ANIMAL,1.0,37.5,1.0,0.0
1732fad6a9b305cdcb74404a4eddb01a6e782d655a40e88af7ebf8edbee15f85281771896f178a792ed54e2fa9788d1ccbad2dd7a8b73f383fb0c79d7b1c885f,CLEAR,DAYLIGHT,WET,"OPERATING VEHICLE IN ERRATIC, RECKLESS, CARELESS, NEGLIGENT OR AGGRESSIVE MANNER",2.0,37.5,1.0,0.0
17332a5e50672a713f18754d8291db9e2b83cce2a5e3605561b9e0808d244f3b7732b573816dfd531c2a7f3e97e475ae834bb49223aecee862e4ac3093f6e8de,CLEAR,DAYLIGHT,DRY,FAILING TO YIELD RIGHT-OF-WAY,1.0,37.5,1.0,0.0
173365a42532e5b98dd63c4534b33baa92d44bc1e1fb9278ae7db87fb74b1640d59890a1778eee3e4cf95632342aebe6e2a85a672571e1f0fb488fa908f9017e,CLEAR,DAYLIGHT,DRY,DISTRACTION - FROM OUTSIDE VEHICLE,1.0,37.5,1.0,0.0
1733a6cd28199f12ba7c33ad078010f47fb494384cb305cb021e3e62f0526ebcef8acce4d8d77549f27ec905a60d0d04d0ce54ce9f8d74492edf3ca37fb94a47,CLEAR,DAYLIGHT,DRY,IMPROPER LANE USAGE,2.0,37.5,1.0,0.0
1733a96299c8571afa86d231dbde8bc8c41d21d517c012d08ff9de278f60b685dcdbcf185cc73eed5a86bc0569c17a38c1ebe7190de700df38a2f9e04a6a8d78,CLEAR,DAYLIGHT,DRY,FAILING TO YIELD RIGHT-OF-WAY,2.0,37.5,1.0,0.0
1733d7a3705070e0c137f46dfb29fd15d1fd19c2cccf1a9653bfe7e32d920dd656650dffb0529e27e827826eedb8c4eba36579431f3ee67806e457c3da9de0d9,CLEAR,"DARKNESS, LIGHTED ROAD",WET,FAILING TO YIELD RIGHT-OF-WAY,1.0,37.5,1.0,0.0
1733dcf1602e5dbaa52b31351208b8e541cca1a52f87ab783e46e461f9aa73c46b2b7c2c11b6e540ec61632e19d3f1123c8bb5686404a0a867da47619b8e18e6,CLEAR,"DARKNESS, LIGHTED ROAD",DRY,IMPROPER LANE USAGE,2.0,37.5,1.0,0.0
1733fe2dd4996104f6f342ae64d8e8d0eafa40750e562b33de9559d75e8f9d5c60a6ae439eb9dc0439ab7b3ee6e6e9e76a9a88406570c406f4f173845358679a,CLEAR,DAWN,DRY,IMPROPER BACKING,2.0,37.5,1.0,0.0
173400e0b869c12d06e389b046ef400d06a1f32f390aff3e055f070fd798634ba346ab8eb469c0e30a15bce9eadb0b13a5fed5d47904681eeb5748d095c26314,CLEAR,"DARKNESS, LIGHTED ROAD",DRY,IMPROPER TURNING/NO SIGNAL,2.0,37.5,1.0,0.0
1734030f0259f7544d1b89d467ec609b25571d7a1ce427530397450fd6b58a0d01bad7808493a1bce4ca15f6b71dc6abef1d07c20467f0765e8feb433cebb39e,CLEAR,DAYLIGHT,DRY,DISREGARDING TRAFFIC SIGNALS,2.0,37.5,1.0,0.0
17340ca03f54b8e0c76fab13a5b14a6e7f6a3a7c873d826c7d77f2f60f2a3cc1add423872498ae122e038b6b5e64ae33c4a6a2697af17bb8270a3616a5edfc08,CLEAR,DAYLIGHT,DRY,FAILING TO YIELD RIGHT-OF-WAY,2.0,37.5,1.0,0.0
17340cc9d9acaa29e9625d6af850f83d615e0fc8517d3749e1f78f41e1ab563ca513f142a59edcfcf93a9d33b3ce4504dd0bae4a5ab1dd32add5dd203dc572fd,CLEAR,DAYLIGHT,DRY,IMPROPER OVERTAKING/PASSING,2.0,37.5,1.0,0.0
173414c1a1803daa5d4e9ca21e4173bcbd1e077d6ca9a818a3a9733ceb34702bca67fdbb99bb7f690df286dceb49dca486f79c6a5a05595a99d1b33f5c1d7d21,CLEAR,DAYLIGHT,DRY,DISREGARDING TRAFFIC SIGNALS,2.0,37.5,1.0,0.0
173433172231e307378e29d8073945b313bd4d952784ced5cffb0343227ef94a133b31165abef6921e86f5755cc3ec57c38c532abd512b7a146a097265379043,CLEAR,"DARKNESS, LIGHTED ROAD",DRY,IMPROPER OVERTAKING/PASSING,2.0,37.5,1.0,0.0
17348a58ce5c42299dd1cbeb1aef29039808e6e5545150014736e541dcfd8255470a35df7875621a3142c6d97e60460e4a6cb0cdc30ac958f50c2af0a665a490,CLEAR,DARKNESS,DRY,IMPROPER LANE USAGE,2.0,37.5,1.0,0.0
1734a77148d7eae154735e96696fb31359acca9234550507992c3a36688d9f033fb5a6364f4c215a83a26aa3125a28709fdf283446271eb2285665bc7e57db92,CLOUDY/OVERCAST,DAYLIGHT,DRY,FAILING TO YIELD RIGHT-OF-WAY,2.0,37.5,1.0,0.0
1734ba36a72a3a2bac4898b3a5887d9491ba487748549744b8c7a5bba276a28fd7b924c6b0aada433cb30b8a11614061d570151a543ba0cd087427a53bcee20e,CLEAR,DAYLIGHT,DRY,IMPROPER TURNING/NO SIGNAL,2.0,37.5,1.0,0.0
1734cb1cae70ef7c5ad5f78d13059c6ef2f8127663c752f78afae97d0a4dcbb06579653e489acde955f9bfd3646444cb3cc565f59edf548316270e9f075450c7,CLEAR,DAYLIGHT,DRY,IMPROPER OVERTAKING/PASSING,2.0,37.5,1.0,0.0
1734dcf980cef0c8f7d831a7f07c98b1360036d71f64f8a8def4929ac0bf48225ac14bdcdc662a1d460de207639c6d78e430434b80743166d1c0cd2dad848c37,CLEAR,DAWN,DRY,IMPROPER OVERTAKING/PASSING,2.0,37.5,1.0,0.0
17350b9f1c3e1c5d1965d8b9f240c111e946ff52e6c019f59a901db5996223e783eb71e32c2122320490fbc41d63a394d64380745183272342388b20ac7bee96,CLEAR,"DARKNESS, LIGHTED ROAD",DRY,FAILING TO YIELD RIGHT-OF-WAY,2.0,37.5,1.0,0.0
17350be71253c8596e7ee586911dc29bf7a8accbc131985ee79ad4fa682e6ab782d995fb9fd8cafd2e16276e8f7e068c979d31a2589ba2a912ac4ad7d467a706,CLOUDY/OVERCAST,"DARKNESS, LIGHTED ROAD",WET,DRIVING SKILLS/KNOWLEDGE/EXPERIENCE,2.0,37.5,1.0,0.0
1735157e885926bc18c88697666b5959e1c6418c033b41889f9f37b0f8916780f5f516e062e574ccfe8a2c753cdae5181d61bc428ae0f5cda7443adda2012cb9,CLEAR,DAYLIGHT,DRY,FOLLOWING TOO CLOSELY,2.0,37.5,1.0,0.0
173536a51ebd94a3de2e17165693b0ade5ff65b7d0e7fa3faac2a35e7835ed7d5ea6773c0d570a7b54a59d27632e4eb8ae525ebdd35244d153f98dd9d4acc68b,CLEAR,DAYLIGHT,DRY,FOLLOWING TOO CLOSELY,2.0,37.5,1.0,0.0
17355c5c5c71ec1846e320e4da9d679c4f9c8676242f88bdae6360c85864787cc6dabf846eb5850bb70d91adf96d6567e65496d3db640a154966a90d678913d6,CLEAR,DAYLIGHT,DRY,FAILING TO YIELD RIGHT-OF-WAY,2.0,37.5,1.0,0.0
1735736ba98246d625f3e8c08347ae04d452b5af962cb9be59c6bae14f5a7e600d58cbb8cc01e6cd7abe7d17070437dd00f37642f1bbfd3fa56cc56f0430047b,SNOW,"DARKNESS, LIGHTED ROAD",WET,FAILING TO YIELD RIGHT-OF-WAY,1.0,37.5,1.0,0.0
173579542413d31a8d2c1e547373015ece8f3e8e1a286d5829c0d106a66f73369723a7a845384b01720f05c687b4a76d67715818a534c0ffd1fb9e8cac8fea84,CLEAR,"DARKNESS, LIGHTED ROAD",DRY,FAILING TO YIELD RIGHT-OF-WAY,2.0,37.5,1.0,0.0
173591148c293bfbba9f2e11d6f8de826fa777ba89e691b91bde00186a73d0866e4fcdc596d6a7170c2fb572889178129cc2e59f22754746623310d5f93e9bfa,SNOW,DAYLIGHT,SNOW OR SLUSH,FOLLOWING TOO CLOSELY,2.0,37.5,1.0,0.0
173597b46db81b58553762cd7529344c6be24533a1e6cb1cc37aef783ea22880773dacd8b4144bbd64894f2c438162940c3079478f71f5098393dd8e14cc2b76,CLEAR,"DARKNESS, LIGHTED ROAD",DRY,EXCEEDING AUTHORIZED SPEED LIMIT,2.0,37.5,1.0,0.0
1735a34b8fafdfa0c156c516d8dfb12772408ac29cbd04a306aaaa325e638a521e21162971ae345f83b79c8b010d9bc427d4e247d03cb412aa83a535347d9d79,CLEAR,DAYLIGHT,DRY,IMPROPER OVERTAKING/PASSING,2.0,37.5,1.0,0.0
1735b6d03d9ba2c8641904925aa107118054f0bacae7a9b72557a4f9d01863fab2a32b5180e8f1e439dc93789b6497314a74c8e55c6d2aadf219a1f30fad1da3,CLEAR,DAYLIGHT,DRY,FOLLOWING TOO CLOSELY,2.0,37.5,1.0,0.0
1735eee5e83820fc9509b50677b63a549c807b17a3628d825062f08311bb3cce05d9ca35c28ac0dec672202e17b7456d2dd37c15340d6fb0270b7283ff0985fe,CLEAR,"DARKNESS, LIGHTED ROAD",DRY,IMPROPER TURNING/NO SIGNAL,2.0,37.5,1.0,0.0
1735f8fce638ef174b4582b3f3c8bc1c7cbeb4c879827d9c7ad0bbccb0acfb1eaccb1c2f5fe78a9afce9b8d3be8fea1d56d18e3a26caebcf3801b4ed642e8e3c,SNOW,"DARKNESS, LIGHTED ROAD",SNOW OR SLUSH,WEATHER,2.0,37.5,1.0,0.0
173600e358b0be7f8d32771d0aad93f3f628aea7d55b8979ca45c6678754e87caa763a7496454d17f0d471a52d6cd76c9b2983055a646c896857c779ac168874,CLOUDY/OVERCAST,"DARKNESS, LIGHTED ROAD",UNKNOWN,DRIVING SKILLS/KNOWLEDGE/EXPERIENCE,2.0,37.5,1.0,0.0
17360404636c3a8a1ef0fa273433c79abd336fda90bff92a2513824f7dba33c80b119ac5599b9330b8d1b5da6a89eec9b3bb377326ca0100a6a70eed8e3b76b9,UNKNOWN,DAWN,UNKNOWN,IMPROPER OVERTAKING/PASSING,2.0,37.5,1.0,0.0
17361e68cc9a41a2929c5535cb3640dbb6f98d23eebaa98b27586e992607ea474a18c645140e19dc1892c72fc8db40093a33bda1aaf378797372124f62dd6945,CLEAR,DAYLIGHT,DRY,IMPROPER OVERTAKING/PASSING,2.0,37.5,1.0,0.0
17363b9f5fb8482b7120766fb199e4bbf1bbc73e2fbb534759639b9c0f53dc6877b1088d2464bd251189ec6b3d0087ab6056f393375b733d081dfaef10a1b11b,CLOUDY/OVERCAST,DAYLIGHT,WET,FOLLOWING TOO CLOSELY,4.0,37.5,1.0,0.0
1736522dbd6b4ca5d575462e3da7de22b7c0029e3023d21445ba60e2289e04e0a1177df8e96bf982b451765e6fb779ef2cfa8950974634bc05d41f726b20d642,CLOUDY/OVERCAST,DAYLIGHT,UNKNOWN,FOLLOWING TOO CLOSELY,2.0,37.5,1.0,0.0
17365b99a10f6c69d9ae77d7b23526d64189bb22b34fd600465839365a484f04dcd40b317f739e8b66dff70e64e2023cc46912da7817b8761d274af0168a44a8,SNOW,DAYLIGHT,SNOW OR SLUSH,IMPROPER BACKING,2.0,37.5,1.0,0.0
17367a85e55aa55b076dde314ba01b4172917e55edb28ff0ce9a474ccdc61a99420567a62e972fdd25b4625b78f6355ca2819f082683ed1309cf70146d865e77,CLEAR,DAYLIGHT,DRY,DISREGARDING TRAFFIC SIGNALS,2.0,37.5,1.0,0.0
173699249ac0e7694f7c93a3731b7727ed32e2812fadb980955e6a78e9836a8c3f48571c557d2c06e877dd423f8efab1a9b6eb0673a563dfc8b3af7c590fed2d,CLOUDY/OVERCAST,DAWN,DRY,FOLLOWING TOO CLOSELY,2.0,37.5,1.0,0.0
1736a2bd848e573b56cfa54e71b67f67c1bd4a5b2023aeae27b2af2376761a80ac854da9cfc097c268aae8c3a7ab8e2a40fd392f77a3116a58231923d8180a73,CLEAR,DAYLIGHT,DRY,DISREGARDING TRAFFIC SIGNALS,2.0,37.5,1.0,0.0
1736c00881b002485aae49de963f5deedab63393de09bb8438ba29a2c0d25b442ac882ba82ae691d2519975845dc434d067c9bb3b055057948e5d219f9814979,CLOUDY/OVERCAST,DAYLIGHT,SNOW OR SLUSH,DRIVING SKILLS/KNOWLEDGE/EXPERIENCE,2.0,37.5,1.0,0.0
1736c85f8c23329f8bb44e57f90f809db3b475b7a3f3fd645ace6ad47774c7e27f2ee3d5730f8f791d61934ee57fff29fb30cebd4e868a5e9fdf0595288ca345,CLEAR,DAYLIGHT,DRY,FOLLOWING TOO CLOSELY,2.0,37.5,1.0,0.0
173701240b3378dd71a176e7f6634e232779d73b1ce169eb2d1be08be7b86dfabd874f82642dbe50cae55b4e0d8e7b9cd66cde2f2d9f492a2b710dfc7ad6983d,CLEAR,DAYLIGHT,DRY,FAILING TO YIELD RIGHT-OF-WAY,2.0,37.5,1.0,0.0
17370f375248179503f3de328b1e2ed12409515c84c4fd2cb97f42e187e0beaba70ace8976054b2e5c464caa023494e27bfe686c4e4792406f8b8e14b972132e,CLEAR,DAWN,DRY,FOLLOWING TOO CLOSELY,2.0,37.5,1.0,0.0
17372ff3f98f0fa47c348873fc007910f0b725a04b653d8858f6d69dca91e229d74c1444b6fe88d2bd8d2b4c086ecee440e14bd2487f3e335add856900e8ca62,SNOW,"DARKNESS, LIGHTED ROAD",SNOW OR SLUSH,DISREGARDING OTHER TRAFFIC SIGNS,2.0,37.5,1.0,0.0
173740d7364fdf35324b7c3b592f1509610876ee62e2e61682653b541cb2c89ddd6d082126ac39d5602ee3e0ceaf734e7d53a3ebbdc44d0653c40855bb2183f5,CLEAR,DAYLIGHT,DRY,FAILING TO YIELD RIGHT-OF-WAY,2.0,37.5,1.0,0.0
1737459434b753cda7a238b7c8ba78b7a6206d655199a8b4520edf233f4417e79b87087fa9ca7c1669a8523e1523cd005185b5586f0a9c38e853b9753c893aad,RAIN,DUSK,WET,FAILING TO YIELD RIGHT-OF-WAY,2.0,37.5,1.0,0.0
17374e793d4a53ab9e9ffb63cba941a5ca3dbb135fe21fdb15b5a433cb4735fe45f0f955918d599726ecd2da52799f4be086e2f9d3dbeb3c2c30a5109e1792db,CLEAR,"DARKNESS, LIGHTED ROAD",DRY,IMPROPER TURNING/NO SIGNAL,2.0,37.5,1.0,0.0
17379c0e4e118d2895e1292b90a717b1edd54a9c415e80c34eb6d606eeb1c1c5d9d8fe5cd19f66885e9b19b48fe99db20aa59570ebded4a788bcf7bbb064d32f,CLOUDY/OVERCAST,DAYLIGHT,DRY,DISREGARDING TRAFFIC SIGNALS,2.0,37.5,1.0,0.0
1737a27f13fe2c6ee46c6c317a21bd602b1d2a811adb34d8340a903d259276cd3f4b66b92f64ec922c9de1d2bc10469c3fc3fa89cb6b9a64080e12b27124305b,CLEAR,DAYLIGHT,DRY,IMPROPER BACKING,2.0,37.5,1.0,0.0
1737fdeaa6dc58350a4445c3840de8a2055e1cf779ab91197ea2cac2179c5b797290aee4df61037217ad969124da3819682bd7717053ffd14b540f85596e8b8f,CLEAR,DUSK,DRY,IMPROPER LANE USAGE,2.0,37.5,1.0,0.0
1738086a8b23c8beafbe3085b52441f093032bb5f9f324c88101693e0f3248b7a68f588fee727d7b838c68e929d1ba1c078d7515e13bce1a4c9a8746f351e081,CLEAR,DUSK,DRY,FOLLOWING TOO CLOSELY,2.0,37.5,1.0,0.0
17383ee22e4a70c66583607b166e6aa23967e576f48e86f5525298c5b4010c58991bd7acbfff49311c57fc4bf1585368daa1b98ece90c89d6448a694fedd8b1c,CLEAR,DAYLIGHT,DRY,DRIVING SKILLS/KNOWLEDGE/EXPERIENCE,2.0,37.5,1.0,0.0
17385607e6bae689c47421f7536715cd9ac0525c995e30a47a795fea07b1ffc71ea83669e68d6b6dc9c37eea932edc06c44ed4de91f4fff0a477e667f37a46e8,CLEAR,"DARKNESS, LIGHTED ROAD",DRY,DISREGARDING TRAFFIC SIGNALS,3.0,37.5,1.0,0.0
17386a7dd24ea64a3ec3c80cddbcd61efe07069f8b1d436d1b72e11dfb8c44a286763ebcd70945ba11474456d574ec8457dca0bf73441fb25509379a6d0a1678,CLEAR,DAYLIGHT,DRY,IMPROPER OVERTAKING/PASSING,2.0,37.5,1.0,0.0
173894c235b004015bc8349eb33430be351ce55b483b3ee7c28f9a24b05dfe95061756ee8d36753b0b152607185eb73bb66a547bf32714cdc2fa2dc778fb3d37,CLEAR,DAYLIGHT,DRY,FOLLOWING TOO CLOSELY,2.0,37.5,1.0,0.0
1738c92c6ff2c132df0494e302bec596acf2d74c670407e39267bcae3884da8ecdd15448d57c9c31c09a7b5fe51e8d85bef113cf80e19504d3bef74a08835f5e,UNKNOWN,"DARKNESS, LIGHTED ROAD",UNKNOWN,DRIVING SKILLS/KNOWLEDGE/EXPERIENCE,1.0,37.5,1.0,0.0
1738de2b0607233abcd50ee34e87bd032446f00ea2c020b5dc592b1a005d51bee8a56a6a5440eddf3cd53a4e1d9ceca772d5edb214708167dd1db80816a5bdb8,CLEAR,"DARKNESS, LIGHTED ROAD",DRY,FOLLOWING TOO CLOSELY,2.0,37.5,1.0,0.0
1738fbf6ce63699d06bd461b96014bdc8d5c955d711e197c56e0c25f99c10bef0f6d7d2b97d7cd38423e5b1124c6cb28cbaa779c1df3d555e86efec2dd2063d2,CLEAR,DAYLIGHT,DRY,FAILING TO REDUCE SPEED TO AVOID CRASH,2.0,37.5,1.0,0.0
173914c0250526b71dd8f0e93eeaf0292a27c8b080cfd20ed66091f5f4950611ba81630da939634e274351e46c2e5a8628db5c161a9a0cd84fe1f3f8611ea1c5,CLEAR,DAYLIGHT,DRY,FAILING TO YIELD RIGHT-OF-WAY,2.0,37.5,1.0,0.0
1739211f64c1eadcd76e7d26bbb73a793db2f2a3fb4d8c9b8dcac09f667f923955bf0bdce725c9b34b25f764b9eb1d0db0e67eb1e052eabfae16091183922d62,CLEAR,DAYLIGHT,DRY,FAILING TO YIELD RIGHT-OF-WAY,2.0,37.5,1.0,0.0
1739518c6f2b45d473351de8918aa1afb6b6b725a3650124a4209cb9c6bd8b132ca26c647d6fd5183b1d3870acb022ff5fb3dd1f31e2953d824a9b3c7ec6dd85,CLEAR,DAYLIGHT,DRY,FOLLOWING TOO CLOSELY,2.0,37.5,1.0,0.0
1739531e4f2e077a13dbcb2c94df611da2278a01c77e416c7cca22bfc5e210859fde573db07060c20ef95419ae7659d6086383201fc712f448e78f8f6afd7255,CLEAR,DAYLIGHT,DRY,FOLLOWING TOO CLOSELY,2.0,37.5,1.0,0.0
173956ac22faa26d713abb053dfa0ad51f45258ee0a1c867211da2f5735735eb93d8998e3c54343d2cad2cd291bd4c55fec46a31027914d595a29c2bdd5a50fa,CLEAR,DARKNESS,DRY,DISTRACTION - FROM OUTSIDE VEHICLE,1.0,37.5,1.0,0.0
1739685afb19525a58a88f5212518261acf98f2d7aab72692c9d4c1cc41719987901566b292f8862b02c4ebfbbceb38084823d0f43cf49bb53a0dc7698fe35ee,CLEAR,DAYLIGHT,DRY,CELL PHONE USE OTHER THAN TEXTING,2.0,37.5,1.0,0.0
173986282c09bc2e767d3298ce878bd07b0659dfd0ad7bec51032aa02ccbb26e9282cabd850644a6eb78aa272d490ed2238f6fea4327bfb2a59f16ae2259a854,CLEAR,"DARKNESS, LIGHTED ROAD",UNKNOWN,FAILING TO REDUCE SPEED TO AVOID CRASH,2.0,37.5,1.0,0.0
173989ee8965987d75c98e7a1a7e213b718fcf86b2f19fe6dd2838276deddd58d918281921c05b0e54c85beb6ab93163c727de654ac19581f2c86743e15b37f3,CLEAR,DAYLIGHT,DRY,IMPROPER LANE USAGE,2.0,37.5,1.0,0.0
1739c7876a270f4f983da364b03caf39df55bfc93292e35d7843aea53bb0f666eccbd93e311822baad5545e91b463f6bcf105392af6844aa685ec0d70ed804c7,CLEAR,DAYLIGHT,DRY,DRIVING SKILLS/KNOWLEDGE/EXPERIENCE,2.0,37.5,1.0,0.0
1739ccbcfc2dd7681ab7822a2b55927237d766f8713a9cfc6bd4cc58e02864f5f292d6af5ff233aa89ba21f348dc24bbe1437ebc7762e8226aaa7795011c7a88,CLEAR,DAYLIGHT,DRY,FAILING TO YIELD RIGHT-OF-WAY,1.0,37.5,1.0,0.0
173a0d94009c31d179167bd58bd4ec04ca9ad3c064995ea16f752efe7de4629c99f9e2f824c42ef3820d2f059174d4e70424a482a005307b28ba9221dcc57c7c,CLEAR,"DARKNESS, LIGHTED ROAD",WET,DISREGARDING TRAFFIC SIGNALS,2.0,37.5,1.0,0.0
173a0de6a99739ad353c188e8efe15e13efdb97b4910941abef22e5ef528dbbf146855008111ec6b7617ce721f960898ac19503ec91eb73a79231df1e264a528,CLEAR,DAYLIGHT,DRY,FOLLOWING TOO CLOSELY,3.0,37.5,1.0,0.0
173a1212e6cb42cebd54de181a85842ba1d59351b0738e4139220f0793b865f8aa08cc915a0afdc606a56f41d6d1cf7474beeee598ad916b8ad47f5b79c4aafd,CLEAR,"DARKNESS, LIGHTED ROAD",DRY,DRIVING SKILLS/KNOWLEDGE/EXPERIENCE,1.0,37.5,1.0,0.0
173a6e3c7fb870c88315a4bda6ee7604852362f0594717aa2dfdf6a71306aec3c392e8e8456c80ed06a589696132a25b4a652a1fb5beb390c3f45df0052e7573,CLEAR,DAYLIGHT,DRY,DISREGARDING STOP SIGN,2.0,37.5,1.0,0.0
173a7d13f3939eff46302dc822f488fbf2941c6ac1c18df0f71bf2401536f9f441dc57f6c2502e60c1bdd3c36b86aaf6360a913f0f2481ee8d311950c090dd81,CLEAR,"DARKNESS, LIGHTED ROAD",DRY,IMPROPER BACKING,2.0,37.5,1.0,0.0
173a81f5a0b4ea2615bb632c2feee770e4b47c30d95fcdb0270fc673d5c9a8d363aabb15ec46d37e284e469630d731d8e4e5ae90bf7e1309236f3d2c805076a5,RAIN,DAYLIGHT,WET,FAILING TO REDUCE SPEED TO AVOID CRASH,2.0,37.5,1.0,0.0
173ac0d8b16b3f5669201bc611f69b83095b1fbc686d08043f219dac221a0fd2f4d3f50aa8bd098f81bd454f8f832c784a6849a8780b032628bdd986d02da4ae,CLEAR,DAWN,DRY,FOLLOWING TOO CLOSELY,2.0,37.5,1.0,0.0
173ac5a6a2fd34205dd2506c9181dee618ab427cb14eabc39630e631aec96cb320ffdc92bfa92521ce12af4f338d2b6e86f73a9214be5fbdb6079a1670009bd7,CLEAR,DAYLIGHT,DRY,FAILING TO YIELD RIGHT-OF-WAY,2.0,37.5,1.0,0.0
173ad5b215616c57bee67491907d341e1ccfb503b409f0cd7f16321a70178afd27920fecdda925ee0b6dd875ce71d54f2c256303b84cd33cc7894c7198cb80d8,CLEAR,DAYLIGHT,DRY,FAILING TO YIELD RIGHT-OF-WAY,1.0,37.5,1.0,0.0
173af43245878d446c1674a86c19ecf124448e4e51a19ae853a2be64501cd90b6ed57cefd2fa190b5d654b2f9e5a4cd1e9169a73f3d96fe9651367b83e5a6fb9,CLEAR,DAYLIGHT,DRY,FAILING TO YIELD RIGHT-OF-WAY,2.0,37.5,1.0,0.0
173b0aaece45fe10e70de44afe730d7e98feb59b320966802cbc2a5ee16911566e7473d8e80c3c78b67d7ecc7eb1195f2015a089c4ea333bcc4ffb4057f3693e,CLEAR,"DARKNESS, LIGHTED ROAD",DRY,FAILING TO REDUCE SPEED TO AVOID CRASH,2.0,37.5,1.0,0.0
173b0c267a2f0927e911fd6d5eed075dfabc76c2c86d2a78e980a39d89c563092791029f10fe663fe32037e8c2386100261f0f988734b21da199f4ca3cc16355,CLEAR,DAYLIGHT,DRY,DISREGARDING STOP SIGN,2.0,37.5,1.0,0.0
173b2409721341e70cc0b9f731b8e82d134390158d563d582f36cc6c37f733dbcc3a6f0dc21eb85a11204f62d35829b38177a77ffdb648ff4ab09768a41a523f,CLEAR,UNKNOWN,DRY,FAILING TO YIELD RIGHT-OF-WAY,2.0,37.5,1.0,0.0
173b253f66c459a1aca2be24c72a77d4db8866e6ba5577e6e7c3ce1a1dbd62265e5ef0f040781a6e88a0b943bfe835c4cc91ea685b687dbb153893fa47f2806e,CLEAR,DAYLIGHT,UNKNOWN,FAILING TO REDUCE SPEED TO AVOID CRASH,2.0,37.5,1.0,0.0
173b3ac055447c5dcae31da52c50fbce19addedc415005343cd0cc08d0c47b5054c0da093aea6e9143719f220daeb1ea732d99c58dafbb91cf5bd8fe5197035b,RAIN,DAYLIGHT,WET,IMPROPER LANE USAGE,2.0,37.5,1.0,0.0
173b5097a0b2b8eed95b1e7b0251aec68676a9dd083766053b0a64deeb3fc64f7e235d855dd0695abf5b7e4ab6341215f371f9165ce9ee25d1bf91e18b238a53,CLEAR,DAYLIGHT,DRY,"OPERATING VEHICLE IN ERRATIC, RECKLESS, CARELESS, NEGLIGENT OR AGGRESSIVE MANNER",2.0,37.5,1.0,0.0
173b77ac608f2579714164cf7ab15a04f9f0177bc48f59a3340ad69c0bb6a4160fca4a7638059a2629616a9e888ef33fbf4f4f42533720fc3d35d19094b94609,CLEAR,"DARKNESS, LIGHTED ROAD",DRY,FAILING TO REDUCE SPEED TO AVOID CRASH,2.0,37.5,1.0,0.0
173bb975cf18e42c6bfcf88324fb1c776d1d0927fd9b72588e7aad4684b8eb2672b4bb36c1b1071867e9c7af41bdd7c1c96347e9b8616ed1ac31b29f90e7212c,SNOW,DAYLIGHT,SNOW OR SLUSH,WEATHER,1.0,37.5,1.0,0.0
173bf086d9caa511797e642e2b15229a0233afb69a497294804a15afe19aa3711e9afbfbba8730d997815094ea0ea9a67344803a5d8e826d5f3e4378f1685fec,CLEAR,DAYLIGHT,DRY,DRIVING SKILLS/KNOWLEDGE/EXPERIENCE,2.0,37.5,1.0,0.0
173c3aef9f21361925b958e8d31cf88785fbe7de3d1ecb6253dba1ef865d404c000036d2fd9ab7e65c09fe650a5e7885080958b00ce47216b89492df5a112fe8,CLEAR,DAYLIGHT,DRY,DISREGARDING TRAFFIC SIGNALS,2.0,37.5,1.0,0.0
173ca61c8d31c05b2c6cae85a87e1a2df35e5b8b6ebf8ca68147a10cd36866f737db394175b826b0e98b577520e483063e59bc610fa4ca26b240c2d975030bd7,CLEAR,DAYLIGHT,DRY,IMPROPER TURNING/NO SIGNAL,2.0,37.5,1.0,0.0
173cacb75239128ff405666a3283d38cc4ed86a958d47c602cc82728b66678399889d2fa65dc7f40be54df90fb34e88d86116e28fefd888044b2ee005d06f5c6,CLEAR,"DARKNESS, LIGHTED ROAD",DRY,FOLLOWING TOO CLOSELY,2.0,37.5,1.0,0.0
173cbc30ab01f3d6700cc3f70329d19af4ab81ca6f26ae39c1f2ad9056313d2e2b86f3eb2446bee87cc2dd7553e6c1e6a09b63aab9826aeeeba99e5026e12a92,CLEAR,DAYLIGHT,DRY,FOLLOWING TOO CLOSELY,2.0,37.5,1.0,0.0