crash_record_id,weather_condition,lighting_condition,roadway_surface_cond,prim_contributory_cause,total_vehicles,avg_driver_age,total_people,total_injured
173cc217c0b800e103b097262aa85bf0b3e6607e8035bdbb5ffe654e41119c4053a03d041abe5b86bac64c2b9e444c47b6aa016b5734b10ed8b01d84720a6430,CLEAR,DAYLIGHT,DRY,FOLLOWING TOO CLOSELY,2.0,37.5,1.0,0.0
173cebbbd4e74b4bd4ca5d151d0f31af0feb06df37826c6c33f9059565e7d58cd8123cdcf7e4e8d6307bc58db30bda92c40c7fa1f520901cdb23d41aeda4ab14,RAIN,"DARKNESS, LIGHTED ROAD",WET,DISREGARDING TRAFFIC SIGNALS,1.0,37.5,1.0,0.0
173cf55f5bceeb3a5a9e5b22fa0d17794743105f640bb647121c5850ebe2b9f4b838af36f5120f3a11069fb74138db32446fb5b7550934bb1cd7aa3e847a8977,CLEAR,DAYLIGHT,DRY,IMPROPER LANE USAGE,2.0,37.5,1.0,0.0
173cfe430bcbfad0916c136429933369cb24d31a0be58bbd419d1202aa7f459ccfc9e8e560429d3ca434c38202ec124e70a3b73e3619c7a593c5d17f0b9c2651,SNOW,DAYLIGHT,WET,"OPERATING VEHICLE IN ERRATIC, RECKLESS, CARELESS, NEGLIGENT OR AGGRESSIVE MANNER",3.0,37.5,1.0,0.0
173d05411787dd7de575a4355763f8165ce9174f47c606d7fcf5efcb3797d87b417049cf1c4812701399a2ba8328abfeacd3fbfd6e0207a569aed0e532876762,RAIN,"DARKNESS, LIGHTED ROAD",WET,FAILING TO REDUCE SPEED TO AVOID CRASH,1.0,37.5,1.0,0.0
173d16f4ed99969736fc0571a108e142d0b6c066762bd3a80e6a626a7016b3383f7de03e3290d889fae2a46b1cf856f4b2f91a6ca3f49872bc40d5c766dbab0b,CLEAR,DAYLIGHT,DRY,FAILING TO YIELD RIGHT-OF-WAY,1.0,37.5,1.0,0.0
173d20edc635792d5f6dec55b5a27779c4d327b068cf181eb0c36ad1d02013752d28c66a2ee27f275eb30732c78ea16c61550341dba1153ed62e4310472d69b6,SNOW,"DARKNESS, LIGHTED ROAD",ICE,ROAD ENGINEERING/SURFACE/MARKING DEFECTS,3.0,37.5,1.0,0.0
173d23640b7333478f2ee26f1480fda58a77cecdfb03e7293ca6c540cd7eb0a8581bc4fbb09d1727a7dfb85f9fc5ed4720f9c3f04a529fbaa6e3b16fbda80ae1,CLEAR,DAYLIGHT,DRY,IMPROPER OVERTAKING/PASSING,2.0,37.5,1.0,0.0
173d30af070d8f4ab653b94997594f4a7bf128c6841d619d86afa857e9c5aec9c93a8541601d5d9dfc93c1c312dcba3b09cea073b09d508c1616d2c06e042e1c,RAIN,DAYLIGHT,WET,FAILING TO YIELD RIGHT-OF-WAY,2.0,37.5,1.0,0.0
173d381cea1ee6181b2c8a6a5bd3626d1c467f6f166544c194c559e44c83cc9e38dcbcf41574c9a6187646112aff0db1c2cac788fe83b142ef66e53681c9c698,CLEAR,DAYLIGHT,DRY,FAILING TO YIELD RIGHT-OF-WAY,2.0,37.5,1.0,0.0
173d8448d1549ead3748996ed8f446d5489ecbf847ba1bec89ccdee5b309d2979a5b66d5f960ca531d261d4d6c2f4d964517a96b2c11c1b7255c083782ee21f2,CLEAR,DAYLIGHT,DRY,FAILING TO YIELD RIGHT-OF-WAY,2.0,37.5,1.0,0.0
173d968de0159707e89b6e9c51cab3ebf67148b4bae2267216c791fb49d7a1e49fdae01f3fd72e6c6f67e1ee2f9f139b9bfda70b2c08a463c111c5cacd50d3a7,CLEAR,DAYLIGHT,DRY,FOLLOWING TOO CLOSELY,2.0,37.5,1.0,0.0
173da33729638245d374e0058f78438083e4fb29eb374365ee3fff5f4baec3017f0cd44cdfdb39b646c96ce8cee65624735d4cd4fa99c171e0f7d93ef8597055,CLEAR,DAYLIGHT,DRY,DISREGARDING TRAFFIC SIGNALS,2.0,37.5,1.0,0.0
173db86cc9bbf043d7acf4099bda52a6a0a7df4d54dea143c22f48990f3ea35397ec0687360a8102eee444d3781d431d1fab04ba649bd3f099ece2238f9daa40,CLEAR,DAYLIGHT,DRY,FAILING TO REDUCE SPEED TO AVOID CRASH,2.0,37.5,1.0,0.0
173dca2f7e4576b205fc84913c5a074f77cd484979879e945c47fbcf0381d123b6f3d84824fd6520d6ed210c131d574b6e2970311c5eee99aca0f7ee7eea840d,CLOUDY/OVERCAST,DAYLIGHT,DRY,ROAD ENGINEERING/SURFACE/MARKING DEFECTS,2.0,37.5,1.0,0.0
173dcac96d3f828f5ce1bbb820d8947ba9cf9b043bd21dbc2120f5d1f1fb95d6c81e767f3452df323da44d4040824bedba0379378d73f3953b6008c258c76ce2,RAIN,DAYLIGHT,WET,IMPROPER TURNING/NO SIGNAL,1.0,37.5,1.0,0.0
173ddcc70c902561633e40a404e3f3dd197cb5a9790c4236e86f8749d89007757155d9130f81efc8896e3afaa720f9f18234ce76b900d0fdc86d6e849be6252e,CLEAR,DAYLIGHT,DRY,IMPROPER OVERTAKING/PASSING,3.0,37.5,1.0,0.0
173dfbcb816e3eb6187580b1d10d54733aa6a9d3ff85bc5b912bad581df8a943794962f0c4eb8206661a89bc51aa4f068292b1c8ce1d9b16b82c2c74788275c1,CLEAR,"DARKNESS, LIGHTED ROAD",DRY,DRIVING SKILLS/KNOWLEDGE/EXPERIENCE,2.0,37.5,1.0,0.0
173e1000d49d2073d6d3ce08e303b2e43ee37b8999031c70c71a22658fe7674fcfa81b81df0495b9372a76bb94584690740d0998dae93fd5c6928528fc9688f2,CLEAR,DAYLIGHT,SNOW OR SLUSH,"OPERATING VEHICLE IN ERRATIC, RECKLESS, CARELESS, NEGLIGENT OR AGGRESSIVE MANNER",1.0,37.5,1.0,0.0
173e47e8ddc2f65a04db0ae4dd3916a4c5d2fccb597c93988255faf67f4f3b9382167ffb1cfe0a62f7817b5bb571060aa929393fadc947352f6ecd8442e90220,CLEAR,DAYLIGHT,DRY,IMPROPER TURNING/NO SIGNAL,2.0,37.5,1.0,0.0
173e6f0dc65e6427224443c8815e4e414352eb285c9c430001e871354d41ecf2e6f74ba6394e71a04db727468ea829a2a58fac26902ce93e762baf8ca018c0f5,SNOW,"DARKNESS, LIGHTED ROAD",WET,IMPROPER TURNING/NO SIGNAL,2.0,37.5,1.0,0.0
173e8798b50c0d4d7334abcd48af029a23d19fb20b2b3c35e29774cfa5e1433477e9e2b7eb3eb9deb05122d6b7bd5e0d0f3e7177b8637d72a6d40374c4c6fc39,CLEAR,DAYLIGHT,DRY,DRIVING SKILLS/KNOWLEDGE/EXPERIENCE,2.0,37.5,1.0,0.0
173e886d6a8b0112bfe8c8017d39f44aea981e4ea83815e8a73dcd983d19d9a7c53f0b4d67ff1c519ccca1403318b102bdba695b681a2735992727d695784271,RAIN,"DARKNESS, LIGHTED ROAD",WET,IMPROPER TURNING/NO SIGNAL,2.0,37.5,1.0,0.0
173ea4241ba50b85bc4e5b39dcccd840079a58ef55cfb258cb908c40e18f512a8e6c304e713ce7460a8fa140f251e04dbbf207c6580537fc2a2672a234002d64,CLEAR,DAYLIGHT,DRY,FAILING TO REDUCE SPEED TO AVOID CRASH,2.0,37.5,1.0,0.0
173eaf68c2ca9aecf2f9a29825122d0875bfece3effd5b27eb1f79cbbdc3fa46cef5d63b55a011e5818b1fbc7aa3cc12343972a7bf5034fcdcc485416bea81b3,UNKNOWN,UNKNOWN,UNKNOWN,FAILING TO REDUCE SPEED TO AVOID CRASH,2.0,37.5,1.0,0.0
173ebe0571e846a463fe8f23fb55ee4bf024a409743b26dee6d6cbcc6efe9455fbb3dc4d646585da672679906d4fab2770ad7ff8fd309f8670a2e4eff57eb8e8,CLEAR,DAYLIGHT,SNOW OR SLUSH,FOLLOWING TOO CLOSELY,2.0,37.5,1.0,0.0
173eea1ffb26523ecee104dca3f9be671dd55cece5eadb5b831ab29445c3c5086ecd5471f32ad1a8d784bf8f680615396bd74f2a6e121056c8416751ec7d26a7,CLEAR,"DARKNESS, LIGHTED ROAD",DRY,IMPROPER TURNING/NO SIGNAL,2.0,37.5,1.0,0.0
173f147397adfe083840e424a7849507a95e8712e025445e6162f541864bd5516976d76980ca91bb7f5d7c451f7036b6e0fdea4c6a26880e70f2de6aae4c69f2,CLEAR,DAYLIGHT,WET,"EVASIVE ACTION DUE TO ANIMAL, OBJECT, NONMOTORIST",1.0,37.5,1.0,0.0
173f1adbe8bb5913d1ba8e7737b2affec89685548ccfc816d446539bedb3abd3589dea392b834bab5d9617b85862dd95886decf20955bf6ef7f2d165e7246d76,CLEAR,DAYLIGHT,DRY,FOLLOWING TOO CLOSELY,2.0,37.5,1.0,0.0
173f4c9cc2e760cf0bb64c5830dc9cddf1360729136794a6aed272aa89c6decfc66ebaa5e46b7cc3b0e2b377ea4d05ffc1871a3fef37ed62fac8650ca88d1b7d,CLEAR,DAYLIGHT,UNKNOWN,FAILING TO YIELD RIGHT-OF-WAY,2.0,37.5,1.0,0.0
173f51f0b7c590ff18f1226a430d4f74d188463d681474f71715612a88dc86014bfb27aebb337f4fa0bc5198cddc57e380b75022f553049e13a5ac413b888fe8,CLEAR,DAYLIGHT,DRY,ROAD ENGINEERING/SURFACE/MARKING DEFECTS,1.0,37.5,1.0,0.0
173f5a66fa61312d3323fa66d7b1d26e939bdcddb361b6743d91c05c4dc638eb2fb3f72a8559323fa1aff1acceffc6e241c1cd69557db9f17b7fd4eb3c5549d3,CLEAR,DAYLIGHT,DRY,DRIVING SKILLS/KNOWLEDGE/EXPERIENCE,2.0,37.5,1.0,0.0
173f616fdb22992491033be8770aeccf8f5862a9f4fedb139418d6119d745dd6f316dd4878c3735dc5f88565780b7ff0a8d5a6748a045127bbb3178b3a02d013,CLEAR,"DARKNESS, LIGHTED ROAD",DRY,FOLLOWING TOO CLOSELY,2.0,37.5,1.0,0.0
173f987b813b5ea5ce62cc4e7e60348fd378b23e19e570716aa84f444b96113036019cb539770d5cdf5a73bb9e3434ab9dc32ebfddecda3a471530e4b9660334,CLEAR,"DARKNESS, LIGHTED ROAD",DRY,FOLLOWING TOO CLOSELY,2.0,37.5,1.0,0.0
173faa90b50edac3bf49bd4055bbe592f7f89820bce3825cc3e674aeeb5c000d1a6b3f3f75546b5ba46024702024bab8de837e6370f3e5a9886e20a2a94d18b4,CLEAR,DAYLIGHT,DRY,FAILING TO YIELD RIGHT-OF-WAY,2.0,37.5,1.0,0.0
173faaaac327b03ffc03c49d6969714408754a6983c233a34122de5317acb51e5d692325210e3b6648a940780feb308c91190453e4c3bf51815c74e576933231,CLEAR,DAYLIGHT,WET,UNDER THE INFLUENCE OF ALCOHOL/DRUGS (USE WHEN ARREST IS EFFECTED),1.0,37.5,1.0,0.0
173fc5c00783e04a2df983f3e44ec56c3a5faa5965b8b8b8c1697695055526992b5e7f91e27cbf3f252b2c47810e9bc4aa6ded0887bae800c6492bb65f5e34ca,CLEAR,DAYLIGHT,DRY,FAILING TO YIELD RIGHT-OF-WAY,2.0,37.5,1.0,0.0
173ff850573de58a072f5553127e8c51d2490445adf0f61447c88b92a19c34ec7824a852068431ad48323ab467cbfff1623459ab305a10de5456c7074b6789f5,CLEAR,DAYLIGHT,DRY,FOLLOWING TOO CLOSELY,2.0,37.5,1.0,0.0
173fff910d116494f80bb237c214841bc2a5d01265e1dc99342e7c7545d868b1e10022297dca8cf28c89c9ee2f52ebc0118b3f0bbd9a507f52c6afa2a920d3aa,CLEAR,DAYLIGHT,DRY,IMPROPER BACKING,2.0,37.5,1.0,0.0
17401cd9f227f9ae4edc94537742887944d8451e6564c0798db3144481ce5600bfafda56bcbbd67638a7e17308020cba5694b193b27f0b419fec11cfbf395e5b,CLEAR,DAYLIGHT,DRY,DISREGARDING TRAFFIC SIGNALS,2.0,37.5,1.0,0.0
17401dead2c686c3f4b9cdb08e2fdd233cd524eae6d65b9b0ab5f6ead502b59c5c811fcf2997d9f7fa822dafe5dc3cf25b87d3925493dd6e61e9aede861f8f30,RAIN,"DARKNESS, LIGHTED ROAD",WET,PHYSICAL CONDITION OF DRIVER,2.0,37.5,1.0,0.0
1740265bfec06bd34faa3da03f4c545dfed78205af4ca4c17c7e55476854cd57e0dc7344cb661a4f8866a04fb0774850c1f34b1e6eecca4309afda74cfd61752,CLEAR,DAYLIGHT,DRY,DISREGARDING TRAFFIC SIGNALS,2.0,37.5,1.0,0.0
1740562bbbcac2cff836d73e1e53cf8319d281efe0dc115a83ecd6d563b57f576984a41d0730b922c8ac23c18ef75d627ae0f5d1f25a737e0dc5416b1da5e4c0,CLEAR,DAYLIGHT,DRY,IMPROPER BACKING,2.0,37.5,1.0,0.0
17408b46e471dfd68382d8e4c2435fe6fbe2d93218f6db2e13456dc023b723b6d43607e2121cc96385659bfeb9eeb1588a2e7316540414281e06bec099d202d3,CLEAR,"DARKNESS, LIGHTED ROAD",DRY,FAILING TO YIELD RIGHT-OF-WAY,2.0,37.5,1.0,0.0
17409d32f5425f898e6da5789d9ea44a8ffe338a7b189bf82ec46b9f2f39d4e53290a6ebaeb0d4ea509b24b14f4f829190316c9daa436391cd097c15d0dce134,CLEAR,DAYLIGHT,DRY,PHYSICAL CONDITION OF DRIVER,2.0,37.5,1.0,0.0
1740c5ea9290103031137da1b9cd9115cc841ced8ed40ea303c8b642101738c672f9d92d619a5a855820ba90b0cb8dd34c239273647dea9c84ef2bdd5054bfe3,CLOUDY/OVERCAST,DAYLIGHT,DRY,IMPROPER BACKING,1.0,37.5,1.0,0.0
1740ca9439b03f245099dc835642769c737250cf664aebf1bd3d824fb60f5194f553340d22d74da3f651c9d003565064189e70d76bcec3cdaf8071ca95f27c4b,CLEAR,DAYLIGHT,DRY,DISREGARDING TRAFFIC SIGNALS,5.0,37.5,1.0,0.0
1740d54ed95ebf7fa2b24405b0a983568f397da9a1a01af9bd62040ddb3a8f06475579de135a203fb2a7b273b7688a862e7caf891d33dff6f34d7032e0d54014,CLEAR,DAYLIGHT,DRY,IMPROPER BACKING,2.0,37.5,1.0,0.0
1740eb514fe2cb9d88debd0c09d1aa176c43db1f523995438c73e006606f7eddcbd00799e9531a48d0e43db90390c686c68d28826775c2161e3f0bf85352b79c,CLEAR,DAYLIGHT,DRY,"OPERATING VEHICLE IN ERRATIC, RECKLESS, CARELESS, NEGLIGENT OR AGGRESSIVE MANNER",5.0,37.5,1.0,0.0
1740ee8a1539f83b5554d95f2de09ed8517226800797fe7e4cb091b517785530a0609e975e9280c4e753b7e49fbc9aae32ca3f1b408d8bfd7258591e37297de3,CLEAR,DAYLIGHT,DRY,FOLLOWING TOO CLOSELY,2.0,37.5,1.0,0.0
174139488b6c513ce107a16b19ceae223c781a13c5f42156367ce2516f0b516697e1126dedfe24c07af76d0ab495284b9750855aa0f11bdfc61fed8179f4448a,CLEAR,"DARKNESS, LIGHTED ROAD",DRY,IMPROPER BACKING,2.0,37.5,1.0,0.0
174152bc4e0951149df1a050c8ff6e0f628fc11967fbb44f0ca95e5cf4a32dea4e54330c5f511eee87788dc375d939f9844bc322f4c658655cbc1272c8ab438c,CLEAR,"DARKNESS, LIGHTED ROAD",DRY,FAILING TO YIELD RIGHT-OF-WAY,2.0,37.5,1.0,0.0
17416942368bbfb3323f10f108c0133633b589207bdf87888ee714c07757dcca49b3045f4288f3a2203e790fd233e56d1e2e2887e5984701927a24a868a018f0,CLEAR,DAYLIGHT,DRY,DRIVING SKILLS/KNOWLEDGE/EXPERIENCE,1.0,37.5,1.0,0.0
1741941c82ff6ffbb0db65ac9014e591a4a8c98778821fcd8d8f5405ca92b8e5201064b3ad465f3d3ff158b9e08427d3b6240f76f3c96b6a5ecc34e8c92532ca,CLEAR,DAYLIGHT,DRY,FOLLOWING TOO CLOSELY,2.0,37.5,1.0,0.0
1741a27cdeaaee8151c6f67cd37862f1f95e0ac8446cdc6366f0a1506fa702654e298492221f25ea93c45dc96caa95312d73b286136dafc4d79b40f255cb8f8d,CLEAR,DAYLIGHT,DRY,BICYCLE ADVANCING LEGALLY ON RED LIGHT,2.0,37.5,1.0,0.0
1741af49541c10f4133d2909e6f9a978d3d27cbadecfe4077e5257fbd2554223a7bf8adc92ebd9fd0d9c46fdc280182d1aa29bd24241ba60dbb0dd04fa8d6a6c,CLEAR,DAYLIGHT,DRY,IMPROPER TURNING/NO SIGNAL,2.0,37.5,1.0,0.0
1741b3acf5cf0d1a0a229778335a58f51bbefb8766b1659bc2c98e018c87af2e21788648b3ad78c54c298d713696b691d995f52a6bba8663a5dc2fd2cb02c2db,CLEAR,DAYLIGHT,DRY,IMPROPER BACKING,2.0,37.5,1.0,0.0
1741c0855993c036a0c106f64dbc1db87f86d8da2926430800678f54935cb8ae1389f7d37aa8faa26a37404f6d4ee53f80e06ae1747f00d6d8d6cee53607d0e6,SNOW,"DARKNESS, LIGHTED ROAD",SNOW OR SLUSH,"OPERATING VEHICLE IN ERRATIC, RECKLESS, CARELESS, NEGLIGENT OR AGGRESSIVE MANNER",2.0,37.5,1.0,0.0
1741c2309a3863c0e32b323ca19bb539da0852bf8aecf5e05eaef1be7bbbef196a6b82a282acf6aa88223a946cbe515d223b50f528cfce0a6e6b53fdaa8fd000,CLEAR,DAYLIGHT,WET,FAILING TO YIELD RIGHT-OF-WAY,2.0,37.5,1.0,0.0
1741d060f9b492e0597e3481ef8838e88d882f6fa2365aa13706273d0e69bce8d69f46e7700ea7bb14107872d8f963f8372fbba980bc441853eb0c4a7e6ba93a,CLEAR,"DARKNESS, LIGHTED ROAD",DRY,IMPROPER TURNING/NO SIGNAL,2.0,37.5,1.0,0.0
1741f04a3a9a2fc0bf5f83305e49ab2c909abaeeac7eb96d5a5e6374d1f2a772462f3baadff25a27c7579b89c67e79f5253e1ce8b81efbee913fec452a842a6d,CLEAR,DAYLIGHT,DRY,FAILING TO YIELD RIGHT-OF-WAY,2.0,37.5,1.0,0.0
17421cacca1ef3353ca1bf1968db042d09741f8bb89531fc9347b3d08dad50077627fef7710d89b49acd76069c6e975237536d28ab0804d7ef1f58ea5168cc76,CLEAR,DAYLIGHT,DRY,IMPROPER LANE USAGE,2.0,37.5,1.0,0.0
17421d04a9f71f9c2998377ae932806895ee2faa0cf36fc8d66d14fcae87cb2f5861289974d30ab51733317ce63530aeb1d37045bd206bc7a7c92cd3e6ce3a7d,CLEAR,DAYLIGHT,DRY,DISREGARDING STOP SIGN,2.0,37.5,1.0,0.0
17424997912470eea1064fbb21b180e85cd2d50d1bfb3181c67c7ae4562b8d5b27c5452dc5e07281ea360a18b9d1ba4e6c9036a7a771160ce94a50987e3031e1,CLEAR,DAYLIGHT,DRY,IMPROPER OVERTAKING/PASSING,2.0,37.5,1.0,0.0
17425070608ad4cbea3b24726dd7d48329a8d7aad0fd45960fedfeeb5ca6c348c78a7b1596170e74c6d6270426e61c7627e86950d04d23c0e5dc9434a38a80e3,CLEAR,DAYLIGHT,DRY,FAILING TO YIELD RIGHT-OF-WAY,2.0,37.5,1.0,0.0
17426ad1f5e893ece4cb47f2f2744aa6b8d2d952afe114c64e55c57a6d353afcf1d4651eec7e512d8f48e4d61cec5cbd488b9734579439553efcda7d0319b607,CLEAR,DAYLIGHT,DRY,FAILING TO REDUCE SPEED TO AVOID CRASH,3.0,37.5,1.0,0.0
17426f3649036d76bf4b0d79508db5e424dfd4463ed7548b02e79ba8fe99b1bcc2ca5b6a4067a936a1827c7e6f18cae9eb0e39a6072cb9a36add4e73be3a2cbc,CLEAR,"DARKNESS, LIGHTED ROAD",DRY,EQUIPMENT - VEHICLE CONDITION,1.0,37.5,1.0,0.0
174270f1aa43b0ed8343a7c9b7e8c237a8736bb76b8a4bafb978e79e91e066a32a6aa29bfc97dda801feab8bf79f6b9fb65fd2230841029fd2f49991e236e7a2,CLEAR,DUSK,DRY,DISREGARDING STOP SIGN,2.0,37.5,1.0,0.0
17429d889ba7ec264d6dc47479fd4ba94349a433bcd279d0c3ad7a4f4acb7b1c98d0ec7bbe25f996728974be2ebaa9f77c156d017d8f61ddc994235d458a4ded,CLEAR,DARKNESS,DRY,FAILING TO YIELD RIGHT-OF-WAY,2.0,37.5,1.0,0.0
1742b300cf600b6fb684ddb737ba9a2a3cc293c2fc7deed2ad54c8a725f2a73057eb0b48cfa995e782b39a0c3cbffc59ef931bc3eeceaa7ca7081e638264612f,CLEAR,DAYLIGHT,DRY,IMPROPER BACKING,2.0,37.5,1.0,0.0
1742b3f892f6769be8506cd9dfd510d018d0cab3b545f6a1cd75013d33309083076be74ff00560b95ad490efe3611a1687638a54d054a9e61ed3bfac38c940c1,CLEAR,DAYLIGHT,DRY,FOLLOWING TOO CLOSELY,2.0,37.5,1.0,0.0
1742cadcb108730bc9b0aeab0e8d50eef461427b6967de2c5cbc54a42b76eed52418d22fe9085d656680c51af6b7127907706ee91ee9d9182e819bac6795bfd5,CLEAR,DUSK,DRY,DISTRACTION - FROM INSIDE VEHICLE,2.0,37.5,1.0,0.0
1742da09aedc588641b26be9d76c51dd6d052b61fbeb00a541c428f9dc50a9ba640a844e0e369f5a7166204aead97f701a042d5d040dc9a8e960ac548ca393d5,CLEAR,DAYLIGHT,DRY,IMPROPER LANE USAGE,2.0,37.5,1.0,0.0
1742dc768fd51cf7f69fe36d5a58b6baaf46d221c48efb83cce4a39b6641e8ce9b69eae3a04e15c52f4c6b657e209f4117e9f6ad447358ffab875c4cae599e4d,CLEAR,DAYLIGHT,DRY,FAILING TO YIELD RIGHT-OF-WAY,1.0,37.5,1.0,0.0
174320d4382afae651c8db6a33f9fdd0140954d48822f269efe70067551de0c46cc0689e995e06ebab21c96d56fa1dcfbdc512eac6aa5b81207945f1510b5085,CLEAR,DAYLIGHT,DRY,FAILING TO YIELD RIGHT-OF-WAY,2.0,37.5,1.0,0.0
174328e8373bb1e141ac0b08234bd37b06dfb3131b704127fd083397ef2bbf0138423fa47fefd6b17254dbaba8ec24c0a8459069380406cac48ff7f8e435ff42,CLEAR,DAYLIGHT,DRY,DRIVING SKILLS/KNOWLEDGE/EXPERIENCE,1.0,37.5,1.0,0.0
1743344a7f18f7f1b41cffa7e758d3273b4b0cbbabe3cc0ded953ac2c20a65f17d68c3fa508fe8f4d4c2b3b60e33dc4cc12bc293d26c0ada12891036990c3851,CLEAR,DAYLIGHT,DRY,FOLLOWING TOO CLOSELY,2.0,37.5,1.0,0.0
17434a04cb2979bb0708446c225efce96d8ee0793fef5f8fdaaaa8dc965bb5b2e4fb383a3daa11e0098e8aaf3f49ebf46a68d67a5bee15a31657513ed252f8aa,CLEAR,DARKNESS,DRY,FAILING TO REDUCE SPEED TO AVOID CRASH,2.0,37.5,1.0,0.0
174367cee07fc8a13ca019e26acc0992ed631b4ea216ee6e458c7438ed23a8a526be0a74114483c75d58ccfc05a11d3881c8472f2fe7651aec8ca49db2a89024,CLEAR,"DARKNESS, LIGHTED ROAD",DRY,FOLLOWING TOO CLOSELY,2.0,37.5,1.0,0.0
1743bebf4686aa1e64f836eed9790e77e2f035df9f21b69b8f027369ea3a1388c1fdd488175e10ef7c05153a04fbc2318ba2024ec3321dc6cdd21e54e71ad4d4,CLEAR,DAYLIGHT,DRY,IMPROPER TURNING/NO SIGNAL,2.0,37.5,1.0,0.0
1743ea3901d31cd15422cd0da8004f985a7b2cb07ff91f9bcd3351146aaa8213df14ed15506b26cefe9faffd291636d3a7f2c398af920716ebf3bbdc42b2d7ce,RAIN,"DARKNESS, LIGHTED ROAD",WET,FAILING TO YIELD RIGHT-OF-WAY,1.0,37.5,1.0,0.0
17441aeea927bae0096b43c4b300a833e09a3f6cc9f87d9b225822237df796229bd57daeb64b9259efd22b738efe770341ee9367eddf160248512767321875d2,CLEAR,DAYLIGHT,DRY,FAILING TO YIELD RIGHT-OF-WAY,2.0,37.5,1.0,0.0
17444bae0a459eb2ad46277d3479700d6b8b767f9694171366b990e141c70add73f47c727e314c32a4c806735f7776899d8b7dc00e1e9309b0c3b2d120173ce5,CLEAR,DAYLIGHT,DRY,DISREGARDING TRAFFIC SIGNALS,2.0,37.5,1.0,0.0
1744a14be590e915bbfe8f465baa3aecddff7b365c9bd7161a8c223b26fd60d58241474732a01880436cf7fdde4d8914fe277c59000982745c665510b58e8a92,CLEAR,"DARKNESS, LIGHTED ROAD",DRY,DISTRACTION - FROM INSIDE VEHICLE,3.0,37.5,1.0,0.0
1744b4e42538fbb9b4248142b9ff550bbadc83c68d26b22b964a20c4ae3dc6ccc2c01f9a9ca9e88f75e6548458464751f6e21d343320c57ae536b92050b57b3e,RAIN,"DARKNESS, LIGHTED ROAD",WET,IMPROPER TURNING/NO SIGNAL,2.0,37.5,1.0,0.0
1744be1761da76ac10d3aca312ac5c6708acf4c6124a9e6946a5066560a9fe0c4d0a68fba8a66d4957c36637a316920a174bf7a96793ee242c7e98d8b056e020,CLEAR,DAYLIGHT,DRY,FOLLOWING TOO CLOSELY,2.0,37.5,1.0,0.0
1744d45f5c46bfa1d18de5d171e21f2a27bf89860be2b522f070a57475ee8dda0d977473fdc0ec6dff254140aad6363ae6aae6052bb93c8d523bb31ba78eb4f3,CLEAR,DAYLIGHT,DRY,IMPROPER OVERTAKING/PASSING,2.0,37.5,1.0,0.0
1744dc89bc57d15f52127677f0c8341f959df0a7e51eb442ad7de980562c462c7854898867f4cfd9465a270bc9b26e849885a4c2eb8e374c1470e298d33b0de8,CLEAR,"DARKNESS, LIGHTED ROAD",DRY,DISREGARDING STOP SIGN,2.0,37.5,1.0,0.0
1744e6af327ed61952274bc27a4913577f2fc61722667c989c9b685be4663d967911cb743a81682446e3c892b7b30c4d87db04cfb7caa69c23d0246b44295b32,RAIN,"DARKNESS, LIGHTED ROAD",WET,"EVASIVE ACTION DUE TO ANIMAL, OBJECT, NONMOTORIST",2.0,37.5,1.0,0.0
1744f0894250ca51fbcdc15fc2a5a710154dd96f919a5cb1705ce5b39e50a83f3845af6789d84304412cbe440ae062801636efedb27d4c7e2c027fe15719de47,CLEAR,DAYLIGHT,DRY,IMPROPER OVERTAKING/PASSING,2.0,37.5,1.0,0.0
1744fa2ba6ab662261624a54ff986e8f2b72f96bf04af5912c7547015c95cfd8784f212eebda6b484658bf504280154a244c153ea46fc1eded1b466aff0735c4,CLEAR,DAYLIGHT,DRY,FOLLOWING TOO CLOSELY,2.0,37.5,1.0,0.0
17450a0c24b81597f051a021ac907003436a983812ab52c49caafb3bbb51cc11be947d054e3cee20f7a204d2800a146bfef1875df01fe6febbe0fedeb58637bf,RAIN,DAYLIGHT,WET,DRIVING SKILLS/KNOWLEDGE/EXPERIENCE,2.0,37.5,1.0,0.0
17453068a69e3731dd2e3857d4b70121ecb76436cb8f27855d6e7ea69ed995cea1f5e826f46937a30c2160b2432d1d113397be83d76b4fd2eea704411760bb76,CLEAR,DAYLIGHT,DRY,ROAD CONSTRUCTION/MAINTENANCE,2.0,37.5,1.0,0.0
17454bde1572981985aa2eac2918cd07047566af366c36f1cc7fbfb6ab6ef211a7c0e580791b07c64b9e004375f0ac5ac2218284620f0a9faabbadbe3474d3b6,CLEAR,DAYLIGHT,DRY,IMPROPER BACKING,2.0,37.5,1.0,0.0
174622c83889a44bac4ca0d1d2c417e7b5140854508044cd14f2f32d481d0b2fc320bdf18ab35a636de19eccb587ef98ade0836cb3ad81dd2ad7320e3a1dc6c9,CLEAR,DAYLIGHT,DRY,FOLLOWING TOO CLOSELY,2.0,37.5,1.0,0.0
174622cd7d2b25c7f3d12cfd9e1a8e97e01d202ad4547c31cadac001b6ade7a15a5399f5c6150731d6a753787fc70aa51fa5d6fcece2db3aa4e2894305664a14,CLEAR,DAYLIGHT,DRY,FAILING TO YIELD RIGHT-OF-WAY,3.0,37.5,1.0,0.0
17463e403ee608ff87dd05fe050dfb3177f3735d6dc7f80ddbea4801958210b387ec0c52899677d379e2d891be8b19a7d3470e6bcd5aa469862ef8147d01c180,RAIN,"DARKNESS, LIGHTED ROAD",WET,FAILING TO YIELD RIGHT-OF-WAY,2.0,37.5,1.0,0.0