crash_record_id,weather_condition,lighting_condition,roadway_surface_cond,prim_contributory_cause,total_vehicles,avg_driver_age,total_people,total_injured
1746477cfc37ade619f87f120fbb1910d04b84642a58a7b7cf85d383bdb27b051f2f9eee6ace519e5408bd355aa1e9c74ad4f87ba3226b7de1ec9b724191f703,CLEAR,"DARKNESS, LIGHTED ROAD",DRY,IMPROPER LANE USAGE,2.0,37.5,1.0,0.0
17464f19e04f980ad6e2834e4866fc9a37b14da15a52e996e09d7fc54647ce5d71f4b0cdc95e92321ae21df837f386c58e457b225a1c5ac1099ddd52d6d14b21,CLEAR,DAWN,WET,FOLLOWING TOO CLOSELY,2.0,37.5,1.0,0.0
1746830f9ec04ffe9e822b173de4c0492a178bc221f4677c615af009ae50edb599f0161ffa0a829abd4b63a655dfcc13b75cd2075b7d2ca923cad47402b4a98f,CLEAR,DAYLIGHT,DRY,IMPROPER OVERTAKING/PASSING,2.0,37.5,1.0,0.0
1746abbfd94079276330a08cb01555afc6bcfee51b0480318d4e0a2573fc5bc14f406d85c0cc0140931750a0b2915b5dbae9ddcc18dad865a93a06e99ae3d710,CLEAR,"DARKNESS, LIGHTED ROAD",DRY,IMPROPER TURNING/NO SIGNAL,2.0,37.5,1.0,0.0
1746b44750dc6b367a5bfc1bab992129aa0e348da13c7a9e0d26fbb15b13699b6ad25a7a69a8a9771c950bc7877074b71e81b9bf3da3dbc6725ce4bbc2e69748,CLEAR,DAYLIGHT,DRY,FOLLOWING TOO CLOSELY,2.0,37.5,1.0,0.0
1746be59f2fd3b7e14e56cd8f138e9533d5307fe861532e21c0a2c4cd084931056060ed29d85a5d2364f4f5f2f0c1ecaef7a21fabdec2dce866d31968fe4256b,CLOUDY/OVERCAST,DAYLIGHT,UNKNOWN,IMPROPER OVERTAKING/PASSING,2.0,37.5,1.0,0.0
1746f219e6c774f2819aae51dd8f4585a0c5abd10e4e441055590da7cc6f8f3e9cbf05a6c714528e1c877f3976fe732be1c9c593f08557d92bc673464a3a4a70,SNOW,DAYLIGHT,SNOW OR SLUSH,WEATHER,2.0,37.5,1.0,0.0
174710eef9fc61bff3bb6a69fcd6afa35ab379b098f581c40f58d47df6e53dd19a0baabbdeabeb6d1187061cd87295588c3d59535862cf54dee66ae10fe06391,CLEAR,"DARKNESS, LIGHTED ROAD",DRY,FAILING TO YIELD RIGHT-OF-WAY,2.0,37.5,1.0,0.0
174728bc2de0340ef03c2e1f748fdb46b17393fe66a22be80eb867a0e92afdb560edf4629cb9f06c7ae0a9326624286d9485febb7aa5eaf9411659a703dc2f8f,CLEAR,DAYLIGHT,DRY,FAILING TO YIELD RIGHT-OF-WAY,2.0,37.5,1.0,0.0
174753fd0d0ef21fa406f39d111f42e3eba9acfb44672e790f1374521624ba5b984e0a171f4b762e622e8afe06d5f3041b84f7062380eeffbb0cb4b394a2a566,CLEAR,DAYLIGHT,DRY,FAILING TO REDUCE SPEED TO AVOID CRASH,2.0,37.5,1.0,0.0
17475669eed7e6d06e1f5652133c940adca9df4d99ff900fd95a64c279a6e076321e006ee7e4ff76a6de05e80cd1b50b1fc84430f5c05cc0013d054c42828c36,CLEAR,DAYLIGHT,DRY,FOLLOWING TOO CLOSELY,2.0,37.5,1.0,0.0
1747669eb6c08e92b22a6c75ecb338ad781d7436556ccb88bdee74c731cf6ad45a2b90caf83ae739a5abe843bfbebe2bc8e73c43d0af53f130d382c1afad4685,CLEAR,DAYLIGHT,DRY,DRIVING SKILLS/KNOWLEDGE/EXPERIENCE,2.0,37.5,1.0,0.0
17478cdbab891edff6ebd8088ff4d71672a064f310f31713bee9b4cc2d17be3704aff4e6188fdf422c051ff757326010b87670f7a5fb1df8aaaeeb402a1cb3f8,CLEAR,"DARKNESS, LIGHTED ROAD",DRY,UNDER THE INFLUENCE OF ALCOHOL/DRUGS (USE WHEN ARREST IS EFFECTED),3.0,37.5,1.0,0.0
1747950c18ac52caef0c16f7b9f4b72f9dd742bbd87d92fe33a166836de679d3b9907d85cef6dbda7b08ebc2dc8772f2f8e3595f9186749f1770319e227d0b6c,CLEAR,DAYLIGHT,DRY,IMPROPER BACKING,2.0,37.5,1.0,0.0
1747a27491c158a6ad6b6ba3d4f537dc3389c5acaa64b96f776092553e13cbd782c22acdc966a699777a5d24d011cede98a7dc9327bf0e4341bc90e8aed4b4f6,CLEAR,DAYLIGHT,DRY,IMPROPER BACKING,2.0,37.5,1.0,0.0
1747a775450b8d1cecc78d95e83214979f33ec291cab4559da61e23d5ccfb59e56ddfa0105c437fdaeee0cf9e24b1d7e40546f2aaae672f2412a0e8a127b3ee2,CLEAR,DAYLIGHT,DRY,FOLLOWING TOO CLOSELY,2.0,37.5,1.0,0.0
1747ac09a65e3d1256982a647eeeca7d1040d8425c481a180114e1e959fc12c282f930ff232884465b478a034886d2ce7725b68ee6a7c0daad759950537408e0,CLEAR,DAYLIGHT,DRY,FOLLOWING TOO CLOSELY,2.0,37.5,1.0,0.0
1747acd7b23f136c280803be10bface6f44848aee4b694df9abfe4b6c8455e625f658dfd52e024f14f17180dcc92911f36613d641bce096d0844af47f3aee9f1,CLEAR,"DARKNESS, LIGHTED ROAD",DRY,FAILING TO YIELD RIGHT-OF-WAY,2.0,37.5,1.0,0.0
1747e03763a8338311c6291158cdd42d345ed282011becad027b64df8d801a81b19b475e9ede7824d27afe2f051d78610c50aac8e94cb67e9de597e1c9f3ba16,CLEAR,"DARKNESS, LIGHTED ROAD",DRY,IMPROPER OVERTAKING/PASSING,2.0,37.5,1.0,0.0
1747f46fd551db05d8608ca7727b245d0a680f082fde157d84e62e1ff0e615a89f44411bb40ec750be688453857e2c6642d861fbd6bb975e070d38516dd0e95e,CLEAR,DAYLIGHT,DRY,FAILING TO REDUCE SPEED TO AVOID CRASH,2.0,37.5,1.0,0.0
17481cd73a08b77aac660bdb94abcfd3921e3b3305aa11ac37a8547b11f3fc99bc5646b756ca51fa862ccaf83f3e25872d533aa3bfcec79258b6e828a7371175,CLEAR,"DARKNESS, LIGHTED ROAD",DRY,FOLLOWING TOO CLOSELY,2.0,37.5,1.0,0.0
174856bf72616aae8cff44fb4a322d97ad168415aba75f1bb1c905e44180a2b1aa0b11b6ece7a57a66e4da03a8e8246319da48e22357f5e6c9a9e4f1c4603ea7,CLEAR,DAYLIGHT,DRY,DRIVING SKILLS/KNOWLEDGE/EXPERIENCE,2.0,37.5,1.0,0.0
174865d09ed4f66f5e6d5a4117772dfb0a966f04f770ce94e93fbc7bf6c94fb6384a84819553b24cdcdfb4f4d8a1f0e6520d9eb079f4df6f975d1a8043b5a67a,CLEAR,"DARKNESS, LIGHTED ROAD",DRY,FOLLOWING TOO CLOSELY,2.0,37.5,1.0,0.0
174898d6180410b39b33d506e984ce45c4e52f4090c5f4c0fe35406d92d5e1130d2722289b2b9b6b249ef3d71dc83a56b95d7dc7cca0e8bee1728a5337742971,CLEAR,"DARKNESS, LIGHTED ROAD",DRY,FAILING TO YIELD RIGHT-OF-WAY,2.0,37.5,1.0,0.0
1748ab8afda5c966476288ea400d4e629f4a542d37a91c0854d4fde2c83c3711562772f4785602f2743ece8d8851d4d0356073b0492173fa27e8ec1eea582bbb,CLEAR,"DARKNESS, LIGHTED ROAD",DRY,IMPROPER BACKING,2.0,37.5,1.0,0.0
1748f13d74e9edce40ac827575ae0d77b196835281fa9578ff430b720722ceae59b6ef108a0201605d7cdf051aa4dfe48bd09dbcce31fb92bd281f034434bf5d,RAIN,DARKNESS,WET,FOLLOWING TOO CLOSELY,2.0,37.5,1.0,0.0
1749138215aab851ca2cbeb430dc9cea3d83b442cd6021a81c38cbcc4a4f0ec20b538e966777a49342230267c8492425a55ba448bd6eba5c76d09a05e8f59cae,CLEAR,DAYLIGHT,DRY,FOLLOWING TOO CLOSELY,2.0,37.5,1.0,0.0
1749343dea1c5386c78c6202f10b9450cb1255797a5a597d87fef6231e22ea246c60d7cc05a93e42f5c183cd786181ed59f48fb9cb7f536923f9ad6ee748b9ad,CLEAR,DUSK,DRY,IMPROPER LANE USAGE,2.0,37.5,1.0,0.0
17493a45dcd0bee3d8f2a63744c1a7cdd716969b08a789ade08e76ebb8db175a847dc7e682709bab78d530720dc89568c7c122568c31636eb8756cad35f9afe3,CLEAR,DAYLIGHT,DRY,DRIVING SKILLS/KNOWLEDGE/EXPERIENCE,2.0,37.5,1.0,0.0
1749623186629924cc4817466d977877841a5ade252e8f1ce3d04a3377c35959a03566fea25215b08eca354f19c382d9400953cbeba85d6aeb98e66a35d1e255,CLEAR,"DARKNESS, LIGHTED ROAD",DRY,"OPERATING VEHICLE IN ERRATIC, RECKLESS, CARELESS, NEGLIGENT OR AGGRESSIVE MANNER",2.0,37.5,1.0,0.0
1749929a524a81a81cc9bbe77f4752685d15f65cde986e970f47e0f1963cb1047434e00b85b5de25aa00d838a2ea30b31508b63af630cd4cc4fcd48021c9b95d,CLEAR,DAYLIGHT,DRY,FAILING TO YIELD RIGHT-OF-WAY,2.0,37.5,1.0,0.0
1749988f5422edd1dbfd05d5027c5d1d86a684d1c209e6bce8694cb647b50aa360dbc0e2290969e4ceab54fdf0de7e7f12f8ab50aefda6e529921ea2e756831a,CLEAR,DAYLIGHT,DRY,FOLLOWING TOO CLOSELY,4.0,37.5,1.0,0.0
1749a3e12a63fcb22e665b9e3044fe25ff6c65be293114a898923d7af8312293d519b6448c81515bc254b82991f0fe97a9aa01bcfc58f98790355da36a8f1d6d,CLEAR,DAYLIGHT,DRY,FAILING TO YIELD RIGHT-OF-WAY,2.0,37.5,1.0,0.0
1749b5f761a2755edc3d49ff440ecdf4dffd8dc4f470ff229cdbe21d4dea062f5fff7825f1f829f2f4f8a80354dba95de42d8a3106fd83c12784633d77c6f8b3,CLEAR,DAYLIGHT,DRY,FAILING TO YIELD RIGHT-OF-WAY,2.0,37.5,1.0,0.0
174a1e06883d15f28231c726fd47e34b22aadc9badaa6b874637e602c225252ecc27573073bee99d9d0f5028b6c83e360dfe386a4af6cb4f822aecb988354223,CLEAR,UNKNOWN,DRY,FAILING TO REDUCE SPEED TO AVOID CRASH,2.0,37.5,1.0,0.0
174a460cd868072bdb0fd03345a56a8be76ce07c5cbbb51025c6a348bf268aa6126b0f9e6e53a947ddf7970ce7fa9270a651e342a0f4f6861bbba3c8c5fdd450,RAIN,"DARKNESS, LIGHTED ROAD",WET,FAILING TO YIELD RIGHT-OF-WAY,2.0,37.5,1.0,0.0
174a5ace4630866002cc0a7ebe940f087a04da8e4aee61dbea27771cef33bfdc11e7a4462e872a61b44b03e6414eb85fd10d14f811219a1bc959a803a1e7fb8a,CLEAR,DAYLIGHT,DRY,DRIVING SKILLS/KNOWLEDGE/EXPERIENCE,2.0,37.5,1.0,0.0
174a7cdc158679b544fe8241f363448161b98df97ec9469a7f13816ff2f4298a0dfeb7f8720cad14673642656099fdca352fd570fcf6033252944822e20cbb98,SNOW,DAYLIGHT,SNOW OR SLUSH,WEATHER,2.0,37.5,1.0,0.0
174aaf889589a26b59b5b5e486c9d07e248f79578bcd0b7cbfd23e6837acdd4c7c1313340914fb7de07fbdfa76eff7402f79c3d1abaf5c58a3e9541f6a7310d0,CLEAR,DAYLIGHT,DRY,IMPROPER TURNING/NO SIGNAL,2.0,37.5,1.0,0.0
174ac16bf9c563bc2ecf1c34cce4927cc9f413e10aa983c07fccacc7403fe9c1a814b0237809bedd5d4db078786d1cee97e50fbe55f687bf2321e39adf81bbd6,CLOUDY/OVERCAST,DAYLIGHT,DRY,FAILING TO YIELD RIGHT-OF-WAY,2.0,37.5,1.0,0.0
174af4ae144f2423333433a939bcaa1261d52b6a2a59e3cb63cfca17279cc3141f15d556063ec352282e7da16c86107688959d45d606a6939f080e99f505cd19,CLEAR,DAYLIGHT,DRY,DISTRACTION - FROM INSIDE VEHICLE,2.0,37.5,1.0,0.0
174b43153a194c00615f28571fc7a0696bd6fd8c9972c046045f8d30e02a0a9a35c06dc1c4e2159cff7b3b9a660fefb83520c5179acc7397c8b4c74a51744302,CLOUDY/OVERCAST,DAYLIGHT,UNKNOWN,FOLLOWING TOO CLOSELY,2.0,37.5,1.0,0.0
174b7f46dae3cb3f3bf1e823d882e4719f17aebb7b8f48aec76c1cd18912d1e4cb76b721394daea5e10c33098238c7f73799ee5d3c97743a1c05e7443d29bf7f,CLEAR,"DARKNESS, LIGHTED ROAD",DRY,IMPROPER OVERTAKING/PASSING,3.0,37.5,1.0,0.0
174b7feefa152fb0395c55d0f0a35d1e997a70a7c807089c09b54aa882c2edf80cb2891985a64a61e35b9647cbf752cf17671cc624719785168049f3a4473ffa,CLEAR,DAYLIGHT,DRY,FAILING TO YIELD RIGHT-OF-WAY,2.0,37.5,1.0,0.0
174b998a22f76e1916e0260bac310f9d04babeb6c9e3dcfcb5ef7b31d87edd892fc9fe25b71f9309438e682d463e1c07bfa6e56319adc85402d83bd683f25498,CLEAR,DAYLIGHT,DRY,DISREGARDING TRAFFIC SIGNALS,2.0,37.5,1.0,0.0
174bbab0b02fd9b3b0161fd99149235dc635f9a619cc00b98c1891a07a700b389c1a3acd9f935e2d063caab2c953dab77bdfdb210c46b0b988e5d17eb01cd091,CLOUDY/OVERCAST,DAYLIGHT,WET,FAILING TO YIELD RIGHT-OF-WAY,2.0,37.5,1.0,0.0
174bccb45e5e8e8247d443ddc59c629d06f85b7a54646b3f164a387741b5f3d347bc999bffece17cda2582e5adcc7518985b1e6be1d55935a897da7f0d802d8e,CLEAR,"DARKNESS, LIGHTED ROAD",UNKNOWN,FAILING TO YIELD RIGHT-OF-WAY,2.0,37.5,1.0,0.0
174bcd3daf7c5fedecbd32578b07e312ff9205356b9fd495609da0fd3e9f107b7c3968c721f068b3d429d1e636c00f07851d9dee2bc2542ecf09ede854485d80,CLEAR,DAYLIGHT,WET,DRIVING ON WRONG SIDE/WRONG WAY,2.0,37.5,1.0,0.0
174bd02b28463fac470f0046a6b3a076e934652f4f8d48c245a3a84d8f01a631dce299282fe49e6dccac2cae1e6fbc1bd45df15d47c488a09573d73c63332899,CLEAR,"DARKNESS, LIGHTED ROAD",DRY,"OPERATING VEHICLE IN ERRATIC, RECKLESS, CARELESS, NEGLIGENT OR AGGRESSIVE MANNER",2.0,37.5,1.0,0.0
174bd9ce23e2208e6da710d31ced02f7759ffdcf59d216c54aa31cf02c1e646271125ffb393239fb18f9f6ad99a75a79167702efddd11a1405a428243e405d20,CLEAR,DUSK,DRY,IMPROPER LANE USAGE,2.0,37.5,1.0,0.0
174bdc8d4bafadad58334bdecba5fe3d5feb0aa7d2f517dbc400effbda27636eda7c339107bfbb6e0dd639931b30938910b4881ca1b13752ad3a38071c1277e3,CLEAR,DAYLIGHT,DRY,FAILING TO YIELD RIGHT-OF-WAY,2.0,37.5,1.0,0.0
174bf20fe6c997d2b3dcf23c6a6f3b9596110e87ebd40666616283d27e211444d15522c681b596fa6d8fe041dccd2e3acc91061400cdd6b3f923cca2d4d48fc0,CLEAR,DAYLIGHT,DRY,FAILING TO YIELD RIGHT-OF-WAY,2.0,37.5,1.0,0.0
174c2de68219d18ea075a57b680eae77faf0f1cb446aa69909ef7ff2663a03d4151e13591e4fb89db25e52d0036c09920192bdb88f385ad143d911a04d34f146,CLEAR,DAYLIGHT,DRY,DISTRACTION - FROM OUTSIDE VEHICLE,2.0,37.5,1.0,0.0
174c33f29b17d61d2fec702bf2ffbfba10d5038cd43f34c4e55710fdaa4ba4f5ced248c152c010a5fd3e9eaf8cdbee7129f6152df5022389c22afeea753ca251,CLEAR,DAYLIGHT,DRY,DRIVING ON WRONG SIDE/WRONG WAY,2.0,37.5,1.0,0.0
174c58f507080aa449fa2633c04610c89395637c0218862bd280e181525d2607d09e78b5ed032b6ccc617f3d83fd11e3141a2fd62977f5503242565a43a1324a,CLEAR,"DARKNESS, LIGHTED ROAD",DRY,PHYSICAL CONDITION OF DRIVER,3.0,37.5,1.0,0.0
174c6ac5ec7d5da8fb47dd2ad2d5918cf64f9597d653984c9e44455c855bb22c9556d460d2a35a028b6839abc68784381004db95acb9c7c9145ea258566ae7c7,CLEAR,DAYLIGHT,DRY,IMPROPER OVERTAKING/PASSING,2.0,37.5,1.0,0.0
174c9d52e8800077ba57e164265ed3921bff4e47a0a1f0c0e59193b36b5e0c30d061a601b628be5399f9e2c8483ec94ee3acd9b33909c62e3d44bb7ccee79c10,CLEAR,DAYLIGHT,DRY,FOLLOWING TOO CLOSELY,2.0,37.5,1.0,0.0
174cb753a13ec902af9799a6b052df234388898dda4a151d6b192d414b823335f59d56f39663be30b2b4a51a0b909085ab2bc67dc1b907878ade91911649b602,CLEAR,DAYLIGHT,DRY,FOLLOWING TOO CLOSELY,2.0,37.5,1.0,0.0
174d1a7d1a803cac3fc47ff593c8cd05a2337a62ae02e74100512a50928e2f078d9a464c1b10c9d590c0050c4666a9a5a3fc03219e4d05644c5a515b4c34c432,CLEAR,DAYLIGHT,DRY,FOLLOWING TOO CLOSELY,2.0,37.5,1.0,0.0
174d32e33eb2ebc2914198c59bebe8e087a68b1b62608241b8f9616fbce4891a8df0a013c4fb5fa9cc9051b4baa58a54c5aa6a4da0e465a994c016d259751eb2,RAIN,"DARKNESS, LIGHTED ROAD",WET,FAILING TO YIELD RIGHT-OF-WAY,2.0,37.5,1.0,0.0
174d36a69dc4a31ed9eaf065d121776cf2890a57568d5404d08a834d1d5b528e163ff26403761a0ccb2203fe5012dead0fd4f371696f864bd595fb2372d681d5,CLEAR,DAYLIGHT,DRY,IMPROPER LANE USAGE,2.0,37.5,1.0,0.0
174d59077424d6f89e8d8fd9f8153b0dc2c09224df1de23aae036b6dbbaacab6717f233af72a4aff003924a2e2fc6315ba9c9ee2974d413a15769c1b334b1141,CLEAR,UNKNOWN,DRY,DRIVING SKILLS/KNOWLEDGE/EXPERIENCE,2.0,37.5,1.0,0.0
174d9c610aca87e2d3c6f173998e94d19084a21f2e313be261cd0c48c6b67ab286954d449e3f0d75818158189018e8ac1fad40ae78a2879eca8f02927675b27d,SNOW,"DARKNESS, LIGHTED ROAD",SNOW OR SLUSH,WEATHER,1.0,37.5,1.0,0.0
174dbab3888db77a9ff24ce03afee04380d058559ae0e3db3f55fd3e498b55e1abc236b5678b3094118c325c7c1578af5c012a848f78972a93138b31480b828b,CLEAR,DAWN,DRY,DISREGARDING STOP SIGN,1.0,37.5,1.0,0.0
174dbe1be90b53e5cf2d5f2123c4d573620bb6ff4a9a2b6627c13ed21ce57d1841a9236239ad21f9b692277d1f9e4b23d80d1896ef06efdf7dc86d47fa6dcbba,CLEAR,DAYLIGHT,DRY,FOLLOWING TOO CLOSELY,2.0,37.5,1.0,0.0
174e4d7a8bbb8851b4d4c837b1e0c909bdb6d7a0df62e750b8952ab6f27597712efa72a33698c3e8fa2b956e696499a47aeb1dd909da22f5581c618d45ad0de2,CLEAR,DAYLIGHT,DRY,IMPROPER BACKING,2.0,37.5,1.0,0.0
174ebd0b017e7fea885920879ba98dd3ff8b8ac859d570a8923b35bff8b49180d76029fb93cfe96ad3df913d4171c77c2fa7db6dbb8ec73ba9a0330f1f4c6c04,CLEAR,DAYLIGHT,DRY,FOLLOWING TOO CLOSELY,2.0,37.5,1.0,0.0
174ee0130f74a2c2a3e7d7b5a30a10ca9ff1ba87b8769976f7a51c85a27ef53b3e7fb154e4a4a5958be0fd240e8f879fea93008cd557ccf6c7bdafa6d9ae9224,CLEAR,"DARKNESS, LIGHTED ROAD",DRY,DISREGARDING TRAFFIC SIGNALS,2.0,37.5,1.0,0.0
174ee64ca963de3cebe4c835d2ca5704aa4d4b46833f14bef6da77cc62cd48325fe0a5d986838bc425109548edd7b88b74aa269a304c5270bed600d95876d8b3,CLEAR,"DARKNESS, LIGHTED ROAD",DRY,DRIVING SKILLS/KNOWLEDGE/EXPERIENCE,2.0,37.5,1.0,0.0
174f1070f7fa8f6a90ab646f5022cfeb09b31cf9e242f70b37ea74b6d9d2c6e9412fe4c56f343fb9c2463e8c8dbfa54c484254f847219f39f2bb8e9b490fe9a2,CLEAR,DARKNESS,DRY,DRIVING SKILLS/KNOWLEDGE/EXPERIENCE,2.0,37.5,1.0,0.0
174f2814408ce3ca1855ddaa77ef6749211524510390ea016d0f7ad73052c5f1533a903693e04a7070240551f967883b809849626f3e16727e0c1c4192b43de9,CLEAR,DAYLIGHT,DRY,DRIVING SKILLS/KNOWLEDGE/EXPERIENCE,2.0,37.5,1.0,0.0
174f58f259adcb5364a9fa3c68fddbb575c5aa72b8b43b6f06a0fcb0061300b769facdb3edba61479a4d7e7225fbd551a0b9744942ff3314da3190632e27e470,CLEAR,DAYLIGHT,DRY,FOLLOWING TOO CLOSELY,2.0,37.5,1.0,0.0
174fda2d27089fbce6ba97558b05a0b7042fc79689253b30afdd08c2d62d2838e7afec8fde5720250bea9d89a8998ddfe6f0bfaf1b7d17962ea08d0da56657a5,CLEAR,"DARKNESS, LIGHTED ROAD",DRY,UNDER THE INFLUENCE OF ALCOHOL/DRUGS (USE WHEN ARREST IS EFFECTED),7.0,37.5,1.0,0.0
174fdceb47f98066920d985f19f324d2cd3529e1f5bbeb42e4bf899091979272e1e223248e7631b8dea630429146b5c4728a6fff2bbc4b0d17fc55ee0f6df4d8,SLEET/HAIL,"DARKNESS, LIGHTED ROAD",ICE,FAILING TO REDUCE SPEED TO AVOID CRASH,2.0,37.5,1.0,0.0
174fe175e92e53d3c45e81781a98a6f735bd48a00d5118ca855e7bf0da34598e1c2f2262a17321729e8e2f68c877939f7db21f8d23eb1657078c8307e44e79e9,CLEAR,"DARKNESS, LIGHTED ROAD",DRY,DISREGARDING TRAFFIC SIGNALS,2.0,37.5,1.0,0.0
174ff874ccbe7048fd08bf926f9db200d8aa363cf3dcf52caae33acff8798344f11b061bea5898e49855239244fd31a69039cf08ebfcc4bf87733b2efab31e68,CLEAR,DARKNESS,DRY,IMPROPER TURNING/NO SIGNAL,2.0,37.5,1.0,0.0
17500468b19bcbd4be9bf2088bd54bafde4f4db128b0b35a460c69bccf7c5ee1de77c3ffa5b3e051d274da2662ee8b51e447b3cb064be7b2dd4c178caf1b4945,SNOW,"DARKNESS, LIGHTED ROAD",WET,FOLLOWING TOO CLOSELY,2.0,37.5,1.0,0.0
17500b5c0e131e8d88cdaf0c5fe4fdd6e628b4c156396ec00d1e41cf415d869627656e32423a4b34a8a982aa3574d79e5d8a0022d59935502dfbc735796f8522,CLEAR,"DARKNESS, LIGHTED ROAD",DRY,FAILING TO YIELD RIGHT-OF-WAY,2.0,37.5,1.0,0.0
17503ab8cca3d67b540a4400a814fc90ca21637f5311f36a1fa405842185cff7b7006c51dc6bb4c41afb39d409721a0467318dac03820e9eff5db4e47c87c734,CLEAR,DAYLIGHT,DRY,DRIVING SKILLS/KNOWLEDGE/EXPERIENCE,2.0,37.5,1.0,0.0
175066ae387101a67f5dfad2f7f2c9b53d645f68d1d3c2fa9a5df383badbc5db687a1f5a79e9bb3ae5e356ae0df0ee0d12fb30e5c7d1c5ef5db5e7ea3fee1698,CLEAR,DAYLIGHT,DRY,IMPROPER TURNING/NO SIGNAL,2.0,37.5,1.0,0.0
175074daa996107853e37c712035b6a3ff31d242116f996eb3932e90fce7f11cdc5101c633b31073ea0b97e336523a6248bfdd778845475c9e1d92d3b0b65cdf,CLEAR,DAYLIGHT,DRY,FOLLOWING TOO CLOSELY,2.0,37.5,1.0,0.0
175096e718af2c2611affbb860cfe62c3eff9cb49ba4f9e977b616419c14d3327e49ca3586024e79b1a55c2e27452b5a195772a1a733f318c810354c606ab032,CLEAR,"DARKNESS, LIGHTED ROAD",DRY,DRIVING SKILLS/KNOWLEDGE/EXPERIENCE,1.0,37.5,1.0,0.0
1750bac48327570924f8ecf82eb54f7a7dc795843a42058be0926b956616027825921d45dec2c66ab06ed8c480a9ab8c76daa048e41dcba4195a35fe73828c5d,CLEAR,"DARKNESS, LIGHTED ROAD",DRY,IMPROPER OVERTAKING/PASSING,2.0,37.5,1.0,0.0
1750bc5f7ab3499c92619af9627d64dd03d8842268d8073910df12ae48579602b2bb7a7bf81c7b564761d2cf714cfcf30156719fb7eb837755b7fe882e034f82,CLEAR,DAYLIGHT,DRY,FAILING TO YIELD RIGHT-OF-WAY,2.0,37.5,1.0,0.0
1751220b22478b793766c69b65a350f67659bf150478b673caba039cbca3ad81d6f40d687dfb5bf96436b7ef8aaca72ab75b534fa1c4e8337c44560a6d77cc33,UNKNOWN,DAYLIGHT,UNKNOWN,IMPROPER OVERTAKING/PASSING,2.0,37.5,1.0,0.0
1751236f11dc4a680bad026dc0616dbf7d64ba75ed5ceb58eaaba9fb9c8a4438280396dc9ceeff56ffa26db0e9dd286df4aa61f38088e451c45a0c0964801fd2,CLEAR,DAYLIGHT,DRY,FAILING TO YIELD RIGHT-OF-WAY,2.0,37.5,1.0,0.0
175128ebb6014cb88343cfd4282c60592854b756041e9e63d5f3d0b2aeb3ba44d53937505b1a74bbdbb4dd2c58fa631727a03351de3aa4ff4127ede2ecdd0a13,CLEAR,"DARKNESS, LIGHTED ROAD",DRY,FOLLOWING TOO CLOSELY,2.0,37.5,1.0,0.0
17512f6eb0b83ac90c7f2074b1111ce15bb3116452601b6abaf670be0ee613042526aea172d5d9685fca0af80c64ebfc3f3aa509bfdbf872045cc49a0a697104,CLEAR,DARKNESS,DRY,PHYSICAL CONDITION OF DRIVER,2.0,37.5,1.0,0.0
175136eeddcc7701f9499784c5e4f6f0deff034fea5ecec01f0b68b119bf1b8a4358239ffe22174f7755ecde5518bd64f6d4aaf44ba53730ef56aacbfabbfb70,CLEAR,DAYLIGHT,DRY,FAILING TO YIELD RIGHT-OF-WAY,1.0,37.5,1.0,0.0
1751447cc1e7cfd99589672cdf6634e1bb2968eaed1591fabda1c0380425d432b4f1ca80801af533e434f7ec67ef26ccc4ae774124aae8ee6fffe1a2a440f7cb,CLEAR,DAYLIGHT,UNKNOWN,FAILING TO REDUCE SPEED TO AVOID CRASH,2.0,37.5,1.0,0.0
17514c1cef45cccb28f638fdaa08fdcc870d056ff0af0c8135a8e2a9031f0c653b1ab4ec70330e80b41bc67d5540119dbc1210a8466dea607bb20777710b49a2,CLEAR,"DARKNESS, LIGHTED ROAD",DRY,FOLLOWING TOO CLOSELY,2.0,37.5,1.0,0.0
17515085b1f5c83d324d87441cff80c80cc1cd832ded653f4b6ad771488e8bcb4168a83f5880524ec4f3cedd01e343ea474c2291dbb884cc0743f7e6516bb8d9,CLEAR,DAYLIGHT,DRY,FOLLOWING TOO CLOSELY,2.0,37.5,1.0,0.0
17515998d48e844464773b4d9aa4759f42575caff5b68ba1c9f24d2db0d98d48b564e09f5668567673839ceafd71173c4e19d0941555f868b55a2f45eb839f27,CLEAR,DAYLIGHT,DRY,FAILING TO YIELD RIGHT-OF-WAY,2.0,37.5,1.0,0.0
1751703d182ab731473ba614bc25822da33b67e7c57d6b2b24657194f2fc5fceda422838c71ed22494a41ddf18d5f37bfa9f3bfe0138ff4e7257c2a9fbf2df7b,RAIN,DAYLIGHT,WET,IMPROPER OVERTAKING/PASSING,5.0,37.5,1.0,0.0
1751844b719c999965415be06f52d4471f44fa10708ed56677aa6dd4532d8ab15785145163cb6ca4af129d4b7f347750e3839c15d852afce594e733b322fcb3f,CLEAR,DAYLIGHT,DRY,FOLLOWING TOO CLOSELY,2.0,37.5,1.0,0.0
1751973f7544a451c4e1f0eb7237579c776429920385df3f9c640f036e5172a79562dfc14976a51d9a6f97fd231c448ccc60e80c6e1ec9abeb87fcbacf3e2e1e,CLEAR,DAYLIGHT,DRY,IMPROPER BACKING,2.0,37.5,1.0,0.0
1751c2b231cebda86bc1fbf841de485910f39a72c99a80711bd31c343209ca1dcb3d0cc5628027f1c88ac66838b0a2b82020a828aee024f1851aace125902ab4,CLEAR,DUSK,DRY,FAILING TO YIELD RIGHT-OF-WAY,2.0,37.5,1.0,0.0