crash_record_id,weather_condition,lighting_condition,roadway_surface_cond,prim_contributory_cause,total_vehicles,avg_driver_age,total_people,total_injured
1751e676904102ddbb292b190f896c4b546449baf7c92c7641fb5c42b8477d26908f78e3aacfa4ed64bfc6e5551889d7d8a3bcf15cc195182e581e4d17ef651d,CLEAR,DAYLIGHT,DRY,IMPROPER BACKING,2.0,37.5,1.0,0.0
1751f479d0f45b91f3319fd63c790540da1a7d78fa7b24f84eeb4f6bd8298c8f2cd1b45246c37362fff6dbd6a33496a4cc244dfb8ece9ff9e3e10555a63dea6c,CLEAR,DAYLIGHT,DRY,IMPROPER OVERTAKING/PASSING,2.0,37.5,1.0,0.0
1751f97b45c841c53752c12fbc72dfb783616a9da83f35670d54e5d264b776ec6c5c8e9498843bef7d1e8297d600a48e0e7a41e02519122841185bd121194ecf,CLEAR,DAYLIGHT,DRY,FOLLOWING TOO CLOSELY,2.0,37.5,1.0,0.0
17520070e8ee81579ad29f4188755eb2000614fed5de7daa88a710ccd1ca15a4a1faca1a439130055ad4d360642f6e830309592ebb8eba8018a760e4fe4edefb,CLEAR,"DARKNESS, LIGHTED ROAD",DRY,DRIVING ON WRONG SIDE/WRONG WAY,2.0,37.5,1.0,0.0
17520b376c31813f103499af5bdef780a80b18b670cb55a62b7dff4b6dc914f81cb9808ec255c56bdaa6c0ad546e4066b69f63a7a899a84d416051eb5cea2e09,RAIN,DARKNESS,WET,FOLLOWING TOO CLOSELY,2.0,37.5,1.0,0.0
17520e7ada1c93b9d5eeda92e555fa10d90afa78b5e0e6f4a03e57179ef5933b2e92c174dfa7f12f8fa6e89543883f9ae7bc8a018fbd8bd76e8ef69ca815c0b0,CLEAR,DAYLIGHT,DRY,"OPERATING VEHICLE IN ERRATIC, RECKLESS, CARELESS, NEGLIGENT OR AGGRESSIVE MANNER",2.0,37.5,1.0,0.0
175225c97b72a7f274fbe41315ca45662884a3ecde9c4ab372b6dbe76ba91417b50a52e0d1115c143af7aab701146c199a70c88bec05982b37cb3ced7807abd3,CLEAR,"DARKNESS, LIGHTED ROAD",DRY,IMPROPER TURNING/NO SIGNAL,2.0,37.5,1.0,0.0
1752ac6343debb857a75d69d8927ed6aea15944ba0a0d0b5a1417bc4da6a84021ed649d56bc4b1283b01fb61fae0846e6f7b13bdd3189952341171b4c51e742f,UNKNOWN,UNKNOWN,UNKNOWN,HAD BEEN DRINKING (USE WHEN ARREST IS NOT MADE),2.0,37.5,1.0,0.0
1752dfa2006098d1f7612d2e1c46dc307c9a60bf8bad2cac10576a7562bfa6f4363bb84fc5dfee3ece493a0da77f8264d0e664b0d99bbaa23dd6d42bb41f94cd,CLEAR,DAYLIGHT,DRY,FOLLOWING TOO CLOSELY,2.0,37.5,1.0,0.0
1752f4f430066083e5a9a3a3c656db8115e7525d1ba4f799031698c360e35113bcad97966f4efbc57a85ec6b6262f96da06bafcbba37c2c3b697a5411f02d8f5,CLEAR,DAYLIGHT,DRY,IMPROPER LANE USAGE,2.0,37.5,1.0,0.0
1752f6ae47aafad0dc946f0a4ace964cc16b9614e50522a471a977bc260f7adf5ecffe89b09919900654b45cacb978497e0aec259ca4c4ced3277b4f111a77ed,CLEAR,DAWN,DRY,IMPROPER TURNING/NO SIGNAL,2.0,37.5,1.0,0.0
1752f8a053cf9720493a0f1039efac085e909054540168d13f165decd2a7df8730560c03c6d94660693970dcfa298ed44cf1a62797ea39cc80515820770e1f28,CLOUDY/OVERCAST,DAYLIGHT,DRY,FOLLOWING TOO CLOSELY,2.0,37.5,1.0,0.0
175313b3cb8bb97dfd694631b13aa33251e48177bd6b7cc19e8848c792e24a74eacdc1e2519a53e19c59f57a55bcef6ed47bd958a411faa24a0ca9e8eb458713,CLEAR,DAYLIGHT,DRY,FOLLOWING TOO CLOSELY,3.0,37.5,1.0,0.0
17533f75029a87d0c916f0505f7660facf7e3dd6a2a38ab44f9102ded9d0ed6aec22d994a952f6174e5e5e869889c440cbcec5a05ad7c1d8678b303451afe082,CLEAR,DAYLIGHT,DRY,FAILING TO REDUCE SPEED TO AVOID CRASH,2.0,37.5,1.0,0.0
17535174512c5e37f55bea0f5247a86126935c3f81ccfe1e58f0ec2a28abcc6581892ff98f681f061f42c203e4d523ba424fd390459f7496a6629177e9a80d2a,CLEAR,DAYLIGHT,DRY,IMPROPER OVERTAKING/PASSING,2.0,37.5,1.0,0.0
175355c2535ee66c2cbdb78a9ddd5e57ebc5d851968e7803b12bbb8665380deb288a0e5938b9f0e148809152aebb05dcb185481351fbaf12cc560001cbd9d0d9,CLEAR,DAYLIGHT,DRY,IMPROPER LANE USAGE,2.0,37.5,1.0,0.0
1753adafe1ddf0821c77338f6e4a3578e80850c9e98782a1d1a32964796299ae2b61b59dd35ad4efc1b3cfb92fc8f45447a75d4626dc259acc34266bc4054ab1,CLEAR,"DARKNESS, LIGHTED ROAD",DRY,DISREGARDING TRAFFIC SIGNALS,2.0,37.5,1.0,0.0
1753bdc361d3a4b1c08d07b6f9d054f2f5209912ff2f8e5d7f66727390c6ddb5dcf6e396949f5d7996efb3e836ec390ee3317cf21d0c95310c8bfb778c0514c6,CLEAR,DAYLIGHT,DRY,DISTRACTION - FROM OUTSIDE VEHICLE,2.0,37.5,1.0,0.0
17542f7980ab704ef6ca9774f9fa7a7d0be6b7c25ff31682f89c5b7f881ac202cff83cb45782acbe76d90282c4875b522b7611c7a1a9232a36dd26bbbb213e61,CLEAR,DAYLIGHT,DRY,DISREGARDING TRAFFIC SIGNALS,2.0,37.5,1.0,0.0
17544f119f10a4b19781adb7e6afb6b97cc7ce042514914e169277f4ae6a2b1783dabe7f99d568bcd2ae82fe9f325a8498e2ea02b07aecc9e168a74439ae80d9,CLEAR,DAYLIGHT,DRY,FAILING TO YIELD RIGHT-OF-WAY,2.0,37.5,1.0,0.0
1754650c0b9a5e258cd090a9f95b9e9b2464cad581f6e9b2d95c2ad5d4197b1034572792edd2430f00242d1eb09390130e3a7176c738872cbdd0cc87f5ebe95c,RAIN,DAYLIGHT,WET,FAILING TO YIELD RIGHT-OF-WAY,2.0,37.5,1.0,0.0
17546ae32bef2958e875a6ed03594f107846e02c7fe62df8a48bf9c03e40020ee717977c9e49fbdf829087550bbc9e4cbfd6398e85c4956db5b896285b9c5ecd,CLEAR,DAYLIGHT,UNKNOWN,FOLLOWING TOO CLOSELY,2.0,37.5,1.0,0.0
1754789fe023ba83d6d1f584819f6cdb202feb4c161638fb199b14befa89cf21ba5ffcb33cb2e44cb2f67e6f4a6bf83ec44071a995101901821ed91fece0f67e,CLEAR,DAWN,DRY,PASSING STOPPED SCHOOL BUS,3.0,37.5,1.0,0.0
1754999830ca7c300d906dd1dd7a90c06e3dba9597db4cb72e5c688f3c3b9ab8be0afa7b7fb92371d0c72a828b906171fc75230720ec8b464fc10553e6f9eab8,CLEAR,"DARKNESS, LIGHTED ROAD",DRY,"OPERATING VEHICLE IN ERRATIC, RECKLESS, CARELESS, NEGLIGENT OR AGGRESSIVE MANNER",2.0,37.5,1.0,0.0
1754a62b633ae5026526072afebc08e24684829fb62e8db05459008184aaa0cac46cc10fff5ce4f473a70159d872239960647f967ffd0b375a7cde41e6f00bfa,RAIN,"DARKNESS, LIGHTED ROAD",WET,PHYSICAL CONDITION OF DRIVER,2.0,37.5,1.0,0.0
1754dfe1f2c2ee4b2c5ca71d0286a3f03c957f5b35092f6dc074d4a7b3ef5e7d5eea47b3ee882624134fb6f5b9be2f2c5562413b3b8395a1544af23ba404f5ae,CLEAR,"DARKNESS, LIGHTED ROAD",DRY,IMPROPER TURNING/NO SIGNAL,2.0,37.5,1.0,0.0
1754e1c99060455eeda1b786212d98bb8bae94244ef308654a7274766024d46945b7c10c7ddaf6df700f72f9179a078d130052907c98df5a5ac06c99955156e9,CLEAR,DAYLIGHT,DRY,FAILING TO YIELD RIGHT-OF-WAY,2.0,37.5,1.0,0.0
1754ed9af396f1b91d0bb9f6aec5f1df79e3ba219e19f7868d9ca02b94579d9b44aa5b97b512c49211e3b94ba58c7c085c4ace0f34ef51e75b56e54714acfe14,CLEAR,DAYLIGHT,DRY,FAILING TO REDUCE SPEED TO AVOID CRASH,2.0,37.5,1.0,0.0
17551446953e4ba202a65d73893f67b4bdd9bcaece26005af43fc8a8ca4cac297dc48d3bf7c61b7fbcf9cf41bd16646a9b77b9203d5532c58832a89b94386cea,CLEAR,DAYLIGHT,DRY,DRIVING ON WRONG SIDE/WRONG WAY,2.0,37.5,1.0,0.0
17551a063ad30effedbd32004fa5cafa900d7cb5fb33c6a513977d4ad0ba14636558100031223f6ef2d8e37e6f965b8777498d23b7f4e24cdd27e0018576d2b1,CLEAR,DARKNESS,DRY,FAILING TO YIELD RIGHT-OF-WAY,1.0,37.5,1.0,0.0
17553cfa7d0d02b73aa12219c52431849be92fc6580c9f7cf85c2c763aa7bf23b998453924ead13d9a5fb8d42e19d40bd9b5aa12e8af2e150b069c16179199bf,CLEAR,DAYLIGHT,DRY,"VISION OBSCURED (SIGNS, TREE LIMBS, BUILDINGS, ETC.)",3.0,37.5,1.0,0.0
175556de40c46d3c8fd012b6e19301ff3a34275b77deec42e6499420fe3fc0d3010d8882d03a0557f27c9f8b3452dd3a4f46b863c327adaf818bc9ac4a3e2b95,CLEAR,DAYLIGHT,DRY,DISTRACTION - FROM OUTSIDE VEHICLE,2.0,37.5,1.0,0.0
1755b6f1246a2ddc2d5dd153337c3ddbc7e2b912611004363dee0429909ec3e60fd20e229eda23f42089fdac56cb4fb0817cb79eb06453a19bd468c88f19cbf8,CLEAR,"DARKNESS, LIGHTED ROAD",DRY,UNDER THE INFLUENCE OF ALCOHOL/DRUGS (USE WHEN ARREST IS EFFECTED),1.0,37.5,1.0,0.0
1755d17e597dfec1429bce807fdd7642ed6e71a2c631d2076afdea81142c6889912821c7fa15dcdde37a6a818ab03d0fff5922499afd7d80d98ebb9f7043c91f,CLEAR,DAYLIGHT,DRY,"EVASIVE ACTION DUE TO ANIMAL, OBJECT, NONMOTORIST",2.0,37.5,1.0,0.0
1755d1e6e16a0233ca3c375b38b409ae31397cc28294968b44ca177dafe4959cab33d62e2d5372ba2bb86129b95d28e9242b28d41e4e5c483f92277c1e727a3c,CLEAR,DAYLIGHT,DRY,FAILING TO YIELD RIGHT-OF-WAY,2.0,37.5,1.0,0.0
17560aaffe02f783b652ccefba58e4839182ee9eba50db6537f03d99a677e47faeb58fb7afc3c1517fe28e61faf6839a0d25e24c18685f82d34b6b16e915f9ae,CLEAR,DAYLIGHT,DRY,IMPROPER LANE USAGE,2.0,37.5,1.0,0.0
175616a2654378676e0309914ab330a642fc4b261e497c63e539b19bf39b7c3888e654ce6c4774f5593e21996a1708cad7aef93a44d04eefcdd3e5dbde956be0,CLEAR,UNKNOWN,UNKNOWN,FOLLOWING TOO CLOSELY,2.0,37.5,1.0,0.0
175643fd812e0501103ff0db66b20905b3dead254adf8565a801108d4d802c9be17a5dc1c01cbe7c779c92f52e16778a69392dd621fd01a52bb9fce235e009f5,CLEAR,DARKNESS,DRY,DISREGARDING STOP SIGN,2.0,37.5,1.0,0.0
17567a6f77f4c77b2112aa981aa9b3583361a85a8edd1a42a8e2440728bb7df09ba4850d19017105b4c2dab70be859cfa4da50558308a49f153de806570f14c0,CLEAR,"DARKNESS, LIGHTED ROAD",WET,FOLLOWING TOO CLOSELY,2.0,37.5,1.0,0.0
175688d9613b15237411430e91a092752f7254a7d6203e0edc1cc3e77d41fce67d0417058a57cb963a78749b4b479d12ccabbcc2ff03af50f54c52ba25235aa7,CLEAR,DAYLIGHT,SNOW OR SLUSH,FAILING TO YIELD RIGHT-OF-WAY,3.0,37.5,1.0,0.0
1756e2d1061c0e6f75e7ff2d911902d6a542a4f02732311c1bfa88bf5cdfb2447af05be5434951d575ff52ef0a647c74667e62e9c500e82f6247057b5f99536b,CLEAR,DAYLIGHT,DRY,FAILING TO YIELD RIGHT-OF-WAY,2.0,37.5,1.0,0.0
1756e6621e5d8a526b702ae61f11d361006637fc3413edf8f94759a6ac8882c27a426e72aa78b2d966307d7f49448ccebea1370260d2cb37ab71b2ec090ebeca,CLEAR,DAYLIGHT,UNKNOWN,IMPROPER BACKING,2.0,37.5,1.0,0.0
1756e6b61cce1ad9e3ff289604cda4246f64ccf2f20b90418b378cfb7bf52ae2479c5d6632bc166acff31960d261298ff0f188030ac12bee9a57797b8097d989,CLEAR,DAYLIGHT,DRY,IMPROPER TURNING/NO SIGNAL,2.0,37.5,1.0,0.0
1756fc4a3b82301a80d41980e91c93b88eef5d5754443880843a2acfb908c30b6c816539aa0fa9aa3ef5d8cf9af3b9ef98ea2b0cd9729c98111bf69e0b945f24,CLOUDY/OVERCAST,DAYLIGHT,WET,DISREGARDING ROAD MARKINGS,2.0,37.5,1.0,0.0
17570d399798727c3d91b126527232f841a81396aaad7e15cf2112c61a1864842190c3fe2c7b192bfcdc49001997fb75f7ae42d9e2c068b7a7df5181cf23fe9c,CLEAR,DAYLIGHT,DRY,IMPROPER BACKING,2.0,37.5,1.0,0.0
17571d5c2316e62fbfa539adf2cdc4126a2c4e211cec6f3fa1dac009826d5312e72f2ee2cdfaf54b09b8bf5ddc4661a2114c6522fa99f9a7f6e6b36e38f8a97f,CLEAR,DAYLIGHT,DRY,FOLLOWING TOO CLOSELY,4.0,37.5,1.0,0.0
175739572cd1436ab62f707eb38d243b2dd319a57d747e2b5e07faf6bfa4920c671f32c32ef51e3442cee2e5cd01a8592a49aca4cf563b4f454a53d395922659,CLEAR,DAYLIGHT,DRY,FOLLOWING TOO CLOSELY,2.0,37.5,1.0,0.0
17573d5b7686e91d2e6dc16dc938b6a47e44a7559be1b7d369f20496de9749066e2b902e068e458a1b12ea722dae723f51c1e30be648c40b73ab46edb4c8d9c0,CLEAR,DUSK,DRY,DRIVING SKILLS/KNOWLEDGE/EXPERIENCE,2.0,37.5,1.0,0.0
17577ce1bbc1cb26b8813b145cd46df2b8c202762f39b5938e2b20af2cf3062e13f7bb534237934f47c3d2e39f6e36a3116980e5ee4bff7e5d7fd721b44cdfcf,CLEAR,"DARKNESS, LIGHTED ROAD",DRY,FAILING TO YIELD RIGHT-OF-WAY,2.0,37.5,1.0,0.0
175785de61d692a6d3216dc5db73db02c0cdbfb8fb198fea5b426780d62139d1e47f7e04c8e99097bdc3259c4fd7ecf291efc18f1564df410aab4e5bf5087d96,CLEAR,DAYLIGHT,DRY,DRIVING SKILLS/KNOWLEDGE/EXPERIENCE,2.0,37.5,1.0,0.0
1757cbf8ae46d625bc900b8f9a48e2e02dc713f7eacd67932593b9d3d813311924a0585f12003d75fe504965a0bf7447c5ae81038c1d27da3251af24833939bb,RAIN,DUSK,WET,FOLLOWING TOO CLOSELY,2.0,37.5,1.0,0.0
1758276b03f3e583ea22dc9ac782ee2428a9e123eb188868d7b95777d942b43a080152cafc3594f4bf473d6faadae7953d863db8ad64136c7bb445eeb8001237,CLEAR,DAYLIGHT,DRY,IMPROPER LANE USAGE,2.0,37.5,1.0,0.0
1758624f606bf7ff16434bafba31cc698cf5c15d5d35907b5e55a7f1ca20ff141ff9504604fbeb07ba7e4398f27591ca31a03c730f45965b93c16f8493b280d9,CLEAR,"DARKNESS, LIGHTED ROAD",DRY,DISREGARDING TRAFFIC SIGNALS,2.0,37.5,1.0,0.0
175886f25719714dc9fe156a9706cccf02b312fe1059c685f7c593c0f196e7fcc5c0af3ad405066818bc96433e7c38a51320be67867d5a4a2e953f7d9d6a77fe,UNKNOWN,"DARKNESS, LIGHTED ROAD",UNKNOWN,DISREGARDING ROAD MARKINGS,2.0,37.5,1.0,0.0
1758c31cf897a202fdd39d09e25677d514eb2b5ed7cbed12d6fda5d644a6e996f0bb62b688dd31e35df96ff5086ae4e67fe7fb82c4d190f3688624681b79f856,SNOW,DAYLIGHT,WET,FAILING TO YIELD RIGHT-OF-WAY,2.0,37.5,1.0,0.0
1758f14627acbdcdbde10fcddf5f79a1e7da89ccefb6c99fe2825c07fa6aef2c16bf2c41c74f195a9cf62b8c704f7fdeac54cfb55bc242b928e248f402cbc499,CLEAR,DAWN,DRY,IMPROPER OVERTAKING/PASSING,2.0,37.5,1.0,0.0
175901a3d61c9656b878423e70d8d9cebc02ea561177d520e0e3a2cc6904b1a0310b31396a77705c52bf4dcffad2939fea24758862ce409f510a6c38a618f265,CLEAR,DAYLIGHT,DRY,IMPROPER TURNING/NO SIGNAL,2.0,37.5,1.0,0.0
17590ed7bf900326f749b553a846c84597edfafaedbcc4fd2c0b5069a6442f613d58d9504cdb33776f1bd518e0f91375fa89ff32fcdc3b2167d51f4dc92358f5,RAIN,"DARKNESS, LIGHTED ROAD",WET,WEATHER,1.0,37.5,1.0,0.0
1759187c004e318b113f04c644024dc0a42bd7582341e24005003fec60598e84452c93e45a9aa11399f8288a7015888ca82f2390149607475afd5fa69a8fa14e,SNOW,"DARKNESS, LIGHTED ROAD",SNOW OR SLUSH,FAILING TO YIELD RIGHT-OF-WAY,1.0,37.5,1.0,0.0
17591ae9e294944111b6969fc59ea89270ee68639e3e5778a271413649377927d55e4406cb328a1532b58107516e593f9e41d3543dc493c7fcc6ae39f1333bd6,CLEAR,DAYLIGHT,DRY,FOLLOWING TOO CLOSELY,2.0,37.5,1.0,0.0
1759537d0664184766965b7c67044b6570d8c0e47314ac27ddaa997256031c87026ad5cc953acacb53f7484ad9e5893534ffa9c55cdddb75228cc3965d7a4f5f,CLEAR,DAYLIGHT,DRY,IMPROPER LANE USAGE,2.0,37.5,1.0,0.0
1759653e529937265cdcf1397f03d2dd6763f254692535dff9dce671b3dba2f96f3bb5883fa86fd422c8d83eb38829984c67e2bcc3ce6e9394ef9d0822d662d3,CLEAR,DAYLIGHT,DRY,IMPROPER BACKING,2.0,37.5,1.0,0.0
1759abf3d7506988c60c281d718253be6ce92a7327ff5457e3e16c4e507db32969f50904f7e92bd34a48642fc81d67ff0f14fbf49898c8ec92a34e4cca3be455,SLEET/HAIL,DARKNESS,WET,FAILING TO REDUCE SPEED TO AVOID CRASH,1.0,37.5,1.0,0.0
1759ac561cd2819f05d9b11e873e52b6738666e9b91b7bccca40e6eec5aa57a70242740e3ea19fd3b8e6d1a5f7b4d35b04599216b160584d4b0fb5333a5c0dca,CLEAR,DAYLIGHT,OTHER,EQUIPMENT - VEHICLE CONDITION,2.0,37.5,1.0,0.0
1759ac622ecf39440d22f1963ff1bd0d54ac9b68f7608914e41ca6b1aebc9bc24a6a2220f863ff435ae4f01dbf8929d2df8d6ec3e95b47ed5415c34c15bf5ad3,CLEAR,DAYLIGHT,DRY,FAILING TO YIELD RIGHT-OF-WAY,2.0,37.5,1.0,0.0
1759bb99c86d746c61cf7202b0cad161bcdb16524d8acef2c4fe3425470aa421405f94d479d876b626fd5eba26a5e8a1b8e9f29563679ec2a660863e7593f1a7,CLEAR,DAYLIGHT,DRY,FAILING TO YIELD RIGHT-OF-WAY,2.0,37.5,1.0,0.0
1759cbedc100f0a60dfe428a85d0afc33f794b94b009ec731bd01b58c43b83ac5d60d57e89f7861a8a0feef34dba6b139b22fea92a0e437c91187008a7a33c24,CLEAR,DAYLIGHT,DRY,FOLLOWING TOO CLOSELY,2.0,37.5,1.0,0.0
1759e4bd2d54f73b12f4ef6393551b275703f49ff00ced8a5bf2a4b96e17063dee55f256db0d95dc2c9c51df4aad744a3cd5cf2be1f561c4bbdc6dae92a4f8ea,CLEAR,DAYLIGHT,DRY,FAILING TO YIELD RIGHT-OF-WAY,2.0,37.5,1.0,0.0
175a143e3d344d576c9cc680793ea7faefb25bf01f1171a2a987def20159aa12e266ded776949bb3308eb58e40d6f5ff5a787c2afb8ea8cd9cd004d4cc98e127,RAIN,"DARKNESS, LIGHTED ROAD",WET,FAILING TO YIELD RIGHT-OF-WAY,2.0,37.5,1.0,0.0
175a344ea8724c36ee3617b94d9e19ff1d5e4a0696b4eb23803eb1ad4269297c4e1fdbde9d6962b741039c221be0ead2da01481f852ff06f69ef36ae5744e4bf,CLEAR,DAYLIGHT,DRY,FAILING TO YIELD RIGHT-OF-WAY,2.0,37.5,1.0,0.0
175a4a95aedc93b762bf8370bdae8ffe248e6017b02fcc99b3d4bab696bfbc04ba78bb91be4044ac7a58ee22ed6304683d919e37407d133007bc83970bf54989,CLOUDY/OVERCAST,DUSK,DRY,IMPROPER TURNING/NO SIGNAL,1.0,37.5,1.0,0.0
175a535165b8ea0060147c088459f15cf452959ebbca7df151a3771b71400ce9b192d525b373a11584cd28851372b8a03359962e573e0aedd3eb2be53593ac03,CLEAR,"DARKNESS, LIGHTED ROAD",DRY,IMPROPER OVERTAKING/PASSING,2.0,37.5,1.0,0.0
175a55c95bf7df5c3ac0bbfdeeaaef026edf384042d50b30b88c066faf6d3f7b78eac2e6da0856d43dc63eec42231ea01965be75ad93e72a65d86ebcf1896242,CLEAR,DAYLIGHT,DRY,DRIVING SKILLS/KNOWLEDGE/EXPERIENCE,2.0,37.5,1.0,0.0
175a5acb39cd1521bca7407886ff5e93d761fc1095df9eecf908801a9125f0c4f65444dc66fc32f7a69b867dc327bdb122c8d068a5f1c07cb429d58ca110686d,CLEAR,"DARKNESS, LIGHTED ROAD",DRY,FOLLOWING TOO CLOSELY,2.0,37.5,1.0,0.0
175a8e90a87a1ea1433b3bcd637611b1174f5df04aacfd6f2fc68d89cfd2a6a87cc3f01754e338ef1e8630bf4d5770cc7d02e03c9ffd3018d4a9eeabc5813ed5,CLEAR,DAYLIGHT,DRY,IMPROPER BACKING,2.0,37.5,1.0,0.0
175a9719d8eef15abe013548452bd69d98752d28b0346e30d8ef468a4c35b82fb9410f889ce46303a94d176d13dda99bdb59c42321655d23cb2d68b69c04c371,CLEAR,DAYLIGHT,DRY,PHYSICAL CONDITION OF DRIVER,1.0,37.5,1.0,0.0
175aa0f556aa734021ab6d1fc9eee14b8843fc053a889b0bde1f9449da81cca49b3609ac86d78ad24cf730543ccdd70fb845e2bbac7c9f2b1d10283374c0ff89,CLEAR,DAYLIGHT,ICE,IMPROPER BACKING,2.0,37.5,1.0,0.0
175ad0980890dc6f90c57ebee47822e6c35d6e9d383e9e81d760f560cb4e52e9d07dcaf5734e31b3c3932aa540d85cd042cec6060b2a1f9e94bd027d00be119d,CLEAR,DAYLIGHT,DRY,FOLLOWING TOO CLOSELY,2.0,37.5,1.0,0.0
175b2c3b72ad4702072553f47f6aa1f0ebaab05465c66f3be1c2af19814a3ce83e9ece57c98810cd0e7b3cc5aa5dc5edf3b90de0b80462f97e0ba5e87f852408,RAIN,"DARKNESS, LIGHTED ROAD",WET,DRIVING SKILLS/KNOWLEDGE/EXPERIENCE,2.0,37.5,1.0,0.0
175b2f97855c048e0b33aeb1846c64f89d3bcde18ed3b2ef659dfd2a3d9877cbef7b722687780676e2e15f81c1ea78a0dfedcb9bd4e2120a38e4baa4ac929656,CLEAR,DAYLIGHT,DRY,FAILING TO YIELD RIGHT-OF-WAY,2.0,37.5,1.0,0.0
175b6f62b9c8bf8258b8cc51b1c508ed0e227734bd2d71be129f087136cb9579dcc305ea81437ab0628fbd3f7900f11c9d4a09e7372641142f4e2572edd3cfca,CLEAR,DAYLIGHT,DRY,DRIVING SKILLS/KNOWLEDGE/EXPERIENCE,2.0,37.5,1.0,0.0
175b76eb4ad33ac84aea39aefd9e9c0a0fea684684fc218914df664b1885f802983ad3432ae57f5d58523c063d49f93b9647f25c25b89c5d31f26cce63818d12,CLEAR,"DARKNESS, LIGHTED ROAD",DRY,DISREGARDING TRAFFIC SIGNALS,3.0,37.5,1.0,0.0
175b7fc3f1e986b7c66902245e40453dc161df13051cf78b38f103e28cd474c2f9f0bbe98df954144ad359f38e4a7e3fa74fba3412a69838100ccb4792734d7f,CLEAR,DUSK,DRY,FAILING TO REDUCE SPEED TO AVOID CRASH,2.0,37.5,1.0,0.0
175babc831066a26b256de939dac9a9c6a1e0a8d187a8e8d88d3e9505ad7d003883abb150d94ec3dede3017f9725f84a5e93bd42f66b5991b07df6882f9652c0,CLEAR,DAYLIGHT,DRY,FAILING TO YIELD RIGHT-OF-WAY,2.0,37.5,1.0,0.0
175baf4990782d8cb5add3fa92831debebbfc1fef6b95bca4cc1f4748e7fb10a877ac0d2b95a55bd57b5f22ad97172f3d140c2832720c764e6b96c384f3964b5,CLEAR,DAYLIGHT,DRY,IMPROPER TURNING/NO SIGNAL,2.0,37.5,1.0,0.0
175bd78704cae52008a31193bbf184b9d73cd50919b7b173ff3cfdf4486bf5ef741c784e622ae91331eec2a18d8f51ed27f8940694e8d7041ae7437458f67eb9,CLOUDY/OVERCAST,DAYLIGHT,DRY,IMPROPER TURNING/NO SIGNAL,2.0,37.5,1.0,0.0
175bfb98e9902f9644295dbda4cd4fb070fe952db75a39ccace5624ecd0d3682eb58bf3fe184392320b74853364e4d8af809a5013be95be5ac9eaad5dbddfa88,CLEAR,DAYLIGHT,DRY,FOLLOWING TOO CLOSELY,2.0,37.5,1.0,0.0
175c0882c967522373b5711c944a5c0ab59ce94a525f7daa887fc870c02564886182a62c5c41101581ac669173d59764b314533f5022fbe95c8e7f9ff21e3681,CLEAR,DAYLIGHT,DRY,FOLLOWING TOO CLOSELY,3.0,37.5,1.0,0.0
175c10c9d2f02d4abdd9439ac971aeb791a91e02f2a6237f71f9602eaa03840fabe948e39150dab7834999e18c22ebf7ad6007686985441c3ab54c0c6f36a789,RAIN,DAYLIGHT,WET,FAILING TO REDUCE SPEED TO AVOID CRASH,2.0,37.5,1.0,0.0
175c2840524d090837d01f2e43f71ae2cc1fae82f107b0f6453e002a8349ba24c08ad4b2b5d5666857383a21bf6381a39018b4b5e439633b348c630b554d90f1,CLEAR,DAYLIGHT,DRY,IMPROPER OVERTAKING/PASSING,2.0,37.5,1.0,0.0
175c5e7bcdff310920ac0621a5b2b5132d9dc47d7bbd52f27487b0129dd991e69b219697cb3a26834801955474901ee7b90b97c3e0137f81355121b8f1bfaaff,CLEAR,DAYLIGHT,DRY,IMPROPER LANE USAGE,2.0,37.5,1.0,0.0
175c64186b6af3ec9aa994e168234ddc4eb8098a30e064619ec3e1c62bab0fcdba5cec80242327c05d4bf43c24a3e446bda6ef827d70c46ffab0cf2d064cc8ee,RAIN,"DARKNESS, LIGHTED ROAD",WET,ROAD ENGINEERING/SURFACE/MARKING DEFECTS,1.0,37.5,1.0,0.0
175c7528a2c376fbf090c37c2b456d7c1e76655ef67b018343faad7ee67dd6a323e7f576ced9fc374838e78e8ebe05695c5861d9e6db1ff877ab206823e4ece1,CLEAR,DAYLIGHT,DRY,IMPROPER LANE USAGE,2.0,37.5,1.0,0.0
175cbe1ff7fedf1b932e8bf91e7b7db891cb30c6c205ad8a0c1f7ec792c207701275ca64ac570692eac14c483bce7390fa14f5cd15e494f95b5cc6b7668b325a,CLEAR,DAYLIGHT,DRY,FAILING TO YIELD RIGHT-OF-WAY,2.0,37.5,1.0,0.0
175cca6745ef0a6f67b3e54f1a82cc20374cc6dbb938024013f7dc9caf9cfd8d3502b03c97705cd7fde1a414b9ab16f11ca5ba958b2a1bfe48d9f64fd10b724b,CLEAR,DAYLIGHT,DRY,IMPROPER LANE USAGE,2.0,37.5,1.0,0.0
175cd47d0a1a1424407bc6fb99a614231b050ba31905c765f7830f4485a53396dc2c941e7f8261c44fc45fc2167822bbb4de26eaba4c2542221e6125639f7ce2,CLEAR,DAYLIGHT,DRY,FAILING TO YIELD RIGHT-OF-WAY,2.0,37.5,1.0,0.0
175cde80bbd39cedb32bf1b4e566604943e1ed59b6f34dd601f3deaad6aa8e403efde1773bfc448d2bf81c7eb68a2b8b4de3db08d3332e5699a25e3080354450,CLEAR,DAYLIGHT,DRY,FAILING TO YIELD RIGHT-OF-WAY,2.0,37.5,1.0,0.0