crash_record_id,weather_condition,lighting_condition,roadway_surface_cond,prim_contributory_cause,total_vehicles,avg_driver_age,total_people,total_injured
175cfedfb7a197b570f75288c99345875c7ed23442b36ed59b8159704a428a042cd4a1113d5e3911cac6c531bc03731fc50aeeb09cce6f941bd17e3d56034044,RAIN,DAYLIGHT,WET,FAILING TO YIELD RIGHT-OF-WAY,2.0,37.5,1.0,0.0
175d66f553885cd42ecfe94b3389e61c2af7b33d37a8fec102116fd6f4f7c7160766757093b60f58a91db39dd75d6499fab6f331d64ff7fd8cfa62ffea568c7e,CLEAR,"DARKNESS, LIGHTED ROAD",DRY,DISREGARDING TRAFFIC SIGNALS,2.0,37.5,1.0,0.0
175d918f7e32b12578e912f439a3c693ed1c919a8ef565250610dc8fbb183937b97fa71498b3cb7de02799c0a5495b2dacca7acf27f200a5179764c82c38f440,RAIN,DAYLIGHT,WET,IMPROPER OVERTAKING/PASSING,2.0,37.5,1.0,0.0
175d96c7050375177a1202ce7469c1e1826cbf50ebee66adb207bc551be16c3696677e78739c4249f4e6a877c71828d68c9c8b6dfa05b3d76e836145a7c76b9e,CLEAR,DAYLIGHT,DRY,DISTRACTION - FROM OUTSIDE VEHICLE,1.0,37.5,1.0,0.0
175dc118c08c3c5058d224ac73970a7179519bcc320ff0a19b463937e4a9d3f447719e04e261aa48cdff4a9f0c58cf880ea13fe09ca01b877616b265948b1a66,CLEAR,DAYLIGHT,DRY,IMPROPER OVERTAKING/PASSING,2.0,37.5,1.0,0.0
175dc262583025b748b003ec801c03d471f477273ff7c4097ed0592123945e12e72a2d9bacc42773ffce32b9e619a9b79a6315faa425cfa33b4380a5a8ba98cf,CLEAR,DAYLIGHT,DRY,FAILING TO REDUCE SPEED TO AVOID CRASH,2.0,37.5,1.0,0.0
175e102e7047c9963a9527061a1d2f015141002bf985e4bb397f2462f3fe038c2ebae419559c93225551583a9bade8e1251799f7269306671438621eaa7e8519,CLEAR,"DARKNESS, LIGHTED ROAD",DRY,FAILING TO YIELD RIGHT-OF-WAY,2.0,37.5,1.0,0.0
175e685d97690be88bf2e2e91285e02049e5f6e3a4a78e85b0fa65de6164e246bacaec24a1711fa53e3a9e8bb44dd51a9ee8aa2a7a59b78ea18ba6f11639cb3a,CLEAR,"DARKNESS, LIGHTED ROAD",DRY,IMPROPER OVERTAKING/PASSING,2.0,37.5,1.0,0.0
175e85715e8e0094ca22ff57f61ef9cb598af715e22753f0fb3bccf317f147ad6c0ac455746975e8ef2f80314f83d7e078fad4edccba30b990917c3aedf0dd3b,CLEAR,DUSK,DRY,DRIVING SKILLS/KNOWLEDGE/EXPERIENCE,1.0,37.5,1.0,0.0
175e8bd947f9c0121da31420bdbfc6d57c346e0332110ab62869fc0759233c90803ca848ea619c75b8ca5432de72dbdcdb683de8a1d77a2c3576251690fccf68,CLEAR,"DARKNESS, LIGHTED ROAD",DRY,DISREGARDING TRAFFIC SIGNALS,1.0,37.5,1.0,0.0
175ebcd31c048cb27b13b0741c5f4f9dcf76fdaeb94a10cc869795d7ee1075d277f8f9ecca81a70cf5469f2cbca86df35e8cb95f9f4f4ef45405d7a655aee38a,CLEAR,DAYLIGHT,DRY,"OPERATING VEHICLE IN ERRATIC, RECKLESS, CARELESS, NEGLIGENT OR AGGRESSIVE MANNER",2.0,37.5,1.0,0.0
175eeeffa79cd39c03db4a30534dfcf68905e0a298397179a1edb80f9b6005f954efe2e27247135d50cf5a18f73f3ea5a7b7df9b0e94a455903b45d9e7d626f2,CLEAR,DAYLIGHT,DRY,IMPROPER TURNING/NO SIGNAL,2.0,37.5,1.0,0.0
175efe608e33dca837afef51a26c1846df83f3208fc5e7cd6a6569fad5cdd0c0bddf7b36cfb137e937011cab295ed5588c8aad039bf13699d9dfd31d000a27ab,CLEAR,DAYLIGHT,DRY,FOLLOWING TOO CLOSELY,2.0,37.5,1.0,0.0
175f15cea7a3e318ec57041f73f87fa3dddf8e77267635072f6e7c13eaed18365a8f70176387410a79f16deedd445f82112582cbaafb574ddb2078917f0868ba,CLEAR,DAYLIGHT,DRY,DISREGARDING STOP SIGN,2.0,37.5,1.0,0.0
175f530991eec6c75f45a4e2d9787c12737cb0721b2c8c006c61dbeb51b42ffa9a9aa482f1c009f6e4bd4c86b0376df279f9f70301da68deb2621aa68897d0aa,RAIN,DAYLIGHT,WET,FOLLOWING TOO CLOSELY,2.0,37.5,1.0,0.0
175fc544beda53756f6df21665cd5e1aa1ef9bc13cce8602c4b6886959398e88be1cf4daf4752b8fb6c661ecd4b1b178382b814d56b186fe140cbe4e1fd75732,CLEAR,DAYLIGHT,DRY,"VISION OBSCURED (SIGNS, TREE LIMBS, BUILDINGS, ETC.)",2.0,37.5,1.0,0.0
175fded088b2f5c90c0067c19e99f8aaec869490621b63f48411f6ae75a0ace898310b465cab57e5eae5bdcd55b153f1b69ff7958b295033973099716ca396ac,CLEAR,DARKNESS,DRY,DRIVING SKILLS/KNOWLEDGE/EXPERIENCE,2.0,37.5,1.0,0.0
176032124571e34536689af7a515654a5eb235198e15c97122dc044108bf555e64cfcf7638b6fd361127964938e41c4b43df6225e900fd2c0933bce3a56c5bc0,CLEAR,DAYLIGHT,DRY,IMPROPER OVERTAKING/PASSING,2.0,37.5,1.0,0.0
17604740bd83288b238fbbf42417e319907930fe02d1a95a181c3cc2b51f95f7d78cf48cc1c91bb905bd7aecd81b17eda8f2da493862c9da88ae0edfff6fe7d9,CLEAR,"DARKNESS, LIGHTED ROAD",DRY,"VISION OBSCURED (SIGNS, TREE LIMBS, BUILDINGS, ETC.)",2.0,37.5,1.0,0.0
176074568ff475c19fb7de4c0642a2773ed9001bc690c1432300f16cde64f385699485a393051e54ca5b1dbcd33bce24f50239828f98a05c3bea09573dca23f3,RAIN,DAYLIGHT,SNOW OR SLUSH,FAILING TO YIELD RIGHT-OF-WAY,2.0,37.5,1.0,0.0
176079870c1040e07a10baaa703909dfec0236d531791212982252025ee92f0402da2f26bc303f9f9abda09e93ef87a6eb931e3019dda286ac3942f773e5ca07,CLEAR,DUSK,DRY,FOLLOWING TOO CLOSELY,2.0,37.5,1.0,0.0
176095043be60c6e8612cc8ef4dfc2c80adcb1f39761e4ed812f8f7f403b9141fe2a3c2d43d0fc4fe4891525c3e293ba6392f453adf6001d3c6eff2a0be0a16d,CLEAR,DAYLIGHT,DRY,IMPROPER OVERTAKING/PASSING,2.0,37.5,1.0,0.0
1760b484de2608041e2700556d00231c8cceab65a1821606ddcd0390cc9b4b00bbb2743b78d7f9c16284a1d66161ee85b01c5b630c19870459bec58e6b521fd8,CLEAR,"DARKNESS, LIGHTED ROAD",DRY,FOLLOWING TOO CLOSELY,2.0,37.5,1.0,0.0
1760bf1e504bec70252e47266cac4102966a9df733d69cd54903e98c6cd6267f718603819734d033f110b5a7221964630557b597360175cd4aa785724ef85784,CLEAR,DAYLIGHT,DRY,FOLLOWING TOO CLOSELY,2.0,37.5,1.0,0.0
1760d34716e606ab6e9a0b3d3d4e65813ce0cab59c9154f76d3a722b9de67d530634fa704ecb13309dfc179520cbbced6f9276e14b7aa8597ebe343b37812df9,CLEAR,"DARKNESS, LIGHTED ROAD",DRY,IMPROPER OVERTAKING/PASSING,2.0,37.5,1.0,0.0
1760d954e8020fc1adddf77f753aaa798cb27969b338f12b4651b5277802559510da9348af03a4124bb88674cdbb05a6eb75b4c23aa21f03d30ea5314600e3cc,SNOW,DAYLIGHT,SNOW OR SLUSH,IMPROPER BACKING,2.0,37.5,1.0,0.0
1760eed28c8122b6afbdfb22dd8d0f34fc2d200f535088e3617caba37c0f393bb007707a9b55c7e8d599e677a027a39511572b28c271ce5360e91aa59a029146,CLEAR,DAYLIGHT,DRY,IMPROPER BACKING,2.0,37.5,1.0,0.0
1760f38aea799ffe3ff1927bbfc92788ec778200d5735e26b25277924bf6d85fd5245f73f69ecdd4292d328d850366808b298a4ab5844f1a9b3fc73d51cc98e1,CLEAR,DAYLIGHT,DRY,FOLLOWING TOO CLOSELY,2.0,37.5,1.0,0.0
17610b921c3ee19b77cc98b248a54207dfdb9850bf4a7e9323cbf448187122e65510ff065948e79d0ab3b5a60828b9d08f326e843b2eb059a4404cf62ec5a9d3,CLEAR,"DARKNESS, LIGHTED ROAD",DRY,IMPROPER OVERTAKING/PASSING,2.0,37.5,1.0,0.0
176118c5eb96036c87948dc9f672371723f07708a6a8b75492075c67389c1a54c7d2b892d91336f87985108c3cd9c7f4adbb57ace8b9df3039b8d92325736bcb,CLEAR,DAYLIGHT,DRY,DRIVING SKILLS/KNOWLEDGE/EXPERIENCE,1.0,37.5,1.0,0.0
17611fee5689c499bc88284a53003edfdf2ccd6781391709d349ea6e6b9d678edcc8311bfaa1f1850cbaff4743d5ea6f35fe79ab8a33470a3528849f7afbd7b6,CLEAR,"DARKNESS, LIGHTED ROAD",DRY,FAILING TO REDUCE SPEED TO AVOID CRASH,2.0,37.5,1.0,0.0
1761245036185d422a5351fb010adea468ef1959e1cf9bb83360e78dca79891bdbbb62223c9b7c4ad584dc867b4ec0b8f95631f6e5ddcf8a7d037300fc189d1d,CLEAR,DAYLIGHT,DRY,DISTRACTION - FROM INSIDE VEHICLE,2.0,37.5,1.0,0.0
17613591e8d561a6f915776f59ca49b049760f596ef30838f6f02969d41b0f5fd5cbf80ce96ef64b2002c7ab3d1934d9a2f9044a39b3eee354e00a60cd725822,CLEAR,DAYLIGHT,DRY,IMPROPER OVERTAKING/PASSING,2.0,37.5,1.0,0.0
17614948f5bfb5c86a02b0f1fd7f5caeafa91df9c7d33e11bdd81f3b857f4e9988050f96b5643df14983ad1d3d06a75c9daecc9b0180145bcdd27afb418666ca,CLEAR,DAYLIGHT,DRY,FAILING TO REDUCE SPEED TO AVOID CRASH,2.0,37.5,1.0,0.0
17614d5ed0e40dcea54c86c7d721a2efbb2648e47375c0db1ae93719daf433c9cc72ee95de47c29cf59c284d442bea7409107d0bde5b828f02a111101d9a8111,RAIN,DARKNESS,WET,IMPROPER OVERTAKING/PASSING,2.0,37.5,1.0,0.0
17617039706b79ffae6562ca31a3b11ef429c4affb3272ac23f3f969b05e8f8d42d71af6c7ab78d86739b83da6bc9499267c336122e20265950038b6c4d169e3,CLEAR,"DARKNESS, LIGHTED ROAD",DRY,FAILING TO YIELD RIGHT-OF-WAY,2.0,37.5,1.0,0.0
1761791867ddfb856ae42a52981171bff2957c604e88147cb0b2e051eb1b8ced947111e9586748db1ef0d7290ac51b0bdd0b8e631983d98a129c8c438f2cf018,CLEAR,DAYLIGHT,DRY,DRIVING SKILLS/KNOWLEDGE/EXPERIENCE,2.0,37.5,1.0,0.0
1761799357f580ca7951919f3c2ddef63536552c6d67b303380df216f6ff10ca21297ebc4731b1b5315c2ce0837195114d08e38346e68553586cede515599582,CLEAR,"DARKNESS, LIGHTED ROAD",DRY,FAILING TO YIELD RIGHT-OF-WAY,2.0,37.5,1.0,0.0
1761882f0b2ec082cd3df96b6803bbd6556c53b0b71e0d0d32b825192e702928a0e434b7b83301a8a58b22bbfe7b1cdd140c655e3934f5884c67731af856da9e,CLEAR,DAYLIGHT,DRY,IMPROPER LANE USAGE,2.0,37.5,1.0,0.0
1761943d8f9b24cf92506b42a6b8df2a75fdcbb531100063a5b98746c53852b6e2f99f7393ea276b386cb2413edc5ef4d49d724262bf918eee272e3fd4b1bb17,CLEAR,DAYLIGHT,DRY,FOLLOWING TOO CLOSELY,2.0,37.5,1.0,0.0
17619dbbaf4b50e72e0336a8a472bd2b233403a672e45fb4f510b6ddae3739a6d0a7e303f8ec7013a377ed39be9579f87039dbe12407b4c8afae0706d30431bd,CLEAR,DAYLIGHT,DRY,FOLLOWING TOO CLOSELY,2.0,37.5,1.0,0.0
17620aa0bcd94b405d3948ed026b38704869346ef9c51b5685e3dc22c99eb411437583e0fe8e1aee60c55f1fd23c01cb9d692f00f1d2945942bfbcf2a152b6d8,CLEAR,"DARKNESS, LIGHTED ROAD",DRY,EXCEEDING AUTHORIZED SPEED LIMIT,2.0,37.5,1.0,0.0
17621dcfd6fe5a224887f02b891af36d6d3d4bad5c84cbfb987542d6120a980f90d0eb9ac87a4322a10cc237fe334df6dc65db225e1005cc0d540844d44040bc,CLEAR,DAYLIGHT,DRY,IMPROPER TURNING/NO SIGNAL,2.0,37.5,1.0,0.0
17624891d8b3a970d4b92fbfff68822aca3ff495903972fcff7a742e5f1336b0623744c94ad3e0d25fbf87aa4f3def32f2b24fabb483c5d95f4bc54fffa525be,SNOW,DAYLIGHT,SNOW OR SLUSH,FOLLOWING TOO CLOSELY,2.0,37.5,1.0,0.0
1762b529a0c9d1b391cdb57e7f9c7a918ff51b6bc153e65d340a6c0a5d791edda73cd8c919d34dc07cfad3a8cdc25ae5a191cac34fa1b52e0cd3680373e13847,CLEAR,DAYLIGHT,DRY,FAILING TO YIELD RIGHT-OF-WAY,2.0,37.5,1.0,0.0
1762b56ae75d22cfaba7866dca85de72e7a8056e701bd83173af6623621ecc759dbcc4468f357596fb88ef48d7ce088d1a2ed666c3e9e020e097420af1f0db20,CLEAR,"DARKNESS, LIGHTED ROAD",DRY,CELL PHONE USE OTHER THAN TEXTING,4.0,37.5,1.0,0.0
1762e47d14dc5c94a7f2e954a4a69287ab17131c70ec839c01c3e943d3b80a7badc7042d29d1df2aff0e3792ba70df16927f46f7e9cc79470d3edd01ead8ca34,CLEAR,DAYLIGHT,DRY,FOLLOWING TOO CLOSELY,2.0,37.5,1.0,0.0
176317f31570482d34642316bc46f137722f838f080d31b944dc28fbd233ed44f65e7feeafad76424962fcb6708d2d9fd3f3fb587bc0b685ea5d0727c96d5ba6,CLEAR,DAYLIGHT,DRY,"OPERATING VEHICLE IN ERRATIC, RECKLESS, CARELESS, NEGLIGENT OR AGGRESSIVE MANNER",1.0,37.5,1.0,0.0
176363084bccb26844d4a2bb294f390e6c063f6bdf7f4de6b2cfbd134c2a8d50a4672e96b7ce5460578fe0d06149fbc03c316bcae8d8638b0a987b5071df1bfe,CLEAR,"DARKNESS, LIGHTED ROAD",DRY,"OPERATING VEHICLE IN ERRATIC, RECKLESS, CARELESS, NEGLIGENT OR AGGRESSIVE MANNER",2.0,37.5,1.0,0.0
17636b7e22aecfecace22d9f543ce44fb2ec058cd4c0990d3f78544538a91c57edf566cda4fce546ef767ad6cd1256864d428116907e1334cd70089756cfa15e,CLEAR,"DARKNESS, LIGHTED ROAD",DRY,IMPROPER BACKING,2.0,37.5,1.0,0.0
1763915d41c11a291c5cc82d4d6b76a1e531e81a179c98438798efc6458fc0cfea4a082635303a6fd673097584a43e334953ca0b81691485674896e7dfdbccf0,CLEAR,DAYLIGHT,ICE,FOLLOWING TOO CLOSELY,2.0,37.5,1.0,0.0
17640b6c9e3717a54cf1cc2a5a151057962b2f01589acd0765f3e9e6b2e3fb49948e9004c5cb36d95689ed13eb7742adb152148145344cc203155a65685fdd89,CLEAR,"DARKNESS, LIGHTED ROAD",DRY,FAILING TO YIELD RIGHT-OF-WAY,2.0,37.5,1.0,0.0
176429b3ea5f8b837214f2e6bd512ef6d6354669e9eceddea3e355895761d64fe85b47742be0bd864d66f5f0b03d1436647d88319999d407011570117da9e203,CLEAR,DAYLIGHT,DRY,IMPROPER OVERTAKING/PASSING,2.0,37.5,1.0,0.0
17645c7fa700ac0d4dd509dc6bbe8b045ea337155acd50a342a3dbd386b9e3d1cb01b7d42208b9ee9847dc8b9db8f81d335466382de5e5082195f1b9b2133516,CLEAR,DAYLIGHT,DRY,FAILING TO YIELD RIGHT-OF-WAY,2.0,37.5,1.0,0.0
176473f0397f88c3ac8db11513b682fe359aa3d2c24cd2607ee32993f8112fc522df3e1ffba4b87d0169ca8f3af79c0d7bc624705763d533b6c356a635bcf6b6,CLEAR,DAYLIGHT,WET,FAILING TO REDUCE SPEED TO AVOID CRASH,2.0,37.5,1.0,0.0
1764825813781436cfe2ab6b5bef72adb6367f01bdef54c0dafb116080d5c1d3ab371b1c3a09fabca8d9c8891b27677d15230bdb5a6aebc60915ba075590b31a,CLEAR,DAYLIGHT,DRY,DISREGARDING STOP SIGN,2.0,37.5,1.0,0.0
1764a6b3eab4ac005d18c263af7315a8ebd199feceac2e36756f0dcef473d905489c94d8bd82409616cfba4474e61a9bbcf51230892c9b79c05bc85220b54556,CLEAR,DUSK,UNKNOWN,IMPROPER OVERTAKING/PASSING,2.0,37.5,1.0,0.0
1764a7cf641199ca83d347b0b7bda90c0c806238f5740bc09699c45b4cdd45daed7c189c3acdba1a14a5f021d2145fb4dced1ef1624ad6f523ceef4129a07671,CLEAR,DAYLIGHT,DRY,FAILING TO YIELD RIGHT-OF-WAY,2.0,37.5,1.0,0.0
1764d14418a6e6beb21377659a29368ac15a70aa5d58ed2575c52b0cd1f8653608948bd4de9d47144299c9a3775e0b29809b943ee2a5e7f58fdde634d8235148,CLEAR,DAYLIGHT,DRY,IMPROPER BACKING,2.0,37.5,1.0,0.0
1764df8bf0734e110b20dd6d117f42fb7bf37ab7fb222df981d124e09fce48f0182e36a72089a6b6755cc0b407f98861c18d57a922b571dfe3d6b4915e2f204f,CLEAR,DAYLIGHT,DRY,FAILING TO YIELD RIGHT-OF-WAY,2.0,37.5,1.0,0.0
1764e7f4d520936ea4173e0b11017283e0f2b81b09ab75bc232b9ee34c51ebdd88b4ef5a1d7c61ea2d5011475e74a9880025cb652cf33f161f5a886110b3a690,CLEAR,DAYLIGHT,DRY,RELATED TO BUS STOP,2.0,37.5,1.0,0.0
1764f2f0aedf7b3643a78fe3ef88010f2386fc7864fd6715788879265dde4704983e8b4af457c835da3efd6e831f0bade7823bf591185c1a74928537634568ad,CLEAR,DAYLIGHT,UNKNOWN,FOLLOWING TOO CLOSELY,2.0,37.5,1.0,0.0
1764f62f64f1fb060c18f9f37ed8a7fc7ca73bcbbfa95d12c20d4164b67ef3a8bb905fc9478d67e7c7b5fe2034e047f878db5c5d92da7f9850aca7e00ac5e7c8,CLEAR,DAYLIGHT,DRY,FOLLOWING TOO CLOSELY,2.0,37.5,1.0,0.0
1765069ad6364a0cfc8edb9c9bd4deaedf770bcb9dda25d5fcce0344a5d8dcb59a503f6e4ed930015640f8e57532e7c47bc973e375c13342ee245050bdfef06c,CLOUDY/OVERCAST,DAYLIGHT,DRY,FAILING TO REDUCE SPEED TO AVOID CRASH,4.0,37.5,1.0,0.0
176516b4377ee02c7d27c9127d74b3485a3f59345cb4dcc85c361b82bc6a27982d76b590e42e2bbba83bf39f3a7f33329fe5a845e1754aa563d432893a678b04,CLEAR,DAYLIGHT,DRY,IMPROPER TURNING/NO SIGNAL,2.0,37.5,1.0,0.0
176523e380aa38f1e90e6843df3a6152ed5e5fde3e5847990f4505affb7a28a553123fd396e9418d2668f00a0e2881cc0eaa23ec79091ab2367436c3feb9cb3f,CLEAR,DAYLIGHT,DRY,FOLLOWING TOO CLOSELY,2.0,37.5,1.0,0.0
176533406cc977e1ec544d59db7c907f1e6f8bae0c76c02b1e236081e0252f093881e613574548c4f3a15fd7a811582e0da1071f76c0157274495b8ccc98c409,CLEAR,"DARKNESS, LIGHTED ROAD",DRY,FOLLOWING TOO CLOSELY,3.0,37.5,1.0,0.0
176539618ebadc89abf287ad5099c41c4e52ec0102ffdccf30315c0e25c3dec5557d0671f67211b055f560a85b74e62cfc585e51df7d1409150937f6bd5796c7,RAIN,"DARKNESS, LIGHTED ROAD",WET,WEATHER,2.0,37.5,1.0,0.0
17655383cc71f52a91095309e2e59c2e2dad5ed1ea36a5f9c19b1826bf2b48d09d787010f9dd9a054b654a09908fc60577da0ca9612e916a6fe3dc2d392bb6d1,CLEAR,DAYLIGHT,DRY,FOLLOWING TOO CLOSELY,2.0,37.5,1.0,0.0
17655f10a5cd63a01171087e4fdbd6ea4071a0165229c86ba43f71b2f1c5bebedb8d0f1e83d64d91b317c992365f95d51246a0c14127f92a273658199e6ff3e4,UNKNOWN,DAYLIGHT,UNKNOWN,DISREGARDING TRAFFIC SIGNALS,2.0,37.5,1.0,0.0
1765619f40339ccb737e3b1dfdd9461cd21b8527f7f66722584db3ca27853d5b27093d89383ada1c177495276bdb0f562b93398d6cf259ff5d31ec7b9f497e68,CLEAR,DAYLIGHT,DRY,FAILING TO YIELD RIGHT-OF-WAY,2.0,37.5,1.0,0.0
176571eff0f8f163981f1ccf9dedc646220ba14c3b679eaf903be58dd693c2e98b2cb591ebe270f7526dc115648632a383f4bbf42e737721927454c22803cf9f,CLEAR,DAYLIGHT,DRY,DRIVING SKILLS/KNOWLEDGE/EXPERIENCE,2.0,37.5,1.0,0.0
17657ad4f739e928f1e59e459f04a0de64863f8d522e53402b87fac75d783c36b866c517c9ea9036208fde5872553c41e53d51985b1ce292e2c1f411f96ef99d,CLEAR,DAYLIGHT,DRY,DISREGARDING ROAD MARKINGS,2.0,37.5,1.0,0.0
1765822ed556b683152816ef31b7903627f232ee80aae98053eafe1d80a4c757c51f488e5d8bc1b557e489ce9b043b1dbf1d96bcd92e9ca76fbb74e6bb4d9cf0,CLEAR,DAYLIGHT,DRY,FOLLOWING TOO CLOSELY,2.0,37.5,1.0,0.0
1765ec15d81e0e5c494c15f5e1be4a9895723e29d35c70a69fa1339dcbe7110022ce762df57b139c53d0ecf6aaba968ea78f23018e6e1058120f2c34db330169,CLEAR,DAYLIGHT,DRY,FAILING TO YIELD RIGHT-OF-WAY,2.0,37.5,1.0,0.0
17662c57b450da1f00bb1c93baee286efac6f9d2f612859ad440140378a292827958953d2fd3972ea39340432f3c7239912683e5265934b74a9586b38f920114,CLEAR,DAYLIGHT,DRY,FAILING TO YIELD RIGHT-OF-WAY,2.0,37.5,1.0,0.0
1766ccc1cdf415e45e023af83a864a68ea16ade8eb1c10793db3aea71f6911f6a8270902a8dfeead1aa3843e1c31e3184cd1be615f09df9b2d3b472204007431,CLEAR,DAYLIGHT,DRY,FAILING TO REDUCE SPEED TO AVOID CRASH,2.0,37.5,1.0,0.0
1766ee506d1e18cf3e10272d266dbc270b77d31a33f66f320890c1f8de5fb9814f1e5e4c7f2a5340db2327897b3aa7f5c54add040f7eef9db10df351e5c4982e,CLEAR,DAYLIGHT,DRY,IMPROPER OVERTAKING/PASSING,2.0,37.5,1.0,0.0
1767208fe34399ec8150622bb345339ed7d472d56f05cf308d14063f3d238b7f497216f54589602122e320b0fc07741c27a572ebda61cebc7230128f392e1321,CLEAR,DAYLIGHT,DRY,IMPROPER OVERTAKING/PASSING,2.0,37.5,1.0,0.0
1767ab775251dd22d9caf694ab4b965b7ac884cbec8981d594574c7a57456ce7e2ee7c052ae0335cd35b9fbecb423a674b301d6b4d42891e480a4e91107645d3,CLEAR,DAYLIGHT,DRY,DISTRACTION - FROM INSIDE VEHICLE,1.0,37.5,1.0,0.0
1767b6058575c059f5f3721bf6343c12c1751a171ca01c1efcb73d0ab5498886dedd365d875be2f49a3e66856d98864c77c7fea8e7ca1c5b4ec5dc6c59f4daf5,CLEAR,DAYLIGHT,DRY,FOLLOWING TOO CLOSELY,2.0,37.5,1.0,0.0
1767cbb5add02b9ba085537432fb85c66eef80bb7f290b995e8609cb796b2b30d677622c326336beb71b1eda172b0e27da07cd3e999467dfe62668927f663e50,CLEAR,DARKNESS,WET,"OPERATING VEHICLE IN ERRATIC, RECKLESS, CARELESS, NEGLIGENT OR AGGRESSIVE MANNER",2.0,37.5,1.0,0.0
1767d86fcd5e608e621a5b4ec163ab14b5024bb09d68ec9d4068a5a3aafcc56fd8d703cec03efaf201791cd1664b4198244db0109ba794ea7910f6ff69596b9a,CLEAR,DAYLIGHT,DRY,"OPERATING VEHICLE IN ERRATIC, RECKLESS, CARELESS, NEGLIGENT OR AGGRESSIVE MANNER",2.0,37.5,1.0,0.0
17680e2a682ce3ed2051be085a1b8215160cc5d73b85246b5543d9b11961d8e694d6899fe26c67c0cc3b4f91f0979c4bc55c3f4eac2122a8ce2ce978e035b6a6,CLOUDY/OVERCAST,DAYLIGHT,DRY,IMPROPER TURNING/NO SIGNAL,2.0,37.5,1.0,0.0
1768443769b4adc80d566336a6eb958a26675d4e69b7150317a9f421ceeadbb681feb3dab472054cf789935840c17c094b39bd8031033c76c3be710784140e96,CLEAR,"DARKNESS, LIGHTED ROAD",DRY,IMPROPER TURNING/NO SIGNAL,2.0,37.5,1.0,0.0
176857a7f9ea256252e0cbc3cb8f35b84e76df1064f3f9d9c2e67938dc5a77611496adceb59fff57fff6f0d385b7e1ba58e737639e8fa590c3a0f3568baad75b,CLEAR,DAYLIGHT,DRY,IMPROPER BACKING,2.0,37.5,1.0,0.0
17685cc7ad20524893d1659ffc01ae54e1eb5d6996950ecfb6a476a003030f397d09415b3059386671039feda20d429140131fcc057e0616c7e77d016dbabf7e,CLEAR,DAYLIGHT,DRY,IMPROPER BACKING,2.0,37.5,1.0,0.0
176878215309deda3d33dd3efacdbea4b7cd9b96f9b58ad23c1506c4468affb139439e0546c4c2ab9d6a172b745a431d106f2d8df283b8d61de56b8c98cf2302,CLEAR,DAYLIGHT,DRY,FAILING TO REDUCE SPEED TO AVOID CRASH,1.0,37.5,1.0,0.0
176888ba4362b15e7e9eb85b892f66824d16d78ed44faa749fab5cb7438c755aeb3a0144135e6e544a3945eb01ba1b753113d5eafb191806a57269f391f5e21f,CLEAR,DAYLIGHT,DRY,FOLLOWING TOO CLOSELY,2.0,37.5,1.0,0.0
1768d5826ed8fc3e412e97af60e7c2956e8d10528362afa89ae0244a6594a8d45916e033d3bcab09f0a8a3ec6ba8e51e80bf3d624e63d549db2f572d2bc24ffb,CLEAR,DAYLIGHT,UNKNOWN,IMPROPER TURNING/NO SIGNAL,2.0,37.5,1.0,0.0
1768e410c2c737f8240758b8a7f894c507b3e9ef964f331c06c71ce28bb3230a4f5cca88cbed040288a2b7acd765d8d42c05c98a0b3642397dbf8d8c636b77ad,CLEAR,DAYLIGHT,DRY,FAILING TO YIELD RIGHT-OF-WAY,2.0,37.5,1.0,0.0
1768edf86b41496ac4bd15dc0c4d4e77d352e11e7c13b3483fa0874feb47db13f68c66e4398a1be2630d36f353715541d832fbcab8bf0d448e20428f83a25beb,CLEAR,DAYLIGHT,DRY,FAILING TO YIELD RIGHT-OF-WAY,2.0,37.5,1.0,0.0
17690619a227db3451bb79dcdc5af5b05e917f36314950a45fb76f14997c1ddc09cd33a32ba5d36abad276cef4a2715a61cf4a22eebc9cbe3e66212922564677,CLEAR,"DARKNESS, LIGHTED ROAD",DRY,FOLLOWING TOO CLOSELY,2.0,37.5,1.0,0.0
17691a7e0a314ae3bed800cc64db8947b609b326768b4636201c5c5fc45f4dd759c7ca6ea0b2bd61361ad17e5e830c3eb29bd6ad505ff33e1ea9d88f921aae6a,CLEAR,DAYLIGHT,DRY,DISREGARDING TRAFFIC SIGNALS,2.0,37.5,1.0,0.0
176929f4cfb66ae619dc948bdf18885133e10290e5b4c4c58cc00878ec0f214534a7b335c782dfd9bf06d5e3268437c9295b79daaa9e3cd917b40e11dda13758,RAIN,"DARKNESS, LIGHTED ROAD",WET,IMPROPER LANE USAGE,2.0,37.5,1.0,0.0
176973b8023f9034bae0e5c6d969f2c274ed17c5e86a1f6c9eb1cd6e9e4d0aaa17e7d0eabcda27354295a604727a6e7bcf8b56fadbaf2c2ea7b9e98b4138c8c2,CLEAR,"DARKNESS, LIGHTED ROAD",DRY,PHYSICAL CONDITION OF DRIVER,1.0,37.5,1.0,0.0
1769a4f848007fd178780728ca1fa229af01d713f05f4fad6a480ac5543bcea88e87590172f8ee6ce5e574a7e1b709a07770a86f335e1d0e90d30478da5e6366,CLEAR,DAYLIGHT,DRY,FAILING TO REDUCE SPEED TO AVOID CRASH,2.0,37.5,1.0,0.0