crash_record_id,weather_condition,lighting_condition,roadway_surface_cond,prim_contributory_cause,total_vehicles,avg_driver_age,total_people,total_injured
1769a963598e23e0253256141100607882bb43e2891ee9763f8172a1ee580771dcc809bbfa46f350a59f30b4eb7a2aed2f95580d5087cab7b67f85d03b66a4ad,CLEAR,DAYLIGHT,DRY,IMPROPER BACKING,2.0,37.5,1.0,0.0
1769af6694559161225edd07e96ab0c0d3abbc21e84d0bbaa2083de16b089c0f7e8724c6520de06cb1cf03cf780a8be52c2c8b35c1ebe64d9653603bdd17c5af,UNKNOWN,UNKNOWN,UNKNOWN,FAILING TO REDUCE SPEED TO AVOID CRASH,2.0,37.5,1.0,0.0
1769b89a2130d2fd3408e5bea77f736ee28c0832b40734ad7dbc232e52ae5e36a2c70e9c8c4c7786a81cbf867155fb8b6d7717e9989c0f75576b8ab17f757d2b,CLEAR,DAYLIGHT,DRY,IMPROPER OVERTAKING/PASSING,2.0,37.5,1.0,0.0
1769fb9489ce286138af7d7e17440b507ce5070b73c945cbc5a3f7ef6db0ecf42d45d0f7781fb6bcfc5fecdac33f89bc67ce65a996f0af928a617c673cd7948d,CLEAR,DAYLIGHT,DRY,IMPROPER OVERTAKING/PASSING,2.0,37.5,1.0,0.0
176a08064e18123db6a26b2dc22e68858729ba0a221aa3f03d944afb8a3be8cc3b72cdf63e21cd007b31b3a6731cd2acfcf6d0da0da9e60f4e3cba4a94207370,CLEAR,DAYLIGHT,DRY,FAILING TO YIELD RIGHT-OF-WAY,2.0,37.5,1.0,0.0
176a2077e034e52321c8305c267c9cfc13cbb30a5aa41660c7ae3166e2f29a505d07d888017e8c602d64b49ca7799179f699238b9484a76f759b081d13192ed6,RAIN,"DARKNESS, LIGHTED ROAD",WET,WEATHER,1.0,37.5,1.0,0.0
176a25bac84a6c8ecf45ebcfd7b0a75b465452b0970dfaa6935ba677295b644b35100be5e248dbd1a7c61ad0e122cbe475ac357b3b6a54dc80dad8216b68addb,SNOW,DAYLIGHT,WET,EXCEEDING AUTHORIZED SPEED LIMIT,2.0,37.5,1.0,0.0
176a6b7d6e6661fe430f5ad6c1c9421539e69519e314e406d6eda92db0878b2fb63751f5ecc50b7aeec356c3f1bd602942cdeebc4c44f9807abb22c3bdd54e26,CLEAR,"DARKNESS, LIGHTED ROAD",WET,FAILING TO REDUCE SPEED TO AVOID CRASH,2.0,37.5,1.0,0.0
176a971974ba8c6e5314ce533882217f60f9de05e5b817938ad810c646fc8857b5d402d46d863221019786058500096eef2c7a801c40e34141554562c6eb91b8,CLEAR,DAYLIGHT,DRY,FOLLOWING TOO CLOSELY,2.0,37.5,1.0,0.0
176aadfe8e9e345433cc7a206d613304aef6b7c941d2e7e15728743e35b149d096b47049784a0770c42a1c056f2d43f986b49e6a87d6b7598f4579dd6d4dc605,CLEAR,DAYLIGHT,DRY,IMPROPER TURNING/NO SIGNAL,2.0,37.5,1.0,0.0
176ab78b4c72b5f3b70d603a2d1e2640ce3272398ee6af3c426a9db946bd5bc5651566fb0dd23f998789868f7739048a51bc0bc8467dbb7b24a02d2a4075c1a8,CLEAR,DAYLIGHT,DRY,IMPROPER LANE USAGE,2.0,37.5,1.0,0.0
176aca5e8eb0daed59a1808aee9dcb55b53922dd06777599a7a54fdf56c31e12bc2664a27a1d3fa2071a72b4ccacae3b0247cb8defe0932d40ddfe9f8d4c55f1,CLEAR,DAYLIGHT,DRY,FAILING TO REDUCE SPEED TO AVOID CRASH,2.0,37.5,1.0,0.0
176acc37667ee879c720408182e16adc371ae9b666e5260adbaaa04ef786e3c4ae18725c9d8d39fb3cb2c645a63c0251d1447bb16c9869f2ae4a9cf9946581ee,SNOW,DAYLIGHT,SNOW OR SLUSH,DISTRACTION - FROM OUTSIDE VEHICLE,2.0,37.5,1.0,0.0
176ae249889eb4dbffa63d8dccaaaa2b93753c9b7e03e0f0d4b9e7ad52969c2333652cfe10d725bfcafc05db5bae6343345f7f690d09d3ef07ca6186de200f72,CLEAR,DAYLIGHT,DRY,FAILING TO YIELD RIGHT-OF-WAY,2.0,37.5,1.0,0.0
176aeae0bd4bd544ea9ac3ef41d7715b5b12b39ba206e923f9ec2db2842ae0769c9bc80700afb0229f2269186884b279edca24de3dc7ec3677f1250ffb634393,CLEAR,"DARKNESS, LIGHTED ROAD",DRY,IMPROPER TURNING/NO SIGNAL,2.0,37.5,1.0,0.0
176aedb3026479e1632c2e6511bcd4a2a21ab72c3b78592e28cf786f499a71325f3a1d7f3ed40f52c90532801fac6700c7496c6943e0660bdbd606993bec392e,CLEAR,DAYLIGHT,DRY,FOLLOWING TOO CLOSELY,2.0,37.5,1.0,0.0
176af0185f8bac83567a7e1614faaa51abf8d28332fd79a79cbb4a09208146ad8872527951fdfbc8708a84d03e710d72294f404dec94130f9058eb423010ef13,CLEAR,DAYLIGHT,DRY,FAILING TO YIELD RIGHT-OF-WAY,2.0,37.5,1.0,0.0
176b223d6cb1608c4852fb2c5ec37e939507b7014e218326c26966f61c99d25f685c392ebac2ba4a257ef39de22c400bcc02bfadd25c06a85d38e3461faea5c3,CLEAR,DAYLIGHT,DRY,PHYSICAL CONDITION OF DRIVER,3.0,37.5,1.0,0.0
176b328f4d721b230f02fd9b13cb80f095672b4f50fa5897f762648b1070fc09871ec2b28471d3277490b7fdcafe18b016d85521e17e529687048fbc718ca778,CLEAR,DAYLIGHT,DRY,DRIVING SKILLS/KNOWLEDGE/EXPERIENCE,2.0,37.5,1.0,0.0
176b5911c63ef318b0a59a6312933cbe1fc7e82601199e6964971253c93cd9ad0506211cbc75fefd2473f047c600c909fa909fbd98e6d0f635435cc145f76644,CLEAR,DAYLIGHT,DRY,IMPROPER OVERTAKING/PASSING,2.0,37.5,1.0,0.0
176b5db4520b38544f705166423eec66959e97a010be9437596598b5c9590e0b24682d49f1d152c80ed5adbbda12e58bcd9909aa1cafee29a6bfa443ddcd8d6e,CLEAR,DAYLIGHT,DRY,DRIVING SKILLS/KNOWLEDGE/EXPERIENCE,2.0,37.5,1.0,0.0
176b80a3b11266c7a8f4d480dbd20254fff1ef5d2980172581910d811c0cdd7bdee9ea5ce746185c97dd5a0055367fa511e1db0eeac4abb84530fa6f07a44c3c,CLEAR,"DARKNESS, LIGHTED ROAD",DRY,"OPERATING VEHICLE IN ERRATIC, RECKLESS, CARELESS, NEGLIGENT OR AGGRESSIVE MANNER",3.0,37.5,1.0,0.0
176baf4b2829e0d623e5cac2a2be5c5f00bb941ecdedc25457b9a2793911268194acb3279353e3bf932e011854bd7db69a6a059a8906a80390d44f94cceffd57,RAIN,"DARKNESS, LIGHTED ROAD",WET,UNDER THE INFLUENCE OF ALCOHOL/DRUGS (USE WHEN ARREST IS EFFECTED),2.0,37.5,1.0,0.0
176bbe81a8628da35524badc5e38acdea426844bf543d2cf8f4a198f27ecfd5e67376909dd07d32dfcbbe5e2f54179edc1f5c27fed510a7da9464659c6ce46f1,CLEAR,DAYLIGHT,UNKNOWN,IMPROPER LANE USAGE,2.0,37.5,1.0,0.0
176c1c5f0a624da1f42202d5f9ca795598e00e46e398f9e9310cad8f76b5465629ce39e7b73f94926b83920557b929d6eb50c5d959c31ab1538297418e953181,CLEAR,DARKNESS,DRY,DRIVING SKILLS/KNOWLEDGE/EXPERIENCE,2.0,37.5,1.0,0.0
176c45b2b258d98fa5210fcfff0477afe220daf67dc563c7ef4ed5dac87fd49b003824491ff3941a51f166ceb7cbb462f2f075031138c88e5a9ad67fa9957c67,CLEAR,DAYLIGHT,DRY,DRIVING ON WRONG SIDE/WRONG WAY,2.0,37.5,1.0,0.0
176c65a71e784b68d30d0e97bf32d706c93454a0386a2fc304ce035e5f337cf2fe33e59df0a3b1a39a6552e8e6785528c9846390da32f6f8e39144999c664e20,CLEAR,"DARKNESS, LIGHTED ROAD",DRY,DRIVING SKILLS/KNOWLEDGE/EXPERIENCE,2.0,37.5,1.0,0.0
176c80b09925809c203078636e7ab04ab1154ab8b5615d6fb03938fc0b43367e3f1ba55f7fa31bc642e48ad89c6e184fd1bd4158bcb2a9a5c0ab1c3a51ea4684,CLEAR,DAWN,DRY,DRIVING SKILLS/KNOWLEDGE/EXPERIENCE,2.0,37.5,1.0,0.0
176cf330f21a6d5ddcef9a5b04b5f165070e8a66ba2f472dab77b714d9caaf54dd815fa8df4e4afb29c94306abb0869d27c2c1052b07f1ccef8d1070e00a8043,CLEAR,DAYLIGHT,DRY,FAILING TO YIELD RIGHT-OF-WAY,1.0,37.5,1.0,0.0
176d0ff546ef59e8722e9c2b1e55fdab65d9a62148f1c52820987dc3488cb8d02139f3eb609f6d2d063710949c9948b843cbee9f7ad23b3fe91c772859ed1088,CLEAR,DAYLIGHT,DRY,IMPROPER TURNING/NO SIGNAL,2.0,37.5,1.0,0.0
176d60421326c7bdab501ce60640c8aa37ad9d2cb71081f0dbf25d5835a7b0f3c5c97d0a2d51d2bd74fca1cfa5193518dea31bf421f13ce947a789cea23027de,CLEAR,"DARKNESS, LIGHTED ROAD",UNKNOWN,DRIVING SKILLS/KNOWLEDGE/EXPERIENCE,1.0,37.5,1.0,0.0
176d604f071a0dee0aef90e889a97fc2c4566e7f73485ab7d0c15d77de06e240161eec0156ca6a99222e4f485c110892fe4352da8034bc7fb8722d9b5426c5e6,CLEAR,DAYLIGHT,DRY,FOLLOWING TOO CLOSELY,3.0,37.5,1.0,0.0
176d645b93b067940eec8ce9803b0abba0569c50b35ad77afdd6d5fb4fb187b51c2c26746f78517df23776ced47252fe5ff4b9fd1571c8ca9e0a6c80a86cf805,CLEAR,DAYLIGHT,DRY,FOLLOWING TOO CLOSELY,2.0,37.5,1.0,0.0
176d7d7f397509fb525d2211751aa6a200f03a0ded5ce28a8088437e01956fc2994b1fcd0b63feb260a994ad8b8e2c7fd9521c820bdd21eaa6d4bb329bf330bd,CLEAR,DARKNESS,DRY,"VISION OBSCURED (SIGNS, TREE LIMBS, BUILDINGS, ETC.)",2.0,37.5,1.0,0.0
176d83be7bc388e2ddc1ce1e702e515f0929d536e96283348830dbfda92136176c6102f5d3a641e8b361101fba6a30988cbb223bbbc82bcff83af79c54e627ff,CLEAR,DARKNESS,DRY,IMPROPER OVERTAKING/PASSING,3.0,37.5,1.0,0.0
176dd7b94c39e0535d43a435ed27ef0494d47e2f5c9ce52e07c25d7e45e8c2cc879f7e70a0e45573b1df483cdc4f82cd8d1387644c0e470d346d9de885e1f106,CLEAR,DAYLIGHT,DRY,DISREGARDING TRAFFIC SIGNALS,2.0,37.5,1.0,0.0
176dd9007233bfd3b2acec3b3c829cf27555b32b77b9ee5f90f1a822ffcf0e5fc5a86f845b2d2ad1097298d3e804a7a6bd5b42e38cc84fac06d0409092a40b9d,CLEAR,DAYLIGHT,DRY,FOLLOWING TOO CLOSELY,2.0,37.5,1.0,0.0
176dddede7d1e956d51ef6b9e237186361c20481fd9b635ad5bd18adb5ee008cc5150ab07d234fde11e1ece4a2f219de5ec6057d0040b1f3562b5794f7631103,CLEAR,DAYLIGHT,DRY,IMPROPER OVERTAKING/PASSING,1.0,37.5,1.0,0.0
176dddfad6b30921146b2dcc1273f583f91f9af597b30f1082a2ebb51c2d1de297200cd0634cae414da85421a74632e543441cd6c1501410c7175588baf9d85c,CLEAR,DAYLIGHT,DRY,IMPROPER OVERTAKING/PASSING,2.0,37.5,1.0,0.0
176e28e1d88b74c3110915b42cbe372263b2d915c02019a5720c670e8dc33d03630f5c687137f6bd57220bb38838978504954c2c8763256b9f404a2089aef6e0,CLEAR,DAYLIGHT,DRY,IMPROPER LANE USAGE,2.0,37.5,1.0,0.0
176e982c7087c6b8ce4ec6b22b53cc03c0a7d3b6e369767dd35227660e555a46034e850101977218c1897c25057d9fc359557a61268b8030bb0c93128ac4bb5d,CLEAR,DAYLIGHT,DRY,FAILING TO YIELD RIGHT-OF-WAY,2.0,37.5,1.0,0.0
176ebd2029d88cf0a2925010e002faaed3bdfd82b2c365dec1f64ee1ff212a07337103811550e557fec7932f340014aa20592555826f1f02a2a406ad90ebe3ed,CLEAR,DAYLIGHT,DRY,FOLLOWING TOO CLOSELY,2.0,37.5,1.0,0.0
176f012b75fe2b4abb910a08fca2a38e565888e97aaf3747edf2d5da5d4c46feb7ef4a6c477ba8e7470dc3b8e252cd82ec56777b411e7de8e7aae5048db28d37,CLEAR,"DARKNESS, LIGHTED ROAD",DRY,FOLLOWING TOO CLOSELY,2.0,37.5,1.0,0.0
176f0358ff6de448026f3f7f8035c6105805a5a567c5f168fef902452e0f9c74a3a7ca7e48d87a373069b4d536d3f4ae767601ca7c8515a8fa74f4867cc9621c,UNKNOWN,"DARKNESS, LIGHTED ROAD",UNKNOWN,IMPROPER BACKING,2.0,37.5,1.0,0.0
176f05eda6663b88a2879df4d871e06c7ffb5f79ec777f88a82061558163de4833f852f9dce8a9542aef9e73ad44b5642a935741ce848251352a1f9ab2a75b7b,CLEAR,DAYLIGHT,DRY,FAILING TO REDUCE SPEED TO AVOID CRASH,3.0,37.5,1.0,0.0
176f241ded9d032725ca92b95f542fab0f2abe3f2ef0cbc5e0f5e4c5f25967cfaae3c2d0f54a836e52191cc6195a507b54c5a59709594bf4e0a54413dc0f0e52,CLEAR,DAYLIGHT,DRY,FOLLOWING TOO CLOSELY,2.0,37.5,1.0,0.0
176f41f4fb746586870c236ba3a6e6b118434770068e9ae70fb3f74bf8c791b33b158b635b4130f604e01bf7cd2c7db1494a9b18779d3c9de2d131b3707dee4a,RAIN,"DARKNESS, LIGHTED ROAD",WET,IMPROPER LANE USAGE,2.0,37.5,1.0,0.0
176f6de79d2d594ac7be77b5b25301a17fdd1b23b118cb49dfd15808b048c101defa95b98eba3ad965eed1fe45363f91b9e7c11fc9badb37b8b9827de70fd70f,RAIN,DUSK,WET,IMPROPER TURNING/NO SIGNAL,2.0,37.5,1.0,0.0
176f6fbff3609c0e3135fa3864c8d8e6ad658e3cd9ef8c252c7cfda76b874d77e162c7a8aeb50cad3535e615547cd8c39dba2deb680e0f95ddba8a4c96912136,CLEAR,DUSK,DRY,FAILING TO YIELD RIGHT-OF-WAY,2.0,37.5,1.0,0.0
176f70412fe7c2deb248136789b19654336c14b36d1d801c7be7d390dd5639d5ce66abdf0f8eb7e37ad22158aac87900fd86e7d8c12b967d354980e15de13a43,RAIN,DAYLIGHT,WET,IMPROPER OVERTAKING/PASSING,2.0,37.5,1.0,0.0
176fbd45c70226ad9a63ff015d87090dd51b2674d0f23e9a9c4a634277abea0efa0c5402cf267f11ec161e1f632d4bfe5f9d22b50feaa91de8758760d9108353,CLEAR,DAYLIGHT,DRY,IMPROPER BACKING,4.0,37.5,1.0,0.0
176fca4efad07768db671a40d76322c4246d22ef076d66c3959c1aac64b8b63aedcd0edc7b4817df799da5cc6ad4e89746ecadc844a337d7b358693dd8134b9c,RAIN,"DARKNESS, LIGHTED ROAD",WET,FAILING TO YIELD RIGHT-OF-WAY,2.0,37.5,1.0,0.0
17701adc631c8637b324b5e2d73dfff5518a4f9ff25d62725d597a80782dda780939d593f5a04ef91fc306f18d2de6a82ae647c2afe1794613f41fabfbe7db83,CLEAR,DAYLIGHT,DRY,IMPROPER BACKING,2.0,37.5,1.0,0.0
17705f970b1a83c986e63151ebf01bc2a851d52096e07c576d098fd19458619f334ed30416ae2d45d936323cd10ed7318c8fbbc56d47ad44f6ff71e867d5c612,CLEAR,DAYLIGHT,DRY,IMPROPER TURNING/NO SIGNAL,1.0,37.5,1.0,0.0
1770932b23b600cac7f2224eb231ecf572f37531bc0d3df5742b2c0227d41eec48bf8688f36d17ea63303e85d0013e9f3ba0da824e40c6bc94fcb2cba1fd4a3b,CLEAR,DAYLIGHT,DRY,IMPROPER OVERTAKING/PASSING,2.0,37.5,1.0,0.0
17709c096af8734c22e9fe912a34a729f2fe211f29bb55c08ff101b0b4974282434433602926faa357388a762f16d7ed1f26e2f33eda3b58ff1fe50766743e20,CLEAR,DAYLIGHT,DRY,FAILING TO REDUCE SPEED TO AVOID CRASH,3.0,37.5,1.0,0.0
1770a6f4440e4634d903da7142b4aef626199e114629ba8c21066546e7a2c4e2985b510ba88fdf89b3da34f5cf2055711d5f655d4ccc6695fd72ac1d40392402,CLEAR,DUSK,DRY,FAILING TO REDUCE SPEED TO AVOID CRASH,2.0,37.5,1.0,0.0
1770b07289b10ced625433c2cd68477e208e5f0e56baf6544f527d95fce27f0ea135ead3b5c0aa407b741d003b2e13f7c4df74d81cbd7e124be8510738ed0a5c,CLEAR,DAYLIGHT,DRY,FAILING TO REDUCE SPEED TO AVOID CRASH,2.0,37.5,1.0,0.0
1770b62095618a59f10cfc467b7694403e84f370d4c616f58ccf240ac737a679deb422920a8964804759ad486f1d4f282f1aedeebcb3642194fcf449db2001b6,CLEAR,DAYLIGHT,DRY,FAILING TO REDUCE SPEED TO AVOID CRASH,2.0,37.5,1.0,0.0
1770d93c7d09dfd793705dc3a5e541cdfb7e9b9fa7f2988c365b785b7a355759412867cc7401bdeee5b44e04998e8da38bd306c2a045e805cae05d6a8060af5f,CLEAR,"DARKNESS, LIGHTED ROAD",DRY,DRIVING SKILLS/KNOWLEDGE/EXPERIENCE,2.0,37.5,1.0,0.0
1770fa27ccb48a007f962a17d7ddfa39394e8d76230c7d746fc8e53ad950d5066627f0d01361d89ed3653a10b1ac5c270ff22a4acfaf5ca8228008f69431effe,CLEAR,DAYLIGHT,DRY,FOLLOWING TOO CLOSELY,2.0,37.5,1.0,0.0
1770fc3c479110fab827c22bd3d93ac562cc211d19c10a8cc5e460f371e00dccc6516905cd458ecac88b996f67b83fd554cd5392d76a7a2a33b1b54d62ebb7c0,RAIN,DUSK,WET,IMPROPER OVERTAKING/PASSING,2.0,37.5,1.0,0.0
1771181ac9b8de43a2c3d0bc4e298f40a2c83fa4bc81d40959aa5c77a3bf255794ddf7ccd6be3ddf88a7bc2b1fd752d3c68a8b29d5efc1d82c6a8c0735036318,CLEAR,DAYLIGHT,DRY,FAILING TO YIELD RIGHT-OF-WAY,2.0,37.5,1.0,0.0
17711e5440d5325e9bed13cac4b7d56d89aae9789d35cc194ca8b9510457c7240d25bd31dc294f6c177b85e1f8ed19f9633f64295219ea79fcc2df37e671ffbe,CLEAR,DAYLIGHT,DRY,FAILING TO YIELD RIGHT-OF-WAY,2.0,37.5,1.0,0.0
17711fddec31a8dcdf44174f57abe07de8311762b524b30a8dca545e93975e7b5724b33ab4f385d58229424b258b9ef4093df6f0cf4d5a5df606b030f0a3953d,CLEAR,DAYLIGHT,DRY,IMPROPER TURNING/NO SIGNAL,2.0,37.5,1.0,0.0
17716370b72fd41de231ba49d69ad2128f59383b55823a4f0f8b15c72575368f027b7b6d103af839bbbd31c4d82aaa5e66c54d05c21679a2c34c5c0f9b1081c3,CLEAR,DAYLIGHT,DRY,FAILING TO REDUCE SPEED TO AVOID CRASH,2.0,37.5,1.0,0.0
17718083894bba0268e85d86925829ef8203d2991453d2c1b81e0b7d9542a217e339da440fc2b786185762e5ab4f3efde21e02705fbdded2ab659eca8052458a,CLEAR,DAYLIGHT,DRY,FAILING TO YIELD RIGHT-OF-WAY,2.0,37.5,1.0,0.0
1771a27f85d01eaa744015c38cece99860c091d5c622dc5629ae498ca6cac360d662d2a3238e580930a106b25e53cf9a28f0a4e5b1911f90c4ccca7564ec6633,SNOW,DAYLIGHT,SNOW OR SLUSH,IMPROPER LANE USAGE,2.0,37.5,1.0,0.0
1771ab1081ee4a8240eecccf2d72725279317421e18e9ecc14e382420642f62f5a671a4ad32472077b21099ecf8f979658dd39f552c3b9fd39bec5c83b8ba61e,CLEAR,DAYLIGHT,DRY,IMPROPER OVERTAKING/PASSING,2.0,37.5,1.0,0.0
1771d00340ffa691a8037ad46f35b8d58b56a408c4decf600698d48e9fa372d06f80b292db0af6d45f3cdc8ed934b53e84cedd3fd9dc77a564cb46faf681171b,UNKNOWN,UNKNOWN,UNKNOWN,FAILING TO YIELD RIGHT-OF-WAY,2.0,37.5,1.0,0.0
1771f630ca6375b17725d7cc8b0decfe341cfc96f87aa00da92fedb9cbd953275f337927b635df368dabfb474ecd015a15c21bd485b063cf54524a888ad36574,SNOW,DARKNESS,SNOW OR SLUSH,WEATHER,2.0,37.5,1.0,0.0
1771fad06935e8f947d551fe282c35501b3bd9425b8af4a5fc92a03bfaa270362e496293c1bcd92bbf3424b363d8ed6c03313830eed3c9ba84684877421e63e5,CLEAR,"DARKNESS, LIGHTED ROAD",DRY,IMPROPER LANE USAGE,2.0,37.5,1.0,0.0
17722c0f5e51da98ceec205d7b5b027a9030bf91f7ae53b0d041a817f1c6e953928a0dc0d4e0c27642b43168e17050f1daa8fa422d71ab02cfd575d15eec02ec,CLEAR,DAYLIGHT,WET,"VISION OBSCURED (SIGNS, TREE LIMBS, BUILDINGS, ETC.)",2.0,37.5,1.0,0.0
177248c403b125a5e9793a232caf04d62115b546cbfea7a7922cccd519779e08b6fadf295959b8976e021db6d5a40c0fb6d6bf8bd68429cec2e4c7cb950ccceb,CLEAR,"DARKNESS, LIGHTED ROAD",DRY,FAILING TO YIELD RIGHT-OF-WAY,2.0,37.5,1.0,0.0
17725bec773bd3d702fc64ddcd632490a106b80abf33ae04f1032819b096afcdea4b0ab6b9b6f102b97c1844e386f824ebad6d1606691f2b3707eeb3651e4b75,CLEAR,DAYLIGHT,DRY,IMPROPER LANE USAGE,2.0,37.5,1.0,0.0
17725f02369a968ffe6da0d15085b5ea7a5f14429ef1d3e93be7b00e054f85551bfc1dd6255930bead7d0cef2cd82d19e4eddda91d1edce5eae265204008b057,CLEAR,"DARKNESS, LIGHTED ROAD",DRY,FOLLOWING TOO CLOSELY,2.0,37.5,1.0,0.0
17726a1c9ba1d9911313731b2f88c19bbbfc6431e6ca585fd52832e9162323431ef8a198bbf5343f77d80f999b2b4397a11ce85e926446bca88e10d90bca0285,SNOW,DAYLIGHT,SNOW OR SLUSH,IMPROPER BACKING,2.0,37.5,1.0,0.0
17726cc66cd55fe2ca07f55c302fe6d9ac85093adcdd9988b48b82737d60b8005aa02e930fedc52c27de0923a4e2b09e15ba2ec2ce9ee7d59765a38f05eda5d1,CLEAR,DAYLIGHT,DRY,IMPROPER TURNING/NO SIGNAL,2.0,37.5,1.0,0.0
17727a50f4553823b5c43ee3e694973d832b833baf7201ab297acad7b01c6a0b21140f51d44d299c71cadf692099ab2607f1257a37638afec6730e9a656ecfee,CLOUDY/OVERCAST,DARKNESS,OTHER,"OPERATING VEHICLE IN ERRATIC, RECKLESS, CARELESS, NEGLIGENT OR AGGRESSIVE MANNER",2.0,37.5,1.0,0.0
17728bada1b492db5e31c3867c3abe16957db1a560d866ac7e4653ed45d4e2cf3bbce28215062a4a75e4d08345b01ec0edba84fb0ed59c4b306304bd87e07b36,RAIN,"DARKNESS, LIGHTED ROAD",WET,"VISION OBSCURED (SIGNS, TREE LIMBS, BUILDINGS, ETC.)",2.0,37.5,1.0,0.0
1772a80013120e6e988512115ba17007edc9f48498e7f81c4504e83777b5872224b864a79b1dd897c6800fb6520f06dab9926a9a84fd7e3b2bbf9fe38da5ab63,SNOW,DARKNESS,SNOW OR SLUSH,FOLLOWING TOO CLOSELY,2.0,37.5,1.0,0.0
1772b64db7e9fb17149da4b0284a60be07a3dada8a63e021328382b2e78b0123f0311cd3b9da303bee5329d2ec1093fec4c8a55d477781016aa177a02e36a69a,CLEAR,"DARKNESS, LIGHTED ROAD",DRY,FAILING TO REDUCE SPEED TO AVOID CRASH,3.0,37.5,1.0,0.0
17731a51827a40ee64aed0ada8059d2c26681a140bfc4ea7cefe51910e4feeb874721360a532e11313981a5224e05e6bd804aa7c6e099ca4fa83306233a1ddfa,CLEAR,DAYLIGHT,DRY,IMPROPER OVERTAKING/PASSING,2.0,37.5,1.0,0.0
17733f512cf9179aa21849b01fc437d1f7bb630f207275035a9d735933cff2a83ce05ca2d1e795575f679c34b7e832d8529f38585d49f06c12ce437169b973d2,CLEAR,DAYLIGHT,DRY,FAILING TO YIELD RIGHT-OF-WAY,2.0,37.5,1.0,0.0
17739cff76f7e568db5fac49fee22f688c19e64884a358d2b275fe55adf0ea5e9cd5ad266324e7d75d1449c226467f0274d69b427f966be354c99060071c8cc7,CLEAR,DAYLIGHT,UNKNOWN,IMPROPER LANE USAGE,2.0,37.5,1.0,0.0
1773a0bb232dad59941a9c531629595d85d4484aa6df79ad807c7d43ff92fb6194d6602cb976bf94da02cd55117b3af9ad0ddab42fdd9f6062c4f779d62ff282,CLEAR,DAYLIGHT,DRY,FAILING TO YIELD RIGHT-OF-WAY,2.0,37.5,1.0,0.0
1773abbecfc71d06d35af3fb43f5989c1af907b7432865150bc4cca45ae567fba889c616b1e32e96b4e44476327172a4d360588555b5b4dbfc4a92219485c2aa,CLEAR,DAYLIGHT,DRY,FOLLOWING TOO CLOSELY,2.0,37.5,1.0,0.0
1773b57db19c730db1e18175f718d7099c0fe15ec479298ea9683775aa2b5ed26969cfe307944d7a8bc094f7af48a01223a77f4123724e125280aced0caabfc8,CLEAR,"DARKNESS, LIGHTED ROAD",DRY,FAILING TO REDUCE SPEED TO AVOID CRASH,2.0,37.5,1.0,0.0
1773cdd99e934bfd6348bfbbc50a9abf5d32c79072aea29f66847d8aec9e8338c6b82d51560d8aea5b512084df0cadcc5482bcf3aa00c8c723cb5d0bff1f4964,CLEAR,DAYLIGHT,UNKNOWN,FOLLOWING TOO CLOSELY,2.0,37.5,1.0,0.0
1774006f5fc80cb52462e0cf56c82beddccad996e53551614a2b65142c2f7ec53e8c158b2b55587f908f37cdf29f2e22e29619e2b7ed0be9c84c6db407e797d7,CLEAR,"DARKNESS, LIGHTED ROAD",DRY,DISREGARDING TRAFFIC SIGNALS,2.0,37.5,1.0,0.0
177407a2e453a0c817c47b8aa57ee33ff12d03aec9f2037bf3a223d025bd548ca18099576f7ccd74519b66e6edfec6eddeaec180cda1289031a7eeef2478cad4,RAIN,"DARKNESS, LIGHTED ROAD",WET,IMPROPER OVERTAKING/PASSING,2.0,37.5,1.0,0.0
177468027993da66e3182c7fc00791d006279ef9ee829ec5240fe5d04541e2bf78779f7964b3cd4ada2bec53e0450cc2b310dca989fd57fcc3136d25485265d7,CLEAR,DAYLIGHT,DRY,FAILING TO YIELD RIGHT-OF-WAY,2.0,37.5,1.0,0.0
1774abca4365a6514299cf1fd377c10199378016c729e4dcacd5e6d392efa1a5fa45165bf2f14fbac707e5f00582bcb818659033379b0894e7f819e5623fed7f,CLEAR,DAYLIGHT,DRY,FAILING TO REDUCE SPEED TO AVOID CRASH,2.0,37.5,1.0,0.0
1774bedb3d2f131a924172f8df41ee31c6bf383c9b8d981bacb0fa3d00e234134fb94f983eccd44afa8210ae3d87713f7cfb3cc3e5c7358b9f307eaa2be229f7,SNOW,DAYLIGHT,ICE,WEATHER,2.0,37.5,1.0,0.0
1774d872e3b4809b7cfc51d9b6a55e5dd71e2f63be6baf9b8ee211ebd30877d3d68b2a987f101bb8b2e5926e5437d0f39521c62c0e0b7176730122685a456eac,CLOUDY/OVERCAST,DAYLIGHT,WET,PHYSICAL CONDITION OF DRIVER,1.0,37.5,1.0,0.0
177508a5d669a17f9fca5ecc61b74ec55df04ca0bc545e58d4190f2d440f2e73390552242f0e8f8aacd223dc1ec4c1e96c9568f27eadf25445f568477e0cc051,CLEAR,DAYLIGHT,DRY,DRIVING SKILLS/KNOWLEDGE/EXPERIENCE,2.0,37.5,1.0,0.0
177549ef0389c38ad9331c16550700e09ec475d23cba3ed0589feb35a5fa6797b596afd2b9496c8bb58035aeb92634445216e3a22e1fc07e8c1a3678ff35641d,CLEAR,DAYLIGHT,DRY,DRIVING SKILLS/KNOWLEDGE/EXPERIENCE,1.0,37.5,1.0,0.0