crash_record_id,weather_condition,lighting_condition,roadway_surface_cond,prim_contributory_cause,total_vehicles,avg_driver_age,total_people,total_injured
17755c4a9f7cc902498f05a79e06da98488e396384b050a7bf3bb86df90720bc8d1c05e401b8b94445481956302dac911e610f0882002a2dc57d9065a7543f66,CLEAR,DAYLIGHT,DRY,FAILING TO YIELD RIGHT-OF-WAY,2.0,37.5,1.0,0.0
17757a69ae82bbd70a4d23add8758808cf74b456145a14db9c666c5e1228fabb5a1c09ccdd640b24039daf5792b6807ff72bc0cb68cc9546996687228cceca4e,CLEAR,DAYLIGHT,DRY,IMPROPER LANE USAGE,4.0,37.5,1.0,0.0
17757cae96a3344949923845488e1326dcf34db3a9beb5081e2db695d924740f9627f0a0253ddee3280048c0d1723c810c33a5abc2522544c350a9dae07381fb,UNKNOWN,DAYLIGHT,UNKNOWN,DISREGARDING ROAD MARKINGS,2.0,37.5,1.0,0.0
1775b0b95ae4ac8d1eae20b1722b6e4f53f6207392d23bf632acbc3a7a9f06b219866b7033a7109338713780f8f9a31b766d32d5605d7b513b56d14effd63376,CLEAR,DAYLIGHT,DRY,FAILING TO YIELD RIGHT-OF-WAY,2.0,37.5,1.0,0.0
1775bfdd9506e645c7d4082319a89f435a3522afec77942920a1043edad8df9ce4f50b08bcb1d74494c8e0c9884c11cba584cf22c72d039a108a40f4798294e6,CLEAR,DAYLIGHT,DRY,DISREGARDING TRAFFIC SIGNALS,2.0,37.5,1.0,0.0
177614b6a0a291983077112cd394dbccdee7acdd42f3f3bfa4b8264f90c7b808fd05dcd3345e3dbb0dce34b0be52345d00c6f47ded9c7a97dc0f5683904944b0,CLEAR,DARKNESS,DRY,FAILING TO YIELD RIGHT-OF-WAY,2.0,37.5,1.0,0.0
17766a95eb060e7e4774d46e463e049b6d3cf2903d99892c0687b588cab7ada1a7f0f203d558165e2f6d5b30c5cae676c830f15d65f7a504176e34827074e606,CLEAR,DAWN,DRY,UNDER THE INFLUENCE OF ALCOHOL/DRUGS (USE WHEN ARREST IS EFFECTED),3.0,37.5,1.0,0.0
1776711ef4eba3da9c8c9451e51e4bd7e06b308335ad758a69cc8511a5a2606f005695a1af38868397347491fa5df9b4883fcf8cae25f60d577f15bcad87887f,CLEAR,DAYLIGHT,DRY,FAILING TO REDUCE SPEED TO AVOID CRASH,3.0,37.5,1.0,0.0
177684d54a11e81de44d8f80fb4781a1bea74b1573d335fad71cb122e2985194db23ba50512eb223b8e97f6e702c388124faea35a89abb96f8583b065e12ba92,CLEAR,DAYLIGHT,DRY,FAILING TO YIELD RIGHT-OF-WAY,2.0,37.5,1.0,0.0
1776c119b4b5f73943e1cd7a4944ad643e40701422cef3e98915e8d2d29df10d5d913e6979d200800f7c52ae02884c612c77cf7de6a5b4574f642ed058e19ef2,RAIN,"DARKNESS, LIGHTED ROAD",WET,FAILING TO YIELD RIGHT-OF-WAY,2.0,37.5,1.0,0.0
1776c73367f4d45af135b581adfd16c34f3ad76891c73b1e3f1fbe048809f0d8ef7b33d587fbabbcbe33102ee0c73f0cf4ab017102d3c236360e4c22f3fb9942,CLEAR,DARKNESS,DRY,FAILING TO YIELD RIGHT-OF-WAY,1.0,37.5,1.0,0.0
1776fe5d879c3b03db1a5283527c2f02cbb4ad4c87246efd1d20135b04fe16f3657ae0312ca61d1bdbe016769fc31ec4bb1f277ebd37473aab4fd98aeb6a364d,UNKNOWN,DAYLIGHT,OTHER,FOLLOWING TOO CLOSELY,2.0,37.5,1.0,0.0
177722041f2013c020e3334af3920be513c7a87099d9deb84032ec093cbe2819047c9967ab08d71815cba2fd9364b5ac5cbfe1786031e75b4bfa2f77253983d3,CLEAR,"DARKNESS, LIGHTED ROAD",DRY,FOLLOWING TOO CLOSELY,2.0,37.5,1.0,0.0
17774182739af66ac493912c14fc60f2937eefec4bb5ce3de2ecbf083b27b9855e4d39d15bf0211670e99a367dc5ac2302273305ac115e18d8908b9f7b593ac7,CLEAR,DAYLIGHT,UNKNOWN,IMPROPER LANE USAGE,2.0,37.5,1.0,0.0
177765706f1791635d55898bba3f3362e4eb222b185a5f0d02a981c2ac5809cadfda19d6f9d937999dc76244d63dd3a0e0966eba498758c985ab0a77e36c0dc8,CLEAR,"DARKNESS, LIGHTED ROAD",DRY,DISTRACTION - FROM OUTSIDE VEHICLE,2.0,37.5,1.0,0.0
1777765b32796b15eb2a916044a283c5ac865036356baf989225d06476437e34612d37ad2bf6ef1548fee1461ec779311eb3c2627ba4843939ee85e3ebe1fe80,CLEAR,DAYLIGHT,DRY,DISREGARDING STOP SIGN,2.0,37.5,1.0,0.0
1777805a4b83dd1416e2b663d478fcc5a5d90f944f4c54cba11da9110c7a2dec6b9ffbd3c51a17e74510b6957c677e5fb655a885c815bbbfbe12d9c880b2a86d,CLEAR,DAYLIGHT,DRY,DISREGARDING TRAFFIC SIGNALS,2.0,37.5,1.0,0.0
1777a4ffe7b7cfdb1f71ba79c6a569ef10ef322e107c7004be7df15e6b07db271c11ef0b095219bd334eb503422d1b11154a0d938cdfb0b5a99f57d0be149465,RAIN,DAYLIGHT,WET,IMPROPER OVERTAKING/PASSING,2.0,37.5,1.0,0.0
1777c5296a9f2317bf7d988a179cbc5d080bdc1c3d951c2917dc2996317f2725df5e55620f3d48a0782605dc15b165dcb01f58ff4ac10eb1758f1ffa0c5835d4,CLEAR,DAYLIGHT,WET,FAILING TO YIELD RIGHT-OF-WAY,2.0,37.5,1.0,0.0
1777cb6c753cc5c38d9ca40176ae5c820cbd0d26f2a1b15f73a57c217b24274babc938d09a78a9b1e0f1bc7e6aa1cc7b784732a002b4e7fff37063740d63a23d,CLEAR,DAYLIGHT,DRY,IMPROPER OVERTAKING/PASSING,2.0,37.5,1.0,0.0
1777d52d78bee529c8a6416be27862e128eab7c599ff242898b438f48be5107079cd77b7db626d5bb4344c538d00a24908b85e9b5e4ebdede2d8c9a49438dcff,CLEAR,DAYLIGHT,DRY,DISREGARDING STOP SIGN,2.0,37.5,1.0,0.0
1777e2033ce172760a50e2915f12f8e26741e3dde6ff00149ece13eea044bc41ef27e12054593a0d0e35d114c00d38af53743974ad57e198c2f24fdf3a72701f,CLEAR,DAYLIGHT,DRY,FAILING TO YIELD RIGHT-OF-WAY,2.0,37.5,1.0,0.0
1777ea8cb7a5fb0572fdeb3c44ac1cf40736a258790346bc601d183cfd5b5c966b853c1061c66e36dff405a530f600cec8dd81604cf24165ce963b735c5c3f2a,CLEAR,DAYLIGHT,DRY,"OPERATING VEHICLE IN ERRATIC, RECKLESS, CARELESS, NEGLIGENT OR AGGRESSIVE MANNER",3.0,37.5,1.0,0.0
1777ecddb6fbacb1f567c79890c0db1ad804d4b162570e6e82ea04dbebb2e5bc55fa176e47af459cd6d7f9a1caaf4b1ebb95cccb40afe87fc56d7d81e3ed9902,CLEAR,DAYLIGHT,DRY,FOLLOWING TOO CLOSELY,2.0,37.5,1.0,0.0
177816e31ac8c0e426e0d0877278e48186550b626666b35f73c93ee2ff7bba6fc68c2b4a74f86a798359bbf50268fea65f301e7f98d2ba76264504749d83c9fa,CLEAR,DAYLIGHT,DRY,FOLLOWING TOO CLOSELY,2.0,37.5,1.0,0.0
177835c6b0cbf29b65f284e61d3e904383f754c24862ccc4b36829c2e3200f8996ac16a575a4d71f9c43f67b011cf244cc278b59b9c69e5a34940844d32bc492,CLEAR,"DARKNESS, LIGHTED ROAD",DRY,FAILING TO YIELD RIGHT-OF-WAY,2.0,37.5,1.0,0.0
17784ee4712989ffb8314cbb6aadd30ade48c1f4e6e1812d3736e6d924abb4a25d71deb1bf3a99882c56724f367ca17b5a187283fabc8042905170abee09eb85,CLEAR,DAYLIGHT,DRY,IMPROPER LANE USAGE,2.0,37.5,1.0,0.0
177870b6f0eef1da29a76962a1df337aba52108529c7a38fe201761ee0a9f112fbd9d4fa68437b001c81ee7300f28dd5348647389b09f974e83432a1fb577ceb,CLEAR,DAYLIGHT,DRY,DRIVING SKILLS/KNOWLEDGE/EXPERIENCE,2.0,37.5,1.0,0.0
1778927347e18a33eb11456c1fa6cc9741d15fdddccbe1e6b0cd6572af11ef0a4c85386964d70a393fc760a34c3adc3367f1f70799a11574798d62757c5fb997,CLEAR,DAYLIGHT,DRY,FAILING TO YIELD RIGHT-OF-WAY,2.0,37.5,1.0,0.0
1778c1551b16c80f2b828284d6b3851f71fc21d5da6de3ff63d951c57bcee9d1339ba89a13f95cef7beffd4171ec37d0bf585c59cb0ec75ccb6e1ca6146d8f55,CLEAR,DAYLIGHT,DRY,FAILING TO YIELD RIGHT-OF-WAY,2.0,37.5,1.0,0.0
17791160274b6253ac3f71add17485bf753e07a6476a49323af1838aa246fde5b8f135b56aa52d6114f67831b141fc303ec59cff42a9d463fa030b8354c9d59c,SNOW,DAWN,SNOW OR SLUSH,FAILING TO YIELD RIGHT-OF-WAY,2.0,37.5,1.0,0.0
177916ca1f2bdeea70b2d9e0b2a461735b8fae4d8222bb3cb0df2ba9ec930766e7721ae6470dd1ef6870d719b0b5919cd74fca0343dbe027f884d53f968f5d72,CLEAR,DAYLIGHT,DRY,FAILING TO YIELD RIGHT-OF-WAY,2.0,37.5,1.0,0.0
1779226db167e0817c03ca4b6dfd7d86895738a470d1fa0a65523b0badc8612469795e663ee617e71fac05b530c94aca2c03138afbeec152cfbe09c94e2c2fea,CLEAR,DAYLIGHT,DRY,IMPROPER TURNING/NO SIGNAL,2.0,37.5,1.0,0.0
177923de11af717d5863b87c7d3f591e264109291f2b3cebb3b476aa127c41bc4715d3220dba156f04adfc7ba319842e2175ee74540d1c3294ff318179fd4698,RAIN,"DARKNESS, LIGHTED ROAD",WET,DISREGARDING TRAFFIC SIGNALS,2.0,37.5,1.0,0.0
17793c8e2958c40aa098dc0edfd921c531d26455277a60219c5323bdb0fe9bb37fc86ebb80b6f4ca42173052cbf9eaff6a4c265787faaa37bf2f6977f0e89ca6,CLEAR,DUSK,DRY,FAILING TO YIELD RIGHT-OF-WAY,2.0,37.5,1.0,0.0
177942928ab128239f2cc0fc6cc4aab4c09a6ca77f636b375c641bcc3655e42bc4af990cc1a283689cf9959a4201a7f4ceee1edfc7182d0187f93c9f965cadda,CLEAR,DAYLIGHT,DRY,FOLLOWING TOO CLOSELY,2.0,37.5,1.0,0.0
177970b11e2379465cb8ea4597d75ce7f2614f2c92c761b4aecd1723ec77f5d721c3f4e399858ec4a4d04362b801cdbbdddaef67687abb68751c88d666ac469f,CLEAR,"DARKNESS, LIGHTED ROAD",WET,DRIVING ON WRONG SIDE/WRONG WAY,2.0,37.5,1.0,0.0
1779a3107d1807ac3e6dc25f9f6d6cb1417783b3a35e905f1ac50e153f9e16dfb8efca0cf223ed0cca59f37a0eeed740cdff53a17301e255f712acf564826aa1,CLEAR,"DARKNESS, LIGHTED ROAD",DRY,DISREGARDING STOP SIGN,2.0,37.5,1.0,0.0
1779a5b89cc084267affccdf470c0534644e4ef9a1f6969a190dc2cf0b69ec280490f5573d73ab859b7ab0490d09b7ae9ddc57e0eff4710040179fe0eec99136,CLEAR,"DARKNESS, LIGHTED ROAD",DRY,IMPROPER BACKING,2.0,37.5,1.0,0.0
1779b17b26b95f18ebc305b91c986955ad90e613ea66f30f314726817fb783b43f2b96b880d13afcd18634022392fb57698cf2a6ae148b13ab90e43ed1e15973,RAIN,"DARKNESS, LIGHTED ROAD",WET,IMPROPER LANE USAGE,2.0,37.5,1.0,0.0
177a001f55db3badd0817b549a482d147388067c056d1a5ebd4a54f1fc5e20ff731bde15b960cf550707f301314a770c621bc6d710b88b33b7c83e49164a03f7,CLEAR,DAYLIGHT,DRY,FAILING TO YIELD RIGHT-OF-WAY,1.0,37.5,1.0,0.0
177a0a5fda1b4d29eea0428c2cedfc6f2b1dc4350cc21605a8a9c7c3183015fa77ef9f9937a595d7b161ad857a59e0f200095fba793b39de08cb8284faf6bf6c,CLEAR,DAYLIGHT,DRY,IMPROPER TURNING/NO SIGNAL,2.0,37.5,1.0,0.0
177a0dfd91b31f598d56d94499c829423351ec75102287893d40f6c5ad40d484e5bbf495f23ebd7006a3e35500d742749e4e1273d5325c17c0a260e3701d8503,CLEAR,DAYLIGHT,DRY,FOLLOWING TOO CLOSELY,2.0,37.5,1.0,0.0
177a0fa6987bf5e2074a8f84d280406a517cd6dfa5e142446ec479d30e8bcc3d17248a1743082e67534ffca6fca3fd1b15ef51004bcdc8acf94d7653ae1bfd1d,CLEAR,DAYLIGHT,DRY,DRIVING ON WRONG SIDE/WRONG WAY,2.0,37.5,1.0,0.0
177a398c74e5e5a5b6f55dd6c0b3dc8570ec65c4f5b6fb86be0f1bb628a72959c5b895e108ca19ad51ce73bc7780e832c476216c074ffd8536f2e093f51dd4e2,CLEAR,DAYLIGHT,DRY,FAILING TO REDUCE SPEED TO AVOID CRASH,2.0,37.5,1.0,0.0
177b092f1a667c37c26c1b8104ee01448532b1ce912f438809e56d3ad8a93673fad1afe918e0400d59442a8163062fafe9087fef49e1fb846f0f7faa1df451c6,CLOUDY/OVERCAST,"DARKNESS, LIGHTED ROAD",DRY,FAILING TO YIELD RIGHT-OF-WAY,2.0,37.5,1.0,0.0
177b12424381f69883eac9cfb71a6f8ae6e2f5fc2618c0b4cdfd07fdc9e59a33e73327bf39bb34cb78ceb8e0853c296b1176f16800cb088c0df071b79cff681e,CLEAR,"DARKNESS, LIGHTED ROAD",DRY,ROAD CONSTRUCTION/MAINTENANCE,1.0,37.5,1.0,0.0
177b14dcd42ec91ac9119736608fb6f4a66933c5a516450624f498cd18922013c27f41bdadb8605fd6e0a2f0deb93cbaf94d27592f1332fe9d4d272ec91a0e1d,CLEAR,DAYLIGHT,DRY,DISTRACTION - FROM INSIDE VEHICLE,2.0,37.5,1.0,0.0
177b4dc5e05c11b21b98b47059976a58a75b0bee95e08c715092cf71a1d0a4d9e612ca45bb073ec9b04fbda8caa6c2e50752240502649866d0831ac63f1e59ad,CLEAR,DAYLIGHT,DRY,FOLLOWING TOO CLOSELY,2.0,37.5,1.0,0.0
177b56797a0a7135471a00ef9401e9bd30267a4672d6ac5090e2884390d6b2b660259c9b23caa83669bf37777f035d4db157d354e3f98631b3b28db826fa01b4,CLOUDY/OVERCAST,DAYLIGHT,DRY,IMPROPER TURNING/NO SIGNAL,2.0,37.5,1.0,0.0
177b99cd60a74d2b55f0f2ab659a2555401797b45e3c4ccd534aca7a306208480f4ac4e1c677345bc1f76a602079685c6f9a677538d8a1fc3659d29c559d4309,CLEAR,"DARKNESS, LIGHTED ROAD",DRY,"OPERATING VEHICLE IN ERRATIC, RECKLESS, CARELESS, NEGLIGENT OR AGGRESSIVE MANNER",2.0,37.5,1.0,0.0
177be0b2fce33bc23b24a5424d2b48473bd392dbc4cdb73ff77016f114fb07488c5a6c5ca8123753d7243f0dd40e26f11d04aa6b49912a73168840f12adfdb3c,CLEAR,DAYLIGHT,DRY,FAILING TO YIELD RIGHT-OF-WAY,2.0,37.5,1.0,0.0
177c06a6d1c98ad817c6a54a8d35804d17ca014898466f72fe115206e200b084619f754e05fef91c8edf31769fd625cc79b1a08e31536976333b21fed179f96f,RAIN,DAYLIGHT,WET,FAILING TO REDUCE SPEED TO AVOID CRASH,2.0,37.5,1.0,0.0
177c145c43386f00b67a6db4c74b3291ae61479c80c815cf5408105bc970cf69a4a31bde1ff5e4647ee24ff636f2bf1f4b9ab2264e55d1e5058a7535bb5226e7,CLEAR,DARKNESS,UNKNOWN,FAILING TO YIELD RIGHT-OF-WAY,2.0,37.5,1.0,0.0
177c236ff5ab5fc62b4f6dd08e607d6f020cfe455f6ad72f0ad9f474f1b143dc5a73ac21f25fe82e23930285b634ad8784f57c05869ae2550b4511410aa50e01,CLEAR,"DARKNESS, LIGHTED ROAD",DRY,IMPROPER LANE USAGE,2.0,37.5,1.0,0.0
177c2493978f458969cea8ba4c79eb0323f88e8e152049aa1f0c49a81b4eb142a8404bf81ff6eba133849d48a059f8e403a0ddd04a61e836170ee72efd7b3851,CLEAR,DAYLIGHT,DRY,IMPROPER LANE USAGE,2.0,37.5,1.0,0.0
177c310cba3d4090df6d3fb226b223544677443ee2f2ffe2504c9b32911e6fb9905424a7319146dcfaaba210383cc320b7f9fa4d30715d836409dea0ddfa28c4,CLEAR,DAYLIGHT,DRY,FAILING TO YIELD RIGHT-OF-WAY,1.0,37.5,1.0,0.0
177c41b582a5780a88aa2af13efaaa05cbf2892848055061dbdbf86c8082e096181e70a4b8c2125f8e70dd5a3fb328dffb19dfc002b90d7f9074eff3f9acdf63,UNKNOWN,DAYLIGHT,UNKNOWN,FAILING TO YIELD RIGHT-OF-WAY,2.0,37.5,1.0,0.0
177c48597858307e3223c8a9326d5784b7bcb2aaf8d994b57185eef2e305dea22df66ffa55b72254e6cd63d267689cc818243a29eea5131c0ce48544d92c1c76,CLEAR,"DARKNESS, LIGHTED ROAD",DRY,FAILING TO YIELD RIGHT-OF-WAY,2.0,37.5,1.0,0.0
177c718d510e970a6306bf3eacbd59fb57dfb1eaaf23eee29c3fcc5128e5191bd4aba54dff4374a2fc9c066126c94666413a1971e72f1289489d3bc26d311b7e,CLEAR,DAYLIGHT,UNKNOWN,FAILING TO YIELD RIGHT-OF-WAY,2.0,37.5,1.0,0.0
177c8f2977c5a3957211e44cf9677097ae299840f3641ad8d8e27ff516cd8314633a1c75cc3a9faefcbd9029bfe27dccb4c268e678b3b76141b5b7d869f2cc0a,CLEAR,DUSK,DRY,FOLLOWING TOO CLOSELY,2.0,37.5,1.0,0.0
177c97d38bd7315af8ba15f55c64a8a581fe628a4788f778ce2cce0aa095f2fcf2939f2145259210258f5fd3ccbd84193b97586e4d2b899c05fbd2d9ff84a7ea,CLEAR,DAYLIGHT,DRY,FOLLOWING TOO CLOSELY,2.0,37.5,1.0,0.0
177cb256fff2eec399a308f3de75c76c49c14c3e1989981d800377aac91f1ced05bd1cce57fdd714a7b312cf0faccf3e11e06e20a049d0d6eb253a954e8ffae0,CLOUDY/OVERCAST,DAYLIGHT,DRY,FAILING TO YIELD RIGHT-OF-WAY,4.0,37.5,1.0,0.0
177cbd9c80bd18b07603d8ce4911173c5bbb6e8d98b2c1a826cf4a3063b9914f0da0b0b3ba40550e5ec8f5e41fb73b9f5f6a7c9ad424937aa2ccd912be1d0130,CLEAR,DAYLIGHT,DRY,FAILING TO YIELD RIGHT-OF-WAY,2.0,37.5,1.0,0.0
177cc034abb4223dc3e71bfe4a04c12bec716ddd780a3a920a4df140b3855d1941679299a6cb75baae9c903d9e0c6a81f91a9e15a4f33d5e8b5194402d5336e0,CLEAR,DAYLIGHT,DRY,IMPROPER TURNING/NO SIGNAL,2.0,37.5,1.0,0.0
177ccb2c8900981c40325ca88fa3a62ac44b6d60ad3d83af4a10a7e2db9e90e4b3992cfc70c3ceb888989f50405eb1dad229f865e506525f37f2860c3de3312c,CLEAR,DAYLIGHT,DRY,FOLLOWING TOO CLOSELY,2.0,37.5,1.0,0.0
177d314feaa31c38a26d08b803d86d797b63c9d944b60c6a294edaf0513882f2aa93e4a55e8f70d63fbdb3204064da8905f5fcc08c2bf79ac93a6218f7a56651,CLEAR,"DARKNESS, LIGHTED ROAD",DRY,"OPERATING VEHICLE IN ERRATIC, RECKLESS, CARELESS, NEGLIGENT OR AGGRESSIVE MANNER",2.0,37.5,1.0,0.0
177d4dbd3147f59e68eddc417b834d666caf667538196416f98305d411a344a2af699261d5a1ed18f73371be71974b5d0072c1d83b5a31daf0ddb6aac142a451,CLEAR,DAYLIGHT,WET,FAILING TO REDUCE SPEED TO AVOID CRASH,2.0,37.5,1.0,0.0
177d60f04bd65bddb8319146daae31975992c403a8f3b245935ce815c44fe11bf04c1841608edb9e075060d51208ddefc783d71b9b9ba2b0f461bbd14678e0ec,CLEAR,DAYLIGHT,DRY,DISREGARDING TRAFFIC SIGNALS,3.0,37.5,1.0,0.0
177d8abed02ca9702a6e3f3a27e81f19c9b253ab0384b84a357fdeafa7cbce3e73b5229e708601e64d8ab6a1a73579e398dc15b0ef8b44b5f7998bf8f8019de8,CLEAR,DAYLIGHT,DRY,IMPROPER LANE USAGE,2.0,37.5,1.0,0.0
177dc3d00f619b02236311d53d80f4217f4d65bd3f31143aae070ad8109904a58c03fce6a1c55a2a0eff60d4f7a65b7ae7cedb60943c5409438e379ceabef4e8,CLOUDY/OVERCAST,DARKNESS,DRY,FOLLOWING TOO CLOSELY,2.0,37.5,1.0,0.0
177dd5bfdd64225894e69ae69ceaf54e69128bf43e45fe8c765d306bfbe33b09aaf532605499e1bdbd2e627df8b80b642eced33465b0d02ce4211577c27d18e4,CLEAR,DAYLIGHT,DRY,FAILING TO YIELD RIGHT-OF-WAY,2.0,37.5,1.0,0.0
177df2e6c6921f43fef2af01ebc63cf3ae86fec3e00e115a0bd9ad4c9edbd653bf9d330cf0b3586866c72205bebf0072f25cdac0ce606fdb4afa82d521f06650,CLEAR,DAYLIGHT,DRY,FAILING TO YIELD RIGHT-OF-WAY,2.0,37.5,1.0,0.0
177e101c35e0d6016e52a1095e8b5cc7927c10ba0cf2f787c231731451de13840f587406c8e5f5f5633d88763d2aed353ad56ce05d6fd28dd0f534975e3424ea,RAIN,"DARKNESS, LIGHTED ROAD",WET,FAILING TO YIELD RIGHT-OF-WAY,2.0,37.5,1.0,0.0
177e28acb1c6e16365b0c04c7eaf4439db24da4281319becbcb7e35b548b7571bbf1a92b24afb6e192a8eb2abd26b6049ed40600db69758b4fe7552478c0c9f6,CLEAR,DAYLIGHT,DRY,DISREGARDING TRAFFIC SIGNALS,2.0,37.5,1.0,0.0
177e4820e9d67e1e8d62c494a6832dc6225ee66caf0e8ad1c55968fa907f57079aa1a6afd72eaed964b94d92f10779ff0e9154518742b8e910ba90ac38567c31,CLEAR,DAYLIGHT,DRY,IMPROPER OVERTAKING/PASSING,2.0,37.5,1.0,0.0
177e4edb9aa4f9038e4372e825a05e788ed0e94e08f3542625b71aa9a47243bbab28491671996a4660d543e33307082d3efe14bce5dc5948531d58d9f3c4dbe7,CLEAR,"DARKNESS, LIGHTED ROAD",DRY,DISREGARDING STOP SIGN,2.0,37.5,1.0,0.0
177e5d94897eb9e7251b5b3af54b7ee9335a6c17cbbdfba09f30a5d5ce33225c7e373dc4e2fad8245cbec47dafa5135f99647ffd33564b7bcb734689d2976325,CLEAR,DAYLIGHT,DRY,IMPROPER LANE USAGE,2.0,37.5,1.0,0.0
177e7cad4d39638c340735b7742be4f74b1140fd235dbf5a4fe0e67826d6e0b23b6583327c14faafd83bfb149ebdda6d06a530c5a04e8c330a61bf942c3d139a,CLEAR,"DARKNESS, LIGHTED ROAD",DRY,DRIVING SKILLS/KNOWLEDGE/EXPERIENCE,1.0,37.5,1.0,0.0
177e7cdd6735a8b9c24fc47ec4bf451c178e70d1d0edf8883a43bc507b5220c70a4436b05c53f213254355bdf1087651569bac436fafe0b01035005cec403c8f,CLEAR,DUSK,DRY,FOLLOWING TOO CLOSELY,2.0,37.5,1.0,0.0
177e9e8787011496a553f96ac1f15009b2ef8bc16a9c88dd999aa8fec2be7bd8fac39b07a5ba9b994eca77d31c6708e9b4d35cab99b4a658465144a7d5b4cf1a,CLEAR,DAYLIGHT,DRY,FOLLOWING TOO CLOSELY,2.0,37.5,1.0,0.0
177ec403ef88d0bb74e4fb573f0ee5db8740380b71190268250a55b19149042f296ff9e7e29be2f4e982b41c75e8cdeba0bf3ee4d46ee367d7504c422b2511fe,CLEAR,DARKNESS,WET,FOLLOWING TOO CLOSELY,2.0,37.5,1.0,0.0
177ed5772bf97565026624cc0dcfc8b10b25b8b2eb65af60348d75c5aeb07585c7b0ec721e85d0c4b36abb9963676e74446c911298a46066c2f7160c22c012f6,UNKNOWN,UNKNOWN,UNKNOWN,IMPROPER BACKING,2.0,37.5,1.0,0.0
177ee1a69ffcb237a555a8a6202262bfcf52ff58a7a84472d15be494c468655c0fee8077d5c52bf4b8f3f907e4f37a065261082c34f46560869cab470440c35f,CLEAR,"DARKNESS, LIGHTED ROAD",DRY,IMPROPER BACKING,2.0,37.5,1.0,0.0
177f0c1d906382b3343c843ae0ff2dd6f4f6522fbd220d9bc71e40601bbe5e283b4ded0005bea657bf119f42a470d0d83baadd225eca1e41ff89bbdf352e5a2b,CLEAR,DAYLIGHT,DRY,FOLLOWING TOO CLOSELY,2.0,37.5,1.0,0.0
177f11af72704ed77d82267a52f709f00d2e8fdbefcf906a14e4042ea168e84ab3f834ed1d33acf1f1df660f63fec9cd6ad4e8f9f8df78bf9d014a6eb5f11d3b,CLEAR,DAYLIGHT,DRY,IMPROPER LANE USAGE,2.0,37.5,1.0,0.0
177f14a280ce802ae77357105f9ae0b198a417af4a9c493553f28c1480501f6073a1951a3258822d09c5291fc2ebd4d888089c6f0c0754f9df445875b5a7cead,SNOW,DAYLIGHT,SNOW OR SLUSH,WEATHER,2.0,37.5,1.0,0.0
177f19a41e9883d9813b4a9175c55437589a9946d7cccb7af30e3f6ed96b26a7601940250395aa49aa0b990fa7f4b60b9fa9237a9a32a0aa520e5a4eb06cf5d2,CLEAR,"DARKNESS, LIGHTED ROAD",DRY,IMPROPER OVERTAKING/PASSING,2.0,37.5,1.0,0.0
177f1b78adada107803bc99040e6261e877e4afa8da5255812b347cb92d6e2da55f9d014b9ff6e9383861790027a2bca82eec6b481e2a9a666590c6ca810b865,CLEAR,DAYLIGHT,DRY,FOLLOWING TOO CLOSELY,2.0,37.5,1.0,0.0
177f1da11e454ecfcafd64d44dce4c8c74cb04c01d94bde186f323efca0eadfa92a39212533608f37e7bcfacce935b4ceeb1de1f252826771bfb86244a97b917,UNKNOWN,DAYLIGHT,UNKNOWN,IMPROPER OVERTAKING/PASSING,2.0,37.5,1.0,0.0
177f877f544a766bf2dbafe51f99ed5e856f77b363284cbb71c21743892ba5f11591a2db9c198e738c390c26171ed88e75809a907ec22ece670c0e7966511a0c,CLEAR,DAYLIGHT,DRY,FOLLOWING TOO CLOSELY,2.0,37.5,1.0,0.0
177f962e88381c0061249ea49b8975a735aac0faaaa6690961fe6001369957e5a7134352315b2da5e6c3094209a57add119cbce287f9fe94d774c5c5e67e332e,CLEAR,"DARKNESS, LIGHTED ROAD",DRY,PHYSICAL CONDITION OF DRIVER,2.0,37.5,1.0,0.0
177f9ef4255746c5f863362d5e2b8661bc55762615a57d02d42506c66e1979efeaf42f356b75bf570d0b27a196071bd8eb17c9bbe0c7cbc1aadc1ce8d07fd8cf,CLEAR,DAYLIGHT,DRY,ROAD CONSTRUCTION/MAINTENANCE,1.0,37.5,1.0,0.0
177fafedcdfd41370c896d38337f7576eba124c82303cca8f998bc871169eba6f7a77d9dc0003a8323793b069372de4ab34548c970b4dbd84726bf329156c51c,CLEAR,DAYLIGHT,DRY,FOLLOWING TOO CLOSELY,2.0,37.5,1.0,0.0
177fb4f5a6e94e777c827c807253f79b013fdef6ec3730b3a296910a4c1c9835962f3915deab66b009c82adc018df2d4e0730fb830d3a68196c4dfe07c5457b3,CLEAR,DAYLIGHT,DRY,FAILING TO REDUCE SPEED TO AVOID CRASH,2.0,37.5,1.0,0.0
177fcca783cf306d4a05831f3007119f1859b2d7cfc7c5ad75111b81c4900cca118db13c9f454f8abc450930b08e345a966aa2cbec7bcbe7fe20572de92f2332,CLEAR,DAYLIGHT,DRY,FAILING TO YIELD RIGHT-OF-WAY,2.0,37.5,1.0,0.0
177fe6aab0f03cbe08edb77751e875ce0df1b27e17e167ff7dab863793f2f3736bf5e294e3cde114b4cd14b2f626994724e929db28debe5db703f0e3ab137487,CLEAR,DAYLIGHT,DRY,FAILING TO YIELD RIGHT-OF-WAY,1.0,37.5,1.0,0.0