crash_record_id,weather_condition,lighting_condition,roadway_surface_cond,prim_contributory_cause,total_vehicles,avg_driver_age,total_people,total_injured
178004a5c0816d1fbc54bbb8ac0936bd3d15962e8d28e8f61fd2659f9b2aa7a5cee46f924d0ed5ec44fee2df625e59366f1e526a70eb4fba9bc364472ff7f5c9,CLEAR,DAYLIGHT,DRY,DISREGARDING TRAFFIC SIGNALS,2.0,37.5,1.0,0.0
17801326595484c4cea58dfd851ebfec362f6927b9f65c80d2fe6dc1bd6f038a5a9c6ba4589db25ff6f7a7a008b45324b8f2206ce128e5cc7f2759271d137bd9,CLEAR,DAYLIGHT,DRY,FOLLOWING TOO CLOSELY,2.0,37.5,1.0,0.0
1780337d65e5b035ceafce140159a1dc8278928050634ab3250005b05f3f0dac80def6275f9524daa74d7fdba7dea6dbe8d013535d485f71939a021e3cb64bf8,SNOW,DARKNESS,SNOW OR SLUSH,DRIVING SKILLS/KNOWLEDGE/EXPERIENCE,3.0,37.5,1.0,0.0
178043f1f0fb6f8c4286d4f65772a39812c3f551cf563ebda7231d6df0bfb5e44cbbed18f3792e128bd77e225c2ee01b9734b0d67719500a32d852004819bc2f,CLEAR,"DARKNESS, LIGHTED ROAD",WET,IMPROPER OVERTAKING/PASSING,2.0,37.5,1.0,0.0
178086a1331bc8c0ce37ef44200fa0bfc7168ee35213d0195a40e63a389c06f34bccf1d32be196acf04cfc25265bed7dcb8c8497376af01f0789a52f4739c2df,CLEAR,DAYLIGHT,DRY,IMPROPER LANE USAGE,2.0,37.5,1.0,0.0
17808e74c9db5294ec78a795d61cc993723dee71b963016c3259128533302fc2a8d8f2c6a71b2b04fa966b0c5f912b61eda3be37447b5b06b9fd33dedfbc4b19,CLEAR,DAYLIGHT,DRY,FOLLOWING TOO CLOSELY,2.0,37.5,1.0,0.0
17809e16539f7afa726ca0c057d0300c1ee77e10e771cae345fc83fe2bd99475e0898aa63a3ed2232fff3e82e52cf9b4d0aa6ff01a1bb3a008d3c7fa7fc69568,CLEAR,DAYLIGHT,DRY,IMPROPER BACKING,2.0,37.5,1.0,0.0
1780d0eb9c0e4f6be0e1661f4e0aba95699e9a1ace664d51371f5bdd66da77ab6ec2a5f6522582e96ffa20d410696961461faf4b2d519d40b6a43f2a585c93c7,CLEAR,DAYLIGHT,DRY,DISREGARDING TRAFFIC SIGNALS,3.0,37.5,1.0,0.0
17811a8f3c939df6d0eb74f7955e797fe4697252018cd19b0b94068a49f596c04211611d2b20a63e378ab4d58152e15166dd3f025b79b277a5ae2ac279e3e90a,CLEAR,DARKNESS,DRY,DRIVING SKILLS/KNOWLEDGE/EXPERIENCE,2.0,37.5,1.0,0.0
1781294d6824f1e5948bc54315c25e6046e6946bcbee943b5332a90841fce6e70a7d613ff9218d6a0616d44644591d0178e2cc410141d36f582d2f068c566dbb,CLEAR,DUSK,DRY,IMPROPER BACKING,1.0,37.5,1.0,0.0
17813af50023152ea46ee5b87cca521edb999e916e7ec48e0dd0a65aac143b0f39e53d54875212074b71fc9ecc30d73189366188978a64a7b3d4e68afbf2e92f,CLEAR,"DARKNESS, LIGHTED ROAD",DRY,IMPROPER OVERTAKING/PASSING,2.0,37.5,1.0,0.0
178155b2ab97a8a66a5778c7b94a2725aa5ad398a5c0f2260f7e2cac9d3fc943517bdad46d317582334bd33ccb056ff0f782b1a1062286e13360a7b9311d0a94,CLEAR,"DARKNESS, LIGHTED ROAD",DRY,FAILING TO YIELD RIGHT-OF-WAY,2.0,37.5,1.0,0.0
1781bb96f9a1b40495b689c263ef813372cab1f9da7e78c63d3023384c864826e484c59a00f03ceea69f2df9b5ee2a938c36a8a9dc0257017d6b5046b3cfa505,CLEAR,DAYLIGHT,DRY,FOLLOWING TOO CLOSELY,3.0,37.5,1.0,0.0
1781e50612335118cca871ae0611ffb1abcaf981e9d579936c32914144ae701df5a64fb7a3b4b4b746aea4d304afbd8a232ca882e0aa4c2d7188f1df4844773d,CLEAR,"DARKNESS, LIGHTED ROAD",DRY,IMPROPER LANE USAGE,2.0,37.5,1.0,0.0
1781fbce8421a60ebfc49f721c03b42a5c9a86dc28fd186db8a0e750a76d821608742fe672ae3283b7f1414b697514341654cd2d4ad5b0a72033da7cdd6c4760,CLEAR,DAYLIGHT,DRY,FOLLOWING TOO CLOSELY,2.0,37.5,1.0,0.0
17821697949e9daf6d1de99790febeedb1c3fbde5476702a5e0e11a75c86f82e4173cf658734357256b25acd668b83145fa18748de276a19654c62e6650a28cc,CLEAR,DAYLIGHT,DRY,FOLLOWING TOO CLOSELY,2.0,37.5,1.0,0.0
178228eb60b0f11f3729cbbc8c54e357a5e19c8246b36af971dd776a320326a25fc0b06d5c6349bccfd9b2f32cf23fd1e6940256a7f73828a396f3755030c3f2,CLEAR,DAYLIGHT,DRY,DISREGARDING STOP SIGN,2.0,37.5,1.0,0.0
1782897769d76a2f58c97ac3dafde6689e375323bad8e96a4d6b5736e9dca6e5790b741318ad2b53da8e0812f2c3ca3eec808e04e464b160d5d5f7fd430f7274,CLEAR,"DARKNESS, LIGHTED ROAD",DRY,"EVASIVE ACTION DUE TO ANIMAL, OBJECT, NONMOTORIST",1.0,37.5,1.0,0.0
1782a32ac866e51bb9d601b6afdf7da789e430d5fb75cc1a3f8e35f74a65317358a1d36bd96fc0ce7a9d03912c30bb89414f44cc72ff816b7da188f0968f1dce,CLEAR,DAYLIGHT,DRY,FAILING TO YIELD RIGHT-OF-WAY,2.0,37.5,1.0,0.0
1782aedcd9547ab976843823897db5c3d209af5cb9e8da72e7c306878caa537f4909ee930024bafdee2da2017e7bdcfd1512ac22510faad5d3b0f38e710a003d,RAIN,DARKNESS,WET,DISTRACTION - FROM INSIDE VEHICLE,2.0,37.5,1.0,0.0
1782bb356350c56107022b8a689b4ffaa5be4ab0ea404ecaa9e6eb3fce600113b822db661d30b9bdc8b4d4794bf4e3000252908c746c1f36b2e9a4fcf3914fb9,RAIN,DAYLIGHT,WET,FOLLOWING TOO CLOSELY,3.0,37.5,1.0,0.0
1782fd203f0718432be86dd92f88800a90a757f1ee2cb49e01af3b17bc40f0c46fc286c4e590c02bcd364687de5624f68c7a7127e60577505194376fc67b2729,CLEAR,DAYLIGHT,DRY,"VISION OBSCURED (SIGNS, TREE LIMBS, BUILDINGS, ETC.)",2.0,37.5,1.0,0.0
1783033deae32a532e4235f2375bad3e2f52bce53e773a600f425e0580ff080a4e2286ec8e1d2a3cc16e8a8f37bb8fc9ba6906e0e0060912b1e6aaf6a703f735,CLEAR,DAYLIGHT,DRY,FOLLOWING TOO CLOSELY,2.0,37.5,1.0,0.0
17830cd21768e094b133fe451da840959d13dce946683ee839152dc5cf36f844fea2b921c66b10df6778ae7f30218a441acd0816b0dd87fea749ea6dac80e27e,CLEAR,DAYLIGHT,DRY,FAILING TO YIELD RIGHT-OF-WAY,1.0,37.5,1.0,0.0
17835bbadd01cca213bf6ebbe525691f402dcd93a2578da03b79e4c9924db6ef659df0c2ecd5352c67fa50466e0f2d8e3343e7ed5473cf95a50f012a723f585f,CLEAR,DAYLIGHT,ICE,WEATHER,2.0,37.5,1.0,0.0
178375b1e2369440d2dd85a1d404f6fce2122a73c9c69210b1bbf93dad0ff76a18a76de98fc629be356db221ee125d0ef163c21c692adf9b05e3d2a9b59a2934,CLEAR,DAYLIGHT,DRY,EQUIPMENT - VEHICLE CONDITION,3.0,37.5,1.0,0.0
17838b5aa3b4dbf06026a068b0141dc4b319e8ed8dff3c6fffc108a6cff0327d2b71320a7dd9ca66986ae3fafd3095ba53aaf078ae97d64c69a23406f143e687,CLEAR,DAYLIGHT,DRY,DRIVING SKILLS/KNOWLEDGE/EXPERIENCE,1.0,37.5,1.0,0.0
1783d11de415f6645c7b19a3898841495cf7be11116265f25e298ecc5281c125818be2ba1f3ea0ba770b011f0f88ee10543613a8da66c82c85edbb71e5586cb0,CLEAR,DAYLIGHT,DRY,FAILING TO YIELD RIGHT-OF-WAY,2.0,37.5,1.0,0.0
1783d6912e0220cb420707c5b2aa228a4380c319c8b7476ba061a431b68346fc026275688c0a75dbf2fa8266be484302ea13bc4144599164aebdac4fc3d8bc88,UNKNOWN,UNKNOWN,UNKNOWN,IMPROPER LANE USAGE,2.0,37.5,1.0,0.0
178418daec664361eb2864fe8e3b39d88e91ece0193ded2286e4d7504b29860e9aa88470c27eb95984368941be6eae4cbdb5d8d35b8c41aa850c4712b0de7f42,CLEAR,"DARKNESS, LIGHTED ROAD",DRY,FAILING TO REDUCE SPEED TO AVOID CRASH,2.0,37.5,1.0,0.0
17844263f0d319fcdca93135fbb15bd0e63c94ca4c7f65cfaab836d1596d8610b3324d3ae01a02f96da78854cc48eeaa3594ce73d94172c284256982f415e4e5,UNKNOWN,DAYLIGHT,UNKNOWN,FOLLOWING TOO CLOSELY,2.0,37.5,1.0,0.0
1784740117160c0daaf8d6c19b2b4f3043e78a1679a9519204966b193f45e37a687af6c626c15e2da40be4b8622051f65a740465a425824b6b7625176992afbd,CLEAR,DAYLIGHT,DRY,FAILING TO YIELD RIGHT-OF-WAY,1.0,37.5,1.0,0.0
1784bd6819820252db706aba4347a1d0bb7fa18890efe3104d5b3082471e25945fe1c06d533c4d386e2c198c108869015ed4d5be49181df1b4d28b8113bc5c13,CLEAR,DAYLIGHT,DRY,DISREGARDING OTHER TRAFFIC SIGNS,2.0,37.5,1.0,0.0
1784c8598f95e9fca8d3b96422ff5a345b87ebe7318f2af1d57029eac4ff1f584d4f0f81c6d71cf4ca4da17c7fa3717150f3dd1acecce6bb885156b4eedf6fd0,CLEAR,DAYLIGHT,DRY,DRIVING SKILLS/KNOWLEDGE/EXPERIENCE,2.0,37.5,1.0,0.0
1784cb3adb8f262f7168c2e7405de5bccb4bbb7417442727a60aea070f7be3087fd211d1b48de0d3f1b9ec8023403450b460029bdc32fb20fcd755f0eb31b9bc,CLEAR,DAYLIGHT,DRY,ROAD CONSTRUCTION/MAINTENANCE,1.0,37.5,1.0,0.0
1784f81f93b72eef9fd7998029bccc89e143714ad68e1d664d57e0083b868731d4127d36ff1494d9e7c0f51039430180e2319e687252d937a6e0f63269ce683a,CLEAR,DAYLIGHT,WET,FOLLOWING TOO CLOSELY,2.0,37.5,1.0,0.0
1784fcd1cc884496b04a048ecbc097a4a65789fab031d325859cafd671145538356698d3ec43be19739804eb2671e87fad20ecde428ad1e7c419fd71fe54cd15,CLEAR,DAYLIGHT,DRY,FAILING TO REDUCE SPEED TO AVOID CRASH,3.0,37.5,1.0,0.0
178535f4e71df3d17312a23f734b828b33c089d19346eda0e27a07884c24f8d8cb693d23f14757a6e2a43d4f8775c8d4a251660a24ba0d6ad96bbe64b8488739,CLEAR,"DARKNESS, LIGHTED ROAD",DRY,"VISION OBSCURED (SIGNS, TREE LIMBS, BUILDINGS, ETC.)",2.0,37.5,1.0,0.0
1785534ffe608c4bdc109da31a9f97afe437e53bbb35d78f9026afa0016241509ca78843587ce44c052161d5bbe0ed0e079edfeca9e45c2f29abb5e9a0e10275,CLEAR,"DARKNESS, LIGHTED ROAD",DRY,ROAD ENGINEERING/SURFACE/MARKING DEFECTS,1.0,37.5,1.0,0.0
1785d6cc7db481a7451f9e83aba0c397e5cadc9ce06e7cf3f741b04651510ba927c37c7e2b69a0c8a39acc7a2bf98296b01aa0213e265a75d016977c77dd3913,CLEAR,DAYLIGHT,DRY,DISREGARDING TRAFFIC SIGNALS,2.0,37.5,1.0,0.0
1785ef1c3b1d547df737acf5ab9fa60b4720a155d4f11c6e8d4923f95dc89911bcf8a91985d88263b9f340834551e61675f6483bc1feeb36f3db844b2fd4b100,CLEAR,DAYLIGHT,DRY,FAILING TO YIELD RIGHT-OF-WAY,2.0,37.5,1.0,0.0
17860f848470882d189b2af2d37e7ca275935f127098bcfc47f5f78b00c885e93aab3eba90c41f3fa1b24e874f1af0e6cbc14eca9d2079d4ec0873de1430e9fb,CLEAR,DARKNESS,DRY,FAILING TO REDUCE SPEED TO AVOID CRASH,2.0,37.5,1.0,0.0
178628402d9497ccd76c4b65babff6c141682dd2a784ca7d66b5d50c858d1889ae953e691af49b2182057c159952e11319a46cbc3bbccda37e751ecabaab4d1c,CLEAR,DUSK,WET,"EVASIVE ACTION DUE TO ANIMAL, OBJECT, NONMOTORIST",1.0,37.5,1.0,0.0
1786607f276948fc919150ea4745dc55530be02ed19c4c651a66c09b7e5f0f141a1b500bb0584c5a5c275dad43021da8d7848b23cb9e4a6892553515d09d10e5,CLEAR,DAYLIGHT,DRY,IMPROPER TURNING/NO SIGNAL,2.0,37.5,1.0,0.0
178680c42292aecb4d09bbce671e6b1623c9a72213c80e15f67fcbcace3b53b86fc26d6c664bd72dd0b1a9beacf43fa3b29833d56670345fbbcdeb4161a1713a,CLEAR,DAYLIGHT,DRY,FOLLOWING TOO CLOSELY,2.0,37.5,1.0,0.0
1786916c63d64597e6ab34ae1b5e08b25e5960465e1d338b8d9ebe3e425713eb4440106fc360d67b46d3c7e66c7b11e305d23caebc1cc3ce8cfda755e2fa8d93,CLEAR,DAYLIGHT,DRY,FOLLOWING TOO CLOSELY,3.0,37.5,1.0,0.0
178693ad6ed8b8c1647cccfc23a90ac9c420e872b0e22c48454919bbc96270c0b1afb66cb38695d6335d34b5b731030b20fd562545b1eca9dc220e640a29ef37,CLEAR,DAYLIGHT,SNOW OR SLUSH,FAILING TO YIELD RIGHT-OF-WAY,2.0,37.5,1.0,0.0
17869d415cf3223e6b97ee7212d23c40f49527acd8caba380fc476befcaac87042d74afa002b1b8bbe7c7eb2de7d1a676209895d74f61e63c246ae183033804c,CLEAR,DAYLIGHT,DRY,IMPROPER TURNING/NO SIGNAL,1.0,37.5,1.0,0.0
1786c149822f77e4e241cfdd7a03b3df98966c30fbab7231319827d92e150625c1b94ae4514783d1885331a396dda33d0d628616148a2eaaa792a346a1f92ebe,CLEAR,DAYLIGHT,DRY,DRIVING ON WRONG SIDE/WRONG WAY,2.0,37.5,1.0,0.0
178728972f21f988c2ed8e00968a322248be22bde8a6693dcb5603028b4999d01b99680d9c723e175eb1be7f5ea035c6ebe621bcc6e2534e8be2b9fab1b3503c,CLEAR,DAYLIGHT,DRY,IMPROPER BACKING,2.0,37.5,1.0,0.0
17872a238fc4d2271c28879540b8e22c893c35dc6b408f9f061621db47b25d2a77a5edd8caa83c4010890a7e7c31a5fde9e24c67d3c15ff9410b0a272ec61b7c,CLEAR,"DARKNESS, LIGHTED ROAD",UNKNOWN,DISREGARDING TRAFFIC SIGNALS,2.0,37.5,1.0,0.0
178731cb2c748b35eba5706815f2b8fc536c3412b1686da311ad98a8d47c08f24009585d8dd2c94ca6d3d794105cfa9675f8cd7ea7b0660e00bd1e66219d554d,CLEAR,DAYLIGHT,DRY,FOLLOWING TOO CLOSELY,2.0,37.5,1.0,0.0
1787363c5aba9209411b76721fed2b5fb96b30502d11aa23972fff016683a47768e325424f09958ce1534c5594acbf005c92037fd8eb080ff36dcd69bfb0e885,CLEAR,DAYLIGHT,DRY,IMPROPER LANE USAGE,2.0,37.5,1.0,0.0
17877b68ff8e860b5147bc107e47324bc0e0aa0e3c32856a08f6c3abcd76225c5563e33e08027cfe826a0bb64560f8da3faa2edf056cd21e399fcd66ba07adea,CLEAR,DAYLIGHT,DRY,FAILING TO YIELD RIGHT-OF-WAY,2.0,37.5,1.0,0.0
178783ea9eba74d7598c5fcd777d23355b86697700cd0e33d2defe13304f1e492210546ec5532b793607b69d9eb155367bf0e9d1f7158d5b4241812eeba1b2c3,SNOW,DAYLIGHT,SNOW OR SLUSH,WEATHER,2.0,37.5,1.0,0.0
1787bf53fa5b9c76488594b1b1a0db172d415ed409456319029c9efb87a2821f0ef8c629d0b7f8964f389c6267b833d2aa7c146d7bb0d0c2e782061dd51c1384,CLEAR,DAYLIGHT,DRY,IMPROPER OVERTAKING/PASSING,2.0,37.5,1.0,0.0
1787c76501f2aebe38c19081b4dd485938038af02ce4d37f6e0f94f8d6999c4f96bd8be44e054091f911aa47f530a3d4140625558dd9d9be36ba8017cc31aae9,CLEAR,DAYLIGHT,DRY,DISREGARDING TRAFFIC SIGNALS,2.0,37.5,1.0,0.0
1788214b0d13356383ebee25a136b98b8e82a49d45af693e607d3d53177b7bce29b29503f018642b10a6a89de348251004a193d5eb0d1c5fb92b246cfd7945fb,CLEAR,DAYLIGHT,DRY,IMPROPER LANE USAGE,2.0,37.5,1.0,0.0
178828f930cdf0d346871cf8c08695ff851eee0e6fa6c7bdab9e1b67039c62da0eff835c0f08b9250c80e6419326a362ed82abffe4b020e2fc7f7ab8eb25b3e9,CLEAR,DAYLIGHT,DRY,DRIVING SKILLS/KNOWLEDGE/EXPERIENCE,1.0,37.5,1.0,0.0
17882a61ece3fe76bd47c06943d785a2487dd5c2828a55a887120f8ed2b71f8311cec5ef59d167cb93a6e0f3423896a806f5c3d46f2031a5f6f9a50bbd1e0f43,CLEAR,DAYLIGHT,DRY,FOLLOWING TOO CLOSELY,3.0,37.5,1.0,0.0
17884957cafb91ba4e6b5aa5d33f5c81acf9349a66424b1cbd3cdc32118f736542bb69636ff58cffaf904126468339d340b0c7b84d4bd2ab20be1126edd891d2,CLEAR,DAYLIGHT,WET,FOLLOWING TOO CLOSELY,2.0,37.5,1.0,0.0
17885330dd65795b424470cdd46ec3797279660970ec1f576f9a1fd23656bc09e2f58d649e04fe8496756da3348dcf3a56b90b3a74a76cebcb72cab7dc8cb2f9,CLEAR,DAYLIGHT,DRY,"OPERATING VEHICLE IN ERRATIC, RECKLESS, CARELESS, NEGLIGENT OR AGGRESSIVE MANNER",2.0,37.5,1.0,0.0
1788910ec66b7d44fd58509e283a8e97d5a95d964fccf1a32b7c2804dd9ae5fea2941944e6cb7a2f58a8df706090735403d232e123326477b1a1245e99eee3f7,CLEAR,DAYLIGHT,DRY,DRIVING SKILLS/KNOWLEDGE/EXPERIENCE,2.0,37.5,1.0,0.0
17889ec9e676c2ebfed27a2c1a1ea9694037ee32bcc802cbf06befc914b0aba9e8d62c8e7d0ef639252236b010511aeb56f614ae86e21c47f578b50f285a4dcd,CLEAR,"DARKNESS, LIGHTED ROAD",DRY,FAILING TO YIELD RIGHT-OF-WAY,2.0,37.5,1.0,0.0
1788c4a5724286f2f023264470a61c3ec320a202353d6601ae5f72a6d2019fd7ffc1a26303ae9f865c9b3f2f2e3094bb07f7c1caf224b292527a99bf38750226,CLEAR,DAYLIGHT,DRY,FOLLOWING TOO CLOSELY,2.0,37.5,1.0,0.0
1788db5be8c364942bd6bd0ec4ac9007e9bf8bef004731eb0745e37e1afd045d8f32cfb2ec4476b9f93eedb8ed50226cd616c920f4166a5de2f3b4f36dd95873,RAIN,UNKNOWN,WET,IMPROPER BACKING,2.0,37.5,1.0,0.0
17892fd28cf4b65feeba3ded5423ee649a05eeba15c63e72ee1becefa942c68b69b336fcbd0d1b05fe946820b95502128ddb6e0342a7a61d0a4e9f5dd3e13b3c,RAIN,DARKNESS,WET,IMPROPER TURNING/NO SIGNAL,2.0,37.5,1.0,0.0
178940f334c253b97d0d2da5a7bc4add1694274fa289f83368f25c26c2d85f75e2f7c53f3b65ce7da7b77bd5ef28b8fb5cc9fbaf43908821ca0c192e6e4df2f5,CLEAR,DAYLIGHT,DRY,EQUIPMENT - VEHICLE CONDITION,3.0,37.5,1.0,0.0
1789415831116e4aac36f953b6145f82d76ed8cc50f4e6c0e9d6a6e500f3384d95169656d5bd1f7ad530d686d31be36bceb9776ab01ba11d59018ad0d49de155,CLEAR,"DARKNESS, LIGHTED ROAD",DRY,UNDER THE INFLUENCE OF ALCOHOL/DRUGS (USE WHEN ARREST IS EFFECTED),1.0,37.5,1.0,0.0
17894b4f0d71c4a49a12a54050360d19db6479ff53c090c1f47c62f581f6e5794418527b521797110cd86150c0cae015746feb9a118995dfa8f464bf2cd2d6ea,CLEAR,DUSK,DRY,FAILING TO YIELD RIGHT-OF-WAY,2.0,37.5,1.0,0.0
17895247417c6e729c7362fea51fab81e3425d1c7486989ce3ecd472af0ee4cc375e05c944f3d7415a11d2810144646a3c75205684ea8ae7acf52aa2399f4fc7,UNKNOWN,UNKNOWN,UNKNOWN,FAILING TO REDUCE SPEED TO AVOID CRASH,2.0,37.5,1.0,0.0
1789893e079670282d3f97ed778dacafd9946d9f8f38775508deea9d4b958308e9f165872cde830e6013e125777551cd0658e7bf072defcd1d912c137d96d725,CLEAR,DAYLIGHT,DRY,DISREGARDING STOP SIGN,2.0,37.5,1.0,0.0
1789a000cbc432f0345046658c2a4ade0f6a403163914defa7c811bb9745c2d83834ecbde8b079f4e20888e48c446cbd014f73832505f0569581f6265b9cacf3,CLEAR,"DARKNESS, LIGHTED ROAD",DRY,IMPROPER LANE USAGE,4.0,37.5,1.0,0.0
178a1e2565ed93867195da27ef54eef93f513b9075b8771efeac7b2a7f79128562af31b0f621c9aaa066a3a584b70ed1d3607d1f6bedc43ca20c2fdf8e155be6,CLEAR,DAYLIGHT,DRY,DISREGARDING TRAFFIC SIGNALS,2.0,37.5,1.0,0.0
178a320af8a28540049a08358fa87603755aaad9edbb95de69481aecda310cedefb42628ac37490198245698f0ebdb3a7cef9bf6429912c60980ff9807c77098,CLEAR,DAYLIGHT,DRY,FOLLOWING TOO CLOSELY,2.0,37.5,1.0,0.0
178a4a0eecc38c330bed82f1427e528317a50f226cfdc3191a54c37a3e01f04f2a3d67af8d030d3fbd2979cb921aefc0e8104ef8ba52e644f4db370fe6b09b75,CLEAR,DAYLIGHT,DRY,FOLLOWING TOO CLOSELY,3.0,37.5,1.0,0.0
178a596793344b9561839022d80726ae46c93dc1f7ce5033999c3b4ff341cf9ac743b8bd82fd79f733dca3165c5808fe2bfe73e78fb0302073c3ffa1a0fe813d,CLEAR,DAYLIGHT,UNKNOWN,FAILING TO REDUCE SPEED TO AVOID CRASH,2.0,37.5,1.0,0.0
178a7197801b36c3f28d39eff9d83e2f4fc590acf723c39f30ba740179b71415d46a286373770aa580c7dc013381f9308a59abffbfc5d2018d6b7d1874a7f29b,CLEAR,DAYLIGHT,DRY,FOLLOWING TOO CLOSELY,2.0,37.5,1.0,0.0
178a7b3753bc3119701beaabbfa641ca68c875d89679a195f56fedf646f47483b3f951920cc857837245378d1a1f04af63c28128f402b2ded99f27ae9e9cbef6,RAIN,"DARKNESS, LIGHTED ROAD",WET,IMPROPER OVERTAKING/PASSING,2.0,37.5,1.0,0.0
178aa17d5f97194c38e2609fb35351cfcfa88479f0628c53ddc69d79f2f44ddba9a87946a290de7eddc9b449b2f7ea3056e8e704f02dec8a5b2b17c6d8d3c3b9,SNOW,DAYLIGHT,SNOW OR SLUSH,WEATHER,1.0,37.5,1.0,0.0
178ac064d03ba2759385aa0bc0e17986323bd6d9b6b7645bec3064d5709c636fa4acd75c786dba79d1dcc1908ceb8b97848224ce3f44e3863e50860b013976b8,CLEAR,DAYLIGHT,DRY,IMPROPER OVERTAKING/PASSING,2.0,37.5,1.0,0.0
178ad54f1108dc7e48b2a8a80c97f6a80ee82e144880d2d63466d6999c070162ea5a8254a44822a049d97e1ad2f79ed84f6779692ed70f7c9b5da6ca1ab416cc,SNOW,DAYLIGHT,WET,WEATHER,2.0,37.5,1.0,0.0
178adc5cdf8b808f3509766cb1d1fca03268710b8a655720a3d789265219d680c004b72dfeb8e7ddb69f002bb946724fce7ef8aac06611512f6011630cc99819,CLEAR,DAYLIGHT,WET,IMPROPER BACKING,2.0,37.5,1.0,0.0
178ae8845bb66f0c34f3a159a14be6fbbae7a9fcb506bf7be502b5ca09ea5962bff870f1c9ae6fe731d734d4fb894e9d1053e1c24d73b8cae6fe0d5ac41cdc89,RAIN,DAWN,WET,FAILING TO REDUCE SPEED TO AVOID CRASH,2.0,37.5,1.0,0.0
178aff934cb9af0f30d488be4e42ec2ee7d3cf1df840c224c74bafc801b7cde6ac2904be0959ff073dee1632ac390a759d29cfbd27c45058b5994c9f3866efb9,CLEAR,DAYLIGHT,DRY,FOLLOWING TOO CLOSELY,2.0,37.5,1.0,0.0
178b0431accc70fbce9fa3b4b92e2c0276623aef2fc9f78683a69993ac343e10bd208e10d96fa8b362a3d60f264d8e33f9716db9c143bbe52016935ce2d15bcf,CLEAR,DAYLIGHT,DRY,IMPROPER BACKING,2.0,37.5,1.0,0.0
178b115f55b22c26045943f0fab1cbff272b1e5aa30a9ea8718528c871e018ee6a61609f650678e517479455cfddebdcbf31a79501ac485513e6e6a734082d6b,CLEAR,DAYLIGHT,DRY,DRIVING SKILLS/KNOWLEDGE/EXPERIENCE,2.0,37.5,1.0,0.0
178b248585e4072e0bee06632963ff6639daee147d476bc40ddb31120aa288bd5c7b23bb3f9ae67b9c2a0bf26ced8da0ea4911c39d63c668cfe6319408115551,CLEAR,DAYLIGHT,DRY,FAILING TO YIELD RIGHT-OF-WAY,2.0,37.5,1.0,0.0
178b3ba5b9cb616b73d7bbcb8cfe6fa9ea0c010a147a6d65beff710996228fba75a0d03e2e1cf386800910f9d1a46a498904548c574c2253c138ee4242d87cab,CLEAR,DAYLIGHT,DRY,FAILING TO YIELD RIGHT-OF-WAY,2.0,37.5,1.0,0.0
178b5ce6fcf66a9939e1d89c6e9417794ec3e7d6a0050f363747e5f2fbcb917e78ea2452596161de0ffaf405a1d3875a1555f4c430ecd842cf8332b660ba1110,RAIN,"DARKNESS, LIGHTED ROAD",WET,FAILING TO REDUCE SPEED TO AVOID CRASH,2.0,37.5,1.0,0.0
178badaba903345cb7a037e811aa2ecebeeefbcf212ed7a9730a2e2eff2dd656af6a2383d26cb6112f1b2f54df15c9baedf6322e26e7fca7ab4a1b7c54a96805,CLEAR,DAYLIGHT,DRY,IMPROPER BACKING,2.0,37.5,1.0,0.0
178bde76edfe4728b1e47ea849fb75dfec36fb1dffba52d7181e43965beb1a23f6e21965f05db6fdb25c33b13f259c98d54e10c24b024bfed0a09583e0e4e906,CLEAR,"DARKNESS, LIGHTED ROAD",DRY,IMPROPER TURNING/NO SIGNAL,1.0,37.5,1.0,0.0
178c455ca74b8d087c2028ecd5ef8347f8a41aea3fed8dba4047d5df821787282f8f8295dc32de19d1b502183b9a1068b7f6d9297687ccf7ff5f629a827e3d75,CLEAR,DAYLIGHT,DRY,IMPROPER BACKING,2.0,37.5,1.0,0.0
178c6f2f01d7e67ef359d3f7bbad3c0d8204d85f4539c31dd9e50b4891f595a777ba96ea849ae74d0cde0abc30db4d9bb1f318d9d2e59dd704df6010117e3d12,RAIN,DAYLIGHT,WET,IMPROPER OVERTAKING/PASSING,2.0,37.5,1.0,0.0
178c8723d97c001753962f2de33fc1184a14a810d9090f632365212794f40a4eaa143886236e95adeaecc73ab40cef77942944d6cd8049f45c3babb2b29ae4d7,CLEAR,DAYLIGHT,DRY,PHYSICAL CONDITION OF DRIVER,1.0,37.5,1.0,0.0
178c88a57b11abd32d15ec920f1a4b692e212e0932118f0d78a5b85dba8d63c2a3f5d985bc25b4c9229676e4ea6ed17f98b6a732e9cb251501e1ff82ad07dfee,CLEAR,DAYLIGHT,WET,FOLLOWING TOO CLOSELY,2.0,37.5,1.0,0.0
178cb3a1011716f71c8f44ebd9a709caa00b2d813f4a715e613781469fec254ef4eb1a7606d0df96dae8427adec5b306dda4ed6af641767abedf4ee35598a714,CLEAR,"DARKNESS, LIGHTED ROAD",DRY,FAILING TO REDUCE SPEED TO AVOID CRASH,3.0,37.5,1.0,0.0
178cbdc5a83158c9833e55deeda5c6e60e37aa656786265d34b84dc765396f4d198517411f9b82895414bd760849241c1c79a8016d1aa0473379002d0116b13a,CLEAR,"DARKNESS, LIGHTED ROAD",DRY,FAILING TO YIELD RIGHT-OF-WAY,2.0,37.5,1.0,0.0