crash_record_id,weather_condition,lighting_condition,roadway_surface_cond,prim_contributory_cause,total_vehicles,avg_driver_age,total_people,total_injured
178d1e0006c4b3d40570eafeb5c4af3b50dcf7a1b7e9a1be761efabdb6e4517310b088299bf3590fe94eb4568d9bede25e0a97946d91ac8cb3fc258ce19455b8,CLEAR,DAYLIGHT,DRY,FAILING TO REDUCE SPEED TO AVOID CRASH,3.0,37.5,1.0,0.0
178d2d58687506644ca9c3af550fed283ae543246d2a7ff9e4b60c21525cd60d901862f024aa068753dffbdf76049781be919b79cb368b0db6b6833c34aa2d39,CLEAR,DAWN,DRY,FAILING TO REDUCE SPEED TO AVOID CRASH,2.0,37.5,1.0,0.0
178d47e8a40dbc2225e5d1f2fb5f9e60fa1175748b09e37557b58bbc6f9b47778eacf44f62a30f74637dd3834c7799d08aaeab64069239be115b5ac594cee81e,CLEAR,"DARKNESS, LIGHTED ROAD",DRY,FAILING TO REDUCE SPEED TO AVOID CRASH,1.0,37.5,1.0,0.0
178d59d9d4a7b8224427b0bdf7146f75ae85ec8c6b7a0a9a58cc5e7aa24a37d002352df46ddf82dccb551dde70086dbbcd04761b68a68d7cf5a4a5bba6ed554f,CLEAR,"DARKNESS, LIGHTED ROAD",DRY,IMPROPER OVERTAKING/PASSING,2.0,37.5,1.0,0.0
178d5a89818132e198e85f257fc2b338d3c7de20a57cfde6cea70f0174e30fb8f9e5b75b1c2044d33f6aa7a9fbcf4af291cc5e7fb7d5502a19a0c2ae0d1096d2,CLEAR,DAYLIGHT,UNKNOWN,DRIVING SKILLS/KNOWLEDGE/EXPERIENCE,2.0,37.5,1.0,0.0
178d880ff00b7bbe20e4b3555cdaed8c1a5ce6cc43775b121dc71f1a62b349ff58cf2f7018e6ff66f0be8c135322aa5d250366ba31edb34f6b17f3b476aa85a0,CLEAR,DAYLIGHT,DRY,IMPROPER LANE USAGE,2.0,37.5,1.0,0.0
178d9cfd770947920bffa65d3709186e2c1ca2079ae68be336b3613bdfab6653523d5104e123ff71ba91df770788a1b8253298d924ca1730c77ddccb4d4d51b5,RAIN,"DARKNESS, LIGHTED ROAD",WET,DRIVING SKILLS/KNOWLEDGE/EXPERIENCE,2.0,37.5,1.0,0.0
178dab98e711a15562aba30289bd73e90d36c14db31c51c64eeb928ded3daadb9db75ef7d138f7c69fc36d9da15c393d1891f9756a4e94b3856c7d571925c739,UNKNOWN,UNKNOWN,UNKNOWN,IMPROPER OVERTAKING/PASSING,2.0,37.5,1.0,0.0
178dbe17a7a0bd922901c081b06b7cade58ac59796d977406aa97f290ac18b5b5aef1261e31dd6f0105be1f7459eec10e6d90c9ac666b5f77beb87b14e7cb775,CLEAR,"DARKNESS, LIGHTED ROAD",DRY,IMPROPER OVERTAKING/PASSING,1.0,37.5,1.0,0.0
178dbeafab91bbeaa3bddb05e6ae30ff27a8376321555f602fce3fac0622027aa78e526f309f1f52157069fcb386fe5d74de9f3e16b334fc0ef97a7722ca15ee,CLEAR,DAYLIGHT,DRY,FAILING TO YIELD RIGHT-OF-WAY,2.0,37.5,1.0,0.0
178df8fca305456172fab749936903bb57bba34343640b44bc3ba59509bddbeb945178fac6bf0125d4e732ff18f8d062123f1a77129c90e50d434fe4a84a2282,SNOW,DAYLIGHT,SNOW OR SLUSH,FOLLOWING TOO CLOSELY,2.0,37.5,1.0,0.0
178e4fdc979076b64d0af30f1752cd7c69a12e0d99af151bd867f10e2d049f7233cfa9ad84003a15665e68bc511cd4c45bc9003a917e174957e61f95a8d91668,CLEAR,DAYLIGHT,DRY,DISREGARDING TRAFFIC SIGNALS,2.0,37.5,1.0,0.0
178e6a05f6d38f0f33499a89b08396627b176d71bfa0f8f143fc27f89becc2fe0da7a27ba2e241ecdeea3497b5d794b49a7dc8bd79b2e8db2c50ff1d8ee3bb2b,RAIN,"DARKNESS, LIGHTED ROAD",DRY,DRIVING ON WRONG SIDE/WRONG WAY,2.0,37.5,1.0,0.0
178e9ce04b4c8c5403b1698e8941073003ede72c1d9706663a7fac7ad292e55c9b2e5845fd8d80cf7b22f23678cf4e02951e7a3fe8ab11e21dd49a8cb41b847d,CLOUDY/OVERCAST,DAYLIGHT,DRY,IMPROPER LANE USAGE,2.0,37.5,1.0,0.0
178ec2f61e98247dedd0cbb1e152fb322ed84c6cf23e49d96f892f70dd9c5873341ce2361fb21ac403752c92ee363c4ce283791858ef95d5e22e3e6bf276d3fe,CLEAR,DAYLIGHT,DRY,IMPROPER LANE USAGE,2.0,37.5,1.0,0.0
178ed21ce452df89fe060fb0d0c9b403fffdc07c9b95e1466914122b0ddaec4d640986c504efa0b843963b880912452f249d701d62f5b928c1ec9b16b1c13197,CLEAR,DAYLIGHT,UNKNOWN,IMPROPER OVERTAKING/PASSING,2.0,37.5,1.0,0.0
178ee63c39ead83b0f9a41c09218b39d2249fab92c3ff7be5d1a842108eb148bd723214ff1b0885309732ff4eef713e92150a161708e337d0c84914ecc33947d,CLEAR,DAWN,DRY,IMPROPER OVERTAKING/PASSING,2.0,37.5,1.0,0.0
178eeda2fc358249c5a620b525814b88f0ca0a36ea3e950a63db375eebb0116044ac7c04b96cf27433215a7e22ae83de972ac69ca5c8fb750b47ad2715983839,CLEAR,DAYLIGHT,DRY,IMPROPER BACKING,2.0,37.5,1.0,0.0
178f0c53ff2f9a6584e09f1297f17dc8bd9332c458d83dcd5c58b1c5786dbb4126734cc09c08942ad915142889c7c4530e012ef5d4fb838aff1042e28af22f12,CLEAR,DAYLIGHT,DRY,FOLLOWING TOO CLOSELY,2.0,37.5,1.0,0.0
178f3d02507af94aac417c3fd5876b10124465592546995e43226851ea3e04bab1895574621957bb713fad416787398140bedafd2fe7d30f8dd8b1cb266d6464,CLEAR,DAYLIGHT,DRY,IMPROPER BACKING,2.0,37.5,1.0,0.0
178f3d31ec4098d3fb6f3e767c1b6b45fba1599c0184469f2bfe630b619224844e390fde10656f8544e3c0d86f5f096c590d009abdd2b245aab951804379c558,CLOUDY/OVERCAST,DAYLIGHT,WET,IMPROPER OVERTAKING/PASSING,2.0,37.5,1.0,0.0
178f52e9bcd03f9ab74a0d0caf059b412b95bd4930fb87641bd784ea3cdc1332105ca136fe774aafb11bfa28903d13ef5c346620596f464515a4c52d65252512,CLEAR,DAYLIGHT,DRY,WEATHER,3.0,37.5,1.0,0.0
178f681b9b14f5b76a173ce3e3e05da9cd1d06568860637f4e5a21d17d53e2e50a791a9fa02846a93466d92d1011f10a035cddd9a63df30ae2df46989cd42337,CLEAR,DUSK,DRY,DISREGARDING TRAFFIC SIGNALS,2.0,37.5,1.0,0.0
178f70cd021004b43e9e3b9e418b698e5e8b44f02088904fa44b82a5b7e604c20142deeeaa1f95aa7e9d520bcf06bae5e9c2296a5199536598e6cb3f5d2f6b24,CLEAR,DAYLIGHT,DRY,FOLLOWING TOO CLOSELY,2.0,37.5,1.0,0.0
178f79960a403543bd2e902f0d537f8ba82814bb622e696e073e6e2b295610808de9353294216a74e2a2e5b6ae19edab8930d62a450fb4e05ef0f9b2c82a6c50,CLEAR,DAYLIGHT,DRY,FAILING TO REDUCE SPEED TO AVOID CRASH,3.0,37.5,1.0,0.0
178fdd5aeabbd0d79e7198061b402d183f0946ea392f3ca486db80eac79eca62f77a70a737b1a664252b042edc22a61df393c963cacadbd1bec8f558f1cf4caa,CLEAR,DAYLIGHT,DRY,IMPROPER OVERTAKING/PASSING,2.0,37.5,1.0,0.0
178fe34f6a5e5c1162282df42b459d1adc2717bccc72004f625e9a9671bf716829ca220bc2b1aa44c80c7217d7f575244e2614db951b0d9625624a10cee16aa5,CLEAR,DAYLIGHT,DRY,FOLLOWING TOO CLOSELY,2.0,37.5,1.0,0.0
1790107ecfcfdfc01f8830fc89305a987465417d700f7d1ecd7aed7b3acd6b740ccaecff92f7ccb092c4edb482886a3a061f32b6aaa722af3762d05b9956640f,CLEAR,DAYLIGHT,DRY,FAILING TO YIELD RIGHT-OF-WAY,2.0,37.5,1.0,0.0
17904e3cfc57acedff99314e45dabf51efc53fe9ba4e112604af5080c898e7e79c75f4c48de12b6506267384aa455678ac5f68218be353169767247fa779259e,CLEAR,DAYLIGHT,DRY,FAILING TO YIELD RIGHT-OF-WAY,2.0,37.5,1.0,0.0
17905062d2b7ffe6ae31e9a002689db76affc7d1b98dc4851d65c9bb11e34886c736bc6989869767073a64caf642c39bb0c3b1ac2c6ace66f13087c9d9f0452e,CLEAR,DAYLIGHT,WET,FAILING TO YIELD RIGHT-OF-WAY,2.0,37.5,1.0,0.0
179074b744825f29827f0d60b4f53aafab0047032c1c1201cd7469aab83445491359ce307c9d947cfdadbbbc1163b3f5809402afcf954670e32bfa2e59d4af46,FREEZING RAIN/DRIZZLE,"DARKNESS, LIGHTED ROAD",SNOW OR SLUSH,FAILING TO YIELD RIGHT-OF-WAY,3.0,37.5,1.0,0.0
179082415fd8725b09f62719b25431ee75b5255f975521bc8e637b36e2e2208c4754d872c16b1437ca974e96516288605332ee3f6556d2541fb899b4dc570db4,SNOW,DAYLIGHT,DRY,FOLLOWING TOO CLOSELY,2.0,37.5,1.0,0.0
1790a1022dcfd237f44db57015bb0bf9eee183f384ef61dac5aee3618ef6e9768694ee202ce82bc023d0ce09be7fa11d0e9a1c16be67bf523ac3781e23baf8d0,CLEAR,DAYLIGHT,DRY,FAILING TO YIELD RIGHT-OF-WAY,3.0,37.5,1.0,0.0
1790ae3f9c78c46fe7e4ef6c3706ba3907ffa5ca36b24e50b9c5eb826fcb03e34beb10234cf9bdcc4ef2c87d32607fe5a900dc2ebae1b5af08db02bd8f6397d8,CLEAR,DAYLIGHT,DRY,DRIVING SKILLS/KNOWLEDGE/EXPERIENCE,2.0,37.5,1.0,0.0
1790d976c02ceda3c585bd6edee64db311af619ff64abc4263212a088c93c7d777a3fb0543bd7e580ac7898efd05ea9b4a7a56abf3792d02f4894fd377e3155c,CLEAR,DARKNESS,DRY,IMPROPER BACKING,2.0,37.5,1.0,0.0
1790f7483ad66984c0486897365e924cf2c64bd97f7673938940ae0000e9793292cc8651f809453a9e41cdc22a307ab6b4f91d5836d81e2bb781c6115f8ef7ea,CLEAR,DAYLIGHT,DRY,DISREGARDING STOP SIGN,2.0,37.5,1.0,0.0
1790fcf267e919449c5054cbf468d1811a7277116f385516b784459a484d2e7b20b9366ed582f3b96f3a70b5646119166db35d77b2a6702d437e3dd38f51b404,CLEAR,DAYLIGHT,DRY,IMPROPER BACKING,2.0,37.5,1.0,0.0
17910f1fb6d2aa08f6394ec8311049e2352bfd93df2a245a5c0d19b3dc01d5e59d57b5f35f52d63e57a42f6c0ff1efd0afc806cad32e82a951dfc59f75c05f52,CLEAR,DAYLIGHT,DRY,DRIVING SKILLS/KNOWLEDGE/EXPERIENCE,2.0,37.5,1.0,0.0
17913f9d8dbc39031e493db9866daa42f8e7bb7a2a2f865d49581d9a575e95b863396cc1c29285033b70983be24c129d8a9a6ff4c692320f2cdc0a73bb5682e1,CLEAR,DAYLIGHT,DRY,IMPROPER LANE USAGE,2.0,37.5,1.0,0.0
17915ccffcab2c7c759a8dc3330a745451c924383ef660edc4ed181f8fb5c05ebf384bc0a0d46ac451ee9bf051deb7857b4f5583a08e4a07420f69a473a9f0af,CLEAR,DAYLIGHT,UNKNOWN,DISTRACTION - FROM OUTSIDE VEHICLE,2.0,37.5,1.0,0.0
1791a96fc83772d013a94af00f6315603b4337bdd1204c9d80304805a53526d171742aae11c549bfa436a5d670707bd583cdb476731e5a44448a6c5c861f8e8d,UNKNOWN,"DARKNESS, LIGHTED ROAD",UNKNOWN,FOLLOWING TOO CLOSELY,2.0,37.5,1.0,0.0
1791b413d5a0dcbef80c056023b893a8b18c372c9fc917018fa0e259ac0d2d5e0b8c75d39a163c61c547a708a33c49fb7b774fc4ac94a484979edba32e0481a2,CLEAR,DAYLIGHT,DRY,FAILING TO YIELD RIGHT-OF-WAY,2.0,37.5,1.0,0.0
17920a598330b8186dd9b061bf311fea0a2164c43002cb41473fb9d0aaa6b07059dcd0d51b1f9d167ed097cc099ac2a63b2364b48602c86880de8fa79d7cb6e3,CLEAR,"DARKNESS, LIGHTED ROAD",DRY,IMPROPER OVERTAKING/PASSING,3.0,37.5,1.0,0.0
179229b07036c48e2dd320763f337f4405b927bc1b000f1f75871736a2ef98d7b4b3e4b0d5689f539c44a4787d7cdcda1470cd60f88e55a0d6307c07d6cc9b72,CLEAR,DAYLIGHT,WET,DISREGARDING ROAD MARKINGS,2.0,37.5,1.0,0.0
17922da7a4c17f428ff6b1ea3470c66ec8e3beeb6ade84cab1498c309ae3f36453f44cb3781fe74f1839749602caa3a91ef2bee8b95830dcb5065d470c2509ba,SNOW,DAYLIGHT,SNOW OR SLUSH,FAILING TO YIELD RIGHT-OF-WAY,2.0,37.5,1.0,0.0
17925e61898aa22d8fe3ef8fe7117ff72d21d591ac905254aa109aba0be910c3fe15f5f07dbf481f4f7fc68743b940d653e746be7ebff5f29ecbfce388be8f1e,CLEAR,DAYLIGHT,DRY,IMPROPER OVERTAKING/PASSING,2.0,37.5,1.0,0.0
179268a3a209477c0c3cad998ab57cdd8fc73d52243415708ff58e93e1afdabb2034584acbc59e9066ed0b76480bb3c0faf3125df911802eeee8849b38e5f6fe,CLEAR,"DARKNESS, LIGHTED ROAD",DRY,DISREGARDING TRAFFIC SIGNALS,2.0,37.5,1.0,0.0
17928ae66dd748e5dba125074b3d2da3c6780fa8ddcb6d53fb5d2f0ca5024facd656f7ad6eaa14efef7253638e36afbbf1ed77a922074b46694b97f9efeaaab1,CLEAR,DAYLIGHT,DRY,IMPROPER OVERTAKING/PASSING,2.0,37.5,1.0,0.0
1792b3297f17d6c73d13a9eec926f774e5a414264fdbb9ecdb6b16887b501c4392960c653ceab3403a466bc5236d2ce7c771ccfde8b145ac7a960d5c57e83b24,CLEAR,DAYLIGHT,DRY,IMPROPER TURNING/NO SIGNAL,2.0,37.5,1.0,0.0
1792ba0e02762f705018877d03ecd9ae470fa6f814e49e30d850eeae0776c2c451fd04d03cd0e5bd146cc3b604c68f80273d29042fa9de7956a6095fcf8c6dad,CLEAR,"DARKNESS, LIGHTED ROAD",DRY,FOLLOWING TOO CLOSELY,2.0,37.5,1.0,0.0
1792d150f16244618357df45203b0ffe7bb798db5dec4a0758873df117ec34073ea9e2b4f45abb0c166a50c691fc1bcbc332853fef55c92abdd67bc03dca2eac,CLEAR,"DARKNESS, LIGHTED ROAD",WET,FAILING TO YIELD RIGHT-OF-WAY,2.0,37.5,1.0,0.0
1792e33bf91cd3db5f016bd454085801275ba68f1e06fb7fb1fd72789c8013add61e8ca72cd2fcd0bcab2e3c57d88b72d1b955d95ceed4de490fec65bb390a8e,CLEAR,DAYLIGHT,DRY,IMPROPER OVERTAKING/PASSING,2.0,37.5,1.0,0.0
17931c7397d50631ea5bc1b0bb6ab53a4975babeaf71e4fe197c2e2cb7d68212501ab7b7705c0b45987b744061633ae99ec61f189d0374129a8a270ae74bfdff,CLEAR,DAYLIGHT,DRY,FAILING TO YIELD RIGHT-OF-WAY,1.0,37.5,1.0,0.0
17932b45b63ac05a031b01c3dc6ca4ebe50ffdfb0e1870700ff0a0ae4cd046c9fe17b87b860bdd0cef3a81da6ea021f24762638e657b74ec489b6ef5c1851dfb,CLEAR,DAYLIGHT,WET,FAILING TO YIELD RIGHT-OF-WAY,2.0,37.5,1.0,0.0
17934088769e969fd33bf2378505bd776da493b793d754bc1e8e29d1b75b00fcbc1323ece3685ff90017133b84ae0ac127e658e3e437e88fb3c18249cfb2e7e7,CLEAR,"DARKNESS, LIGHTED ROAD",DRY,DRIVING ON WRONG SIDE/WRONG WAY,2.0,37.5,1.0,0.0
179388512c788e62cae7774701c558484ea534c88c94675f893623d8ebddccfcccbdd169d2b21fb59c2ff3f865ef0208ff3815a1fe84fb1df1271d32fc835e2a,CLEAR,DAYLIGHT,DRY,FAILING TO YIELD RIGHT-OF-WAY,2.0,37.5,1.0,0.0
1793d5caf1fc77dc1710ade9230551382335dd9dcb7be958ad6fba5e9fae64fbe211fafe8c19e9dc742cb26cedbaa9db9c239e0994cb0a37cc8619e28b0b5084,CLEAR,DAYLIGHT,DRY,FAILING TO YIELD RIGHT-OF-WAY,2.0,37.5,1.0,0.0
1793dbdd5d8d1051142c236e430db81a23da6f88fe91958d2b70e3dd25f04ca51f71ef1d6783e56fb762de8adfff063f087b7db029898d4f2b5abecc79a2aa27,CLEAR,DAYLIGHT,DRY,IMPROPER OVERTAKING/PASSING,2.0,37.5,1.0,0.0
1793e1af352b46d8d62cdd45576ea5a535ae4732ce602e1a9f78a217dc704fa284b5e94acfa22be29d265318ced29d574cd80c6f935e7477df6e3af209c8be8e,CLEAR,DAYLIGHT,DRY,ANIMAL,2.0,37.5,1.0,0.0
17941cefd1d2411b74e590b2b7d50e1abbd0cdb981d474d81a4e0ad285827c34eec428baf5af0446836cca6877e93e8ab680b442df7d3afb3dca5e8d88d441f2,CLEAR,"DARKNESS, LIGHTED ROAD",DRY,IMPROPER OVERTAKING/PASSING,2.0,37.5,1.0,0.0
17942cd70bb9f373bed9ec72436c68a96c4c9a3143f7ad3448b2a0aa96429219faa7792ea0455ac135f89a9cf6bc1d99e23fe2cbf1c9646dd8592a54efeb8813,CLEAR,"DARKNESS, LIGHTED ROAD",DRY,IMPROPER BACKING,2.0,37.5,1.0,0.0
179435503529c296915fa2fdab048cbd1c24ba6ebcf244fab65a341e566ae0669eb1a9dcdb7b2400b16a6eb1708c1c6893018629901bfc48a1e00c1c51b7699f,CLEAR,DAYLIGHT,DRY,IMPROPER OVERTAKING/PASSING,2.0,37.5,1.0,0.0
17945a6b492271c90c01acf3df3553720209d06af3f77108cf8ffa2384ad13d66741949f801bbca769a7dba035e1919b160bd0476a2d9f7722aa213d489e30b8,CLEAR,DAYLIGHT,DRY,DISREGARDING OTHER TRAFFIC SIGNS,1.0,37.5,1.0,0.0
17949a597e2c0c0bbdc60b42377d7cecd237892bf1f65246a75afc9817d3506a26790d183b6cc07a3836e9f3d7a2973ed146fa1ccf86932c6e8711b50bf7d5c6,CLEAR,DAYLIGHT,DRY,FOLLOWING TOO CLOSELY,2.0,37.5,1.0,0.0
1794c1c578c11a609e0c2b174ecffbc08886761895dd680b33e265bab9f25e5d5dc13474e8500a3fc631482477ad4a67efeebd8ad42cba5569ff274a48252cd2,CLEAR,"DARKNESS, LIGHTED ROAD",DRY,DRIVING SKILLS/KNOWLEDGE/EXPERIENCE,2.0,37.5,1.0,0.0
1794c926aa01712715966a7c4cadf3f6bbb49bd842f4d47e5a7e7f18795c04e6545f94a675c4a0805582b4f7849edcdadc3ccc81c9a57bfe7a83833b44a648ab,CLEAR,DAYLIGHT,DRY,FOLLOWING TOO CLOSELY,2.0,37.5,1.0,0.0
1794d3f3262247a23840fa27610c92a0111f60db9687a2fd770e9c4414426a07c724d92e7f50c6c1f994cd788072c3ada2b51e39a72d8421ca762af425f0b86e,RAIN,"DARKNESS, LIGHTED ROAD",WET,FAILING TO REDUCE SPEED TO AVOID CRASH,2.0,37.5,1.0,0.0
17950fd6f69da9359a224e2b66881019cee3a0e6a96511a613203c8492b29deed256943ab23a85726b4b1ddfc7adb8d2960bb3fdbd72075ed3942566fc616201,CLEAR,"DARKNESS, LIGHTED ROAD",WET,FAILING TO YIELD RIGHT-OF-WAY,2.0,37.5,1.0,0.0
17951ffeeaf15267d8a9b054e529b2d1595acde3148563bd3b78c94339c8c3b8889379e89301abf6800d96cfa877b5fa17c13e56c88c50d429978a15e553b991,CLEAR,DAYLIGHT,DRY,FOLLOWING TOO CLOSELY,2.0,37.5,1.0,0.0
1795303d3d135a4279105e6969545c7c9d188839c56fe59b0c7eea829d495dcadfdf22dd5391ff2899729ada5f3181f671908bcdef91a1d53b996d729f6da77a,CLEAR,DAYLIGHT,DRY,FOLLOWING TOO CLOSELY,2.0,37.5,1.0,0.0
179537e9b2ac7d00463bd24759ab83ca80d1888c96c0989500627cb5995b90043df8319ef08af64a37f5788f54b0dd1282abbacdb58ad536337998849620e6a9,CLEAR,DARKNESS,DRY,IMPROPER LANE USAGE,2.0,37.5,1.0,0.0
179543f5e150528e6bd4d09dc3ee6af28301bf1a1f5c06b1307ec450d5b935c4524f864fd871607a80032665420713eff501d9b8b16e1e459f6f7e7141b15654,RAIN,DARKNESS,WET,FOLLOWING TOO CLOSELY,2.0,37.5,1.0,0.0
179553fd0456be5eb2530d33f8e4267727f01746532cc33edccf3d8e5b7a6715daa919167a6bf8e3ff9043388d0505805d4524e20bb3b249b2007fee00ecdafe,CLEAR,DAYLIGHT,DRY,IMPROPER TURNING/NO SIGNAL,2.0,37.5,1.0,0.0
179559bf80aa383638e10b1336667acbe2e794340756838ebb3694589edd70a19893bb56570890e90d59c434b19bf6da6c77de225069b9abb411301a28b5e5dd,CLEAR,DAYLIGHT,DRY,IMPROPER OVERTAKING/PASSING,2.0,37.5,1.0,0.0
17956cef6877a73cbd3acea87a8e0498f991ec40d170a4d534d61be4a50dbd2561eb4646e9a4d323a81394b7d7a1b83e1395cd44d1bf53823a80da137d4925ea,SNOW,DAYLIGHT,WET,IMPROPER TURNING/NO SIGNAL,2.0,37.5,1.0,0.0
17957cff0d3bd9be00113c1d53a7292b21539110d43af4cb222d7ebf2f2bb39ebb9e74ee52c1ee2e70c15a2c088a8308dac69cb8e4d20d896e3abbe08ece43ef,UNKNOWN,DAYLIGHT,UNKNOWN,FOLLOWING TOO CLOSELY,2.0,37.5,1.0,0.0
17957d198cac4586b7dcdedbf3d7fbf98afbe31284e7e0e0ce44151836b79b2c0cfefb88b255321a61a6166d80cbe3279f3caee0ca22d3b61434eee9d8fa853a,CLEAR,DAYLIGHT,DRY,FAILING TO YIELD RIGHT-OF-WAY,1.0,37.5,1.0,0.0
17959730aa66441401ae45f23c44e732d09c6b5d3e27da1514a7280b30d94cb738ec1f2632e1d980061788f47e1fc38762aec78cadcbc5ce1a10e41f5b27830d,CLEAR,"DARKNESS, LIGHTED ROAD",UNKNOWN,DRIVING SKILLS/KNOWLEDGE/EXPERIENCE,2.0,37.5,1.0,0.0
1795bf3c59983887975224c3f2413bfab0f28abb029f518f09fb2de869ce7ad5fdfe84cedc28d748f85f51e05f949bae412c92e1af70ca48ca4c35ef8933211c,CLEAR,DAYLIGHT,DRY,FOLLOWING TOO CLOSELY,3.0,37.5,1.0,0.0
1795c1b21425672a85434eab5aa0e0fed743323071b4d14aa90bafbb9b8225d500bc837ddff6501b4507288cbd90f9244baea06ae31e609cf34ba3cf19a29dfb,CLEAR,DAYLIGHT,DRY,FOLLOWING TOO CLOSELY,2.0,37.5,1.0,0.0
1795e9fe2b57f0c0ba0e0189964f1c0fed4d0ba908b1ed80b2ab953b199fde07be997b8733b0695456dcf1b0043762bb3688dcf34ffcf3f49280791cd35bc65c,CLEAR,DAYLIGHT,DRY,IMPROPER LANE USAGE,2.0,37.5,1.0,0.0
17961fd36dbdc18ea9f11e0bc1eb4df3c38282c10fb31e1d91a291a0ef4f0c4a76277c4657f8f5c49304a14420c64cf57e3151f5470dbd71ab6d25bd8f0b4691,CLEAR,"DARKNESS, LIGHTED ROAD",DRY,FAILING TO YIELD RIGHT-OF-WAY,2.0,37.5,1.0,0.0
17965aa1a8a485fcea16ab65836ce10a8afd232c54a473f85d6156f69b604cec0c649cb2fb60db0eef81aaef49042dad30fe57e5859cd305842bde3171cc276d,RAIN,DAYLIGHT,WET,WEATHER,1.0,37.5,1.0,0.0
179662ee959ddea6c22d384cb32b372842c4aa2dbe436afaebef84d1501b98bb039f64138b39605b795812538a5ca78afcc8e7db7757cca79ec2e5a7c4bd02f1,CLEAR,DAYLIGHT,DRY,IMPROPER BACKING,2.0,37.5,1.0,0.0
179685036226f49a7b97cc3caf39529dd02ef242a5bdc9673855ce6f3b393cb0850525f7c7dd9013256a59e0f777212d8036b46e57456a176e4713692d3f3003,CLEAR,DAYLIGHT,DRY,IMPROPER OVERTAKING/PASSING,2.0,37.5,1.0,0.0
1796a6d75b40f1e857a8fcedf11a8af60a29f10443e306cd6771596ac579a46bdfdc471204b219d11be77d974dca28a1d2bf36c07037a5060415a4b3772ef278,CLEAR,"DARKNESS, LIGHTED ROAD",DRY,FAILING TO YIELD RIGHT-OF-WAY,1.0,37.5,1.0,0.0
1796b2048276f61cb65a7234582c4c10b8cc888962ce6f94d4ea43d3f3a4babf207e682818f772bde47f43135ea6b6e113dfe5c2df3c98ecacfeac84ece59b06,CLEAR,DAYLIGHT,DRY,FAILING TO YIELD RIGHT-OF-WAY,2.0,37.5,1.0,0.0
1796c639770ff2e8e9f85d967a5baf3adde73cdaded30d89b75427dfa670ae1dcf1341429013a0b962030bf144093446edc708f7cb5bebdc946372b3b56bc5d6,CLEAR,DAYLIGHT,DRY,FAILING TO YIELD RIGHT-OF-WAY,2.0,37.5,1.0,0.0
1796d8b4b7bd30abdc9f3a4c9e2d51db31653056f09922e36cf342e67856b3b1cd02424a3b37f704acf25d39d628c29f6a7379855d11e0f9ce37e260e269f51e,CLEAR,DAYLIGHT,DRY,IMPROPER BACKING,2.0,37.5,1.0,0.0
1796deca231f87dc09f012a522ce26a8d270258e6e6c1676aab451257efaab627e0dd47461ed824d7a6d692322e378015be29a60f2e4a13d3287726f4d0640c8,CLEAR,"DARKNESS, LIGHTED ROAD",DRY,EQUIPMENT - VEHICLE CONDITION,3.0,37.5,1.0,0.0
17970d7cd48461f09bfe6dfcf7d477ed6b2cc008edbb17ead39c4d9b7d1e5ea138b297a28ec476e6a84a9203c73f45d8da1e92ad9e15fd03d07beef10df0be18,CLEAR,DAYLIGHT,DRY,IMPROPER BACKING,2.0,37.5,1.0,0.0
179714ee0a7173e86cc543f713288416615eb528caf3ca74cdaf39be8aec859d5b86ca98e872ca9f500640bc8bd05b7f8d07e2fde77bdb111b06eb3775e95d03,CLEAR,DAYLIGHT,DRY,FAILING TO YIELD RIGHT-OF-WAY,2.0,37.5,1.0,0.0
17973e8d823a754f76aa636c1e28be91a23cf7a8ec4b5b538bb92594d6178dada933e435ac5030809e368ef6753e8dd7c00a3de828170c8bf5789c3e6b08b687,CLEAR,DAYLIGHT,ICE,WEATHER,2.0,37.5,1.0,0.0
179746c08bbd9560629f89e27929987482244c70977bba436d57c24432cb7144652cf3b09e00c8980af153ff732042a1b95c0bd4b4ff577018d4e10144025313,CLEAR,DAYLIGHT,DRY,FAILING TO YIELD RIGHT-OF-WAY,2.0,37.5,1.0,0.0
1797583f951e88e90efe38b29a9c6c7b7e9daac8a9f779596df8a8899b9aa2992df6a5040a39825d821e5b7fd1cc6c5475308256b703c15621e68c64f8dbc432,CLEAR,DUSK,DRY,FAILING TO YIELD RIGHT-OF-WAY,2.0,37.5,1.0,0.0
179758b69329fd341cab1ba47db875a2074bac15e7445d0e8726cef4b75fbdcdb2e6e180f2a66b97b0e80175a9f7028e039dfa01b3750950675c4924bbf40dc9,SNOW,"DARKNESS, LIGHTED ROAD",SNOW OR SLUSH,DRIVING SKILLS/KNOWLEDGE/EXPERIENCE,1.0,37.5,1.0,0.0
1797cb81f4048aa6872dbc491909efd567500f570809a15671a1bb4f67d09f2d3470affc1fe5a47461bd02343a58c3d6e3a7de8a83d20961254471f68704e684,CLEAR,"DARKNESS, LIGHTED ROAD",DRY,"OPERATING VEHICLE IN ERRATIC, RECKLESS, CARELESS, NEGLIGENT OR AGGRESSIVE MANNER",1.0,37.5,1.0,0.0
1797d8c5a679bfb7fae6ec984b17ec93a74838b3761880b90dfb357b6cff3a66009c76c446b6493e2708aaf1fb0f533a6683e8470f9c94e4a62326d809c45544,RAIN,DAYLIGHT,WET,FAILING TO YIELD RIGHT-OF-WAY,2.0,37.5,1.0,0.0