crash_record_id,weather_condition,lighting_condition,roadway_surface_cond,prim_contributory_cause,total_vehicles,avg_driver_age,total_people,total_injured
1797e0b7acfa8c5b7524030f3860c3d1903b61e5c7fc2b6c2b9e4637552f6f197a7d5a64a2f0779afaaddb18d23c50f19f7970ddb4d959467a7f72cdb63aba78,CLEAR,DAYLIGHT,DRY,FAILING TO YIELD RIGHT-OF-WAY,2.0,37.5,1.0,0.0
1797fa99f3657c66e4b645d56686455a09d61be0341994712d1ffac3fb8328d0e1e7cbd3b53cdacfb7be4d05dcbf96b0f428e377ffeba8e2b2bfa3d1c2941b53,CLEAR,DAYLIGHT,DRY,DISREGARDING TRAFFIC SIGNALS,2.0,37.5,1.0,0.0
179806149c1bd4fb03d5690981f78cef6c9da001650c0d4ee86ba41ecc530b2db49a8dd9e35e8f3231c039745fcfa153ff2cd614aabda22022435549703a4e21,CLEAR,DAYLIGHT,DRY,PHYSICAL CONDITION OF DRIVER,1.0,37.5,1.0,0.0
179880dd1581e4ae55c87aae3980374a4f45f70b14a7a92e8127d1d0995b63b5d5ca7be5b5d1ff082c901a485d241d07d86949e43ce519fac7a8fa3ff251412d,CLEAR,"DARKNESS, LIGHTED ROAD",DRY,FAILING TO YIELD RIGHT-OF-WAY,2.0,37.5,1.0,0.0
17989cc0e77ba04f4cd7e303df9c7431a2aec394d72d7baba807be1e0e8954c8b2ea3bdcfe60905c6f41a84625c03c8ab3fa8e1563ce4719aeee814c036c1eca,CLEAR,DAYLIGHT,DRY,FOLLOWING TOO CLOSELY,2.0,37.5,1.0,0.0
1798c1897f7dbc60ee35954f904989357506f978d290e803c92389714f761ac07d57199f8336478b8e9cc63f7c4f89619ec8945cca74eda29914476334a012c0,CLEAR,"DARKNESS, LIGHTED ROAD",DRY,CELL PHONE USE OTHER THAN TEXTING,2.0,37.5,1.0,0.0
1798c69a12caccadba1f76a4162f01e9701c7d946c6748041d5551dbd0e298d68a16e01c15bcd0b2305330be3e3530876293f7d0d65c24b91ebaa275912dbbc4,CLEAR,DAYLIGHT,DRY,DRIVING SKILLS/KNOWLEDGE/EXPERIENCE,2.0,37.5,1.0,0.0
1799018992714a226925614d00b9ed93a64d25d80308a97fe8d65db676d9d9118e17c22d1ed06d33b764574b48e5356a2fcdb87770425f602828894c0e43b23e,CLEAR,DAYLIGHT,DRY,FAILING TO YIELD RIGHT-OF-WAY,2.0,37.5,1.0,0.0
179922db54579337c8433cfdf9b90f629f8d316d35d46136fd516f738020d128eea37720c264e521c7157aa592faef28c9a47b68b9e8724a5b0b7bd792b3d52f,CLEAR,DAYLIGHT,DRY,IMPROPER LANE USAGE,2.0,37.5,1.0,0.0
17993536dd8b3653401f2292be307b9d72468257cb73c2bce5fd8a5f88ac5057de063a021754c18cee3cb793d4c69bf1637c0a6d835340c9858e36c00d5fd664,CLOUDY/OVERCAST,DUSK,UNKNOWN,IMPROPER TURNING/NO SIGNAL,2.0,37.5,1.0,0.0
17993c1883414f9a25e1a2e4bdbaed3763922035f4cad57ef0b15569f328879ef5a2f96ddb63297df46d8045a1bbb3ae640504118d4617996238ff32c0aabb72,CLEAR,DAYLIGHT,DRY,FAILING TO YIELD RIGHT-OF-WAY,2.0,37.5,1.0,0.0
179946405d801e746d45b124a2192da7fa485c7215d6d77766cb74215791d83a032475af311fdcde1e345b7aaa2732938dc7643b2a851b9a431bb709b2befe36,CLEAR,DAYLIGHT,DRY,FAILING TO REDUCE SPEED TO AVOID CRASH,2.0,37.5,1.0,0.0
179979d076c50006356a4699166aeb824ba567e59e1b4bdcaeb7ebc58b67c68ae0e1058b608f069bc43a7ed1966d4c17f5d0a8b8c3fa65b7eed376ced1f2c562,CLEAR,"DARKNESS, LIGHTED ROAD",DRY,FOLLOWING TOO CLOSELY,2.0,37.5,1.0,0.0
17997edb13f1e1bc2b6636721d9b4e3f9e9eff582c6f8c1ab961491eec60d2de9563bca7aba7a3cca198018d7f364429af9b9298061cbed8efc64251ef076b5d,CLEAR,DAYLIGHT,DRY,FOLLOWING TOO CLOSELY,2.0,37.5,1.0,0.0
17998e58c382258a7a625285063017b0b73ca92553214eb30742a13bd4a2fb78f223cb1aa26d2a59bc510e2075da320ed10785944d9770bfc443f66ecda838cb,CLEAR,"DARKNESS, LIGHTED ROAD",DRY,DISREGARDING TRAFFIC SIGNALS,2.0,37.5,1.0,0.0
1799a9cbfeb9934bea8f91096d2ccb3c1c56f40509881c5b062f9041c1837352161786c5f65a10f8d0149ea1f8a47b79ab0a30e7f75f0e9fae1cb3ba550c80f6,CLEAR,DAYLIGHT,DRY,FAILING TO YIELD RIGHT-OF-WAY,2.0,37.5,1.0,0.0
1799d3d826a0c1e228299eca31052f08734def0186f3d2e5c7dfe52f6ccdf41964a9b57d407b18a22b2d11046f18c8313b23042b4dd7600ac0197b4cbfe9032e,CLEAR,"DARKNESS, LIGHTED ROAD",DRY,IMPROPER OVERTAKING/PASSING,1.0,37.5,1.0,0.0
1799f4449c564a8b1aae18fc2f1d7605f8e0a6381e1600768d757261158062562d184c06a5f66d2431a607f1ad23aa73ff5332d001da11c8cc1e41699544d74c,CLEAR,DAYLIGHT,DRY,FOLLOWING TOO CLOSELY,3.0,37.5,1.0,0.0
179a111d0c019165f5a0e6b020899256a371d8e87011882c6eda443e323c942353e23c77dbccfe80707b6e6dd4db071d13809ae96afe4fb541c8291dcbd749ca,CLEAR,DAYLIGHT,DRY,FAILING TO YIELD RIGHT-OF-WAY,2.0,37.5,1.0,0.0
179a59650b55c98e1a359091937e17d85bb7a153300690a78ef92ca4bd8f009586690bfd816298e1a0605163c0bea3e15322b8a0a453467c993ce75819ec16f0,CLEAR,DAYLIGHT,DRY,IMPROPER BACKING,2.0,37.5,1.0,0.0
179a65cbee5be6fb955296b2fbeb5d74fd29695658564dbad758ca216794c28c8f6b067cdb048ce7f2914e6daa1e574a1412e67d395cc7520719febc211f7c91,CLEAR,DUSK,DRY,FAILING TO YIELD RIGHT-OF-WAY,2.0,37.5,1.0,0.0
179a6a0f186a4a51d94496ab65aeaf13999fb91472408d0c12e56f2fab48811d9b61ec53af1c9b11e71a265f05163514e3a17f1873b5e5c0c468e8771ab6d17e,CLEAR,DAYLIGHT,DRY,FOLLOWING TOO CLOSELY,2.0,37.5,1.0,0.0
179a7ed0a398b75de02f578bf445c5a59d1dab757d912e844963facd7d74ecbe23362922b6f0ac0834732e61889ae8936e96e3379989da92892e5886ce4b6c28,CLEAR,DAYLIGHT,DRY,DISTRACTION - FROM INSIDE VEHICLE,2.0,37.5,1.0,0.0
179a862b6f4536c3e97a5923b21e58164a816468aeadba585428991918254062491a7bf2feb666a8e5976c6671e80cd3758eaf283a7dae66cbeca33b1837bb1c,CLEAR,DAYLIGHT,WET,DRIVING SKILLS/KNOWLEDGE/EXPERIENCE,2.0,37.5,1.0,0.0
179aa5fe371600848e049e319ce5eaf8e87ede9f4fcab5e57b07ec570430569caa704e22bf00bd0efa0cab3e4953890c62a94db1f79ae7b1cd6e38c37a309a18,RAIN,"DARKNESS, LIGHTED ROAD",WET,DISREGARDING TRAFFIC SIGNALS,2.0,37.5,1.0,0.0
179aa68ff8aafbe30ac80680d0fd7f551bf464c18582ae32026dda05d62afe9dc2bf6e24085bb324c36f5d2b42bd056a2929417489a5354131af8554a54b5d6f,CLEAR,DAYLIGHT,DRY,FOLLOWING TOO CLOSELY,2.0,37.5,1.0,0.0
179aab76057ee81aa3bbe408d737cf187d136deffabc0c4819541a5f70dc6fbb5cc843ac9531d1cbb90afb17084d6348c86f44aa5558efa1c2ed5fc3fa7cd34b,CLEAR,DAYLIGHT,DRY,IMPROPER BACKING,2.0,37.5,1.0,0.0
179ae0d4558cf163c89744d25cfe9ab78d87f5c75a82809c1019bc530191d06bdb04b8eb34caa961b58e72923240c86e2f2cdb823971417ba430fcbc5877361c,CLEAR,DAYLIGHT,DRY,DRIVING SKILLS/KNOWLEDGE/EXPERIENCE,2.0,37.5,1.0,0.0
179aee0650bc0618c8ebd39db56c312b177a09ca580cc45cf656e0fb3c76698a84d4c67526c504863145843728e6b3ffab44b6e75dbc353810c2c0f0ac2822ec,CLEAR,"DARKNESS, LIGHTED ROAD",DRY,FAILING TO YIELD RIGHT-OF-WAY,2.0,37.5,1.0,0.0
179b00da26568b65472a67e2301c4b6c9ea2cd8e6636a606c63ad2681045c6df85b46cb2b00ff6abdba3b2196bfa717ac2dc5842cbae215c53ecc60e38483294,CLEAR,DAYLIGHT,DRY,DRIVING SKILLS/KNOWLEDGE/EXPERIENCE,2.0,37.5,1.0,0.0
179b0ab061177656d842c5a526cffe1e3010bb0529faa6bc705009dbf95cd93a5a48050f1d66ea5c65c3d917f6e74756e328c149a6bc8231dffb654be44916e8,RAIN,DARKNESS,WET,FOLLOWING TOO CLOSELY,2.0,37.5,1.0,0.0
179b47a17072764451926b9f4602146bfe8edf78b46c7e45d1e87cba617d51574ac44c25b5a6155e28ca856b7ba501bf1d0d567377af983b150905fd4d6214d9,CLEAR,DARKNESS,DRY,IMPROPER OVERTAKING/PASSING,2.0,37.5,1.0,0.0
179b4db763499d98cade6c59d88c0c109b41c9619afcaca1a68063d06e00e84dfc6921049d49cd15befd3e1238ecb46ea6bccab6e2d7c77511aaff4033e4c1a6,CLEAR,DAYLIGHT,DRY,FOLLOWING TOO CLOSELY,2.0,37.5,1.0,0.0
179b705e5f13064ef74672c72608f0eebedd8c9681be78cf351cc3cabcf83dcc5aecceb2c17552ac6139b9b9770a3bab612bb3411a62d937453ed88acbf96810,CLEAR,DAYLIGHT,DRY,IMPROPER OVERTAKING/PASSING,2.0,37.5,1.0,0.0
179b83e3662974a40e8f08600a969ac9e934f6102c15f98ec697b0830b928e4fba8b8f3f0fad2b5ea658ded83fb10704c3cf6d41f00b869d83149494cc0838f4,CLEAR,DAYLIGHT,DRY,IMPROPER BACKING,2.0,37.5,1.0,0.0
179b8bc8f3d77872000ae133cb78c357153d92fce5b075bd49f9714f9a7ae0f9b73c6d74c62734e2df0846a3d3b52a75a354f3152050c7efbf66d8316ae07fe3,CLEAR,"DARKNESS, LIGHTED ROAD",DRY,HAD BEEN DRINKING (USE WHEN ARREST IS NOT MADE),2.0,37.5,1.0,0.0
179b9a35565611085e5210b6c3de2ec7895d73a4833dbd84467f489839c40d24646fa4206e7a5983bf44ebe2de520f667f94d997728012a32f1eff9e268e45e6,CLOUDY/OVERCAST,DAYLIGHT,DRY,IMPROPER BACKING,2.0,37.5,1.0,0.0
179bf259cf87455b0a8c6c553a1a8e937aa699606159b65f0360081a3d4a463900a3a0e309904152739ab830e3a839e4c64b5eb88ff209304b92a087485ab629,CLEAR,DAYLIGHT,UNKNOWN,IMPROPER BACKING,2.0,37.5,1.0,0.0
179c02cc0e1e640461c8b4f1ebdc3771da44cc3dc10f51213f368d52a21cd1f7b4835af8b6ec9ef83a57c952f5f2d27f947e87a20afbc3b6d3b41d7ba7686487,CLEAR,"DARKNESS, LIGHTED ROAD",DRY,FOLLOWING TOO CLOSELY,2.0,37.5,1.0,0.0
179c14bdd4525b284d63863eeb9666c78f50286b94773655aa0659e7c43a9ae3235e18fd3a1817ca0207e300fd9771feda74b2583416225c40ca889ae830a467,CLEAR,DAYLIGHT,DRY,IMPROPER BACKING,2.0,37.5,1.0,0.0
179c1d61bc2ab156ec30798db3ba183c33adefb3beb06c3f1ac41e50a2b6cad07519047cfde901ca103aba00022d786fa45a4f8e23ba2f6d965a566b3e57b1bf,CLEAR,DAYLIGHT,DRY,IMPROPER OVERTAKING/PASSING,2.0,37.5,1.0,0.0
179c2402485310ed0d90fec056c903f572148916653c4bd03d99d6b6050d0517a9b61070ecceff333a9d23f1a660e5bbb1d9af0b2f9095039b9adf758fb6ea46,CLEAR,DUSK,DRY,FOLLOWING TOO CLOSELY,2.0,37.5,1.0,0.0
179c33b1b02711e9017da1fb7e0e1158240baaa3b98f5a2b9b108cd28994d6b71ba3083e65d1707e930bea6e9114bd9a4f4246941561d14c95c72af8d36f0a54,CLEAR,"DARKNESS, LIGHTED ROAD",DRY,FAILING TO YIELD RIGHT-OF-WAY,1.0,37.5,1.0,0.0
179c469fae50eafb527e34c81d36dfb52de8825cd4664d74e97b0890c02f143ffbde26804b163f3c61bd9afdc3cd21b24bc5a2b71439a78f134269d101e742bb,CLEAR,DAYLIGHT,DRY,FOLLOWING TOO CLOSELY,2.0,37.5,1.0,0.0
179c78675a0c8c94d41236faafed0904e8d7063bf96cf00b2fe2aa486eeb7f3b0acbbe98fa2b124ce3e99db6344685c95de30ca46186eeb43b11deda8239a35b,CLEAR,DAYLIGHT,DRY,FAILING TO YIELD RIGHT-OF-WAY,4.0,37.5,1.0,0.0
179c8f15e62953d0a48ce973c53d97554ac6906aef16e1134e98335eb4bfe27f5ad5294cd56dafada1e8aa38477da5b2d6ef213e040a471c90c20ea6b46e279a,CLEAR,"DARKNESS, LIGHTED ROAD",DRY,DISTRACTION - FROM INSIDE VEHICLE,3.0,37.5,1.0,0.0
179ca0f59f385827e03a198a578f753b2bcf2e7136c9e7d50a997deedfcb563b9482b7a56ebc61bd7c9e8a027550e7d6b09aaf8adbd2769b37523f898c09d516,CLEAR,"DARKNESS, LIGHTED ROAD",DRY,EQUIPMENT - VEHICLE CONDITION,3.0,37.5,1.0,0.0
179ca31157d45428635c75bf03d9ac1c02bacd212d36b20adf6018a28544275558e8a97feb7e9c85ded29b870b9e289952a7c34f08e53b215a2f1c82e5c6a8b2,CLOUDY/OVERCAST,DAYLIGHT,DRY,FAILING TO YIELD RIGHT-OF-WAY,2.0,37.5,1.0,0.0
179ca4596351744fbfba1f715732c8fec0ef50025480c3fab00f085bbe2d5e1f924ecbb444f9b68898a952975b69479762c944572ba40ec5c374883c83225410,RAIN,DARKNESS,WET,DISREGARDING OTHER TRAFFIC SIGNS,2.0,37.5,1.0,0.0
179cb46c897ef16cce4153d830e858c780a06fa8a23eff1d3b3da884885beb6b0b57e539c5807ccc514506e6aabc92b59aef93500384ad208b1457e61634f193,CLEAR,DUSK,DRY,DRIVING ON WRONG SIDE/WRONG WAY,2.0,37.5,1.0,0.0
179cd7bc048d166bdda4f66b6e3db59a50c6ba82c5079ec3180ab7b017deb52a2f90004a02fda13066713ec0bd9059d538b6338155d9d751648f75598b3d7e93,RAIN,DAYLIGHT,WET,FOLLOWING TOO CLOSELY,2.0,37.5,1.0,0.0
179cea53fd613e318f43275e30ff3096b44f8dfe32b752dbf77534c205e4049c0019ac20e5900ec3e5fc8394bdc3bad624d3033320a1053890930320b6f5b518,CLEAR,DAYLIGHT,DRY,IMPROPER BACKING,2.0,37.5,1.0,0.0
179d03285ede92fd49d035e0d16a4b63f810f11a96ff9f44cf1886b5968f93db91af6c23770a0ad9935fd6bd6a17a9893ce59327067cac7413c38bd6a024bd0b,CLEAR,DAYLIGHT,DRY,IMPROPER TURNING/NO SIGNAL,2.0,37.5,1.0,0.0
179d2378a6d8facc8b81747d1095484f97408f79c4440ebc5ada04aea404c44231364b247319a542930e132b6e2f8d5c36925faabecef82acc5985affb3f7fe2,CLEAR,DAYLIGHT,DRY,IMPROPER OVERTAKING/PASSING,2.0,37.5,1.0,0.0
179d2ff56b0adcd011cb177878bd55dd310277e6ed305ba3e3eb5a6aed7e657d13145a0e62ebb03bf5736c6896105029af3b63cbf98ebf68a8fccecfa591c992,CLEAR,DAYLIGHT,DRY,IMPROPER LANE USAGE,2.0,37.5,1.0,0.0
179d3dd6b643b95867e9d0f94490c86b06b8b433dc4d4c08ecb7c6bf2b41f409a00faa2e19aa3cf1c527063b0fb827747f3f3228ca494978e2066747d1b69d05,CLOUDY/OVERCAST,DAYLIGHT,DRY,DISREGARDING STOP SIGN,2.0,37.5,1.0,0.0
179d4676b2b50c4fded7e1074bec3c1a0cb5bccf123a48a73a7a4460ec01c89da01fdc09436336c4b0a2e6a312f29ed76cd34f6cd9c5b97d74dd51d48a1d6d22,CLEAR,DAYLIGHT,DRY,IMPROPER BACKING,2.0,37.5,1.0,0.0
179d79b5f5dde8296a0231b1be16ed441f1cf183f0eff64c6fb34306d162569e9ae0e952d6ffb965c1e273a83adcebf8e3861d2d57e1a1ab0d9b6df9cf619e70,CLEAR,DAYLIGHT,WET,FOLLOWING TOO CLOSELY,2.0,37.5,1.0,0.0
179d85d8d93575eb18a36cf5f3fa06af4c5114232fffb0c317a98636d7eb1e2dd77bc71b74e06cf50c3429f667e3c83d6ad342eff9fb1f67bc38ac9f2f35a1e1,CLEAR,"DARKNESS, LIGHTED ROAD",DRY,PHYSICAL CONDITION OF DRIVER,4.0,37.5,1.0,0.0
179dc0d56a58e3f53198c70546c8bf68991180811c106757e0bd313efb9d49b5b2910d6342943fcf0f981be02ca297925e7782724fd3795974f2447c09649510,CLEAR,DAYLIGHT,DRY,IMPROPER OVERTAKING/PASSING,2.0,37.5,1.0,0.0
179e1fde1990ed5dd1c3a5fad75ed79c7fab102259accafe0c78c94b925183b07d86702ab2f6543e7f3ca6f3aaf6cd61dd3bc69fe0b3a119fda213778c9ea487,CLEAR,DAYLIGHT,DRY,FAILING TO YIELD RIGHT-OF-WAY,1.0,37.5,1.0,0.0
179e2d92662d235851ab632565ae4392de563bb2f8d805916d456d003687703d016a983a3cc9d17509a132fd4ffcfa7576e4ebc6b2250518dff285791c421e67,CLEAR,DAYLIGHT,DRY,FAILING TO YIELD RIGHT-OF-WAY,2.0,37.5,1.0,0.0
179e549a6f4f77695c887272aa589cf96e30126207c195d12a0bf57cd478a0e691f2c045e999abb301c7f9dffecd39e0b9c537a76f36cff64da46c5ff39a83d5,RAIN,"DARKNESS, LIGHTED ROAD",WET,FAILING TO REDUCE SPEED TO AVOID CRASH,2.0,37.5,1.0,0.0
179e8d91019ca1df5047e5d69e8755c04df9f74394856a55c5e1706ae71ff3954cc65e5675a766b34f4c15ba0d87db3409cfecb694579c033e090704177d8df8,CLEAR,DAYLIGHT,DRY,FAILING TO REDUCE SPEED TO AVOID CRASH,2.0,37.5,1.0,0.0
179ebf5608d9a49eb92fecce97fb4cc04b64b2f9d2dcd4b405da2a3287413bd285a96d7bf697ad0b47ddfc13c06e4ee8555195847e072ed78ae4497f2489913f,CLEAR,DAYLIGHT,DRY,IMPROPER LANE USAGE,2.0,37.5,1.0,0.0
179ecde1e8c5582843b07120e7bcd170272570034ed4da8c3bf61db1a9243ba06dd92c8c701fc83c79d80bbe49bac05a6e1ffa6fb3c802a78bac423ef5c54420,CLEAR,DAYLIGHT,DRY,FAILING TO YIELD RIGHT-OF-WAY,2.0,37.5,1.0,0.0
179ef99a60b474785edbdf5764f5c1bda78b1325557f833a11eba5c864afb0a9d030aee2df8367b519abcdb08adac1569688d0d728b9ca51d946fb9113e532e9,CLEAR,DAYLIGHT,DRY,EQUIPMENT - VEHICLE CONDITION,2.0,37.5,1.0,0.0
179f50afab93b88d0df8f7e4441f0e4b03a0b930503b1433d1fe631b95466bb24b1912ae05b38bd0d4362352c29f5a85ba463f6aa3e77ff435e2461ae94a8c51,CLEAR,DAYLIGHT,DRY,FAILING TO YIELD RIGHT-OF-WAY,2.0,37.5,1.0,0.0
179f79790ccd37794647f1586771d31b1024a0a1376a8f07d94af42684c1aad9d202e624f08b517f607d16fba98ad580245c9d1d4e5104ca8854e344aada22a6,CLEAR,"DARKNESS, LIGHTED ROAD",DRY,UNDER THE INFLUENCE OF ALCOHOL/DRUGS (USE WHEN ARREST IS EFFECTED),3.0,37.5,1.0,0.0
179f927133440a697ac66734affe9edf45a24a512ec404265f835cca0aec14cdd534203f382cd5e311e8735d6fcc4a29904eb155df9285f6cc622f341a02e462,CLOUDY/OVERCAST,DAYLIGHT,DRY,FAILING TO YIELD RIGHT-OF-WAY,1.0,37.5,1.0,0.0
179f93cdf587f4c42931c6e4dbe45c994b82973056aea2d95321301a35df86a6d971e9826ae13e7d4f9d0d82a200f93238d2cb8b6a773d9d6ac60447aaded65a,CLEAR,DAYLIGHT,DRY,FOLLOWING TOO CLOSELY,2.0,37.5,1.0,0.0
179fc345c7bbf95edf0533ce7515020f87c1f5ddfc44e89beee8ef1aef9ce13a8634eed07588b92c29a95cd5b062256187b00ab89a254cc6f46d6fe988d8bf48,CLEAR,DAYLIGHT,DRY,FOLLOWING TOO CLOSELY,2.0,37.5,1.0,0.0
179fc980a0ccc76ac54bd18245f4bf663e2d9502d37a81327a69a691dfe04159e088700ce9bc2c88b530c11c6751156aabbbbeace95b88adef44e65ce056725e,RAIN,"DARKNESS, LIGHTED ROAD",WET,IMPROPER OVERTAKING/PASSING,2.0,37.5,1.0,0.0
179fcede2592df11a39371d3f67b7e5a8115c9791842d6008ac8286f25803e3064cb6a9d3da71f49b04ed9ddb308a32d35c76273bdccd35c9f0191eb40dd6c98,CLEAR,"DARKNESS, LIGHTED ROAD",DRY,IMPROPER TURNING/NO SIGNAL,2.0,37.5,1.0,0.0
179ff5a11834e6468dd9c0b1e40e7fdd3aa4cd95fa65d87d143eee0af55e1db870bfb3cdd564986f1a2421df4dffaa5c32961e09820dcb16ae0852361b6c054e,CLEAR,DAYLIGHT,DRY,FAILING TO YIELD RIGHT-OF-WAY,2.0,37.5,1.0,0.0
179ffb70322c28e8e387a3b7389a127c6d6e6a34c42773f0e9f6383c7fbc90a5095c71f094af39ba6ba27548ea79b5f7d07ec6da598545685e5580e7c04973d9,CLEAR,DARKNESS,DRY,IMPROPER OVERTAKING/PASSING,2.0,37.5,1.0,0.0
17a044eb9071f53391e7e6f9035ffcd73a204d435ef27018b59afb741d113884fd7ba2a73cb3fbcf0a8fd29c53a8b7a9877cf6d2a0b5a4a07e66c58e99ec1cc2,CLEAR,DAYLIGHT,DRY,FAILING TO REDUCE SPEED TO AVOID CRASH,2.0,37.5,1.0,0.0
17a0941c234b4f7fda2da699c00dc79762852a1332072ac8071c971c0eebeea983368a1d2667bd09ea8ad45fcea32e30a92b8858880aa8db35d6e3da57d6d831,CLEAR,DAYLIGHT,DRY,IMPROPER TURNING/NO SIGNAL,1.0,37.5,1.0,0.0
17a0a8ee935cf4b9f49f55543421a959e886ca2554e9dbbe4b2d504f0552bbc32325d67f2ddde5cfe45c4e6d160233a4f55f72ef1d8b1c501e04fe766f60cddf,CLOUDY/OVERCAST,DAYLIGHT,DRY,FOLLOWING TOO CLOSELY,2.0,37.5,1.0,0.0
17a0d0c0818a897e63ae2da247364c7a67d5314cbafadea2f40c3e7bc7e7410534dc2d87bb53f685a363ae4a0aca7819319c6e14cc7c5695554eb92c5ff7722b,CLEAR,DAYLIGHT,DRY,IMPROPER BACKING,2.0,37.5,1.0,0.0
17a0fe9f160ab224f707fd267dd62d1d1b21d44750fba0f584f9b6cce51f8d102923ce5b4697134cd0cb2d47095cd3667512ccf5dbb04147409fc82169e77890,CLEAR,DAYLIGHT,WET,IMPROPER LANE USAGE,2.0,37.5,1.0,0.0
17a12c785d722ac3cfb7c6e3caffd01869aa3cdbb6311377828d605609ad9033f03ee677708b8be30281f3951b941e0aa3ead3b8074dd0620ba49afa38004be3,CLEAR,"DARKNESS, LIGHTED ROAD",DRY,FAILING TO REDUCE SPEED TO AVOID CRASH,2.0,37.5,1.0,0.0
17a153225f5480986dd0384877cf6196aaa94be4114eb2d799159da81f8966c5557d4fb888d9d321cb32ac6d1b8c13e61d569d87415bed27748984fd5e6dcef6,CLEAR,DAYLIGHT,DRY,FAILING TO YIELD RIGHT-OF-WAY,1.0,37.5,1.0,0.0
17a197afcd3325e9b2c9e08c3f5553e0a5f0935aa8c2b98511d6d017b1beedda0170cd8b3d8ccf6ea3ef5d30f8634309185729f35c32d45761cc2d9184c43ce0,CLEAR,DAWN,DRY,DISREGARDING TRAFFIC SIGNALS,1.0,37.5,1.0,0.0
17a1d8a4426cd4f58ffb66aba29375a2cb354ee60b8066bf40a977f45d3a877521db9c3f5ac5c7052aeba4845a8052dcdc4560106e74c63a07f72db178c837f5,RAIN,DAYLIGHT,WET,EXCEEDING SAFE SPEED FOR CONDITIONS,2.0,37.5,1.0,0.0
17a1da02c4c7882c02d8ffa5842c30da3f0a0b3d90b9a4118f6b4ff574660ef7a6af75774763afa2d66314ac764ced04e3cb82be85f8932af6ff95f844403302,CLEAR,DAYLIGHT,DRY,IMPROPER OVERTAKING/PASSING,2.0,37.5,1.0,0.0
17a2356acb61f9f45cab3bf070da5a99825adbab9007a0e0c69c13e14ee8869033bb5786fba39155c52ca2fff7e6109cdda75f64ae671c676155d9ecd347a7fb,CLEAR,DAYLIGHT,DRY,FAILING TO YIELD RIGHT-OF-WAY,2.0,37.5,1.0,0.0
17a2623cb2726b96f60b47fa34385c3eb301e8aa987b8fb72bf901471b74576c90d2f8e0c65ff8290a56b8078264a7954842a9fd598aa84148f67df17e9546a0,CLEAR,DAYLIGHT,DRY,DRIVING SKILLS/KNOWLEDGE/EXPERIENCE,2.0,37.5,1.0,0.0
17a27a2694a4e2084dfab42c4c530b6cdbb04d23ebece70779f08f9cc0272d6ed599205c49a0243c1671a1d15a8907b72b997fd9a3b4e32997ac558b00b84008,CLEAR,DAYLIGHT,DRY,PHYSICAL CONDITION OF DRIVER,2.0,37.5,1.0,0.0
17a2c10675b7b5993f8617687b96af8369fe2314780551e28032d972340ef66b80396400e332fd6a8360690e98388f1212040d4c665f7c9c7ea6982ef2782f9f,SNOW,DARKNESS,WET,EXCEEDING AUTHORIZED SPEED LIMIT,2.0,37.5,1.0,0.0
17a311e0476f917172d67861449868e541342d1bd3d3039d5a84a2918e8c0a4621c2cfc91be3c8f4b6251bd1b08898f9edf00971731264a5124552e35b25d742,CLEAR,"DARKNESS, LIGHTED ROAD",DRY,DRIVING SKILLS/KNOWLEDGE/EXPERIENCE,2.0,37.5,1.0,0.0
17a313748e8b129e94aa99661bbe5a66c5e3e8419ba96b2b97a42b9b6f837f4ea834a3d093c79586e2b63aa99c1a48f6b773c79fa3ec51dc3f0a2cb9d81f9890,CLEAR,DAYLIGHT,DRY,FAILING TO YIELD RIGHT-OF-WAY,2.0,37.5,1.0,0.0
17a39f59f948f5f2969cdbb226abb4d5fee459e5118bd903b21676623f6ed6ff3d03b63bcd384ea3adb69bb70acfbd5d7892fbc5896164d38935cfcc00a9faa0,CLEAR,"DARKNESS, LIGHTED ROAD",DRY,FOLLOWING TOO CLOSELY,2.0,37.5,1.0,0.0
17a3d3a9d78c2aee38a8180f16eb5adf0eb9bdacd7797594114ceeccd3d50472b56c3e0f5398e30b5ab7d28300c5d2ddb0091393f32784f27a4366fc2e71eecd,CLEAR,DAYLIGHT,DRY,FOLLOWING TOO CLOSELY,3.0,37.5,1.0,0.0
17a3dc5b7123f599ca47ba1df3e69c7ccf27e796743c3cb575989ba64912734e45b9428507aa8869b245f7c50de959b0afa911c14f6541b451dd85d264dd6a03,CLEAR,DAWN,DRY,FOLLOWING TOO CLOSELY,2.0,37.5,1.0,0.0
17a4068eaa2c5febf6a395093b8c5f2a124a1acf0057a70c28485f48daacfe4e88bcc48533d1d9eb302649bdfa83ac705121378f2ae5b6c9dff1f739213140cf,SNOW,DAYLIGHT,WET,FOLLOWING TOO CLOSELY,2.0,37.5,1.0,0.0
17a410b01d5c37d9fd396af6048b597556f10e5e1c800c28be40925689861098b82ae6119f940b7f405cbf7555c9a4a130ae67841433987ea259af4d03bfbe03,CLEAR,"DARKNESS, LIGHTED ROAD",DRY,FAILING TO REDUCE SPEED TO AVOID CRASH,2.0,37.5,1.0,0.0
17a4544fc507f792cda3e4f78964d3bfe3ec6fa4c128b805f3b0385990ba1d7d6e584978a993c81c1182e70a18dc5b06a67f472f053030726f61a28dfbd39402,CLEAR,DAYLIGHT,DRY,FOLLOWING TOO CLOSELY,2.0,37.5,1.0,0.0