crash_record_id,weather_condition,lighting_condition,roadway_surface_cond,prim_contributory_cause,total_vehicles,avg_driver_age,total_people,total_injured
17a471e9699abbd326442113ac5c29b10121cbd3531b4b7f6e1c24a9529743c2880f9f47822a1cae674ec0b06ef06f9d03cf0c00c119ec0b8676e22766ed94bd,CLEAR,DAYLIGHT,DRY,FAILING TO YIELD RIGHT-OF-WAY,2.0,37.5,1.0,0.0
17a50028ee5d6707c7910d44a88c632a125efa67f1e808e3610c4c7587b89e5299d1e2c3fb907acf8b0f288816d8c50ea186ae3bcfabee2475fa2aaa3069338f,CLEAR,DAYLIGHT,DRY,"OPERATING VEHICLE IN ERRATIC, RECKLESS, CARELESS, NEGLIGENT OR AGGRESSIVE MANNER",2.0,37.5,1.0,0.0
17a523b2dd106d51757eaab1a0b5c6e2dd93def48be46d9f54d8d3f0533c79f1e723b180d9af249742b3880f75ff1de0346cb6745ae1e5155fd6b93035d06494,CLEAR,DAYLIGHT,DRY,FOLLOWING TOO CLOSELY,2.0,37.5,1.0,0.0
17a52c7ae30964645e66477bedcc60c8d7611562c351963a9fddaf2938bf220ff73b249b35b8d37fca8d3986e07a795a58f3d7f08618127518e3b82145ca51f4,CLEAR,DAYLIGHT,DRY,FAILING TO YIELD RIGHT-OF-WAY,2.0,37.5,1.0,0.0
17a59dc7a46b2ea8bba5cdcfd44e6e28259745a61fc2a38e8d1461dd26b1070b3f2df5c236271ab1abea875ed6172fd381514bb380404dd0f40bdf95f39d42f9,CLEAR,"DARKNESS, LIGHTED ROAD",DRY,FOLLOWING TOO CLOSELY,2.0,37.5,1.0,0.0
17a5d55adf8c0225c511542b9b42367934c2d37bf315094abb573a36e1d3b1c9a48c3092873ccf8e9f7a81012053bc2f8f1b239193a765ba21c045c78c9efc33,CLEAR,DAYLIGHT,DRY,FAILING TO REDUCE SPEED TO AVOID CRASH,2.0,37.5,1.0,0.0
17a5e85d36dd4c383cc4c68ca37eeceb06a9950b79fd3cd26755e84e78c42c204e0afead7e2a40afa3fa4d24a3de87e3625b6fcc4f86ecf5550fe82767dd379e,CLEAR,"DARKNESS, LIGHTED ROAD",DRY,FAILING TO REDUCE SPEED TO AVOID CRASH,2.0,37.5,1.0,0.0
17a5f4793ae215ddb757c0fa1b103658d008c42fa5f0b2c3cf47713bd1a3aedba66bfb2028b24251f9b8358e04fd72580c72a369c31538f27f97d32fd218bb79,CLEAR,DAYLIGHT,DRY,IMPROPER BACKING,2.0,37.5,1.0,0.0
17a60a9feb90cc91593d5ffe9358bd1541e2d085786dc705551daaeb0aff2d4eba29ebc6800bb272bc0eef2eb09a209d8422cb22a9afe78be8bfaba084d04bbd,CLEAR,DAYLIGHT,DRY,IMPROPER LANE USAGE,2.0,37.5,1.0,0.0
17a6288ccd3cb35552525eefd7208e2537f09fcb579c821e9e1090bd374accd3cb5f4f27864c8e31a5161585176b7123c7296cfd1ae0ab06be2bfba946fe2702,CLEAR,DAYLIGHT,DRY,IMPROPER LANE USAGE,2.0,37.5,1.0,0.0
17a6324bc3ef2b186c83bf0496efb71a0c2be4dfc4bc66543156225d4a854980729f7251a98db6b0b0afc1b257b7b518cfdeacaf52b9b32ea15ed3cb5b7d27aa,CLEAR,DUSK,DRY,TEXTING,2.0,37.5,1.0,0.0
17a63c427cb687256a7075ff2805a6ee4d0af65a5450b4a8984bac22b72f41d6f8f5fab5b2edff1a692b824bf341f92893003dcb5aa5c127baf2a95a9bc8d4d1,CLEAR,DAYLIGHT,WET,FOLLOWING TOO CLOSELY,2.0,37.5,1.0,0.0
17a666cf613c60b214ceb29f468595439d1d3e8d7459e946e90d6d3df3eec601bbb179555879a918519ffd62cccd50414bd00e99b1355350385ec3e874b67c1f,CLEAR,"DARKNESS, LIGHTED ROAD",DRY,DRIVING ON WRONG SIDE/WRONG WAY,2.0,37.5,1.0,0.0
17a670d8c8a7b2c83d85c58d46afbdb8a02b60f5442c80978d7a0d348c4d4087967aa9ff624131e89b0de792985b10e6710bc612e2333a9ae7da5f5be943f4eb,UNKNOWN,UNKNOWN,UNKNOWN,FAILING TO REDUCE SPEED TO AVOID CRASH,2.0,37.5,1.0,0.0
17a679613b37f1317a247e00f5e019fbe773c3eeaa5dd1c69ec0a94253481f9408e392ced18db3bccf6abe0f5e707b0d3659650fcae0ce7fd28b1728f05f78fd,CLEAR,DAYLIGHT,DRY,DRIVING ON WRONG SIDE/WRONG WAY,2.0,37.5,1.0,0.0
17a67db041c894b2d4782d57d7df506d18fb37f8ead64ec2cfe5ab3d2e4d97d1a7aab5647a1d966f7b4c03ed8f74b52060f52449934c0b798609bd9a399fdead,CLEAR,DAYLIGHT,DRY,IMPROPER BACKING,2.0,37.5,1.0,0.0
17a682a45fc8e00ea13d39c8c0623e2577c44addd2fda68be80381189d1c91e194e17e1ee05c6cd849aa1195823b5a218281147f41cb6446b9b85a2459e9d355,SNOW,DAYLIGHT,SNOW OR SLUSH,FAILING TO YIELD RIGHT-OF-WAY,2.0,37.5,1.0,0.0
17a699e80c3f4cea01d78f4b931489afcd53ec3fc1fc0475d6770d8b48fb8c1209e832fae45f48994d887fe22b304386be0842d527e7f3e1a70d1503e74aad70,CLEAR,DAYLIGHT,DRY,FOLLOWING TOO CLOSELY,2.0,37.5,1.0,0.0
17a6ae24ca654088a0d7637e08edd936df27c0f1389c98b636045a8db6a879b18661a2b4fad055bf33547c51b00df9a31f0a17dc6ed3cc6208ec98360fc79f99,RAIN,DAYLIGHT,WET,FAILING TO YIELD RIGHT-OF-WAY,2.0,37.5,1.0,0.0
17a6c56116d7dd558ebd90f613be4cbf711efe10ce3ce22aaec046c5cd02df1442f4226d6f4b41c98d3422fc4bb06c3e4ae3db0f088351e038b6059dad632763,SNOW,DAYLIGHT,SNOW OR SLUSH,EXCEEDING SAFE SPEED FOR CONDITIONS,2.0,37.5,1.0,0.0
17a6cdb48a86c88f2dcc85f710b146240b30400cce32abf9b74cd8902fec12dda18212a070327540b01209e7127435bb50d76c7814a628b14a07119c3c99b173,CLEAR,"DARKNESS, LIGHTED ROAD",WET,FOLLOWING TOO CLOSELY,2.0,37.5,1.0,0.0
17a6f5927bbaa81e8a6021545590bfc1af060f61c7e5c5ef8a375a867aeee1b011b60a1ead8b2c7f9ee4dea4486ca9125996bdef8a1ff2c3febb4750bad85d47,SNOW,DARKNESS,SNOW OR SLUSH,FOLLOWING TOO CLOSELY,2.0,37.5,1.0,0.0
17a708f3a9843586a594516afa2d154e085bb875b7f02dfdeb690091c260c34c7e3fe1bf8d3628ca97aa0f57e2b93f3d4402da19293491e169606a8318c3d172,CLEAR,DAYLIGHT,DRY,IMPROPER LANE USAGE,2.0,37.5,1.0,0.0
17a71879aa39e81b718587c96bcbdea5c4898689b96dce20162da5093f694517775f62069c096f49884cd0338f54505ff0cd702d1ceb90c0c02dfacdbe36cc4b,CLEAR,DAYLIGHT,DRY,FOLLOWING TOO CLOSELY,2.0,37.5,1.0,0.0
17a7355ebea2b292a4df9826d2f6bbdb7dd956f2b68a67f3821746c21f5addfcf23aa12fa93d663efaa89f2a3298732082fa51a3e797184ea9cc179958aa185e,CLEAR,"DARKNESS, LIGHTED ROAD",DRY,FOLLOWING TOO CLOSELY,2.0,37.5,1.0,0.0
17a741496e67f5450892c04b98279544138c21a095f5330770b60612c45fe524a697c84eb60a685ad918ef7fd96a5ba7c3ef5783ed14e8a2a9143e0d616e88f4,RAIN,DAYLIGHT,WET,DRIVING SKILLS/KNOWLEDGE/EXPERIENCE,2.0,37.5,1.0,0.0
17a749c624940a32738b01db11471afa5a0ecca7cc15fa039dbe15ff1899c95f93cdcb35fa8895ac08134150bd99d1286bf95c533fc07a1c39523594d1fd0f5e,CLEAR,DAYLIGHT,DRY,FAILING TO REDUCE SPEED TO AVOID CRASH,2.0,37.5,1.0,0.0
17a75406cfc3fac32255d7ca681de09bdd2f20ed25a99a0e9f76db0b0a35311a95ef6af66449530ea97ead865f7e23c13c6ef8015fde474a153cc9991c8179ed,CLEAR,DAYLIGHT,DRY,DRIVING SKILLS/KNOWLEDGE/EXPERIENCE,2.0,37.5,1.0,0.0
17a75f12d1f520f9afd7169ab6b23be019e53c9d02b8d532c6ca2be598963895048deea7a9f5e8ae32f934656376499b57df8efaa0562d1ff0927d77dc15f920,CLOUDY/OVERCAST,DAYLIGHT,DRY,ROAD CONSTRUCTION/MAINTENANCE,1.0,37.5,1.0,0.0
17a790441a87009d8373d7524e0aa826f1b79ba1f473ec415cd61bb73f9347a253b84e5892cd4186cd1154aa86a30c1911b50e8f2813fe75f440d1ef065189c9,CLEAR,"DARKNESS, LIGHTED ROAD",DRY,EQUIPMENT - VEHICLE CONDITION,2.0,37.5,1.0,0.0
17a7f52ae149afa644426d9da0524aa758fdd42b268c3c9c28f62d53f0373a3f060276b3e44459222e44914562fbb3fe8c4cb1cbd5a287e2b9433cfc6fa1351a,CLEAR,DAYLIGHT,DRY,IMPROPER OVERTAKING/PASSING,2.0,37.5,1.0,0.0
17a80caf00f24bcb79c361ae3164ff98f46b3c40abf10aec6063204d804c16d11c96cd96a11efae83606a4337e859853ccced3b18e65fcc12c4fafe9c25331dc,CLEAR,"DARKNESS, LIGHTED ROAD",DRY,DISTRACTION - FROM INSIDE VEHICLE,2.0,37.5,1.0,0.0
17a81f83295c672dd93aa5c4156344c49a4083414eb613cb1316193705700c20f720a04adb480bf9e22530c622822e13b131d5a94aa72ad87232c57be8d6429b,CLEAR,DAYLIGHT,DRY,EQUIPMENT - VEHICLE CONDITION,2.0,37.5,1.0,0.0
17a84fcb408e93eba7f9222bbd95dc1ab93dbf2b43829c24566fd8a06e524c6f93b7be23aca56407030ad768b571b4ed8b3cb1371643945544c5c9be9fe5c8c3,CLEAR,DAYLIGHT,DRY,IMPROPER LANE USAGE,2.0,37.5,1.0,0.0
17a86cd23a514862d2d9d7d255da7c86921fe04d430d09737e5c7bb591964ba015d4519c47412f50706d31cd9249e6426731db9113616fccf0ceb7e9b9f67a2e,CLEAR,DAYLIGHT,DRY,FAILING TO REDUCE SPEED TO AVOID CRASH,2.0,37.5,1.0,0.0
17a88b296a54c98945957c1d1a7c11ba4e4b4fa0ab64fbae83054b6fdd05dca87eb8cc8084b7e3efd55e5f8b735dd97a760b98d65b8de3dae10148cda6bf0dc4,CLEAR,DAYLIGHT,DRY,FOLLOWING TOO CLOSELY,4.0,37.5,1.0,0.0
17a88cb9be731041232eda7937d44284649c5ef8e640bd79b1ce8f709adf7783711c57db2718246c51c395ce07ee35caf808ce6a9fcd9136f0b03808f567784a,RAIN,DAYLIGHT,WET,DRIVING SKILLS/KNOWLEDGE/EXPERIENCE,4.0,37.5,1.0,0.0
17a8a5b9569f9b92c004f17d26df80579a8c60e4740eff664c450735a478e4a2c69741b527584018acc2ac38ac568eb982c22867c8d486a0fb6fd58f7887303d,CLEAR,DAYLIGHT,DRY,IMPROPER LANE USAGE,2.0,37.5,1.0,0.0
17a8a87b474e4e58da20b879a4b27fbb48a41eb402f4e634cfae08e9ed30332f05f2ec99ad62ec3d82e5c969661b9db6589adcbfa85791705a37cb74a4c523ca,RAIN,DAYLIGHT,WET,FAILING TO YIELD RIGHT-OF-WAY,2.0,37.5,1.0,0.0
17a8f1528edb69667d1e3b9a006acba42e76b632be2731dbbded852d82626bc9123296340c8ee7634e7dbe29d712e938745fa5d194d70398e10fc81deb397cab,CLEAR,DAYLIGHT,DRY,FAILING TO REDUCE SPEED TO AVOID CRASH,2.0,37.5,1.0,0.0
17a909fab3f362fd3444d145fea2b50b65fd51f407583fd703a929da252a2fbcac5ccd3eb0e66e27557717aac1ce528131c886863c37f15769324d0eec8682ea,CLEAR,DAYLIGHT,DRY,"OPERATING VEHICLE IN ERRATIC, RECKLESS, CARELESS, NEGLIGENT OR AGGRESSIVE MANNER",2.0,37.5,1.0,0.0
17a91ac7d0bd30fd90cfcff9f55ad921df378317316c6230ddeae07b4f8f8bb0e5fd33d185a9918e943a00c67334d423ee14b12d830c2f6d51a77f96ab8b57c4,RAIN,DAYLIGHT,WET,WEATHER,1.0,37.5,1.0,0.0
17a91c5534a203d4eb65e6ff9c829db6aa49c6e3edd6db1f3a36a7952f2905754b82e587f695d078503bd35d93f5ca94ab53c6a9a64404ecf71b211be4806771,CLEAR,DAYLIGHT,WET,FOLLOWING TOO CLOSELY,2.0,37.5,1.0,0.0
17a95240c012fae3f0daa830439b2bd13d08b1aeedd754de21984b8a49a9e1eacb875cb5f76573b229d3a22d5927c2ccb452d3db45422a1029e8b700c4c96aad,CLOUDY/OVERCAST,DAYLIGHT,DRY,FAILING TO YIELD RIGHT-OF-WAY,2.0,37.5,1.0,0.0
17a9757e931a5fcc87e5458fd083e8e0c60f86f33ae5582c34e97024b95d9afeb6b0dc31590daad64cc8c29852f214c46c080d92c327e08fb89e773174231c05,CLEAR,DARKNESS,DRY,FOLLOWING TOO CLOSELY,2.0,37.5,1.0,0.0
17a97ee2e7be5cd6275ab62cb140fd6500446fa18b499ba4b01912e3fcc9df177a63be1dc7388a91b1ab92f74a8a21f14214edf4e4204dd9b7423e9931f1c83b,CLEAR,DAYLIGHT,DRY,FOLLOWING TOO CLOSELY,3.0,37.5,1.0,0.0
17a9e1fc51e6fbf981d0870b6af6e590919fa2e626bfc58bcb6feb668aa37dfb07167c185d98379eea8a4512ebf90f70fd7634520b7332a852195982dd0ce3a5,CLEAR,DAYLIGHT,DRY,FAILING TO YIELD RIGHT-OF-WAY,2.0,37.5,1.0,0.0
17a9e2d7c4ea11e95ffef59f998e97e913b0e20604e08e273c06089a0441f725748ffd1a3cc662df6c8e7d2221dabfbdcc2ee12dca6ef741cdf40a5df487ad2b,CLEAR,DAYLIGHT,DRY,DRIVING SKILLS/KNOWLEDGE/EXPERIENCE,2.0,37.5,1.0,0.0
17a9e36e3c462c1e01eb2a0d633c2333cc216c5ded6efa513cac9293a92c6c1dbb54ae7be37f32e3b7aebb9da0103108d07803c4836d9f0dcf24d8e575de75f7,CLEAR,DAYLIGHT,DRY,DISTRACTION - FROM INSIDE VEHICLE,2.0,37.5,1.0,0.0
17aa2bbc18797c057ac24c8e7d35fcc90e8d4d0b648f09b92f9994a6208132ca95ce4e93b89fa8765910ac2d2ea522c098d8cf04d3c65ba0369872036dfaf3ce,CLEAR,DAYLIGHT,DRY,FAILING TO REDUCE SPEED TO AVOID CRASH,3.0,37.5,1.0,0.0
17aa39b890a4a12691365ffefbe31b5c4f9bf80e6253a3bcd4bed68658efbddc3dd54764e7194be9999f05dd6366e1fd168b1f1771f70a7073f980939f46259b,CLEAR,DAYLIGHT,DRY,FAILING TO YIELD RIGHT-OF-WAY,1.0,37.5,1.0,0.0
17aa8ded69ccd2dece63e939ef42f805c13c3fb7192a549636012c69b1b970ee781fab8ff4e207f98ea4ea9e41b4398d92af2a2761e7f54381316f85340a2fdf,CLEAR,DAYLIGHT,DRY,IMPROPER LANE USAGE,2.0,37.5,1.0,0.0
17aa9e8813b4f2d00bac446f2b606827c0fdf04036767efe88653409b370f45ebc4bd48390fece7cc00c9afc192aa41e442c98c71e3307cbb78509d7af2e667e,CLEAR,DAYLIGHT,DRY,FAILING TO YIELD RIGHT-OF-WAY,2.0,37.5,1.0,0.0
17aab95c99a312044a761cd7f5cb434f47ac55ef08dfcea0aa2a773c266c70c2e29a81bdca34365130ffecda21ee946eaa8b39dd7b393663f73a76fd8dc4b162,CLEAR,DAYLIGHT,DRY,IMPROPER BACKING,2.0,37.5,1.0,0.0
17ab44dc813ec1511dc5143c733ac164bfabc618166a53f89318887b96ec966d8608d9ee9d80e21d4a6470805d3211da9b75042098bd673bf465fe0645114394,RAIN,"DARKNESS, LIGHTED ROAD",WET,IMPROPER LANE USAGE,2.0,37.5,1.0,0.0
17ab4ca0e771f1000b2f0d6a86a669ab6f7acfc68e248b9e5ecf4ab16d836f85d3e558033717ea98981ff426a00de3d3bc1f9a6a476f00aad4c03b27e2fc5a47,CLEAR,DAYLIGHT,DRY,DRIVING SKILLS/KNOWLEDGE/EXPERIENCE,1.0,37.5,1.0,0.0
17ab81008319cdac7e4db531b52b43059d54ebffe836debc67275a967745f69718cbf07f1ab8b5195304ac389fab5a80344820532b525d35e86eb512b3e935c6,CLEAR,DAYLIGHT,DRY,FOLLOWING TOO CLOSELY,2.0,37.5,1.0,0.0
17abf70f17ffc9e528df55f0add6f9b9a481a028a13664f9e9f3124503cf03e71612062374fcd8ae68e68fbc0a0d7af6886f2655ea96f54c5af85e87b136ed0a,CLEAR,DAYLIGHT,DRY,IMPROPER LANE USAGE,2.0,37.5,1.0,0.0
17abf9f7e31ca88e3356734dfcb955d7c68bcdc2914c20c51dde5ed2c2b04914ea82caedecaf7ce07f310b42c9dd0f5602476a422d33c15d4e991e8dfc995b71,CLEAR,DAYLIGHT,DRY,DRIVING SKILLS/KNOWLEDGE/EXPERIENCE,3.0,37.5,1.0,0.0
17ac02beb1c9c3a17f44270bcbcd4fc96cdec338d71356d1dc3817c2e5098f9c5a8d5e08f86aef7a5d69962657d1faeff36258603ab2bb33a7cf86a424bfa7cf,CLEAR,DAYLIGHT,WET,FAILING TO YIELD RIGHT-OF-WAY,2.0,37.5,1.0,0.0
17ac398697afcc3b99fb55b7b1a195a2049208d5e386480d6b5bafa6ffe375821299b6d7451b3f79462fb529c9f13a8291a43cf1303821c0b82abade43555c8a,CLEAR,DARKNESS,DRY,IMPROPER TURNING/NO SIGNAL,2.0,37.5,1.0,0.0
17ac4fee03b88346b3a621ed79c55c5ee6e1e96beaead83418e0c34f23c651d31eeab9a3bd80c214746f63d88ea656813ad20e0eca825f73b63d1f5a2ba93ea2,CLEAR,DAYLIGHT,DRY,FOLLOWING TOO CLOSELY,2.0,37.5,1.0,0.0
17ac52fc7f2f0306497a2960fad1603fbd923059a64eec07f0d32a088cb08f7fdd2ca04d97c44bcae15b75eb70ff28c7c29f2ebcb9fe9dd3cc71efca661bfdc7,FREEZING RAIN/DRIZZLE,"DARKNESS, LIGHTED ROAD",ICE,WEATHER,2.0,37.5,1.0,0.0
17ac6f5edd3c4a984a8ade11460cb0dcdfd057d8579e4e06d0a0bf0e1c8b5f64a282a4a575483d49c14a0e8d77a825ecc6768534521123531992a89ca75d992f,CLEAR,DAYLIGHT,WET,"VISION OBSCURED (SIGNS, TREE LIMBS, BUILDINGS, ETC.)",2.0,37.5,1.0,0.0
17ac75f35d587b5efc6c9b3461c17602d183bf9cbb01f969f1fe9d59583dede8592bab31336d40dad498c7e7b66a0eec8feac0ad9928facb8040f937475dfbf6,RAIN,"DARKNESS, LIGHTED ROAD",WET,FAILING TO YIELD RIGHT-OF-WAY,2.0,37.5,1.0,0.0
17ac77f621814207d8ac8e0e3e0f91c355a3c3cb3343c96ef9ab09db81d96d2724235d7393ef203403e3938b1c017108893ca01024e2bbc2496fb4011b4f7f0e,CLEAR,DAYLIGHT,DRY,FAILING TO YIELD RIGHT-OF-WAY,2.0,37.5,1.0,0.0
17aca21de41a5306ead8c51de2ede9d1005bf73ca85a3b86ca5d1a6bbb517241396d30f661383e8ee52acfb273769c3ba3cc7c9735d733c151ab4683bc1b06cb,CLEAR,DAYLIGHT,DRY,IMPROPER OVERTAKING/PASSING,2.0,37.5,1.0,0.0
17acd934fd68d5d9aebb00d2ec3f859ae5e8c9accce35875ccbfb460393b2e8b8d4a7c1c36cba369c4ef8925b415ee2b5d1c9267a06315b764a139d583818012,CLEAR,DAYLIGHT,DRY,IMPROPER OVERTAKING/PASSING,2.0,37.5,1.0,0.0
17ad551520e6401c061e4c6e74bd5142a7d323995050fd73dced216dac67837d952dbb912caaf033d408f7b44989d42394fc262af88501364cf66bfa542f648f,CLEAR,"DARKNESS, LIGHTED ROAD",OTHER,FAILING TO YIELD RIGHT-OF-WAY,3.0,37.5,1.0,0.0
17ad62c7ecff22aff4a08118912030911ee15c59af282b9e553e37fe1e0a550100a04bd39421d4fe65a745188d7a1e73ff67850e27c099655352fe2507be396e,CLEAR,"DARKNESS, LIGHTED ROAD",DRY,IMPROPER TURNING/NO SIGNAL,2.0,37.5,1.0,0.0
17ae00144c83eba3064a4328e1ddc9c9d662d5c014f7142407af5dc01d89a76d8fb7bb834799558be5b9791b23bef6ba13c3fe5794029d37d7c3fd38a99ce2b4,CLEAR,DAYLIGHT,DRY,IMPROPER LANE USAGE,1.0,37.5,1.0,0.0
17ae30cd864c51a078da9436db896b993990a661ff91f0dd5d0d7ed4ae75e586557f68d2bd845d82cf36515f650305392bdc2e3a8874dfdf02e4dd4dc4e35707,CLEAR,DAYLIGHT,DRY,IMPROPER LANE USAGE,1.0,37.5,1.0,0.0
17ae3236015e33ae40b44a624ea5c004a3f1cdbf4dc5cc163f8caa565d8d80bfb54d5f99b11d329e663e6d6d0910fee9f5d0977a22e4d9ae6ed2d1f31249a2e8,CLEAR,DAYLIGHT,DRY,IMPROPER BACKING,1.0,37.5,1.0,0.0
17ae51e77dcd9d3c796627ee3379000cc3e185cfbf9c91e2acd9ecfb7d8bec82b42c40d6c60df308786e05abf3b5542089a077c3679dc5aed9515679d785da71,CLEAR,DAYLIGHT,DRY,FAILING TO REDUCE SPEED TO AVOID CRASH,1.0,37.5,1.0,0.0
17ae76449961b5683077aed70bec625ad59cc9f2ed79486a95e4f9b97be2f8b5be791b2abbe01313922c5c4d800d087245faf3392f9305e168a27ec53500d0ca,CLEAR,DAYLIGHT,WET,IMPROPER TURNING/NO SIGNAL,1.0,37.5,1.0,0.0
17aeae55e2354d1711ccb724ccfe4cd0ac90f329f513f9a66a47629779e7aca19c3cd599e4575387caed9e9ea9421de6f71464094fbf0c389ad2111a9e4d8832,CLEAR,"DARKNESS, LIGHTED ROAD",DRY,FOLLOWING TOO CLOSELY,1.0,37.5,1.0,0.0
17aece5bbe942e9ef6d8e334c5a72aa5518736c9ec1d48be55e8154a5f6e532c34093bcb536838ac186c1b86dea4613b4122dbf253fd4b96530cf9b54056facf,CLEAR,DAYLIGHT,DRY,FAILING TO YIELD RIGHT-OF-WAY,1.0,37.5,1.0,0.0
17aed734136c8c016fad96ae424f28ce816a9430ced03f5664a122e032adcc11df96b64c539564ba4251b33d299df43c83a9e52f64030897fe64ee494c4ef8c4,CLEAR,"DARKNESS, LIGHTED ROAD",DRY,FAILING TO REDUCE SPEED TO AVOID CRASH,1.0,37.5,1.0,0.0
17aef159a49455f6fea60da84baec451690c5a0b185f56bd9a45274befd825352d26c67ce4adec2b0aeb59c1e09cd402d7315fefc606604870d796b0842011a8,CLOUDY/OVERCAST,DAYLIGHT,WET,FOLLOWING TOO CLOSELY,1.0,37.5,1.0,0.0
17af253007fc16bc95a9abc276606515b1b3bc68002c720c0fbc857628262fbb414f73a3e331eb02af44f57d7107f4526e553ee74c72fcf445ae02d17f398db1,CLEAR,DAYLIGHT,DRY,FAILING TO YIELD RIGHT-OF-WAY,1.0,37.5,1.0,0.0
17af285310832c75ab2b033c71649cb872831576555017d8c2bd8ad32aec0d2dac19c37364347a9f08c462b84b4198fd257ef39765670c7768ccb12cdabe32a9,CLEAR,"DARKNESS, LIGHTED ROAD",DRY,FAILING TO YIELD RIGHT-OF-WAY,1.0,37.5,1.0,0.0
17af82a43ed748a368f6a3b5bd83989c73ae700714f4c7df55851f17fc45b4950782d719457af158ec377c6400f1d8cb8b78b510ab05834bc29477a78fc1223c,CLEAR,"DARKNESS, LIGHTED ROAD",DRY,IMPROPER BACKING,1.0,37.5,1.0,0.0
17afac53420aeb81f8c11ce8037475c2651cb210cd7ac5ef4c89bf995537e98adb5f9b999d17aea5191f63461ff25fb7371f7903d6582675de26322f5c9c13e5,CLEAR,DAYLIGHT,DRY,FOLLOWING TOO CLOSELY,1.0,37.5,1.0,0.0
17afad5cdcee9a4f84881c5443783d97798d039662256f2f69eb9246e097ce01d0684f08d5d9d154479d67cce34e5f245dfe178337bd0ae1edf0617f94bba4a5,CLEAR,DAYLIGHT,DRY,TURNING RIGHT ON RED,1.0,37.5,1.0,0.0
17afcd4d4f3997d3b3968eba2e39cb841a0e7b3a613d923d84f31cb799cb0f471e8af9b9fae4b88705abf02105c47716beb424061850121ee5052f4407b842a1,CLEAR,DAYLIGHT,DRY,FAILING TO YIELD RIGHT-OF-WAY,1.0,37.5,1.0,0.0
17afdbaf017560b8bfd93de51df36b4bff26f4cf3f007abd126b00846851632b145deec714c7fded3f6f4aca0292ed8a924276256efc61c1b925bf5960f9b710,CLEAR,DAYLIGHT,DRY,PHYSICAL CONDITION OF DRIVER,1.0,37.5,1.0,0.0
17afe1e4e4367dc3dcfca167fd32d6cab39e6a517863885610d5af743895769a916d20ac3094919b287724806ee9ccfba594abf57e9223a187eab3acd55b90be,CLEAR,DAYLIGHT,DRY,FAILING TO YIELD RIGHT-OF-WAY,1.0,37.5,1.0,0.0
17aff10d78371a9bba7779d61c6fa1d43d6473ba750cf43dda0ef384305de2cf17df83a7e09e81c69e28e6a1a23fc0b191583ee819795f98e52fda9ce5da0d70,CLEAR,DAYLIGHT,DRY,IMPROPER TURNING/NO SIGNAL,1.0,37.5,1.0,0.0
17b009a91d77c7494533a776e4e276a8bd884b85d02d19e5fc69b8349fcbff3501f26183d4719532059a43a3e661141c7251f45634dd38fc67549714f2948bb3,CLEAR,"DARKNESS, LIGHTED ROAD",DRY,IMPROPER LANE USAGE,1.0,37.5,1.0,0.0
17b049ac6bcf12d93b99b8d38a05bc5fd9c23e86a20dccb5837b1d16db963e850ac1d7b902b107a5aad5301ac423fbe2ea82801da5a952f9c477d0e7fafa3099,CLEAR,DAYLIGHT,DRY,FOLLOWING TOO CLOSELY,1.0,37.5,1.0,0.0
17b0562b458ca2a5e23c3323003915dff8713be9a826f9fce532553b65a9994bd7269934f2a823c57928ec7ad7414455c1a30ede2590f46943c6f7b6e50677ed,CLEAR,DAYLIGHT,DRY,DRIVING ON WRONG SIDE/WRONG WAY,1.0,37.5,1.0,0.0
17b09b6698bbd11571aeb0a6418458f143aed6277a55a3c10d1b7ba6e0e492fa32c473c3b54ad0c928a063c2f83645137e312ca86d7d22c7edbb41242b0a0400,CLEAR,DAYLIGHT,DRY,FAILING TO YIELD RIGHT-OF-WAY,1.0,37.5,1.0,0.0
17b09e2bfb1d502bb49df6a7cf3e2e58e0f63403396ebb6cf9cd9d6d6d4475738b19e84859a42cba68ca3e57447a9f2c835087a72513ba9359c28f0e3d220b44,CLEAR,DAYLIGHT,DRY,FAILING TO YIELD RIGHT-OF-WAY,1.0,37.5,1.0,0.0
17b0ba6cbf06d225b4f1d7fb9a756d0c9f294c703918a26ad7a309af47ae6c7154b418941eee7fedcedcf23b1f08fb851e5f3622d03ddaa2881ac5bea94b2776,UNKNOWN,DAYLIGHT,UNKNOWN,IMPROPER TURNING/NO SIGNAL,1.0,37.5,1.0,0.0
17b0c8d5612ee3afd70f5fbe07f86b4ab96ef6ed1fbf23e10dedc89e9758652174c1adf833f8c316a72cf93077db43522c07d42c18bae4f012947e1df9632602,CLEAR,DAYLIGHT,DRY,"OPERATING VEHICLE IN ERRATIC, RECKLESS, CARELESS, NEGLIGENT OR AGGRESSIVE MANNER",1.0,37.5,1.0,0.0
17b0d8863d8e06e569d4b588b9ff5b52721738f174153d8254a0008259723a67725156dcebdfcca17787443453ed2ea202183dd0c695333aadd2b4aa174a3694,CLEAR,DAYLIGHT,DRY,FAILING TO YIELD RIGHT-OF-WAY,1.0,37.5,1.0,0.0
17b0de71025138e23ee56b3e4f85be51582f36b78160fe7416c754e153d4cc4addd97a74c201292bc98a9aa7253974dd117c58188d98caea8672bb11f69b0957,CLEAR,DAYLIGHT,DRY,IMPROPER TURNING/NO SIGNAL,1.0,37.5,1.0,0.0
17b0e48f64ddb67fea0cebb943a0f1e80a19158d461f092962f851e0bcac07e45de62086150514eaca3c9438bec1119ae42cf9aba45d7c848af2de1de464fab4,CLEAR,DAYLIGHT,DRY,DISTRACTION - FROM INSIDE VEHICLE,1.0,37.5,1.0,0.0