crash_record_id,weather_condition,lighting_condition,roadway_surface_cond,prim_contributory_cause,total_vehicles,avg_driver_age,total_people,total_injured
17b0e8dcbb5c9582f5d23006bf6706e78ba7ad103d29944ae56c8ad00f417e6909b226a23947c456be45c8c917d53c93d779b7db12abc17e40b2e64a8e798ae4,CLEAR,DAYLIGHT,DRY,IMPROPER OVERTAKING/PASSING,1.0,37.5,1.0,0.0
17b0f0cefb4b70d680c76bae1976cc602c8997577e993ceff5854026c4efc9389d10c53fce622c83b08848f0be567d55cf05fcaebe27724ad4c1b944fa47fdf5,CLEAR,DARKNESS,DRY,DISTRACTION - FROM INSIDE VEHICLE,1.0,37.5,1.0,0.0
17b102efa6c3f6a8dc8ddaa93588023229a5cbcaf46bd2383fea16f94d267ccf2cfe7fe4b5a93393e091e02f4c21b7f17661e6501c6143be3be9a7280b877437,CLEAR,DAYLIGHT,DRY,IMPROPER OVERTAKING/PASSING,1.0,37.5,1.0,0.0
17b1268db5016a9cf2fd2421f58579c12ceb39786c92d5ddd3e9badd7ad2dbd5215b697e7a73294f3dab174cee74bc9aaf8f1237a7b24ccc516a1a6ccd2a0212,CLEAR,DAYLIGHT,DRY,"VISION OBSCURED (SIGNS, TREE LIMBS, BUILDINGS, ETC.)",1.0,37.5,1.0,0.0
17b13771dcf343c11a0cc82d738431d0a6ff4404fd4487acb67819a55c2577fa090b4cba2d901e23a93d3d15f15b90ff847c1e037f3234700893b3bbb862a94f,CLEAR,DAYLIGHT,DRY,FOLLOWING TOO CLOSELY,1.0,37.5,1.0,0.0
17b13c703078cc0bf6cf175910b47b4f53cdf650f985a7e79676be3bfd212406c9ef3bd04bbafcc6050fecfcf1aa1e070ff707741af66da366057063415ae33d,CLEAR,DAYLIGHT,DRY,FOLLOWING TOO CLOSELY,1.0,37.5,1.0,0.0
17b17acddf50d6f547df2b045b1047ddc5c94c4278c4b91e81dc5a66c870096bd261182d297374d0db8bb75d02d5b5a29d4e481a490359365bb24e234ddd68cf,CLEAR,DAYLIGHT,DRY,FAILING TO YIELD RIGHT-OF-WAY,1.0,37.5,1.0,0.0
17b1a6dfd0540a1a5a4da7985ab31d69fc70a501b3c27affd172a8862c701001e703a098615d048a6a56ced901a7daddf2fbfcf263f3042a9a1c074ec3a8a360,CLEAR,DAYLIGHT,DRY,FOLLOWING TOO CLOSELY,1.0,37.5,1.0,0.0
17b1cece447acbd3c60c507224ea856f5f6320a2badba29a2b00df3fa9b93d524a5d22a37bc7c000bb86a76103fe9b254a0c86dbeec0b41402b51c26a7266cd9,CLEAR,DAYLIGHT,DRY,PHYSICAL CONDITION OF DRIVER,1.0,37.5,1.0,0.0
17b1e6c78ab816c4fb2b75c76eaf1e5d4228fb9d74d554cd9e6476b7c0a7d1f073e5b91c9eef266c2fea7de9cd1f2f033a898f0416b6fcf16f1edd070efbd58e,RAIN,DAWN,WET,FAILING TO YIELD RIGHT-OF-WAY,1.0,37.5,1.0,0.0
17b20a707569bfedef8d14e5fb23e5baf8ecab2cc1f3db80e40370cdbefc43b00b3061a7b657719017b8005dd01ebc2d1fbed77de17ecd7d3eb39e0bf403ce25,CLEAR,DARKNESS,DRY,"OPERATING VEHICLE IN ERRATIC, RECKLESS, CARELESS, NEGLIGENT OR AGGRESSIVE MANNER",1.0,37.5,1.0,0.0
17b221fb88bff8748cbc47f8e90929f7e6e15096724fa362b0644c4faea4fb616bdd48d5987361249a61859db245eb0ba2b95f4073e8804026141d1c2db9b935,CLEAR,DAYLIGHT,DRY,FAILING TO YIELD RIGHT-OF-WAY,1.0,37.5,1.0,0.0
17b223811ee9025f949134b600546bc5687b5991b5f27bdd93e5cceee6552459d5fa25c284cc4eaff5cb06aaadb25174ac3d9c17a7ab619f31b326af8fa2094c,CLEAR,"DARKNESS, LIGHTED ROAD",DRY,FAILING TO YIELD RIGHT-OF-WAY,1.0,37.5,1.0,0.0
17b22cc472e124fa3b911b9679dcbdefb420b56e89eaad193b3631b7d1c1848d69ba63d225ff276450fd3f4120af10d8d763703ae4e3b3e6b32469c819f49285,CLEAR,"DARKNESS, LIGHTED ROAD",DRY,"OPERATING VEHICLE IN ERRATIC, RECKLESS, CARELESS, NEGLIGENT OR AGGRESSIVE MANNER",1.0,37.5,1.0,0.0
17b24d463a133dbe97300ce47b2eaa54a4d74901d3173fd4bb5190d99e7e5159d6e849153fa969d08e5f7025f7f5d37381824d1f65b05879dd70b4370ccce32b,CLEAR,DAYLIGHT,DRY,IMPROPER LANE USAGE,1.0,37.5,1.0,0.0
17b264f1c4e568ad183d57222461eaf6f54d76567c3276e14242aa5eb2457e9512a231535d7f439dff06c5b1d9478555f031d8314d1d3606526249658d713050,CLOUDY/OVERCAST,DAYLIGHT,WET,DRIVING ON WRONG SIDE/WRONG WAY,1.0,37.5,1.0,0.0
17b2ad96fa341773679086f922a956ed5650267ca03fa732b609aee6154aec0654b72ecda9e545166f285da504f5d915fd3ebded2c29db8e0befa722ce158fb8,CLEAR,DAYLIGHT,DRY,IMPROPER BACKING,1.0,37.5,1.0,0.0
17b2b1d5bd6fe49f769cf5197bcb42fdc3b920df2356c9b6ee9b0c9a2b7bf27120370e86bd86f11476ea8c33bb6ef916d2b71979d032720990f3450bc5cf68d2,CLEAR,DARKNESS,DRY,FOLLOWING TOO CLOSELY,1.0,37.5,1.0,0.0
17b2bd15480e77a7e72564bf29945e35f87e6f01549d6cdc5870920f2537ad19aad3f7c9a8f9e8879b879b145282da5e12e421f28f5289dd24ba9eaa1f1ec00d,CLEAR,DAYLIGHT,DRY,IMPROPER TURNING/NO SIGNAL,1.0,37.5,1.0,0.0
17b2d5f101bafa1323ae496e8244cf163e9d128b74bf69919c3d9d3eeacc3077f9d3b3e565ebdbff356dc2b0da02adbeecd2acb322675399c9846418504b7e2b,CLEAR,DAYLIGHT,DRY,IMPROPER BACKING,1.0,37.5,1.0,0.0
17b315a32c34274348c0a602901ae2c075401b25b9b08d66e9a611dc904694933c0e79200c30c7c075d63d2d8354bc7144f5e6a2729bdfff245b29420636c01b,CLEAR,DAYLIGHT,DRY,FAILING TO REDUCE SPEED TO AVOID CRASH,1.0,37.5,1.0,0.0
17b31b1862df3cf4e00e6b7932e735943749a76ad15a6fa53f4f72a4f1bcad5dea87e11e662ef7b4210a55987ad56a22e8c4590e254b33bf0866f84cd99e5b30,CLEAR,DAYLIGHT,DRY,IMPROPER BACKING,1.0,37.5,1.0,0.0
17b33a86884c5f3aea3ccf7efb2da86ca3930bb947ccd6d300dd06a45464d135d0d85442f54dfec89d1afcb8ff1b90374cc4d4c253cbecc8bf79444198bd377e,CLEAR,DAYLIGHT,UNKNOWN,FOLLOWING TOO CLOSELY,1.0,37.5,1.0,0.0
17b33d92a63a871927c2c0d812cfd6067e824ef6e138fca7bf9ea872a1e7e2c397e7b3602fce877a88166efa9060efcca9d9f9f04bc8756a995d4e4a0961990a,CLEAR,"DARKNESS, LIGHTED ROAD",DRY,FOLLOWING TOO CLOSELY,1.0,37.5,1.0,0.0
17b35d74eddd4447eb0ce162d4dc143374c37baa096d0c243183e385e9c8bdfb9fdeb9ff691e3870e35a931b9ce4cdb64c69640bb02e6cdafd2e7cf76f57b783,CLEAR,"DARKNESS, LIGHTED ROAD",DRY,FOLLOWING TOO CLOSELY,1.0,37.5,1.0,0.0
17b37a5b7216287d189951f0ca514d3b0546258be93959380917669f8310b1d50d24457a2b1f1fba8efd539f058ad2ab84bcae3be8ea23926870ceac99638b3b,CLEAR,"DARKNESS, LIGHTED ROAD",DRY,IMPROPER OVERTAKING/PASSING,1.0,37.5,1.0,0.0
17b386c902c2c9aab82827a881a988e8560d84d7e8c5504ae9ecdcedd976dad5ce2b5370fa4073e1eaa2a7300becf73a2deb7e6a8723041c33fee39945d06831,CLEAR,DAYLIGHT,DRY,IMPROPER TURNING/NO SIGNAL,1.0,37.5,1.0,0.0
17b3aa24c3bc9c9df58710730f1dfe4d202fe2d6da2b26e4eea9824880b1cee4ef42facbfc60619392bb929e43fe6e8abe2ebe38ba19e7031af4b7aba604ae28,CLEAR,DAYLIGHT,DRY,IMPROPER BACKING,1.0,37.5,1.0,0.0
17b3b001dbd7e70ace3a55a625995386479b2e47a11b15370620f5f1cb18435c6062771e0c0b8aa8ce40f82e1ab9243ef391be2a2796e27183bd9150e650629e,CLEAR,DAYLIGHT,UNKNOWN,FOLLOWING TOO CLOSELY,1.0,37.5,1.0,0.0
17b3bf57eefa2bf31be38ce03a61268edbc7b2019bc1181275559e2515a80a67091a70f54aca890f8016fce0fb03287c3f37ac1b6f7fc56c95a27e87b67f7b25,CLEAR,DAYLIGHT,DRY,IMPROPER TURNING/NO SIGNAL,1.0,37.5,1.0,0.0
17b3df63e53c69ce2a5f516b7852b6cd3dad6c9cac18b6ea0eae0e6ce68370b42dd3082550af6c523fb48355b82d8b86d8bcff81326e7dbd10ab6c60f695118c,CLEAR,DAYLIGHT,DRY,EQUIPMENT - VEHICLE CONDITION,1.0,37.5,1.0,0.0
17b3e719459728bd4652ca91e9cccf5da9a4c7e07be6e8c01b2ffc07b64e871c6f51a2f748801e88dc5ac79d40a1251a5ffdea973e4d33d54becd2a10fe82f43,CLEAR,DAYLIGHT,DRY,IMPROPER LANE USAGE,1.0,37.5,1.0,0.0
17b3f83989b734009321a0ced1d4ccdd67c4e769b73d633d934a7f4a4d12051e51cb9c853161777729110a4ed47442e8fc2f8bc3bcfe2f469dec7e4d56d3b275,CLEAR,DAYLIGHT,DRY,IMPROPER OVERTAKING/PASSING,1.0,37.5,1.0,0.0
17b430966bb6b7b8541bc58635ff019081092e9b8e3e9ec61dc883334815473ddbb74b9f8150661300c8377e1431877ee8918860f1e9128e0cdb15aeb779e63b,CLEAR,DAYLIGHT,DRY,FOLLOWING TOO CLOSELY,1.0,37.5,1.0,0.0
17b487883956732d7a1147cb859e6707c05e955d49c5a04651efbac7ec6dae48fe8d0f82a9747fbea31e3dd4e3f90a0b9186a5b7be21f0962a98886ea544eefe,CLEAR,DAYLIGHT,DRY,FAILING TO YIELD RIGHT-OF-WAY,1.0,37.5,1.0,0.0
17b49cd2f2e2d41cb4ae836d2c3eb896ad02f7f3e1e1faa6eb26616073de6df3c9a3ae39d7d440717b4cf18b97534549536c5f6676481dae59780aae6cdcd5a6,CLEAR,DAYLIGHT,DRY,IMPROPER BACKING,1.0,37.5,1.0,0.0
17b4a0663c5b64b1f62c4fd0ffcbb01d3090910520040f093a681c5ba3ed8b5878f14bfa04320fa694773ddca0d5ff7ccf5c1e759df5d18f0e050ace2b7c2f71,CLEAR,"DARKNESS, LIGHTED ROAD",DRY,FAILING TO YIELD RIGHT-OF-WAY,1.0,37.5,1.0,0.0
17b4e923ea1c596021ea9f4125d3e009db0c734c3b58ede9f31c11e9e48f6e854999c7db160f1f40566968fa8d9288771becef4b8fe042dccc55c5bde131df96,CLEAR,DAYLIGHT,DRY,FAILING TO YIELD RIGHT-OF-WAY,1.0,37.5,1.0,0.0
17b521706afaa042aef058fc1f78579bb5073133e1a7c034eeff894180515ad1dd9c8aa274b869e69e7e9f07534b92616638c8513647bdf21350212f6c0456fa,CLEAR,DAWN,DRY,DRIVING SKILLS/KNOWLEDGE/EXPERIENCE,1.0,37.5,1.0,0.0
17b533c520740ca54396b2f7bb982499f6c6564ebece3b21749d38ad5cb3eb9335bfaa72b9a0bab06a14fa64a53f8af8a9ee27222dd55b741ff62b44b7df629d,CLEAR,DAYLIGHT,DRY,FAILING TO REDUCE SPEED TO AVOID CRASH,1.0,37.5,1.0,0.0
17b54b30e547008c0aeb482a1e89080f3a0f71545fa54f8a84f77b3504974d06563d7106276161bfab0826c2f422b44f072c9623b39bd9454464ecafb7fd35ab,CLEAR,DAYLIGHT,DRY,FAILING TO YIELD RIGHT-OF-WAY,1.0,37.5,1.0,0.0
17b556f7d326614aea2b741ac27113c55ef94be162c015304b42ed2adeb5c6e469da6f5a79b649d08d7fb1200e405ac7f958454cdcd985c22947880eb0cf964f,CLEAR,DAYLIGHT,DRY,IMPROPER BACKING,1.0,37.5,1.0,0.0
17b5984a8bd81d2f3bd12114baf7a5bf4d61f181bb717c8da3430fdf7da3bf170a13a366b8c148bcedb369264aa6a447b7807b061979858830afafc8e3f51cf7,CLOUDY/OVERCAST,DAYLIGHT,DRY,IMPROPER OVERTAKING/PASSING,1.0,37.5,1.0,0.0
17b5a541806af4ed9a0a85be7b905d58f51e7a60df659dc4f1ea66306b4fbae002c9f2f9d15ebed7f6aa616f31f216777f0c95f97261706d55877c2eaccac7e5,RAIN,DAYLIGHT,WET,FAILING TO YIELD RIGHT-OF-WAY,1.0,37.5,1.0,0.0
17b5b154ce36f36cbf32e90c9094f9885c139dcc47dc1fbf49456274a278bf11ed4cc1fb06cd3f93e93f5ba2d7636f03e76bb3cb5f2ec8b772ad8abc07613ce9,CLEAR,"DARKNESS, LIGHTED ROAD",DRY,DISREGARDING TRAFFIC SIGNALS,1.0,37.5,1.0,0.0
17b5b6f18cd6f1a353c3ec707cd16cfe80e28914e90496446eb6bf899b64f1ee604dddf176d56eb94e860fd4c1e6636b3e99cad0cef7d7234436c3c86d8690d1,CLEAR,"DARKNESS, LIGHTED ROAD",DRY,IMPROPER BACKING,1.0,37.5,1.0,0.0
17b5ca6938ad129cc4fa56e4ba62d04bc61718117cf7d58dca88cb6b2f310c8453ad0f98c2e2dab822c55739efda7361c790e5513282f9f2ab389ad91a14c8da,SNOW,DAYLIGHT,WET,FAILING TO REDUCE SPEED TO AVOID CRASH,1.0,37.5,1.0,0.0
17b5f5f00852fabd228dce4863fca67749b1ed68b8d98986d931dca974dbc05c5da6882603443723fc47f8e307a5abd96fece0257cc904ff0df3c560945c4f6f,CLEAR,DAYLIGHT,DRY,FAILING TO REDUCE SPEED TO AVOID CRASH,1.0,37.5,1.0,0.0
17b6001b337206efa52019d4a7ae618c895f198a4367352c2143d9203a835337e17b963c1333e6c56b4325094e901e8494cb81941c5de5a5a130ed55cb4840d8,UNKNOWN,UNKNOWN,UNKNOWN,FAILING TO YIELD RIGHT-OF-WAY,1.0,37.5,1.0,0.0
17b662425350f1657ca49fe1fe2127b3cfaf6371a169fa15918f254e4356f32fad23c692920b1e3b0988ed04bc1ffc0f04442f21fda947e7500067b02588d882,CLEAR,DAYLIGHT,DRY,FAILING TO YIELD RIGHT-OF-WAY,1.0,37.5,1.0,0.0
17b68147b537541c6446b65e964038373fe768610874ed8ad1ddd2b3a5dcdcdaf649a1d3e6257d9e621504988ac3e5c1a7d1dc95053dc89e368f902e285aad64,CLEAR,DAYLIGHT,DRY,FAILING TO YIELD RIGHT-OF-WAY,1.0,37.5,1.0,0.0
17b69dceaf799775780a44ad4399ac473e9485afe256e1e89cf5fa8512d37eeb91a36f676685ba327f6f0a6ff04e292efda206c2a8a30df879f3659f7a8b9013,CLEAR,DAYLIGHT,DRY,FOLLOWING TOO CLOSELY,1.0,37.5,1.0,0.0
17b6caf60ca5f93b9d07974ce3c228a33f26d863695e2c5d2434b74849b77f5516fc11abe4e4da454e50ee45051fa14176be07192e84bcc9b6a633cb479d06d6,CLOUDY/OVERCAST,DAYLIGHT,DRY,IMPROPER LANE USAGE,1.0,37.5,1.0,0.0
17b6cf6ec83fd5d077b45a4c8c88d2c15334ceefe662a17e5c1606bdfc22edc85f979720f6eeb7c1c6473f52a783cfe5a62e03b2e516dd43e4e58146fdfeb50c,CLEAR,DARKNESS,DRY,FAILING TO REDUCE SPEED TO AVOID CRASH,1.0,37.5,1.0,0.0
17b6e667f6d845c2e4c564bd2b854652e03042f867e3b7f9f15445a2ff29af3c31cbd32ac5db111fe6e43662e0fdbcaf4fcb9dd5975499547abcf010dadc8302,CLEAR,"DARKNESS, LIGHTED ROAD",DRY,FAILING TO YIELD RIGHT-OF-WAY,1.0,37.5,1.0,0.0
17b743865ea7ba5ee521ce073d990cc454bae81f6da7e02c805c1e8c4ca104ebaeb7c08e6f41f9ca04a5095a36bbeaa3ad0b62eb8d1d6c31eb2dd8f0c16b0065,CLEAR,DAYLIGHT,UNKNOWN,IMPROPER BACKING,1.0,37.5,1.0,0.0
17b7468da075488dd08f16820ef03e8f24cbbdaaa27daf0f09b1184bad7970bfd514fb4faf681e95db6aad7b2c0c89ce916b0907b0aa9868c677bcac2cf9a851,RAIN,DAYLIGHT,WET,FOLLOWING TOO CLOSELY,1.0,37.5,1.0,0.0
17b752cf0767cc8d6614bc2c0c1d002189934af275af09fe1dfa1c83fcfdaa6405eb7fa429e27276d3594df80b7970dd44e79a8cb96864682afa405ada53d73b,CLEAR,DAYLIGHT,DRY,FAILING TO REDUCE SPEED TO AVOID CRASH,1.0,37.5,1.0,0.0
17b795b3d57774a5906c3c468413b292ceaa0b1d35b5a6fb72576fe8932ebe40a0e9afeb69fb757efc88b2f1ba82bc64a9267a5559438f06c5463e25c6c5e729,OTHER,"DARKNESS, LIGHTED ROAD",DRY,FAILING TO REDUCE SPEED TO AVOID CRASH,1.0,37.5,1.0,0.0
17b7cee95f1886740a1ade7bf674776b33d7f047b7ae18e6871e5923855c37037b00b1d2bd1b9777f98684cdb11399a3669c498daf25a63006769ef6295bb851,CLEAR,"DARKNESS, LIGHTED ROAD",DRY,"OPERATING VEHICLE IN ERRATIC, RECKLESS, CARELESS, NEGLIGENT OR AGGRESSIVE MANNER",1.0,37.5,1.0,0.0
17b7dc2368a4f0b566afe81048572f52a81b0b8b0b654af5ac985602936f53c270aa4f783431b35008fe89d31076dbed585e114a610bbaea3421ec57b6d712e0,CLEAR,DARKNESS,DRY,DRIVING SKILLS/KNOWLEDGE/EXPERIENCE,1.0,37.5,1.0,0.0
17b7de7e00b921b5408d61982ceef9b70f133faab9afe138a0b8cc93b8f59317c486e056d08cf9232b569d85d3a250f4f36da1debdf512361b0fe6116e8d60f0,CLEAR,DAYLIGHT,DRY,DISREGARDING STOP SIGN,1.0,37.5,1.0,0.0
17b7edd37b2b91a3bcb3433e22768b61b6ef71564e13f7713ccf3411ae9782c4dba178aa19fe71050296fc0011353f7a87bf05c2a49a6d0e825acaf904fb249d,CLOUDY/OVERCAST,"DARKNESS, LIGHTED ROAD",SNOW OR SLUSH,IMPROPER LANE USAGE,1.0,37.5,1.0,0.0
17b7fad9b6914d443a271271f79c45fd2f5edcc455d349e3a4bde6e2d2a0533e6d365a7b4d44cef71a9fb04726f7f23e60fa4685c0cad8f384ab5c90b3d78996,RAIN,DAYLIGHT,WET,FAILING TO YIELD RIGHT-OF-WAY,1.0,37.5,1.0,0.0
17b81556cfda4fa432d60685933c111084de32361a1171f0f7cdf4fb7b453bd8214f45e7bb223324dc736cd9299677fa4c0bfc7c5a573d5f87548c5dcf12182f,CLEAR,DAYLIGHT,SNOW OR SLUSH,FAILING TO REDUCE SPEED TO AVOID CRASH,1.0,37.5,1.0,0.0
17b8420317ef3c197f833e03cb1b6d001f832ee2adc28d00522c72d984fabfcb107b9b70fde78bd3bed970894a4d9350ac034e66a56161cf2292d6a92e6e72a0,CLEAR,DAYLIGHT,DRY,FOLLOWING TOO CLOSELY,1.0,37.5,1.0,0.0
17b86bc8c47650e9d73000094fb2115e39716a02be3347549026c40a6b5edda9295b1eec79568792b86a2405dc5dc0dee9a0302c74588366214049b04c25feb2,CLEAR,DAYLIGHT,DRY,IMPROPER OVERTAKING/PASSING,1.0,37.5,1.0,0.0
17b89bba75e28e6ab7425f5951568730a88e4f4ff10b29c4c671f39f0c91c7be1d6e6baf614ba1f8ee3a86646922b6ee2c10c83c47f6e3f6bc575a7c97aea1e5,CLEAR,DAYLIGHT,ICE,FAILING TO REDUCE SPEED TO AVOID CRASH,1.0,37.5,1.0,0.0
17b8af4d6ac8998c4032432001f01e4a84379866425bd7818bfe3a1240733bd3fd97b158b8718efd50bc3b1b30afd13bffc6997ed2ed1b1566d49f211e37e26d,CLOUDY/OVERCAST,DAYLIGHT,DRY,FAILING TO YIELD RIGHT-OF-WAY,1.0,37.5,1.0,0.0
17b8b230e8d9558584a97487b7c463044a42c20cab7acd1d60ab1d51bd466a1d3fae2875ba3df7153c43f6d761c83e9976adaf0615b6801ae43b91cbb73e4789,CLEAR,DAYLIGHT,DRY,FAILING TO REDUCE SPEED TO AVOID CRASH,1.0,37.5,1.0,0.0
17b914b1f63e4f88cf5ba2adef34a8a47cc32619e3f3cd2d870242bb1e595cbbfe69651868f4365adfacc60f7515fd8e51724f8fef98c842f14783775e017bc7,CLEAR,DAYLIGHT,DRY,FOLLOWING TOO CLOSELY,1.0,37.5,1.0,0.0
17b946ef774aa66040efb01096f8dc8b50031756cf11a3e165394322aa8dadefb4cbf8d9ee41de93894e63d346bff42cf732e5dbe65b1b10c82bc2b2b17e0710,CLEAR,"DARKNESS, LIGHTED ROAD",DRY,EQUIPMENT - VEHICLE CONDITION,1.0,37.5,1.0,0.0
17b968c4a2bb44d758d10807afadd590c72baf217cd4e0b5ad824fc55a904865c74d32407c06b89a6f51f08cffc9e1bbd1fe82cfbc1d8278318642cc7d58f083,CLEAR,DAYLIGHT,DRY,FAILING TO YIELD RIGHT-OF-WAY,1.0,37.5,1.0,0.0
17b968f4dc02a3f33af84ac57a5f2fb573e1dd290a7820af5b5079f6398fce35a2e94cd435c511995e0f2ab906af988a287ed1da5fb87437a89043b888edef9b,CLEAR,DAYLIGHT,DRY,DRIVING SKILLS/KNOWLEDGE/EXPERIENCE,1.0,37.5,1.0,0.0
17b97f1d6c4a2b962426d06035728dfef975e6aaa01ab446ca1e21795b8a5d27dd656da23d2c8fd49215587cdb3987cf52f1197d561c2b90b558334a2045eb62,CLEAR,DAYLIGHT,DRY,IMPROPER OVERTAKING/PASSING,1.0,37.5,1.0,0.0
17b9890ff9b56a4393d4542408c9f37bde2f37620fe1fdd2c01a0abcf6d70e6427bc16c926f93b83d221bf47a8855932a98b1145a61f3ba9b1730cd181d37cf3,CLEAR,DAYLIGHT,DRY,FOLLOWING TOO CLOSELY,1.0,37.5,1.0,0.0
17b9bb1c0bee9b615ed9697f2c0c8819f028e524822980ac5eac765bb912ac45b8cd180fa2de1f19d1df10cfbd3de6fe9683ac70cdc27d05ee7042c89e0163fe,CLEAR,DAYLIGHT,DRY,IMPROPER OVERTAKING/PASSING,1.0,37.5,1.0,0.0
17b9be243b979b16902bb545e2173c60cce69d52e883552ccdbbf726d25849aa347a74b20005034809c8283fd6a61456de48eff3e622afb7d6872a9981db67a7,CLEAR,DAYLIGHT,DRY,FAILING TO YIELD RIGHT-OF-WAY,1.0,37.5,1.0,0.0
17b9f309855728f4dfb3bf2f3283b215d717c98780c0fe1d47301f712bca07dab104bdf488d6b75807265429e086ff63c2c9db285ec545201921f42aa8751948,CLEAR,DAYLIGHT,DRY,FAILING TO YIELD RIGHT-OF-WAY,1.0,37.5,1.0,0.0
17b9f73f3e2430a110fb0f9393038ff3330b08ec34d07ec3b77a7dfc9088e5933d109b85af720ce630c125aa418153530f90df500093ac27a92b53fadb15c0ff,UNKNOWN,DAYLIGHT,UNKNOWN,FAILING TO REDUCE SPEED TO AVOID CRASH,1.0,37.5,1.0,0.0
17b9ff3238ad2950d559f3fd744d74ce6d6662969047150727f8924e2f64f4236663c6414748efd5fe94a69cb0ecb045bd042cc277353bae07e0d09181b66c8b,CLEAR,DAYLIGHT,DRY,FAILING TO YIELD RIGHT-OF-WAY,1.0,37.5,1.0,0.0
17ba302711085745ddcc43d2949fe9c6b5331a881976cb55772ef60149a54242c39fc8097414f0d0bfadd2814090be88b31a206241d0cbc24a78d0f1069c1bea,RAIN,DUSK,WET,FOLLOWING TOO CLOSELY,1.0,37.5,1.0,0.0
17ba6d6978a7b9d06d73485d304516428e7d299a8dfdfb4afb0e01810dd692c9747d812b4b5608a50a35e79f0d5d0bd4a03f765229f58c898cf42d3fd9eb8967,CLEAR,"DARKNESS, LIGHTED ROAD",DRY,FAILING TO YIELD RIGHT-OF-WAY,1.0,37.5,1.0,0.0
17ba7f3fe379aaf19f86939003660f1b5e94c1fa1daea2db1725e6c4a488096c2b68d02c53ad9fda0cf7a4401c484de7ca3f6f5cfb38dd045e096c9dd4f55aab,CLEAR,DAYLIGHT,DRY,FAILING TO YIELD RIGHT-OF-WAY,1.0,37.5,1.0,0.0
17ba87cfe138603bcebdbf40d38415e28f602c5f689cf996efe1e3318e97b3c6cc37dec25acf9c2979b007d86012247f19416097213f130a7c3dbca4d127d4cd,CLEAR,DAYLIGHT,DRY,IMPROPER TURNING/NO SIGNAL,1.0,37.5,1.0,0.0
17ba886fc819afce8034c2dba46e84a7e717d933527505ff71d9fa5fe3c9590fc79b23a04d40a46c4d6b79c31c923d83ecc77b1698a46b37aa4977dfb10a79ec,CLEAR,"DARKNESS, LIGHTED ROAD",DRY,DRIVING SKILLS/KNOWLEDGE/EXPERIENCE,1.0,37.5,1.0,0.0
17ba94c4dae371c9bbea760792342273b3c102ba4587623c3c140b6a26eb1d5fb011ae64d7c45ce65191ef33f6c88b570802d037cafe995cd3a9782a00a586ce,CLEAR,DAYLIGHT,DRY,IMPROPER BACKING,1.0,37.5,1.0,0.0
17babded6fbdb8ac203d06031eceb6b5615dd8a44d2ffeec1e475c0054c65e48aec1afdd453b0207f02d0c3a05556272d07c3ca34f2889d1cadfef24c458a6a7,CLEAR,DAYLIGHT,DRY,DISTRACTION - FROM OUTSIDE VEHICLE,1.0,37.5,1.0,0.0
17bad01b96f88972c88844c0905ba4e3b6f75c7d745fcbc1f3b79331b719dad0cce209b91001d39ed8432dd1259d06da33d96bafcd1dea713ef3e7ea93cd3c90,CLEAR,DAYLIGHT,DRY,FAILING TO YIELD RIGHT-OF-WAY,1.0,37.5,1.0,0.0
17bb2abc5480bf07c9694d826d9dcf72fada028b503fe03a2d6afe803e386ef72141b4765bd90ffdbe4937fae2990d362c1999c59154733b148bd2440a6a1409,CLEAR,"DARKNESS, LIGHTED ROAD",DRY,FOLLOWING TOO CLOSELY,1.0,37.5,1.0,0.0
17bb78f1e8ea1477b8c69de53bf5b94cdeee256d1fcadff717bf78d941e101f30cbf4527c607b2dabb1da3dfaffef6bd983c8852c18122660a3ac8963f2547de,CLEAR,DAYLIGHT,DRY,FOLLOWING TOO CLOSELY,1.0,37.5,1.0,0.0
17bb9653dfd61c06086084a998daba3812c2580ceaa3848be637e9a92172982e8fc0588568bd0dd9f09ea2a6358f3ef19d37afbf72215b2eea4f2dc4ba0c91b6,CLEAR,DAYLIGHT,DRY,IMPROPER LANE USAGE,1.0,37.5,1.0,0.0
17bbabc19c0f8acff47d9da3a55e672cf6ab0564eb45b8435c994511925ddd8af5fab90202b3ee2af020e9be5a35337bcd620764f9e2c6c1bc532b8a3c192d74,CLEAR,"DARKNESS, LIGHTED ROAD",DRY,IMPROPER BACKING,1.0,37.5,1.0,0.0
17bbcafd540f88ff0e1e09b688d792a3ee191547b7cc8b4a4bc79ee7c9981b952fc95820ccc08c270b03a8383d32d85f3795e03e92ff3d96cfdaa6913c3af8ad,CLEAR,DARKNESS,DRY,FOLLOWING TOO CLOSELY,1.0,37.5,1.0,0.0
17bbd484cbecafbabb738589fe25da4c4c5c4e8a5b8db41154074763187f02a49df98b77f2e687b1008b3eb227d1479f529c1b13ec09ca2d84c287ec1e9fa0a3,CLEAR,DAYLIGHT,DRY,IMPROPER LANE USAGE,1.0,37.5,1.0,0.0
17bbe051f14a3ef41e46ef30cea79e12b56c1b2df16b55249593a79bc6b426e302f43d9e0ef8e73f1bd8634ff2080db12a45d43d7e807021e8c68caf0fb9e3c5,SNOW,"DARKNESS, LIGHTED ROAD",SNOW OR SLUSH,IMPROPER OVERTAKING/PASSING,1.0,37.5,1.0,0.0
17bbe50fed88936286136facff9a234d54ab708bb86dd80cb5fd47568a7cade127311909412f0f762aadb6be7433b036a27167f73a938fae96554bdc6349a3f9,CLEAR,DAYLIGHT,DRY,FOLLOWING TOO CLOSELY,1.0,37.5,1.0,0.0