crash_record_id,weather_condition,lighting_condition,roadway_surface_cond,prim_contributory_cause,total_vehicles,avg_driver_age,total_people,total_injured
17bbf41196e0c44d3cd486b8a0b362e5f322c6dcb734df38153cbe04f65145a2c43a035cde7a0e6a9b77faf90117f5f9826533ee7a04d532ee1947590a1005f9,CLEAR,"DARKNESS, LIGHTED ROAD",DRY,IMPROPER TURNING/NO SIGNAL,1.0,37.5,1.0,0.0
17bc1514f8f1750894ce760abf67e044c8d7d02da0f63c4dcb85d97df13530dc4290ce89cbc4c29936787193fd71c156413499580b43556ad72f572835ae4058,CLEAR,DAYLIGHT,DRY,FAILING TO YIELD RIGHT-OF-WAY,1.0,37.5,1.0,0.0
17bc3590ddd2d8602b2f81d9f00317e1a45d52d6edf4ad9817440e84075ac8a043529f0d756e11d3970eb54f85cfdab0344d73c495a31cbe8784c17d47a9d928,CLEAR,DAYLIGHT,DRY,FOLLOWING TOO CLOSELY,1.0,37.5,1.0,0.0
17bc5e103b08648782ae00b53fb89e6f7e70c8e33ff0b6efa5bc08a3183edaba4fd23524077e0782abfa1dfcb0c58793eb4386b9e2b7dfff4c26e1ac4e159af3,CLEAR,"DARKNESS, LIGHTED ROAD",DRY,FAILING TO YIELD RIGHT-OF-WAY,1.0,37.5,1.0,0.0
17bc6ae8c6f0d65fbde060398948797fbd0c1aebf05091002f022eb2f9b2b0473cd9362458d64e6f120f310451b09cc4b9c0a0d70ca0469b1c32cd6cf47ab6ae,CLEAR,DAWN,DRY,IMPROPER BACKING,1.0,37.5,1.0,0.0
17bc791e34a3e5c73fc7b35763c20a604b1fcfeeb41a20a033ed7c680abb7ebd767acd3615a92d1bf6d809681933ce600798eec00d3142c1e9065689b2aa653e,CLOUDY/OVERCAST,DAYLIGHT,DRY,DRIVING SKILLS/KNOWLEDGE/EXPERIENCE,1.0,37.5,1.0,0.0
17bc7b78ecbc38a3b0c3c10f6e04fdbe038631484c5783e369603f83cef9e98a51af4388270aec89e21f4d174817f88847e93f85511bae16d5dd324e5c0b02e8,CLEAR,DAYLIGHT,DRY,FOLLOWING TOO CLOSELY,1.0,37.5,1.0,0.0
17bc8d395bb85107001925688d1c755bf817fd2d299b6e09cc2c333f0778fdc7741516d4c0b7a50006853e75747d342bde912e8fc95ea19a0a354f68c6c6942e,CLEAR,DARKNESS,DRY,IMPROPER LANE USAGE,1.0,37.5,1.0,0.0
17bcab20d4c9b9887c37d61146bcfa6b930fa76473544973829c908e923e68259821cce4bb3ee128a6941acde85f2514a770f2bc9ef7c8287a3f08c25fca1eca,CLEAR,DAYLIGHT,DRY,FOLLOWING TOO CLOSELY,1.0,37.5,1.0,0.0
17bcc67a8df41277f786bf19d4dc088bc4ecb1e04f02e49f277b39ddb161dede41200eebc23080f8d2aa9fe97cdeb53566aa12cf7370f27c9cc72a411d9cdc27,CLEAR,"DARKNESS, LIGHTED ROAD",DRY,IMPROPER BACKING,1.0,37.5,1.0,0.0
17bcdb519ae358bce493b86c74447aa3e62d7e77d720440bba6ee146cd282f4880e2fa52b93aa5d26c901266d496006d36efcfd2c690a00cc54c66b5353bff06,CLEAR,DAYLIGHT,UNKNOWN,IMPROPER BACKING,1.0,37.5,1.0,0.0
17bcf14bcce7b7d064e1ca66a363d9eede114fe0a3d5a5fbf574fd8cc099fa40ebada1475cfb11bbf86e6c8f8c2210ae1bb40e89d55a94d0e44e0a3d1f533a33,RAIN,DUSK,WET,FOLLOWING TOO CLOSELY,1.0,37.5,1.0,0.0
17bcf6b2081fecb28e4ca50c818ebd2c4162871096ed06ae1b4948226b779169d1ee375fbcc8a098dee08ea7218be2a1ea3f20dcee198914b69de99fe00fa5ac,CLEAR,DAYLIGHT,DRY,FAILING TO YIELD RIGHT-OF-WAY,1.0,37.5,1.0,0.0
17bd0ee8c91b5a52e6b8bdb090d7a6423779e685909c63d9e0ccc2e00d1879705907dd5c2506b4346d511cd7a5131a3c095d39aafe8c34a53d9e2baaac87b16c,CLEAR,"DARKNESS, LIGHTED ROAD",DRY,IMPROPER TURNING/NO SIGNAL,1.0,37.5,1.0,0.0
17bd528086fa230de318c01eb69899c3cda4bc39cf66e1e90e2e8535f9aec6aa315c72e7207ccb3c5addc53d2dd8000e5e2c2ec8384fa6595e4786a286938b99,RAIN,DAYLIGHT,WET,IMPROPER OVERTAKING/PASSING,1.0,37.5,1.0,0.0
17bd924945248239c9e0bfef9d6a74c9a928f9e2674428cf7870a5a285ed397f8197650457817b723843028cca7ab9a548c149d1613b2496e43ca21d89c5ab0e,CLEAR,DAYLIGHT,DRY,IMPROPER OVERTAKING/PASSING,1.0,37.5,1.0,0.0
17bda4cd36ddd6d263b4252fe5fc8478bf8d78e66ed33fdeed012d0f809358b72950b47a61776b37e878f860ef6cdf02f11446dd816d4a0f347e6dbe30bf7c86,FREEZING RAIN/DRIZZLE,DARKNESS,ICE,IMPROPER BACKING,1.0,37.5,1.0,0.0
17bdb4339ab730e9b7842ea28cd75fc9af985d905b60da172cf941ea6377627d290bb3ae5a5aadd857808a636d8358ace673a6580d5d599785e5e17d5f1c8e4e,CLEAR,"DARKNESS, LIGHTED ROAD",DRY,FAILING TO YIELD RIGHT-OF-WAY,1.0,37.5,1.0,0.0
17bdbc08feb9266bef4166d05bf3dd93e164299bcf35acd1ffd1cadedaceebf17292dd3a5f7e6daf670b2d45232ca89a368359a285178a0ecaea8fedc8180eb0,CLEAR,DAYLIGHT,DRY,FOLLOWING TOO CLOSELY,1.0,37.5,1.0,0.0
17bdc6c8daf17a8ce0434dd548823db2220c97350164bf7a26bbab28c621aff32be4d87520668a7bb4bd81b108650e77405830c448e0314a6988136189b03d88,CLEAR,DAYLIGHT,DRY,DRIVING ON WRONG SIDE/WRONG WAY,1.0,37.5,1.0,0.0
17bdc8090ec5c8a1c5be98dc731f6ae6ea04e84041758cc9aa0400f80e2c321023398519ef9ff85cd77d073d14dd567a9c40d8142fac7b4c566a8c7a9a4c1b1b,CLEAR,DAYLIGHT,DRY,IMPROPER OVERTAKING/PASSING,1.0,37.5,1.0,0.0
17bdccc569688284dbb4cd1ef3fe201defcf7aa316dd8082644cbd7c4181a64d80e32e59c672f271adbf5bb713c0397c7b8f7d7ff394177a7e341d58544dc50e,CLEAR,DAYLIGHT,DRY,IMPROPER LANE USAGE,1.0,37.5,1.0,0.0
17bdf7f06b4d5cfa3e8d799d48be3f482fc06a8d80a5d8483097b95c74be5d90add04e078639a0734ebf104e5b5c1dfe4896a2249fc30c12218994455b59f22b,CLEAR,"DARKNESS, LIGHTED ROAD",DRY,FAILING TO REDUCE SPEED TO AVOID CRASH,1.0,37.5,1.0,0.0
17be30bd0c2cc43a84708733b13af7d7b1e750daf2e01b63011f2eeb3305f41ba513086fcf6d834ce0a405e1bcf97f20340a3b2c4b0d82f66d804ccc548d432c,CLEAR,DUSK,DRY,PHYSICAL CONDITION OF DRIVER,1.0,37.5,1.0,0.0
17be551a815b472b20cada515fd4f8827d28f7abc3d77c53aa9215447f9a23e829c8f8288118f55ac48f853a1cd9bffc94f749410f2d9e9e2b398bc02663ce34,RAIN,DAYLIGHT,WET,FOLLOWING TOO CLOSELY,1.0,37.5,1.0,0.0
17be6e267f2a81965a0219d7da973fe609f205669d695f1770d85c51782e55431af71aa0a4ef0d6c22a0304f40ff1ea3625f3ccf9ebc5d22080e8fd6f50e78a4,CLEAR,DAYLIGHT,DRY,IMPROPER LANE USAGE,1.0,37.5,1.0,0.0
17bea9b2ecf557be5bae0299e7b263a41ebb0bab926fb0045c81c7202d9a2cc5cfe1cd57371f592719cd9913af00cf35d0aba1df8cf0d3aefa51fdacaddd997f,CLEAR,DAYLIGHT,DRY,IMPROPER BACKING,1.0,37.5,1.0,0.0
17bef75b8fcd73b23627ff491fd0241b469808bdd3bebab46e57965b21dfdec5ac7adebf5c1337c5d195347820b526fbc23ef905cb80e2b20c4ea5c86072d594,CLEAR,DAYLIGHT,DRY,FAILING TO REDUCE SPEED TO AVOID CRASH,1.0,37.5,1.0,0.0
17bf0b92d4427398f27ba811991963184f0de1f6109dc89c9f54e2c7fdaed89f3fddad4a8072688951c862c9e1b04ba1f4541c4c3651abc75b45bcaa2095d344,CLEAR,DAYLIGHT,DRY,FAILING TO YIELD RIGHT-OF-WAY,1.0,37.5,1.0,0.0
17bf21b93fa3bee82576fba131088ab10165d31017558d4914308ab78ec9553874f72b96b05e86e19c2d8bcffaf2a17d180bba628770549b0205dace82e407dd,CLEAR,DAYLIGHT,DRY,FOLLOWING TOO CLOSELY,1.0,37.5,1.0,0.0
17bf228f379ad47c334f4a6387528827a0a913a445d00b24bab1acd3dd3d4968b527d82f7194bb2772ad40f6ec1b0e982043b3b47140d6f1a62a131930f85f55,CLEAR,DAYLIGHT,DRY,FOLLOWING TOO CLOSELY,1.0,37.5,1.0,0.0
17bf30b7192ad9f49789b1053b51cc671cf7002fe1158fc7e7c780156f673a739a5490e35648938aa54709d4165d48666fdfde08e7a23fcbd48e1fd2e4e18b9f,UNKNOWN,DAYLIGHT,WET,IMPROPER TURNING/NO SIGNAL,1.0,37.5,1.0,0.0
17bf704ce8b0d51206436ab7c2a3191c806295b132f232dcecff110d21060ce60e0a321bd2a1735b93fae0f70d3f994974debbcd21397209818d3d007c5197b8,CLEAR,DAYLIGHT,UNKNOWN,FAILING TO YIELD RIGHT-OF-WAY,1.0,37.5,1.0,0.0
17bfd3bbccd4397e4b67833329d50fb1c60cff94f20c777e0e4b7f8b3e1388dd3ce8ba105ca7090670242d4a8e1dc3f9b85535e30c912084e6a05958c84a47d5,CLEAR,DAYLIGHT,DRY,IMPROPER BACKING,1.0,37.5,1.0,0.0
17bfdb6a8281361cb9b40fa969e50bea8145aa6180771afceddc796865a2f75f8dd8669de9c043311a61ecf7b673a82c0aea9746138dbd4fa280fda3f72ab8e7,CLOUDY/OVERCAST,DAYLIGHT,UNKNOWN,FAILING TO YIELD RIGHT-OF-WAY,1.0,37.5,1.0,0.0
17bfde1cc3691fbea19ec70b878c06eb369c1511ef92ba66540d8ba7b8c1a49d63e9f6e112e7726901acd7208ae5d0bf0b15248fc209ab2f1a484b36e4d5dcb6,CLEAR,DAYLIGHT,DRY,"OPERATING VEHICLE IN ERRATIC, RECKLESS, CARELESS, NEGLIGENT OR AGGRESSIVE MANNER",1.0,37.5,1.0,0.0
17bfe61a31c4e40467736beeeca58a9618936c955d987bce7c5dd1661e3eb63d83066921e359ed937db66d0e62490c8a8649a53e909e5ce2a7b5962f2a2d7219,CLEAR,"DARKNESS, LIGHTED ROAD",DRY,"OPERATING VEHICLE IN ERRATIC, RECKLESS, CARELESS, NEGLIGENT OR AGGRESSIVE MANNER",1.0,37.5,1.0,0.0
17c032ff760d1136d34b0496609da4573370bb824ccd503c8879d916578fbf44dbadd3f44399c3a1ba4995113524cdee19405b35870b74aec8d873f568a23987,CLEAR,DAYLIGHT,UNKNOWN,"VISION OBSCURED (SIGNS, TREE LIMBS, BUILDINGS, ETC.)",1.0,37.5,1.0,0.0
17c043cf7cc8425bd4e45136b1ad2bc08e8dfbbea1fa317fc3e35949364b4f32912e7055e7ee625e8d9d108e514b5c1218f45ebd6abfe526d66d5e0f3f07c408,SNOW,"DARKNESS, LIGHTED ROAD",SNOW OR SLUSH,WEATHER,1.0,37.5,1.0,0.0
17c0747dd64c52cf7ee1d2db3763cc0b5177bfdc5fd5837ef7a8a932f318f31fc64a74ac5705e4f657082eabda44302d8d13f1dfb7560e857117b8ccd9c1db58,CLEAR,DAYLIGHT,DRY,FAILING TO YIELD RIGHT-OF-WAY,1.0,37.5,1.0,0.0
17c08dcccd6f5d8d75d6e45c2cb398897ad89a6f5a78bef4110d3efb867e5324c4a0cbdd954a8a4912858fd7f0decd98d579b904be55bf21bfdb540b4613e051,CLEAR,DAYLIGHT,DRY,FOLLOWING TOO CLOSELY,1.0,37.5,1.0,0.0
17c0c7e8d93661d3f4fdb243ce8dcb1cd3020ce13acd14710340300d0f41ff872c0634d9afdebe32d2450d9ea4473baf01341a7d2bd8e21ccbfbbeb16a5349b6,CLEAR,DARKNESS,DRY,DRIVING SKILLS/KNOWLEDGE/EXPERIENCE,1.0,37.5,1.0,0.0
17c0ea98082cf3a1677551dcdc36b1b8c3b28cd37d5720a68a07f0cde6b09aad964500296be24e9f1bb12073028236249827aa02ff4120338dd96a56be47aaad,CLEAR,DAYLIGHT,UNKNOWN,IMPROPER BACKING,1.0,37.5,1.0,0.0
17c1085e72f64d6099c26f7f266d17165bd165ba936614bfc373842efff19fb7d65e2a61f9c92a7b450be7c1c7d19f5c6bceabba5ccc0fc190ca2de955844790,CLEAR,DAYLIGHT,DRY,FOLLOWING TOO CLOSELY,1.0,37.5,1.0,0.0
17c11a023273f554f16c021c615419e0ca8c5924403afb664397ad00bce3c5f87917a0380b1e1eb19b3f4e67289b310bc6aac6fdbe5a9696f21e9ee4b5d6c553,CLEAR,"DARKNESS, LIGHTED ROAD",DRY,DRIVING SKILLS/KNOWLEDGE/EXPERIENCE,1.0,37.5,1.0,0.0
17c121180fc086b5066355c9339a083c005d38fd972c8ec87fb1029274a3a741d80c17df8a14805f772d7212708180f4c3e65d2f744ad0c62881438d877d458f,CLEAR,DAYLIGHT,DRY,IMPROPER OVERTAKING/PASSING,1.0,37.5,1.0,0.0
17c126d7d85a3cdd8a9fda3cbbc4b4a233641bd9163e08d3d39fd24fc49bead07ffa6b1359cbea9b7f86e947f94c09b420c4412e399606cd8a42860a55fc0ae0,CLEAR,DAYLIGHT,DRY,IMPROPER OVERTAKING/PASSING,1.0,37.5,1.0,0.0
17c14af6049315d43e582abc22a066b96ad854bea03271e66b92cde23a418c772cbf69c492b85df07e01101fe6b0885c1d3adc91f7e8dd24d168aa8df3933165,CLEAR,DAYLIGHT,DRY,IMPROPER BACKING,1.0,37.5,1.0,0.0
17c16e596a831c8fc2becfe154ef4f400ba5f21868fbfb236f80a901d8860441af182db882d3bb3cfc50c02dd91b3adc609685de1ac29d3924c884e0485e2329,CLEAR,DAYLIGHT,DRY,"VISION OBSCURED (SIGNS, TREE LIMBS, BUILDINGS, ETC.)",1.0,37.5,1.0,0.0
17c181ec0be1425e7aa0f26305cb903eb4e525bd81494025d150d6f0dffad65690be4184de382f4f6920d1e1b71fd174105321bce001ee4f907486f0a084e3eb,CLEAR,DAYLIGHT,DRY,FAILING TO YIELD RIGHT-OF-WAY,1.0,37.5,1.0,0.0
17c1b16a47bed0e8a57e30d7a96a9c1cac6ac77fbd567cdb5ebe4217813f2f60d63296eb854a6aca40cf1ce4dc90ef0a8441f9fda38fd867c90101dc2bcf8f77,CLEAR,DAYLIGHT,DRY,IMPROPER BACKING,1.0,37.5,1.0,0.0
17c1b5b448713f228488521ae9c6aae37b8890362f3e3730601bee27d9298d7e88ad425fc352740967bad60c85873478fe1e0ee24f72945d261592e390f9daae,CLEAR,DAYLIGHT,DRY,FOLLOWING TOO CLOSELY,1.0,37.5,1.0,0.0
17c1e86730e6bf50c6848e790346ce74a62ee99a280033734f39759d593fce4aeb6c1708de648cfe2e30cd51f42f84acf474263ea2ceb1cf628a1677f4551866,CLEAR,"DARKNESS, LIGHTED ROAD",DRY,FAILING TO REDUCE SPEED TO AVOID CRASH,1.0,37.5,1.0,0.0
17c204d283ea479cfaab5a893bca6bbc5c0cba6ab7a1f782d2033ad0ca549fec7a64bf45c7a9fb0581aebb3b0cdf378667a828bb9b0e081127457fd7c476f3d1,CLEAR,DAYLIGHT,DRY,IMPROPER TURNING/NO SIGNAL,1.0,37.5,1.0,0.0
17c240fc1d99cd9de52c35485f7f638118ebae570edec637ba42c8144c33ef0c2a4a6103b2a6d452551624e6772c6bf6be295ba045da791dbd3cfb77a06d6fff,CLEAR,DAYLIGHT,SNOW OR SLUSH,EQUIPMENT - VEHICLE CONDITION,1.0,37.5,1.0,0.0
17c262b9a1e503c729fb6b5b4ff91d871548fd762b9834cff6cd66dcde66888476a7a5fc7ddbc8b43c9c9fb4379fd2234ce01a10fd38bc9337728e14fd364603,CLEAR,DAYLIGHT,DRY,FAILING TO YIELD RIGHT-OF-WAY,1.0,37.5,1.0,0.0
17c29ec400a4e499b7c06992a5b944dc73b2c9a1abe78cd0adf6ea139275397e0ca5b66a0ceb42167cea6ebf9d1d4467ef62b25528ddce66682bad5d8c373e67,CLEAR,DAYLIGHT,DRY,FOLLOWING TOO CLOSELY,1.0,37.5,1.0,0.0
17c2bbfd600ebd037043d23a6d996a61a81f3de5954c1ca074a08eb7d23da72378052be4892fe4cd038eff1c23141174329ccb5d4525034726214ec531dfdeca,CLEAR,DAYLIGHT,DRY,FAILING TO YIELD RIGHT-OF-WAY,1.0,37.5,1.0,0.0
17c2d6ec741ff2ee8e32e361c251534828a172edaacb25190cf92e4b9632c57735b5d99462ed073c60237c9c29869421388a8b54251eb4ec47b962badbb7e4a8,CLEAR,"DARKNESS, LIGHTED ROAD",DRY,DISTRACTION - FROM INSIDE VEHICLE,1.0,37.5,1.0,0.0
17c2f2e76480025d3f98c712631818d8109c5ce923d698c5d176e5ab7bac5bcc21f0c161cb1e5969edb96043a4598cd663a38df14298fa41f5553a507dc0fde0,CLEAR,DAYLIGHT,DRY,FAILING TO YIELD RIGHT-OF-WAY,1.0,37.5,1.0,0.0
17c319f09e111a49265138441f8ff7f955e6aac71b87bcbbbce2c3af800d089089638c3c109ccb7d07625ae07cbb0538ccffac9cf8949856ea70ab04390b1cd4,CLEAR,DAYLIGHT,DRY,FAILING TO YIELD RIGHT-OF-WAY,1.0,37.5,1.0,0.0
17c32ab74a65b0c235fdd89c57a706c3a4a5c0884268d2f4a9bc8fd8c52708ebed2666292a7334b145f91c464f9f6ce39a9b9bf3956959f485938990af13107b,CLEAR,DAYLIGHT,DRY,FAILING TO REDUCE SPEED TO AVOID CRASH,1.0,37.5,1.0,0.0
17c33b52c3bd514beb9f20376c3485c7de983b05e58b2850a0bce59a7cac76e2d11243e61a92f344bcbe97628b3d67d8f6a42ee6134f2874d881d87a22f59e7a,CLEAR,"DARKNESS, LIGHTED ROAD",DRY,IMPROPER BACKING,1.0,37.5,1.0,0.0
17c33bed82a617eedc400dbd70e609ae47a23a1f119ce40f9c1d18adf7ba2e79e08e1008cda57adb6111c1391925bfb7c84e186389847dbc305e4900325ea44d,CLEAR,DAYLIGHT,DRY,IMPROPER OVERTAKING/PASSING,1.0,37.5,1.0,0.0
17c36959484890a746e9ceb15d3ab176f700908bc599cfc22daecb983945e5842c02cb35f0d20cf514d76efe97810cc0f909f522ff506ef14f65f4c434b9b29c,CLEAR,"DARKNESS, LIGHTED ROAD",DRY,FAILING TO YIELD RIGHT-OF-WAY,1.0,37.5,1.0,0.0
17c379d70d4c7745c397bdbc6d7228f710fa91e1a8e26c96eeee69cb7915feaaddcd0dc470b79d07f985c97c3b88712e85bf4ad154586404a2635e885253095e,CLEAR,DAYLIGHT,DRY,FAILING TO YIELD RIGHT-OF-WAY,1.0,37.5,1.0,0.0
17c38c309b32be91d37bbbc3c1475ca0efc57c7fe054a039ba5524e498d044f0c7f84694d6943a31c2dc30f0de8090fd77ad4cba7df6ba93ae1856b10adf2cef,CLEAR,DAYLIGHT,DRY,DISREGARDING TRAFFIC SIGNALS,1.0,37.5,1.0,0.0
17c392c1acab2708fedb0c6f965245f6e1acb8fec90e92533ecf1ea65d5b6f675f6a29bbefa6e4e103381cb208b3922f697ef1d98c813e8ea26bf9105d960a4b,CLEAR,"DARKNESS, LIGHTED ROAD",DRY,IMPROPER OVERTAKING/PASSING,1.0,37.5,1.0,0.0
17c3ad5eda03471d14aac5ea794709c41bafacb1a712900fc1a4f2360cfd0dd06d238c5c19a2e52acd90d18e78f411993609e96781df0695e22094ae8fa5fbf0,CLEAR,DARKNESS,DRY,DRIVING SKILLS/KNOWLEDGE/EXPERIENCE,1.0,37.5,1.0,0.0
17c3b575a71d75d4a65510d37f08d5b63519b5b43858727ac4c8279be7c3b73310065f400222a3111b79d5cf413e5d21837d3e7e786d72c944618d7309b8919f,CLEAR,DAYLIGHT,DRY,FAILING TO YIELD RIGHT-OF-WAY,1.0,37.5,1.0,0.0
17c3bd795d9e93200814471f9624fbd0f20e57c5b021075937a23d3dc27378daa3bd1064a9b0a73e4df7b77a3a41b5ca274d26dc0ba8e1f28fda791f65de4196,CLEAR,DAYLIGHT,DRY,"OPERATING VEHICLE IN ERRATIC, RECKLESS, CARELESS, NEGLIGENT OR AGGRESSIVE MANNER",1.0,37.5,1.0,0.0
17c3bdb6ead76111e879b1f63c2165489954984f337364e7c1ddb18032f2bd16fdc6aba2961c19352e8cc926c10f61ba489121f3e0b871a553fd046e355e2eb5,CLEAR,"DARKNESS, LIGHTED ROAD",DRY,IMPROPER BACKING,1.0,37.5,1.0,0.0
17c3c25a5c4aa0cecb6071538ab8b1ec304ba46e553af368803f5a40022d105902b245400548615f0e5f289d77a2eb76db6926f570f3bd2e327d42c6b9ca9fc9,CLEAR,"DARKNESS, LIGHTED ROAD",UNKNOWN,DISREGARDING TRAFFIC SIGNALS,1.0,37.5,1.0,0.0
17c3ec7edab729dd29f22889fe9757482f01da370fd1a656cb717210819f215e6722622ea94aa50f40086d9c4cc40835cc5d663d52597ce0ed07f40e90b759cc,CLEAR,DAYLIGHT,DRY,IMPROPER TURNING/NO SIGNAL,1.0,37.5,1.0,0.0
17c40c0beec95e16b1868a9df4e95577ba1ba791515e9fd29bbd7a7a826113f4cb55a3b06d50a7c7e92da9acd19167bcc4a1b14ceec32812fcbd1b0f450283cf,CLEAR,"DARKNESS, LIGHTED ROAD",DRY,DRIVING SKILLS/KNOWLEDGE/EXPERIENCE,1.0,37.5,1.0,0.0
17c455fd637392c720d0e7ab56847b4d4d746bed03af550fbbb84001157de04131caa66e7dd37e2ce76b35d0d1184440f536fd348baca4e03c44c606939bea48,UNKNOWN,DAYLIGHT,UNKNOWN,HAD BEEN DRINKING (USE WHEN ARREST IS NOT MADE),1.0,37.5,1.0,0.0
17c45fbbe304b2d52084ebc177d26735b1426d299cace5edfbb594539072bdb18c06f3b58a964dd257b849873ccc3891548d0a72163111b4c56e296e75377384,SNOW,DARKNESS,WET,FOLLOWING TOO CLOSELY,1.0,37.5,1.0,0.0
17c46ce4f7ffe04d00261a47f94976724b2a685e720c4fc9a2560b8bfb1a52cf21ca2478e34228a80383b14cec3d96b8925365667bb6a6d04e250300dadf85d3,CLEAR,DAYLIGHT,DRY,PHYSICAL CONDITION OF DRIVER,1.0,37.5,1.0,0.0
17c47d2b90169dcd25f0bc140180f7b6461aa0a9dfe44c501c8519962da174c4fb15417523130f02905ae3772e573897bc0066271cd69985ea7554104e10cbc3,CLEAR,DAYLIGHT,DRY,IMPROPER TURNING/NO SIGNAL,1.0,37.5,1.0,0.0
17c4eafd7a876561cf2fa9ec20ebea2c518d4b6e9bca0ff6d360b6316e4952b66051336175e07e67af238f7527dba861ec331f76e85bf33f6d28029d16aeac00,CLEAR,"DARKNESS, LIGHTED ROAD",DRY,DISREGARDING TRAFFIC SIGNALS,1.0,37.5,1.0,0.0
17c503635055e79a3ed0e65ed70f77fde248314b2ab07df3b71a2ca43ae0121be455eebd2ab99ee167aa204df301781c547be58a52dbebbf75195fc07eb59d66,CLEAR,DAYLIGHT,DRY,IMPROPER OVERTAKING/PASSING,1.0,37.5,1.0,0.0
17c51f641f584d8d5f0ac0d77bbc2a649dd1b46161caa418decab29194031f13398640c8778ef5ee30a2b7e917e6e5a33503a2d3e2bfde9625e4a74f16f4cc8e,CLEAR,"DARKNESS, LIGHTED ROAD",DRY,IMPROPER TURNING/NO SIGNAL,1.0,37.5,1.0,0.0
17c56839d270762c1767f478c78cc8144954699c4accfffdc11ce61985aa28ae5da60ebb79d29a6d1b8cb06e724f396b0b36ce29d6543dc059e810e28e81b33e,CLEAR,DAYLIGHT,DRY,FAILING TO YIELD RIGHT-OF-WAY,1.0,37.5,1.0,0.0
17c5a23edcf6980b74a44cbc1684aa852c5c9b348b77cc69ffc619dd1e70f53f0e0302035bf41b0f031a20f94b139d998dc7deef281e032b9836a29b5c501c07,CLEAR,DAYLIGHT,DRY,FOLLOWING TOO CLOSELY,1.0,37.5,1.0,0.0
17c5a96394b9e4a0a320e67dca889c393c96da7c9d616f13402fec83f9a8f6cafb1d1777a8449cb034791e658726a54ddbbd38055839323870ff91453147dff5,CLEAR,DAYLIGHT,DRY,EQUIPMENT - VEHICLE CONDITION,1.0,37.5,1.0,0.0
17c5bf12bbb56dedb542fe17747eebacdb97002e8b8613a15015099683c5cffc747f5d0a5924a9d69e5dfe6969c3eea06e6dca21bfeca9ff4442249b3977ddd8,CLEAR,DAYLIGHT,DRY,FAILING TO REDUCE SPEED TO AVOID CRASH,1.0,37.5,1.0,0.0
17c5e89a37e75eeb02476a2a7823610ba59b729dd6f9d8865d3dcd0507ad4db2257ec9ad6b9281b53117df5c8bbfc3efcb3f2baaa45969f2d93bb6df04f6943e,CLEAR,DAYLIGHT,DRY,FOLLOWING TOO CLOSELY,1.0,37.5,1.0,0.0
17c5ec5fbd4b4a2f47355531cad3cc0d105ed5dfe6c06b5f0c04639dda2903338e48bf792d74063e6e54fe77fccafb608e7a7204915563c3d0d4b11ef7da1bcb,CLEAR,DAYLIGHT,DRY,FAILING TO REDUCE SPEED TO AVOID CRASH,1.0,37.5,1.0,0.0
17c5f1f84a2e3b570e62b1a27c5fbcfb29963bc2669c46b035aa5d2d8dc9c403f7a37ee97329bee91393e9daa4325480fe7adcebc2bf0fba3e61f950c1f7e21b,CLEAR,"DARKNESS, LIGHTED ROAD",UNKNOWN,DRIVING SKILLS/KNOWLEDGE/EXPERIENCE,1.0,37.5,1.0,0.0
17c60d4ce665fda0f38fc9d848b6dcb3d68f9aa6feaa03f69ba6b45b8b3d934b566b013a8ad63c3b6e07550fe1151e2a371704275dff0d3e1a6271a9a4fdfb9b,CLEAR,DAYLIGHT,OTHER,ROAD CONSTRUCTION/MAINTENANCE,1.0,37.5,1.0,0.0
17c6355552b0a95da000e73e5fe578ec5019808cff6d0a61392c52c0b62bbf9bfb9f39133aadbc490c5d39ff8ae8502851e02c4f97dc40955a409ae16058dcc4,RAIN,DAYLIGHT,WET,FAILING TO REDUCE SPEED TO AVOID CRASH,1.0,37.5,1.0,0.0
17c65e7cb3eb55cf617bd6f43b874eeb40f83d1557406b9ccddd6e614b2c4c06eccff2fa157eb5e125c012c343f96622d119494f00a51fad38fa45c96692588b,CLEAR,DAYLIGHT,DRY,FAILING TO YIELD RIGHT-OF-WAY,1.0,37.5,1.0,0.0
17c66aaad83c81328d42c2233396e1f3f2c22221c622ccd5f7c0960b97260ad9f861836fa9dd46b968a5d5a4992bcefeec80dffb858f5ab6fcf205ed62850fb4,CLEAR,DAYLIGHT,DRY,DRIVING SKILLS/KNOWLEDGE/EXPERIENCE,1.0,37.5,1.0,0.0
17c6e5f1db0064cf21bbc761ceabe805ead34fba3a9a0aefbe7642f4af119d9d4386a9b23c1af6be9fdabeb326403a086cdc5f7163df67a6c4aecf07f6f13179,CLOUDY/OVERCAST,DAYLIGHT,DRY,FOLLOWING TOO CLOSELY,1.0,37.5,1.0,0.0
17c6eddf7ad1cb81d2163428f46cb26a3b976dd816f419a974b37d04e82980be22374bbcc9337d3e7221d87cac349f74f9c7b46714e4eb62415f5826e7816fff,CLEAR,DAYLIGHT,DRY,IMPROPER LANE USAGE,1.0,37.5,1.0,0.0
17c70c30dd105117bba4a2aa5df24053a92d452295afd99a3c8fbc1f87f3595590efe08f88ab86438bec830a1c2e2a9632df20aed2eedc2474b9785026b0a554,CLEAR,DAYLIGHT,DRY,FOLLOWING TOO CLOSELY,1.0,37.5,1.0,0.0
17c740c44ca036240a478063fb0826016ec97a83846b6a69beb078891b45482029bcdbb104eb5ba8f2a9f7cd420df70b3254074e3e819ef5d9ce5ae1335e8847,CLEAR,DARKNESS,DRY,IMPROPER LANE USAGE,1.0,37.5,1.0,0.0
17c7411393e3720b8824da9a13543fc227dfbfc0e6c929589251308e994856b408f86ca52d4ad2c4b8f3caaa0c3f44faa449fad960ee18ab6e74519ff2217285,CLEAR,DAYLIGHT,DRY,IMPROPER OVERTAKING/PASSING,1.0,37.5,1.0,0.0