crash_record_id,weather_condition,lighting_condition,roadway_surface_cond,prim_contributory_cause,total_vehicles,avg_driver_age,total_people,total_injured
17c74e68eba285f1f24b7f072ff74224cfe5ffea70a32521d6049e8b285d9c95441658c5c310dd3383a6e4ece2e0039d5e7a69c6ed63ebed75a0364b2747fc2c,SNOW,DAYLIGHT,SNOW OR SLUSH,WEATHER,1.0,37.5,1.0,0.0
17c768d7db5d442767e9fbcee98c1a25b1b65ab5e7a8ece7cf106157b1a9dc978415793f5c0ca58dc6ee11532d3824bcfe69f5b9890b19561c6d384402fd57f0,UNKNOWN,DAYLIGHT,WET,FAILING TO YIELD RIGHT-OF-WAY,1.0,37.5,1.0,0.0
17c76bc13dfda160c52aa3c50f363a90dceba9260536cc14b34fbd7fc9cd71a7a3c191a1fa083db56b8db9d3b99bb9e7df62f07168639c59e963804d87501f65,CLEAR,DAYLIGHT,DRY,DISREGARDING TRAFFIC SIGNALS,1.0,37.5,1.0,0.0
17c7733704a8dfba1c7928b55944ca95e1ded8ede596931f7e2e27541040bb000ffe156e11eb3a2519a72283135fcaa861177ca520ba8c97a325268c6ce02132,CLEAR,"DARKNESS, LIGHTED ROAD",DRY,DISTRACTION - FROM OUTSIDE VEHICLE,1.0,37.5,1.0,0.0
17c7851ca51143aee502c65a15a8259da3403d8a9eb2ac58778960760aaa26a618dd00aa722205827776b439366524431b268126fb9b427228982c36c8bd0bc3,CLEAR,DAYLIGHT,DRY,FAILING TO YIELD RIGHT-OF-WAY,1.0,37.5,1.0,0.0
17c7906ca9c8f1513be3308ecc782ca33949268ecf2a5daffc0eb53b26b60d983c926817fc05a4fae18afb04a8621ec47097423b6615dd039dec140f937a1400,CLEAR,DAYLIGHT,DRY,FAILING TO YIELD RIGHT-OF-WAY,1.0,37.5,1.0,0.0
17c7a9cbe91b1e9d9026b788d1e2f3125231329177d059dbf60abdef73d5ae04aa71836eb5c9be2fef7799cddb6aeeb0bf8454f449a9dcca8b66ceeee8e0f728,CLOUDY/OVERCAST,DUSK,DRY,DRIVING ON WRONG SIDE/WRONG WAY,1.0,37.5,1.0,0.0
17c7afb5eaefeb9d8cae5b9e15bc9e26be3a7be13d2360601698d5192ef4cb0c7e26c82966c4929d6c624aff3111ac6c9ee14ce777905c958ea5be8a67e302f9,UNKNOWN,UNKNOWN,UNKNOWN,DRIVING SKILLS/KNOWLEDGE/EXPERIENCE,1.0,37.5,1.0,0.0
17c7bf7c6fbd4f1ccbbe36ffe652e3f40b4078e4e74a830cc29508cb906984e980cb0aaa371c0bd6de19a46ece2da73da7a0696c644559d315ad45e5da7e8bf3,CLEAR,DARKNESS,DRY,FAILING TO REDUCE SPEED TO AVOID CRASH,1.0,37.5,1.0,0.0
17c7d229702549956d5871472c6336da836c539d57fb1bbe5599c8f01dd07198b3032c2cfe96b41deb3ecb5d12244f7e7440986fdc0cf48c36b85bf13c95bbcd,CLEAR,DAYLIGHT,UNKNOWN,IMPROPER LANE USAGE,1.0,37.5,1.0,0.0
17c80bfa46f73eae7e5a9f2d6ce95f49ac1918f21562e5c309d44a0382ebea28ec4ea65410b39fae3466455ef5b04293ed2042143988494bf37e71f677b5db59,CLEAR,DAYLIGHT,DRY,FOLLOWING TOO CLOSELY,1.0,37.5,1.0,0.0
17c825d276176bd7a033b23a697c5a2c15eecc048fdb8ceb1ada9de9ef213a725bfeb8cc655b3b147d980817ea006bd67d14a788c962ca2b2e1a73b692731d65,CLEAR,DAYLIGHT,DRY,IMPROPER OVERTAKING/PASSING,1.0,37.5,1.0,0.0
17c859c697a42378f70a5a4efe75be9791aa5201e858ce81f5e32adc93ed7d0aabf2aacf566f489192b57a4263f6c50ed58deedfa338f0e6b1f8e4dc7c171fb5,CLEAR,DAYLIGHT,DRY,IMPROPER TURNING/NO SIGNAL,1.0,37.5,1.0,0.0
17c8c1a8d59c7194bac773ce41515f5a57375094de69d57273bd479d535be46e8ab4614e1efdadbf27887f6b69d418b4e80cd79eff253694d95c80156e4b3002,CLEAR,DAYLIGHT,DRY,FOLLOWING TOO CLOSELY,1.0,37.5,1.0,0.0
17c8d2249c24e7d58cd707317b78b4bc2e448a90765ff1233f6b5c8f80402d4a7d7c4ff341d6bc97dc4f9b5a9c1ba557ea15193bd58aa0273abac3d18505df43,CLEAR,DAYLIGHT,DRY,IMPROPER BACKING,1.0,37.5,1.0,0.0
17c8d98e18c55c7f9496cc6307192ac971bb6d43612e24a542eb8756f150128a053da6ca5e5c9200d5dde430a968d6b07e5eb9c4a57c5a63e757cccaaf773fdb,CLEAR,DAYLIGHT,DRY,FOLLOWING TOO CLOSELY,1.0,37.5,1.0,0.0
17c8dd1239aae61658df1ab7b3e4eeb6118570a21079fd0ae285d696c6fde1b4d781382c63a3b30aa4c4cc6a190d85f54309022ab3f4d4a0e9fdfd469b775f8f,CLEAR,DAYLIGHT,DRY,FAILING TO YIELD RIGHT-OF-WAY,1.0,37.5,1.0,0.0
17c90c28998a23deed60c4d6155556fd63a9c01b1597dccc00c412a4aa05c99b7bb16c02dd791646fdcb30cb83b3379388ec6110e401ba08508877e4d663296d,RAIN,DAYLIGHT,SNOW OR SLUSH,WEATHER,1.0,37.5,1.0,0.0
17c91f78d63efdb2870d8dc0e912e856e28e6c841e7cca2bcdb0ecc94f4e22e8552eb5b05e84c6f8c8190251417a59479d2cb00da49b4f59cf66fb4a67384226,CLEAR,DAYLIGHT,DRY,IMPROPER TURNING/NO SIGNAL,1.0,37.5,1.0,0.0
17c92ec39f07b4a371a3d0362f34367588b6fb68cf3ebc3703de0768a2914f16b931c22c76f1d385476f5863d55724c976760d3c046eba9df4260562a626626a,CLEAR,"DARKNESS, LIGHTED ROAD",DRY,DRIVING SKILLS/KNOWLEDGE/EXPERIENCE,1.0,37.5,1.0,0.0
17c9433e67d38cfa2d070c78d21ab7701708d243f3a625be0dff801bd57b4c172beca216a774a8b18d23f3528d326610787b64bfa1226409d99ff116550fb67d,CLEAR,"DARKNESS, LIGHTED ROAD",DRY,FAILING TO YIELD RIGHT-OF-WAY,1.0,37.5,1.0,0.0
17c949693dd050d2584da1a478690377deacd73a1a8fa08b1c39147aed748a5e026c98c41d6ebee09986baf1174a6c4aa56655a87cfd8dd9b82f176e3b03413f,CLEAR,"DARKNESS, LIGHTED ROAD",DRY,FAILING TO YIELD RIGHT-OF-WAY,1.0,37.5,1.0,0.0
17c95dd19d5b8a9aa8eafeb6845d2771919ee05cee2d784c57888cf71ca50da342e3f2ca7baa11129d72eabbc8ab908e2649b358d05f63b3f1ac9fdeb1eb9ab2,CLEAR,DAYLIGHT,DRY,DRIVING SKILLS/KNOWLEDGE/EXPERIENCE,1.0,37.5,1.0,0.0
17c97232155786338e65b944041696a0e82b88427c0ecf6a6eed93b4b4d3c929b96df1497a227f02991c6a219915dd55a3a5927d30fd8d218ea75c4ff5fc6174,RAIN,"DARKNESS, LIGHTED ROAD",WET,IMPROPER LANE USAGE,1.0,37.5,1.0,0.0
17c97a20a191a5660e82ea0fa74a41e0c9f5afc357e0b0781e7650db1e3c646fe628a61f24d89ab5e9ef560540b438db4196ab525ddf040f4532330ab96489df,RAIN,"DARKNESS, LIGHTED ROAD",WET,WEATHER,1.0,37.5,1.0,0.0
17c996e69839a4cc6c80f176a763e5855ccef89b3013fe106684a49641d72e0bdb9be7843b43c156985644fc8f1a83c716aa078a3f779e5c12d2132fe83d6cbe,CLEAR,DAYLIGHT,DRY,FOLLOWING TOO CLOSELY,1.0,37.5,1.0,0.0
17c9f7602e9f5d271d5dbcf9c6aba9433dd3be2474f51a44054872fc4ef023699ca67310a90ec4d0e7aa2b70fd1dc1bd35ab1b6b0c632f9d5ad82e0f57cf847a,CLEAR,DAYLIGHT,DRY,IMPROPER OVERTAKING/PASSING,1.0,37.5,1.0,0.0
17ca4fcb6fcff5218c1028dd5d86dfd35475c6d5873d2e2123492f6503556bdc6a6e2e7a14fcd233156db09f8ed2fa4078848abc471b13c4897e056bb68e8a48,CLEAR,"DARKNESS, LIGHTED ROAD",DRY,FAILING TO YIELD RIGHT-OF-WAY,1.0,37.5,1.0,0.0
17ca9ba763037de595586524841e6a62f5554d1847dd65651241d5b2ac87939760b90bcde830c3c3385cb274e3a8615ada37b90a3be738081e58210b2b932fb2,CLEAR,DUSK,DRY,IMPROPER LANE USAGE,1.0,37.5,1.0,0.0
17cabfacc16dfe2fbdb056fc8f50d4766df89d734114c2a54c16dabf3ffcb5e93012f2cf01311aaef415258815e138ffb48d4e7379b3631c35b27db9bae493fb,RAIN,DAYLIGHT,WET,FOLLOWING TOO CLOSELY,1.0,37.5,1.0,0.0
17cb0829307ec338fe81188cd2b48640db9f92858b5a031c3a2dfc29dddb9266138ba203355da814d5e22a5f8b06bcaa0d133e48fee7bbed679a8250212482fa,CLEAR,DAYLIGHT,DRY,FAILING TO YIELD RIGHT-OF-WAY,1.0,37.5,1.0,0.0
17cb60d61470a02e944d7cd1e0e9cd0c0556b912c2c8af4b4f402ae48fd886622c4615c5f68d88d7f5cd1de99792e4378fb342e9225e43510b548509a009517b,CLEAR,DAYLIGHT,DRY,FOLLOWING TOO CLOSELY,1.0,37.5,1.0,0.0
17cb722066b8caa0ae5b6e8416c79ce8353d59ea2fd8291c281e54911a1cfc950b7bdb889f15cb966090039d6ccacd72a0e04687f109c958c4e18c34e177c5e5,UNKNOWN,UNKNOWN,UNKNOWN,DISREGARDING STOP SIGN,1.0,37.5,1.0,0.0
17cb7c01c2f0aa63a7dbf830c2aeb276e9da88eb8585cd5dad0c4cc26196a965ea73f69a8d987e3f7988d8465159a5aa3ce32c9150db7acc86ee5b696f7dc065,CLEAR,DAYLIGHT,DRY,"OPERATING VEHICLE IN ERRATIC, RECKLESS, CARELESS, NEGLIGENT OR AGGRESSIVE MANNER",1.0,37.5,1.0,0.0
17cbc6c5c826cb85d7deb3492c023a42f6ccfbbe0b0cba9d8d7b1e9e068d96bb975595e2b6b2cdd2f18fd56dc06126809926a61d9ce9bfd7e83b5fd42de052d8,CLEAR,"DARKNESS, LIGHTED ROAD",DRY,FAILING TO REDUCE SPEED TO AVOID CRASH,1.0,37.5,1.0,0.0
17cbf0f26d63cbf542f57027c90fde043c4f690032ff5d3dc711c9fdeab848d842d7d727d1bd44fa51accfcc20c2282ed492049c2f8afa08ffbc2b899c67ce06,CLEAR,DAYLIGHT,DRY,FAILING TO REDUCE SPEED TO AVOID CRASH,1.0,37.5,1.0,0.0
17cbf217425c4504288bceeea6f4f7c71976765403c335ebe86a65049a66aec0b1dab2ffaa25d0dc59b81fc92f35d0fdd710b352b6da11ea7229af6a74d0862b,CLEAR,DAYLIGHT,DRY,DRIVING SKILLS/KNOWLEDGE/EXPERIENCE,1.0,37.5,1.0,0.0
17cc01967e35d7f62d1cf449121d05e61ee2cb2396e974ddafc7fa95296703adfceb79803079051def378e599e7b0960d4febddba2b09136045f0d0706fc17dd,CLEAR,DAYLIGHT,DRY,IMPROPER LANE USAGE,1.0,37.5,1.0,0.0
17cc0be533f1dedd4ee6f6840f505fdfbc7975f17af588a3921a053dadba38238d6f731b9db976d7ec3b8a2702040c38c4f13a34ce559b87fd2fa8ecb2979c45,OTHER,DARKNESS,DRY,DRIVING SKILLS/KNOWLEDGE/EXPERIENCE,1.0,37.5,1.0,0.0
17cc1b3060069fad8b625aedc07b3ee50ca094d241cbce431fec557ca0bdac3e497bfa077831acbd6a4d16db6bcb0a27f31deddaec34427f70ee4dd30916974a,CLEAR,"DARKNESS, LIGHTED ROAD",DRY,DISREGARDING STOP SIGN,1.0,37.5,1.0,0.0
17cc435ec18f55ec5f05e6c9197bca781bf83ce559098ea6a6e4f5a51e85a0380378af6149bcadde7150e58fbd81df98689cfe332f3b8cad6d662b85260c84ef,CLEAR,DAYLIGHT,DRY,FAILING TO YIELD RIGHT-OF-WAY,1.0,37.5,1.0,0.0
17cc49d27048d02e2559052ec1a937afdfc6f4ac942eba93cb6d597281abaa9f87f686363a1d01a3a5290380b831103e252cde0cf046899ed65593030d0f8745,CLEAR,DAYLIGHT,DRY,IMPROPER TURNING/NO SIGNAL,1.0,37.5,1.0,0.0
17cc616fb2629738b71e5d6af6e499ff42e354c442352a98585a5855ef3c19a60a67b5e4070070f98fde8e249d7f8f7d1447bf042cc2f74dfc9a20576c33d16f,CLEAR,DAYLIGHT,DRY,FAILING TO YIELD RIGHT-OF-WAY,1.0,37.5,1.0,0.0
17cc668607de4938da97fd3410d69d0c6e3c55a377c3fdda195da0fcafce9596add84f16c3da06d005990c1a06712a3c79683586093d3e72dbaa9d2c6a06ed99,CLEAR,"DARKNESS, LIGHTED ROAD",DRY,FAILING TO YIELD RIGHT-OF-WAY,1.0,37.5,1.0,0.0
17cc7c1b62ad161bda39040c28bb6b0fd2634f1486c8f18341c57bed14433789da358cff872f28b69ff1e924dccae284eaa4e4cc9e77161cc5cf72bbaa36ae58,CLEAR,DAYLIGHT,DRY,IMPROPER BACKING,1.0,37.5,1.0,0.0
17cca05bfecec9e6d57b7c3e00471b0ea0eaf6cc1aa2d592e34b233e3c50ae50d2cd7c1af701160752b6040942206e14009ed2d42938d1ec8fa4477ab6063081,CLEAR,"DARKNESS, LIGHTED ROAD",WET,IMPROPER TURNING/NO SIGNAL,1.0,37.5,1.0,0.0
17cca671736636311537bc4471f5f785a41fa40c4b704e800763dca349d11bd62caf00e628ddf351c53340d0b1d9e01e73c6b469d74541c3de12cfa02238c7f9,CLEAR,DAYLIGHT,DRY,IMPROPER OVERTAKING/PASSING,1.0,37.5,1.0,0.0
17ccb9bbce43d7d3b6ed3cf668675496d72bb6600035ab3f4c571166cc89b9d792ce97b773ab1544e0a499b0c55776a6d8ce59de7bea2dfee4dba680a65d9df7,CLEAR,"DARKNESS, LIGHTED ROAD",DRY,IMPROPER LANE USAGE,1.0,37.5,1.0,0.0
17cd127ae1c7a04ba6954248e17b2d8a58ea0608476185ac9ef5b5aa4332c27cfec81c32ce495a3785ae9289b2702f2b9a3591d126a28bbd962703511e47ef2a,RAIN,"DARKNESS, LIGHTED ROAD",WET,DRIVING ON WRONG SIDE/WRONG WAY,1.0,37.5,1.0,0.0
17cd4e598e00bbdf774efb259daeb57480714ce639f6f6e2f71aa3144a2386c02a9e764eba33c25022c07c454e50a59a1c9a74bf85802a994278bdb0d9f652f4,CLEAR,DAYLIGHT,DRY,FAILING TO YIELD RIGHT-OF-WAY,1.0,37.5,1.0,0.0
17cd77c5c9f23cd5a19839fa53760ef05ee21cbff55f13e179c662f39de2312544ff00e7e7142ac70392312837524ed02a37e285c1556609df4e85c07c5ff9c8,CLEAR,DAYLIGHT,DRY,FOLLOWING TOO CLOSELY,1.0,37.5,1.0,0.0
17cd8fd398c449f13766bd9daa62d4c0938c86cee741779f56cad531254e6c04d869555df3c02766f22c4e1f74c3e88f661edb6696ec4a22b0176798b64c5397,CLEAR,DAYLIGHT,DRY,IMPROPER BACKING,1.0,37.5,1.0,0.0
17cd97b4ce7ac0275aef6edefc01c156096399279c828ee95d310ba23d519fb48790f8fd7b939cb4911acf58277d3190805fc9705bab39f8e9e13b21791d90ed,CLEAR,DAYLIGHT,UNKNOWN,DRIVING SKILLS/KNOWLEDGE/EXPERIENCE,1.0,37.5,1.0,0.0
17cda64b97e3e4de67a6d327f7a0dad2dc1b4c4f84fcd567c0eac565994180b1de4a0a1967dc83760480a6e6bb0399c0a20405337f97095f6e6b429e49456c1f,RAIN,DAYLIGHT,DRY,FAILING TO YIELD RIGHT-OF-WAY,1.0,37.5,1.0,0.0
17cdb15012d0ee8deb75fd9353403efdf5556e8abc0e971057dca1b4ed372133630aa27ee5c2bde1af044b3a58d447195e703b1483e3c3d829bd11e355dfa0c5,CLEAR,DAYLIGHT,DRY,FOLLOWING TOO CLOSELY,1.0,37.5,1.0,0.0
17cdbc5b386156046f8244fb28a5d2669be44ce9e0077ca60c5344bf96a140dc2d25787637fa55ecb6fb5324029e37239eb4c69061478088b9b32bac4312340e,CLEAR,DAYLIGHT,DRY,IMPROPER LANE USAGE,1.0,37.5,1.0,0.0
17cde3c2cf85bbaede431ccd84f79292285db82e0853ee5220d7c0b458b97eccb96f2ec0324b47cb3dd2379dc476a07291062ae03c1cebf56da6583ac2c5f912,CLEAR,"DARKNESS, LIGHTED ROAD",DRY,FOLLOWING TOO CLOSELY,1.0,37.5,1.0,0.0
17cde880ade5d01e5d2f096c9d25ad7efd5d8c8d12987fbecac4d12ec5f26326ff033610f0f04eb8d43c80f7e58d98b1503b511ee9b6a74285b4e2449b615a61,SNOW,DAYLIGHT,SNOW OR SLUSH,WEATHER,1.0,37.5,1.0,0.0
17cdf920cab0e787c24daa466a131315c9444b742c5c77cffea70a36f608bdcd313da6699d86ef4b44ad70889f277421e37e1bf9a7aea15a76b3d21cbeb1c4b7,CLEAR,DAYLIGHT,DRY,FOLLOWING TOO CLOSELY,1.0,37.5,1.0,0.0
17ce098b5a14025ec63e40cd1227725d8ec4987999ab310cc6c8656983ac00f4867f774e8ce18441af0faa81d418a9434e10383f22eeb7ed238f9be34af65ba0,CLEAR,DAYLIGHT,DRY,FAILING TO YIELD RIGHT-OF-WAY,1.0,37.5,1.0,0.0
17ce44b0b2248c7488c7f05df026cf9e562eb1fc2f657f353d77300c4351572ddbf78b07654e2d224f7b12823341d2a43b3c03f0e6d849f4ec557cf33a84a8c6,CLEAR,DAYLIGHT,DRY,FOLLOWING TOO CLOSELY,1.0,37.5,1.0,0.0
17ce453f3f104f49e334ecd23be1c81a6e4ce05ccaccbc6b2ddfb3418cbf0823e12831a93eb37e2063224e720de84c449039799e3bbbdb0ce3975219c5f7c099,RAIN,DAYLIGHT,WET,DISTRACTION - FROM INSIDE VEHICLE,1.0,37.5,1.0,0.0
17ce6d9a39c4b7c1eb04ae38e554d3130550ea0994229a2241c78bfd95c6fc146313566f852bfb447a6858e0bac4c708e936f1fbf7b9830fe093de3f4699f274,RAIN,DAYLIGHT,WET,FAILING TO YIELD RIGHT-OF-WAY,1.0,37.5,1.0,0.0
17ce941b7b4ec7a39b9a3f95cb0b0d44b8b4b2defe3c40603d334430e28589ab3671e64de176e7d53e14eb7cd1f3b314fc93e9d0c3018685d36272f0b061221e,CLEAR,DAYLIGHT,DRY,FAILING TO REDUCE SPEED TO AVOID CRASH,1.0,37.5,1.0,0.0
17ce9728ffbc968a3f75be44cff75fdae9dace46184dad73d2a73fb7e9fec188b9cba8e4fb80441189fb8c36196c83b9fffef39bf6f21f3d4bbd9e26966b9594,CLEAR,DAYLIGHT,DRY,DISREGARDING TRAFFIC SIGNALS,1.0,37.5,1.0,0.0
17cecbb58d83cc873e6ee12278cad3568cc30d202571d4da2632e1131572b9f8276b0556ac1ec9c43f811901e1a6d284f0e92c6d844866840c733d1b4dea3611,CLEAR,"DARKNESS, LIGHTED ROAD",DRY,EQUIPMENT - VEHICLE CONDITION,1.0,37.5,1.0,0.0
17cf5d0f7e5574a41bcb6b0cbeb1746f3ac844b1b30c7f4b83d923c224ee0ec533e949066fc0ab5d18da1a5491739402f3998037b33f1bf2f3dcdc309e4db4e6,CLEAR,DAYLIGHT,DRY,FOLLOWING TOO CLOSELY,1.0,37.5,1.0,0.0
17cf953908b96636e8f5c5e12571f6b6528328ad35b58da82a8b23325307a5e5fd51e4885af7c01019fe5ad6eaf0d97661714ca52da2b3b444daf9d0fb527574,CLEAR,DARKNESS,DRY,IMPROPER BACKING,1.0,37.5,1.0,0.0
17cfae9db9014aa62543c932e1845a3d2bcca78bab262cf910580493b4a9d89803aeb57588c981cc0e60d320766b71986fadd29038132e7273b6f4ee49ab1f6e,CLEAR,DAYLIGHT,DRY,DISTRACTION - FROM INSIDE VEHICLE,1.0,37.5,1.0,0.0
17cfbfa163565d01c295c465f6dcd510ed81ac5c17a7dd76e7cfe44394df6d90c1eb92856ec877e2cd11a17d19c2fa2f338cf1028e773572f20cf88f49ce1b81,CLEAR,DAYLIGHT,DRY,FAILING TO YIELD RIGHT-OF-WAY,1.0,37.5,1.0,0.0
17cfc1aac69d5785922034db77c5767efdae4b4735a7d074678e9f833584d5a1f6a2b29489049b49c615d4d7167c3a0d02481da7bb4273c63a036fed3d076803,CLEAR,DAYLIGHT,DRY,DRIVING SKILLS/KNOWLEDGE/EXPERIENCE,1.0,37.5,1.0,0.0
17cfcb669b3536416f041b69efb2824a51d5bd234f90d3bb30406dc8f897e18fb51fb1b103ba665819349be63f99a787dd7013eecdb271d66f25bd15b9b9e251,CLEAR,DAYLIGHT,DRY,IMPROPER OVERTAKING/PASSING,1.0,37.5,1.0,0.0
17cfd7ac76a9cad786503a915cba2afe0b40ccfb7b41dd906e981575607108c6eb8267d2f9f03c115dd58b6d2898ff3da57fac6a1621c582a5460d3bfa31fac0,CLEAR,DAWN,DRY,IMPROPER BACKING,1.0,37.5,1.0,0.0
17cfdf5410a28a9ab92413521982fc0cee57628a8371953678fee3837064f8ca4f371ca86c6e2d89def68ece7423e71ae0a2eefa03176cfdd28b756a7e885498,CLEAR,DAYLIGHT,DRY,FAILING TO YIELD RIGHT-OF-WAY,1.0,37.5,1.0,0.0
17d032de23eca6d3d54c790105a13bb3c224730dd6f2340239d03296b5cb0d8e76c31df2c0f0631b92ccc0d4dfb2e1d9e3899d1c6da354646f44339afb9e3643,CLEAR,DAYLIGHT,DRY,FOLLOWING TOO CLOSELY,1.0,37.5,1.0,0.0
17d036b6b9c048c36a2eebe83af3a2ba080ead9a819385c71eaf5af73f1656277a9d33d152346712bfb1ecfc38b8ad10bb65897a09fd611c72a8f4456dd051f7,CLEAR,DAYLIGHT,DRY,FAILING TO YIELD RIGHT-OF-WAY,1.0,37.5,1.0,0.0
17d040d17944afd3a84e041ee5e5977c5aa55b80d981818f5b220bda2a21c7cca1aa800df04be678b54a7c1ddae37dc030de1f98253f685b3573ec7449611639,CLEAR,DAYLIGHT,DRY,FAILING TO YIELD RIGHT-OF-WAY,1.0,37.5,1.0,0.0
17d0656f6c7a6f4a858504218190597db3155b4acae70c745eda7e9df87cf66cf449f37b60b4e82de9309ab9a57ca08ae83d3238b360f3a4ee96a65be60b18cf,CLOUDY/OVERCAST,DAYLIGHT,DRY,FAILING TO YIELD RIGHT-OF-WAY,1.0,37.5,1.0,0.0
17d0696055bc741e49c686be272a6490323aaaf8f12b068a94797a354eb1ec1b45a3a028c828db18feed132400c89d55091d8db4ac8d073bd5d0aeb2ec3c6c67,CLEAR,DAYLIGHT,DRY,IMPROPER OVERTAKING/PASSING,1.0,37.5,1.0,0.0
17d079b2382c71b721fd7dbc1ee923268c3da5a1b5dc455c82cd2c6244641be3ea3efebb91c0b10ba693aa9b4f70cc12a3ed86ed3f4dedd44c38071fff1ae6cc,CLEAR,DAYLIGHT,DRY,FOLLOWING TOO CLOSELY,1.0,37.5,1.0,0.0
17d090ce7fa255a448f3961199c1c445a2c75b1c029ce7b2a319bf3496d5a3d422ae9a934bf027d23a91bb1ae1d092f742ed03f9bcde366028b82024bebef8db,CLEAR,"DARKNESS, LIGHTED ROAD",DRY,DRIVING SKILLS/KNOWLEDGE/EXPERIENCE,1.0,37.5,1.0,0.0
17d09198807b321b176f0f31fa30bae9deb41057ae4f6897ec76ac7ef146235009301a644e138ab031cf848c6a3538e57a57e3e965657d01bc84bc02d80f8f7b,CLEAR,"DARKNESS, LIGHTED ROAD",DRY,DISREGARDING TRAFFIC SIGNALS,1.0,37.5,1.0,0.0
17d0bc4bd7f8f26bcacac98352e2da0d92d230e49a3065fb7d60570a4f4ab1178b0de7b61805bfce417b82a0483e76f194ad0177be68886c2a9d828ed788faaa,CLEAR,DAYLIGHT,DRY,DRIVING SKILLS/KNOWLEDGE/EXPERIENCE,1.0,37.5,1.0,0.0
17d0d062d2bfb1e21a40dfe87275742da21fd25ddff918f7d9a285ec5614dbf2e246a54776370bc29c90eb36e89562a42709e1f56c5563accdccb0996ab3d22f,CLEAR,DAYLIGHT,DRY,DRIVING SKILLS/KNOWLEDGE/EXPERIENCE,1.0,37.5,1.0,0.0
17d0d6f0f3cd9e2012eac996b930ccee1b3bbb3e158a7b6338cb457c72b1b4d91fd7f14702770f5adb855e6f352f48d7c8e976c5489a2bf86ec4910960c1be81,UNKNOWN,UNKNOWN,UNKNOWN,FAILING TO YIELD RIGHT-OF-WAY,1.0,37.5,1.0,0.0
17d0f96e5ede2bf1e944ea483eb8e82e9bbeaacb3a60f6815fe6bd23b1b6f8d7f700dfe9afd68f554e1fc98a36fd2b0a5dd931962d19ec6a17ff98c6a258ea6f,RAIN,DAYLIGHT,WET,IMPROPER BACKING,1.0,37.5,1.0,0.0
17d14090a24366160d7267425d273424f8b46bc93e2d4df78fa9714c38b95e9a1d669a8c815ee2d025ade4993aebd9a489377d2f075e9114c3bfabf334c37ba5,UNKNOWN,DAYLIGHT,UNKNOWN,FOLLOWING TOO CLOSELY,1.0,37.5,1.0,0.0
17d16a8bcf7b194df0251c0ac4fbf2c568993837171bdbef82ba6b415328de1695811790c9d1ce664882cb388a1de69364fba1fbf2ac6b3a52a735c5bc69d92d,CLEAR,DAYLIGHT,DRY,IMPROPER OVERTAKING/PASSING,1.0,37.5,1.0,0.0
17d17bffb59116aa000bd56cfea91336ecd5c3b5f41aa9f2dcca3d3f95ea6aa38e60b57b3a727d8c9af36c1837231f55be2fecbf075d24e4a53d70abd52f716d,CLEAR,DAYLIGHT,DRY,DRIVING SKILLS/KNOWLEDGE/EXPERIENCE,1.0,37.5,1.0,0.0
17d18de2069a7147d715ba7a8b38c547cb75e43e8c4a1eb5c7858e107e4360041ac811ff8c4aa7739a002cd26c4e79e7f8e81f584f48a6a186b8a29446972838,CLEAR,"DARKNESS, LIGHTED ROAD",DRY,UNDER THE INFLUENCE OF ALCOHOL/DRUGS (USE WHEN ARREST IS EFFECTED),1.0,37.5,1.0,0.0
17d197809362ce6c7b5994e8e51f3fbad27cc8cadfc2b3d5e4d4d42e6ac684183e6c6ff1bcc423fe668268fbded8e34cc9a9405e19a7bdef8b3956a012de8c87,CLEAR,DAYLIGHT,DRY,FAILING TO YIELD RIGHT-OF-WAY,1.0,37.5,1.0,0.0
17d19c3fd148dd1ed4a0b369ef69703a876564bd0fa7346b1788b2a3b3dadfe088174e4f88bb65da333f8eabc59f5f4978e5435d443d48f97a4bc8dbe843c555,RAIN,DAYLIGHT,WET,FAILING TO REDUCE SPEED TO AVOID CRASH,1.0,37.5,1.0,0.0
17d19d509848d3cbbb28b5af6af9f9d7df22795948ae01df5030b06f1a7d2de3d74f450316a958a07e8400e93fff89e48351c2dc2327acaf9df9f3aefa8ee3df,RAIN,"DARKNESS, LIGHTED ROAD",WET,FOLLOWING TOO CLOSELY,1.0,37.5,1.0,0.0
17d1ebfeb7de8dd86618f10f2b27ab7eb67ff2b96b41238da081296ad71cbc034f40d5eedf250b5c30322510f7444e202eb4fc78c7036bf02020d772f04fa94f,CLEAR,DAYLIGHT,DRY,FAILING TO REDUCE SPEED TO AVOID CRASH,1.0,37.5,1.0,0.0
17d1f1e09ce71ff29a5e9a6f6c4ebcc349f3c84eb9d33dd4b01cfb4a2de16f8b63c0e22c615853fb20237f3f042ca0992ee9127766e2bdfd7dc5e03cc8221b8a,CLEAR,DAYLIGHT,DRY,FAILING TO YIELD RIGHT-OF-WAY,1.0,37.5,1.0,0.0
17d29f7733aaa6dc01e25b7001499e05bd5340086d8b322feb18bd7e8d6e55991290c12c4adc0cbe43b2b9c6b14f69653f2c6e870345f63116ac465abf08fef4,CLEAR,DAYLIGHT,DRY,UNDER THE INFLUENCE OF ALCOHOL/DRUGS (USE WHEN ARREST IS EFFECTED),1.0,37.5,1.0,0.0
17d2b3de196baaf0bd4b7f55c314cc58d64a19b1bc1aeeb1f67c006591aaac780e58c72cfc67b03c0a9fe0f5d34bf38f3d00a871fb0a64d87009a785bca2b5e6,CLEAR,DAYLIGHT,DRY,IMPROPER BACKING,1.0,37.5,1.0,0.0
17d2d127010319202576b3882d941560d1e16df33e211a219cfeefade4c24d65c0359642864fcd678a2cd707102859893f88095188dd84de2229a36e7aa474a0,CLEAR,DAYLIGHT,DRY,DISREGARDING OTHER TRAFFIC SIGNS,1.0,37.5,1.0,0.0