crash_record_id,weather_condition,lighting_condition,roadway_surface_cond,prim_contributory_cause,total_vehicles,avg_driver_age,total_people,total_injured
17d2e212ae03c3291027071a30c3e80c8e56ee87b54c7bceb664a3a18a95ae411a42c8e9b1fa851b94659df71b4df63b753b97db7920a880810b182c6035383d,CLEAR,DAYLIGHT,DRY,FOLLOWING TOO CLOSELY,1.0,37.5,1.0,0.0
17d327b20aace3c088702f6898bc4ba5bff55a5e5c3996919b2781bbbed693c6985f48462c1502c42b935ddbb826b115ebfde9f3ecdd587a53a715f5eaf48d4b,CLEAR,DUSK,DRY,FAILING TO REDUCE SPEED TO AVOID CRASH,1.0,37.5,1.0,0.0
17d36f99312fdc68adcf30e907d3933c5a291b713cef293a0cf1e75e8829c220ac36648acd44af5b1c52eee009c0ee1e483104ed17ae338351aa17f5fe4be00d,CLEAR,DAYLIGHT,DRY,FAILING TO YIELD RIGHT-OF-WAY,1.0,37.5,1.0,0.0
17d38f88fe0223ed775cd68580600edd1503de5f42ecb978f1ca96157ba368ecdbcb9d53216a7c9b5acad776207aaf92c5c0f839ee66cdad97e12b0f975598b6,RAIN,DARKNESS,WET,DISREGARDING TRAFFIC SIGNALS,1.0,37.5,1.0,0.0
17d39fdff0ceae914702bd37d13137a2f34f45d79e379890ea09a6e3bcabe6c94b96d3d201a4e8fb4663ab6a3c686aecbf4de1fcbbb44d4cb333b25166400690,CLEAR,DAYLIGHT,DRY,FOLLOWING TOO CLOSELY,1.0,37.5,1.0,0.0
17d4133bf2f7d2fbc70f21bf418ca382503bac52157b52b6a6360ea9049cba8d09910fcf37d538b8d16c7d2839e7128886bb1beb10f73535883bfedcc1666dd2,CLEAR,DARKNESS,DRY,IMPROPER BACKING,1.0,37.5,1.0,0.0
17d418ab44ebc5a64bee6e95ebdb55cb613141e04e5d41e0b883c242cdca48c23976a74265a4b716b69f6693e6accf976a1cee333a69bd7b54075c48e34e037f,CLEAR,DUSK,DRY,IMPROPER OVERTAKING/PASSING,1.0,37.5,1.0,0.0
17d41e9f9acf5bbd3501944c290abfd9f2f62453b3902104cdb8ed59b85d5e354c531fff6b9cc5d1417eeaeb1a7d7a5ff325dd991e4a3de850aef37425afddaa,RAIN,"DARKNESS, LIGHTED ROAD",WET,FAILING TO REDUCE SPEED TO AVOID CRASH,1.0,37.5,1.0,0.0
17d46d8d1fd4ff0f45526e83cefff53e51d4522cb7344146749b2d94ee40cadbecac43ad903e0b2ce1a07c35e5c2e266604274f9ddc6404881a783ae20e625d5,CLEAR,DAYLIGHT,DRY,FOLLOWING TOO CLOSELY,1.0,37.5,1.0,0.0
17d46dba7bf8f9d7a09cce420f7e7d57a8be8e5b58abad2dea84c5faddf34da3bb88e4c68a3b96fea12ed6bff19f2f40a3532d35233c1c8e45c6b6cb2e10d966,CLEAR,DARKNESS,DRY,DISREGARDING TRAFFIC SIGNALS,1.0,37.5,1.0,0.0
17d47d2be8775e2a4e37eaf2757234d3d69e73a28d41574b6ee160ab2818fa217b88556b261685ec2a6ca42c83a46f199bc91427ab4d8cc591af28eba8c998de,CLEAR,DAYLIGHT,DRY,FOLLOWING TOO CLOSELY,1.0,37.5,1.0,0.0
17d492c25c37028a214061d4fc2b7703568a6386b9c89a27162b78b99c7b5bd8ee39039a101dd0bc45fd4446c0c4d6f0077263bc3a7ec4f697eeb4feff1421be,CLEAR,"DARKNESS, LIGHTED ROAD",DRY,DISTRACTION - FROM INSIDE VEHICLE,1.0,37.5,1.0,0.0
17d49957fbfbfb6a4d7441d7b072ec27cea2112ea7630b443426b7ae2a6024d8a419563f24f0fd3c0ae0f99ee8de3816d1526ef5ef73f5ad323300ece13deccc,CLEAR,DAYLIGHT,DRY,FOLLOWING TOO CLOSELY,1.0,37.5,1.0,0.0
17d545dbd020a2c6cdffd18c6728380baa44406dcb4b52b6e00890e92ce429f00bdd8ca92b31c66e24957fb01b15f9c806ca6584e91c9250837c00876bd55844,CLOUDY/OVERCAST,"DARKNESS, LIGHTED ROAD",WET,FAILING TO YIELD RIGHT-OF-WAY,1.0,37.5,1.0,0.0
17d57df19460bca7dcf700859e1a1c93081fd87a5766431b0c7d13a53666f749b3c152614d5852245b529d6060d661a96380e0ecf130541db146d7b1f3c076a9,CLEAR,DARKNESS,DRY,IMPROPER BACKING,1.0,37.5,1.0,0.0
17d5a24c09da755b8ada826d24af31af92b30e7aab5c434d4bcd4bb4619570a17b87bb5e8ecde2148637ea23ff646138ea2b4c3f5397e359283dda6b89159d7e,SNOW,"DARKNESS, LIGHTED ROAD",SNOW OR SLUSH,FAILING TO YIELD RIGHT-OF-WAY,1.0,37.5,1.0,0.0
17d5a6d9898a29c910258baacfbf2f32e4521ca3ee11ea848d237568c959c3ca0e67f1cfd135e26d1927f717ec0e84a9584da45b05d44bad451ec2e9844d5c1f,CLEAR,DAYLIGHT,DRY,FAILING TO YIELD RIGHT-OF-WAY,1.0,37.5,1.0,0.0
17d60f21e685da521de9fc354e603452fb2de63020eb3d95210dfafdf07fcfe3f8f15c05cbc1ec7e96c5c32f94896f1899754ed9e2216a72f07c2dedb727c667,CLEAR,DAYLIGHT,DRY,FOLLOWING TOO CLOSELY,1.0,37.5,1.0,0.0
17d64b7bf01925e51e5f95864be1d57a59e6fa336149ee14e5e4585896acc877cdd202612b51901c4e5f289cac7546395678b1c1227451a479aad71bbe7ff7ee,CLEAR,DAYLIGHT,DRY,IMPROPER LANE USAGE,1.0,37.5,1.0,0.0
17d66c6182400e9dad6d2f7639e40193c168d87e7f81c57de06681b3f1d50cd20e39f3609b1ff35c7e96bb105cd2e1d671ccd206f7d273373803a4640546f7c6,CLEAR,"DARKNESS, LIGHTED ROAD",DRY,FOLLOWING TOO CLOSELY,1.0,37.5,1.0,0.0
17d674009219de99371c692c21a6b18ec43742e7ee9631a2693a29ad2dcedd1aa8227b5b9a07aa3ec56553a7d97f294d599204f60e64954ae7bf5f492e881207,SNOW,"DARKNESS, LIGHTED ROAD",SNOW OR SLUSH,IMPROPER BACKING,1.0,37.5,1.0,0.0
17d67a5852f467f100c78990a9b265b836b1dee33b42350b9ca1bd967145f6e7e5397906f383d3d6144e99ae85eddc0972ef12202bfab137d484c7c7adbfd140,CLEAR,DAYLIGHT,DRY,FOLLOWING TOO CLOSELY,1.0,37.5,1.0,0.0
17d67aff2e43370056ecac1ac97cd061b2998333b47bb8b1ea4cf42dfc9c092e0772b373c214551e6812dd871d16039f5f0981aad4566b303d8b3e1e1cc2f36a,CLEAR,DAYLIGHT,DRY,IMPROPER LANE USAGE,1.0,37.5,1.0,0.0
17d6b987dd23e5250951b540f03c92f2b62fcd0f9d82084257d1db41839f8f7c9cf94bc3f489305d8b7c88a1d89cd1fb69e5aa110d06b0050deb13a70b83d35a,CLEAR,DAYLIGHT,ICE,DISREGARDING TRAFFIC SIGNALS,1.0,37.5,1.0,0.0
17d6ba01c4f514763b359154efa62b9abb8ff99f355f333bc0d498e392703c64ccadb25cf6bdef16ec8891c520db8ab13caac7dc6b9bf6a010bca1ace803b7d0,CLOUDY/OVERCAST,DAYLIGHT,DRY,FAILING TO YIELD RIGHT-OF-WAY,1.0,37.5,1.0,0.0
17d6c91fc9cef00ecf17319ddb78c11bac90db0210ba557f3916386d186090f63502a39dafd91c882a9a86b9cf062e207b27320cd57c98df2a72814cff841a81,CLEAR,DAYLIGHT,DRY,FAILING TO YIELD RIGHT-OF-WAY,1.0,37.5,1.0,0.0
17d6eafcb5fc97df99e4a9e3700e87985a13c2d38f91d0a02f829c064115abcec7995aaf00354aea6dfecd4b333f28229933dd859d5b5b51b060becc9a8e43c2,CLEAR,DAYLIGHT,DRY,DISREGARDING STOP SIGN,1.0,37.5,1.0,0.0
17d6fe2473d78dae90c76e04a666178c0fcd1301471acb82ed491157f230a1bdc9a8e3379c772807fbd64e3d9d593e56596e7552df196408a009af8b3f22c707,CLEAR,DAYLIGHT,DRY,IMPROPER OVERTAKING/PASSING,1.0,37.5,1.0,0.0
17d71309cfda6fa8945854567fd10fe0aa99b182827bef067164dfff876c355995cbc8c4e7d63b4af5f23e45ac8ec6fe627ae1548f41651a9e1c6be1dc6b8ced,CLEAR,DAYLIGHT,DRY,DRIVING SKILLS/KNOWLEDGE/EXPERIENCE,1.0,37.5,1.0,0.0
17d720b6a7abe25377fb3589f9586dcddef307c6ab7dfa00bb9b03ddc7568506458252bda60e1d9086321d9d7053f15eb2b51f4a96dca8545567dcb3d7611882,CLEAR,DAYLIGHT,UNKNOWN,EXCEEDING AUTHORIZED SPEED LIMIT,1.0,37.5,1.0,0.0
17d72bc4b0e899adaed7a61f78fb0ff66fac544edc7cafc730665610a0f9eede38a9e22b5012d8d1ffaa68a8caea708b2af35e71963400025dbe590d22c3887f,CLEAR,DARKNESS,WET,DRIVING SKILLS/KNOWLEDGE/EXPERIENCE,1.0,37.5,1.0,0.0
17d72ff663145f96a4935d2b1afcb6febbeb49eec35263e6e88da6bdaad661be3e9cad9a0d8beb5a731a6bf7e7d4949503e0bea3899295ed1f83b211608cc66f,CLEAR,DAYLIGHT,DRY,DRIVING SKILLS/KNOWLEDGE/EXPERIENCE,1.0,37.5,1.0,0.0
17d753934fb536791a1e1e336f53d429e2fa65aa6bc6a93b27e001daddd69910777432c0d590379acd9a6e81af423ca184341200ccca3f3c3f01752b8260f3b9,RAIN,"DARKNESS, LIGHTED ROAD",WET,DRIVING SKILLS/KNOWLEDGE/EXPERIENCE,1.0,37.5,1.0,0.0
17d7a9126015e09618750d7e8e55169e2f11daba680dcedeace4bcd7402ae78db76b5ccb9e4362a41733935e488ddc161b49143e8c4d8934e15d0cdc5c4fd1e4,CLEAR,DAYLIGHT,DRY,FOLLOWING TOO CLOSELY,1.0,37.5,1.0,0.0
17d7c3fcef1646b5dc1ae057d394786ef55b78163471f193124d44758a972226dc6816ace4a7b5ae5ccaf9cfad57cb3fae23fab879625bce6ed65f58575416fa,CLEAR,"DARKNESS, LIGHTED ROAD",DRY,IMPROPER TURNING/NO SIGNAL,1.0,37.5,1.0,0.0
17d7c42517d37ef4d19f7754947c7b26107efa8ea67e4b34998851c51caadced6b160fca4054d0d8657afd65a2cac3360d2e2813f837a3d832e4ca9f1f1bce77,CLEAR,"DARKNESS, LIGHTED ROAD",DRY,EQUIPMENT - VEHICLE CONDITION,1.0,37.5,1.0,0.0
17d7cf1f3796cc43503b8bc3312396230ac3e1c06e9903fdd621d13649b730676ac6d4ef0f9328a904034efcb9b03a34736bf0f85b8963a0bdfd2d3853bf775c,CLEAR,DAYLIGHT,DRY,DRIVING SKILLS/KNOWLEDGE/EXPERIENCE,1.0,37.5,1.0,0.0
17d7d4a0ca8b1e2f38795a1afeba124f5bda113c1c3c0e199bfc77f30557383ed92180ce491f2e79ae193ac48e17d8e12448671f649c7f399a97af55fe696fb9,RAIN,DARKNESS,SNOW OR SLUSH,WEATHER,1.0,37.5,1.0,0.0
17d7d842214b1289b2cf9fb2ef3ad207dd7d57ea635e3c999499b350d9f78bee40222ec5624188d8900cb323e66ee81694b26a095dcf5a25be632e949c1d62ff,CLEAR,DAYLIGHT,DRY,FOLLOWING TOO CLOSELY,1.0,37.5,1.0,0.0
17d81662e75b2845a8baf14b77b25dd9ba44af127160c00202e8ccc4c97372ffba8b7eb7db4f1fc3412a97b1598438563a94dd052ce814a094a3872d05bf22d6,CLEAR,DAYLIGHT,DRY,IMPROPER LANE USAGE,1.0,37.5,1.0,0.0
17d8b2349e64ab1d4d39b85d3b7f36a317dbd8da37890886c02303dedb608436c4e4eac606112b9c368985efbc8045614603a09c7ce764412c9c8d4489540dec,CLEAR,DAYLIGHT,DRY,IMPROPER BACKING,1.0,37.5,1.0,0.0
17d8d907cd8c77b455f68659bb968d3ccba57c1752a9e85cc0898c24e5f9ab93cc464c78958fad9c071e42666a3c9a0e083ba4f2df0cd4512be317f72ded2f28,CLEAR,DAYLIGHT,DRY,FAILING TO YIELD RIGHT-OF-WAY,1.0,37.5,1.0,0.0
17d8dbb409da33092a311fbed02fb3dcba35b62831ea4657915bc43c1608ebd8c85532ef9b629fa508f538ca3def6c46029fed3faad22cdad919992b2d134cfd,CLEAR,DAYLIGHT,DRY,FOLLOWING TOO CLOSELY,1.0,37.5,1.0,0.0
17d8e73d1b8aa4b632629b6f4daf40215c622a9d79d903f0247c4886c9760b063bae947e6c06873bfb7c119144fc847565c855fc6110cba2cec82e3aa8da5e45,CLEAR,DAYLIGHT,DRY,IMPROPER LANE USAGE,1.0,37.5,1.0,0.0
17d8f890bdc4366b5aee3c5355abbf4deeaaa95d1795ac0a3a0474292a8d6acf2897c3fa707b9dd0ff5c42cfd288c50e78f90c3be3c9de8f8e91579c16a70c71,UNKNOWN,DAYLIGHT,UNKNOWN,IMPROPER TURNING/NO SIGNAL,1.0,37.5,1.0,0.0
17d9097af2873349cfe0c876b2cc62fa9ecdfbf00c9a2325002b4ca280660fe68139334171ea0f9709d82e1c117d886709cfe6ddb91b634656c3787f3d3e24e2,CLEAR,DAYLIGHT,DRY,IMPROPER TURNING/NO SIGNAL,1.0,37.5,1.0,0.0
17d911c806f168892a80e35b8ca63a202902b18f1c654b16012f663ce7095175838c5edb479828566845f2a5093d9f7a150f9596306bcba562396bc5a1a5a3d8,CLEAR,DAYLIGHT,DRY,EQUIPMENT - VEHICLE CONDITION,1.0,37.5,1.0,0.0
17d92b38196663ec188ebd1fa138efc724e52b42d9624a2a51769f0c6c22546c186976a456dbcf3b9636bc531e3c7fdee888f37a33257e35fe60889967adcb94,CLEAR,DAYLIGHT,DRY,IMPROPER TURNING/NO SIGNAL,1.0,37.5,1.0,0.0
17d92df30950d42b556d6acf3df896ade0b3460e8ac08b2bd9c2abacdd25dee6e1d597f6155dfee34e0af41267adc0a23e0e1f31514045080cb3b9946063aecb,CLEAR,DAYLIGHT,UNKNOWN,"VISION OBSCURED (SIGNS, TREE LIMBS, BUILDINGS, ETC.)",1.0,37.5,1.0,0.0
17d9804aefa9d34a8deeee934e528220a64326b798df9ac136a6f80414fb365b084ffbfbd29d929bb281ed9f277509729445f3e62f49d0c43d7333c81a64fadd,CLEAR,DAYLIGHT,DRY,FAILING TO REDUCE SPEED TO AVOID CRASH,1.0,37.5,1.0,0.0
17d99c55ce542b9987405765d6970fb042c966af7a443e292e076d69e87163a9febfb898d11f104525629e31a882a197ff6474676743f5c8a9b77aa393aeef22,CLOUDY/OVERCAST,DAYLIGHT,DRY,FOLLOWING TOO CLOSELY,1.0,37.5,1.0,0.0
17d99c61cf7a352aabc4e7e13db47248df404b794206fa3018d5ae16ddfd21646daacb70d97f49b4ead1adda43c3f36b91e493289f8a9c49c380673324bb6083,CLEAR,DAYLIGHT,DRY,IMPROPER LANE USAGE,1.0,37.5,1.0,0.0
17d9b3f3c0abf4a648248b14c2e22e125ab59f1a43166882aa73e4346f2c7c0742e7ad604b995809e46f246e17013b66d5c5882a2a7c64a30b2d378b2a6472fe,CLEAR,DAYLIGHT,DRY,DRIVING SKILLS/KNOWLEDGE/EXPERIENCE,1.0,37.5,1.0,0.0
17d9cb117ec3e666e2b3f75d1182e286d999cf77914539f056e9f33bee0e1a337fe98fa681195b6cff304cf657785b8433a4b547507fae80c4382b2ae642b81e,CLEAR,DAYLIGHT,DRY,IMPROPER TURNING/NO SIGNAL,1.0,37.5,1.0,0.0
17d9dfe0a1c489e7205e67335644b325b1c551b97728d57fc2bfbc79b2485f3f7e743c876fa254842457a76ee5fa7b512b72c4ccd49cb0d1a6cf358a8f934c95,FREEZING RAIN/DRIZZLE,"DARKNESS, LIGHTED ROAD",WET,WEATHER,1.0,37.5,1.0,0.0
17d9fb679dd7db9c4114fabce4e24c0f8fb5696b2e64f47e0055e69eff3f8742c8f60b22218a9dae373be919d4c6b8bfbd71095f1154596de12f7f5c2483be7d,CLOUDY/OVERCAST,DAYLIGHT,DRY,EQUIPMENT - VEHICLE CONDITION,1.0,37.5,1.0,0.0
17da0e9e90b2065b2a81db2c609e91ff635e06f10f03d1d433476391d3badf1769b947071ec3dd42e128efb2ae5c68b3b93bcb497ea60998030e929d17787c23,CLEAR,DAYLIGHT,DRY,ROAD CONSTRUCTION/MAINTENANCE,1.0,37.5,1.0,0.0
17da32a9ed98ba0785af515185576cd86a326b210fd9555ab87295d980199db4d917746a4c93c1979acc3f855a43e985cdbf993db8bcea6ff5424418755be822,CLEAR,"DARKNESS, LIGHTED ROAD",WET,FAILING TO REDUCE SPEED TO AVOID CRASH,1.0,37.5,1.0,0.0
17da3307f2146931e2864af36c7f40525cca7ae548c066fffd46684f34a33e08815182b5f5be68e00e2945cacce36f9d57fb906c6f7f43b324d1593066cfb541,CLEAR,"DARKNESS, LIGHTED ROAD",DRY,DISREGARDING TRAFFIC SIGNALS,1.0,37.5,1.0,0.0
17da4a1a90e938df617a3a2b96587911ed4c07d716f48436fe613779cee066893cd35184d076c628115c434e0093a64f9425acc07b36e0279244206774166e4a,CLEAR,DAYLIGHT,DRY,FAILING TO YIELD RIGHT-OF-WAY,1.0,37.5,1.0,0.0
17da66d0e243bb5433f68a3761cfe7f4967705f2fe59cde40e9d9637098cde94bdf56daeefa0f5ac8de0118bc0f775c5c96fa8364b5ef6ef1d3ba6719f94df05,CLEAR,"DARKNESS, LIGHTED ROAD",DRY,DRIVING SKILLS/KNOWLEDGE/EXPERIENCE,1.0,37.5,1.0,0.0
17da7e97f653e50f35e0365e160736f942a893802c75ba4ab9e10a5a0cc0b12d339ff2d9fcb12b4dfdff8ebb80a08857a42376c8614eefcac7fd78d699dbb045,RAIN,DAYLIGHT,WET,FOLLOWING TOO CLOSELY,1.0,37.5,1.0,0.0
17dacfffc3fd1c08e91fca75b56e318e7c5ef34d377e35caf05ca84274c671a513c37f1f45510c0ac202035ab3c53f5f8e114e838aec052cc5eeb1f1af60bd61,CLEAR,DAYLIGHT,DRY,FAILING TO YIELD RIGHT-OF-WAY,1.0,37.5,1.0,0.0
17daef6cc4ab593798d014c2a65fad595fd6ffe8ae3ff54d1d964f03038da4221ba3b320d8f929086c10f65f618cf999a95de6cb8ebf079f99740b354ac76d49,RAIN,"DARKNESS, LIGHTED ROAD",WET,UNDER THE INFLUENCE OF ALCOHOL/DRUGS (USE WHEN ARREST IS EFFECTED),1.0,37.5,1.0,0.0
17db652f8ba43c7df16e33dc6e6b6c7156b8ee8a0451369775147e5154c463f4cfb917c8febb65c22aef25e32693d0ae07aef22862f7021490fad9f63a24e074,CLEAR,DAYLIGHT,DRY,FAILING TO YIELD RIGHT-OF-WAY,1.0,37.5,1.0,0.0
17db6b739d0a2143cd890ec0ef9718781e5e110151c1f98240093eadba8521e6074f5898e74d93d445712cfda75987a60df81051a98cc01498bf42d4c0840ea2,CLEAR,DAYLIGHT,DRY,IMPROPER OVERTAKING/PASSING,1.0,37.5,1.0,0.0
17db8af397dbd0076609c2b1fa226c4ce45eb7898e89bcf691d6dbd6572a31b96a2c8296d45560caacc2ad565927c0ba173fad6f772411cbbced2e5b13a87856,CLEAR,"DARKNESS, LIGHTED ROAD",DRY,DISREGARDING STOP SIGN,1.0,37.5,1.0,0.0
17dbadea8a528a3afc7aa3a87efc43c015bf486f76b481b79e96cb40d50fefd764c0668efe629de39bd09a7b8b6d9c6ba08f1a62825dfeebf028b80c1e0a9f2f,CLEAR,DAYLIGHT,DRY,FOLLOWING TOO CLOSELY,1.0,37.5,1.0,0.0
17dbd6c5025431ccd2892305c610896084e0ab8342da65738c5fb671bfa8f6be5291f5e7a8f2b486dcc47c182e2b73b979d217b2e5ca91fb5561913cfad2d4d3,CLEAR,DAYLIGHT,DRY,IMPROPER OVERTAKING/PASSING,1.0,37.5,1.0,0.0
17dc199fbc48211cb567dd56627ad95034ed46767453bb582e542ab19fda9e33209e9d54c507bf2879e20da62d37d2f9fd1a1c50adedd5d14bc52013a04aa7cf,CLEAR,DAYLIGHT,DRY,FAILING TO YIELD RIGHT-OF-WAY,1.0,37.5,1.0,0.0
17dc1eddf285f7a5b5b36da077dc1355dde53f33af5bd8009e33c47644a08c41af89369272b025f5fb96e23a3fc978a695d65292077cd17b2fce5b13053350b2,CLEAR,"DARKNESS, LIGHTED ROAD",DRY,IMPROPER LANE USAGE,1.0,37.5,1.0,0.0
17dc6df96e7fdf66f5ecaaf885ca6cb93ba70e1d2fd9d48433c084e92b2614659c11ef08e40bb2792dae2bac295eca28f93fa8cd67c379114eac8336a7f26aa5,CLEAR,DAYLIGHT,DRY,IMPROPER LANE USAGE,1.0,37.5,1.0,0.0
17dc9de20714e0f12be92cb1295c26d3a14fe31a7c008ef7ee912032d0801934c0fd61be767cc8616cdddf4f8f716b303f9fea5cd2e8e9310b8280082af8e0b7,CLEAR,DAYLIGHT,DRY,DISREGARDING TRAFFIC SIGNALS,1.0,37.5,1.0,0.0
17dcab29050bd924ed433fc9168c2779870b9c8ac56633e5dcc51e50c08beb05ab20cf42e8b3929e69364770bf1834b4ebdd3952179033195697d03ef67b176b,SNOW,DAYLIGHT,ICE,WEATHER,1.0,37.5,1.0,0.0
17dcc940fcf5fd7854712984b4a2c97767abb99ff3b67c92cb847819f3697f8b0cbaef4c9f65868139f647f837cdc3bce9bcc4e58ddaf406785fa8bc0d64a836,CLEAR,DAYLIGHT,DRY,IMPROPER OVERTAKING/PASSING,1.0,37.5,1.0,0.0
17dccb38c2143b0f03d83884f8c67e764c4c8c9fa224dfd144a5117fcda60689d7ffebfe696966e7f2bb93a5494591439f51e39d4d3a0a6545f330f5e00c423b,CLEAR,DAYLIGHT,DRY,DISREGARDING TRAFFIC SIGNALS,1.0,37.5,1.0,0.0
17dcea40cbf8c9b0ba6af95b772af2e30326a9797ec9d13f703d72f1547718d7d409749c4b499eb29bdf5f961c5eddff586fa96237db4da37314881ea3d76b8d,CLEAR,DAYLIGHT,DRY,DRIVING ON WRONG SIDE/WRONG WAY,1.0,37.5,1.0,0.0
17dcec928c93fe20212f065214bbc04504794f6682bad4eb99b2f63b033797374f49d094e371750f1515c011e8d14055f63a16a081f1cb0f4d527bc1ac071df8,CLEAR,"DARKNESS, LIGHTED ROAD",DRY,DISREGARDING STOP SIGN,1.0,37.5,1.0,0.0
17dd32f2f8259bf349dc2119107457e804d5e48f489ac62383b255a721cc11f9c40be3ca9c83daaeee279fcd07b3718cad64c7011e7b04fa596ec2be9ee77353,RAIN,"DARKNESS, LIGHTED ROAD",WET,FAILING TO REDUCE SPEED TO AVOID CRASH,1.0,37.5,1.0,0.0
17dd636db14ea81b58974a31784ff5e1e92c7c1f4e02afb114cae4bab438e09dbb8bcf60ab748192907d27704767ac9b156ba452639d6b35467c1e6688f57a6f,CLEAR,"DARKNESS, LIGHTED ROAD",DRY,FOLLOWING TOO CLOSELY,1.0,37.5,1.0,0.0
17dd75b269722bee8e80e41852e18b0ec09d07560f8c82a0c61f3c02644fcb0860d428240a075f73ed90e433047bdd5b1f5bbed666be0838e752e42acca65191,CLEAR,DAYLIGHT,DRY,FAILING TO YIELD RIGHT-OF-WAY,1.0,37.5,1.0,0.0
17dd772d0e1aa7bb258d5566e1987f76e0b981db1451648d78e36e7a8fbce33fa1c3feccb186512718315dcebda9184518738e19630f27814d3e6248beed42ac,CLEAR,DAYLIGHT,DRY,IMPROPER TURNING/NO SIGNAL,1.0,37.5,1.0,0.0
17dd8644ca41da6f585a6c1e8ec69a72ce91c11ab85c5ce3928e37f7e36cdad6a297dce13bd244e6682053d49f2768d05a1a0617d25aa9cec68c7aa7fac70137,CLEAR,"DARKNESS, LIGHTED ROAD",DRY,FAILING TO YIELD RIGHT-OF-WAY,1.0,37.5,1.0,0.0
17dda00fa73b67c2f39cfa2b38a3fde5bbbeb6538766850b67d57fe643c85563b2af24ecb8bfd5764de365cf23551066f96c81d7cbfe132964cadbb3cbab8f89,CLEAR,DAYLIGHT,UNKNOWN,IMPROPER OVERTAKING/PASSING,1.0,37.5,1.0,0.0
17ddbae50d82a31c4a1800f6c7c2dc4b013019057b4e45d02a5931afe417abe019710cafe792bbc32fa0643bc444ac81c7f7b52b4cb1531e331c22cb2e3d08db,CLEAR,DARKNESS,DRY,DRIVING SKILLS/KNOWLEDGE/EXPERIENCE,1.0,37.5,1.0,0.0
17ddcfbc8aae42268088ad77c57aa1892215ac8b79573398867289dab99f04c4365ce0476c5522c954784b7696a29b8b9290cc2287d0a9d662adb667732d3f95,CLEAR,"DARKNESS, LIGHTED ROAD",DRY,FAILING TO REDUCE SPEED TO AVOID CRASH,1.0,37.5,1.0,0.0
17dde42d661085f4b4946bf2fdd068c8d815de0806b9abf62b9488507aefe2b2f8dc35681b40ddd357d62a9269ab659afb5dbf704b289b1c747fc9ae98571408,CLEAR,DAYLIGHT,DRY,FAILING TO YIELD RIGHT-OF-WAY,1.0,37.5,1.0,0.0
17de117c93a612988d9770f4cea9cf7597783a1cb04c150099cfa7bf8664b1a6d9670e92ae1014990bd9db3e2fbc0f92cada423c99df215b9541b68f8b5ac2c8,RAIN,"DARKNESS, LIGHTED ROAD",WET,IMPROPER BACKING,1.0,37.5,1.0,0.0
17deabc27568a9bc7c82e13294a2b8a8e0429c92dfecc745ef852be76614686be319294352defef1907dcadcc95d5753fb784db61ad4b2abf5acb896e97565c4,CLEAR,DAYLIGHT,DRY,FOLLOWING TOO CLOSELY,1.0,37.5,1.0,0.0
17dee4f87d0b5697a9e0f4a12ceddddfd1864b0480eccb23e6e603bfc42fb079bdaea6612eaec7884b8b0c6b164528dbf60635588b5b4033b83a0dc7693f1b03,CLEAR,DAYLIGHT,DRY,FAILING TO YIELD RIGHT-OF-WAY,1.0,37.5,1.0,0.0
17df36c8bb1ccf5b33cd83f1f9e521a3d5849a7647f441707d1135b4818b2d6a33c03e92f6a9be12c973697b4db980eb6cb64e25cb348947c55346ad2538ab48,CLEAR,DAYLIGHT,DRY,DRIVING SKILLS/KNOWLEDGE/EXPERIENCE,1.0,37.5,1.0,0.0
17df7c6fca09bdbfb4c31098462dcacb0aa71f9e75576e25b68e2715176278ee34afe7d5711f9149a63daab6e47cb8a01383d9e295838a55379829278bbb8660,CLEAR,DAYLIGHT,DRY,IMPROPER OVERTAKING/PASSING,1.0,37.5,1.0,0.0
17df8688408e10f04e826c38f3624513938b74394d67218ba70b9d6a676717e0bbcbe6736016ffb459dc2e6ed39e140db15a7ff99b4f0456c133659c5ed7fc5a,CLEAR,DAYLIGHT,DRY,FAILING TO YIELD RIGHT-OF-WAY,1.0,37.5,1.0,0.0
17dfa6f7368d451cab8d53e711dca26a3f468f65f04ab261c256a44fe856f21bc670085e6ab661c8eea0546ed7cb111c5ea5aa6974486db23fe3274e65074448,CLEAR,DAYLIGHT,OTHER,IMPROPER OVERTAKING/PASSING,1.0,37.5,1.0,0.0
17dfc31cb9b3f9fc1c627d01387022b91e098233cb011a392cef7d4485dfcb89a664f39b49d156eba1ef6455867d3c7342b26bfdd2276040bfd247aec329c086,CLEAR,DUSK,DRY,FOLLOWING TOO CLOSELY,1.0,37.5,1.0,0.0
17dff5d80f45745379898587f0a2fa098e41b1710216e2c4bd94d01b09eac25b861dce6e132145aaff045dcf605f41bced730abd22eb6e948c462abeb5dd3964,CLEAR,DAYLIGHT,DRY,FOLLOWING TOO CLOSELY,1.0,37.5,1.0,0.0
17dffa50ee9ac3b737528da3847485e942273f8f03519c006210eeda34e55e36d429e3bbd95de404bb54c260038f3787e9bf76be13549d82aa891c40f1ab1156,UNKNOWN,DARKNESS,UNKNOWN,IMPROPER BACKING,1.0,37.5,1.0,0.0
17e00cbb283b036b8b5e6ac538be1871cd2912f7b0a6a9e899e8e68677bb4be0ec8c82b0c603ea6722bcea8446454abf5eca4d7dfeca2a2512fc4050c27d59ee,CLEAR,DAYLIGHT,DRY,FAILING TO YIELD RIGHT-OF-WAY,1.0,37.5,1.0,0.0