crash_record_id,weather_condition,lighting_condition,roadway_surface_cond,prim_contributory_cause,total_vehicles,avg_driver_age,total_people,total_injured
17e0147963e147d0589e71d5a8e16fdabcd015a4c60116fe9a006e409cd00e6872739c3ff626f8b8f987d37b8fbd5c12cc4d83408f5eb91b92dcff25ba33bbb9,CLEAR,DAYLIGHT,DRY,FAILING TO YIELD RIGHT-OF-WAY,1.0,37.5,1.0,0.0
17e03879052b3887b951edcf68057b73df582d1464403e5979f4e612c1db571291513d9b23cb507230251f2b3ff1d8a498da658400a601f39bab71d2ab43cc30,CLEAR,DAYLIGHT,DRY,FOLLOWING TOO CLOSELY,1.0,37.5,1.0,0.0
17e05b7260be09d4cc59131fc6b09ccd5368c2a1738e5d0621277cd8c8d1711ad7db9c5e6b7048a9936f9aea9ac49a71c96988416b6b9da756c76ffb6021783d,CLEAR,DAYLIGHT,DRY,EQUIPMENT - VEHICLE CONDITION,1.0,37.5,1.0,0.0
17e062a5fee28ec10ba8fb836208c74449ef882b36fa6158db25f63c499b3d2967b71b25cdbc1d75f270793ccad75692d5fff1c469a452ee8eb5271089422a30,CLEAR,DAYLIGHT,DRY,FOLLOWING TOO CLOSELY,1.0,37.5,1.0,0.0
17e06e1f9d80167e6ed6e50eb465000b88437c1c2384c84d34e73c883c85204e28ea4d37555c5232a9dc7beac8d5c06ddcc273a01e6b5dde22b181ca143e4a2a,RAIN,DAYLIGHT,WET,IMPROPER OVERTAKING/PASSING,1.0,37.5,1.0,0.0
17e0794f5b29e2ad7e58120024579bc9abd5b8b0917cb1a13cc0de5eb17a7854772495b36d02d0ef61128d84ccb9bdf30889190b0b8f5cd92a259b2af8145ee6,CLEAR,"DARKNESS, LIGHTED ROAD",DRY,FAILING TO YIELD RIGHT-OF-WAY,1.0,37.5,1.0,0.0
17e0f3475147442c464c3d086077864a59369af0ee8bdea0973c3ce8fcee7e2b3b53da125bf0db90d7dacc464a9126b0220d10ff66cdd717055d93a4aa01cc02,CLEAR,"DARKNESS, LIGHTED ROAD",DRY,FAILING TO YIELD RIGHT-OF-WAY,1.0,37.5,1.0,0.0
17e10a2a548b79ae05a6adece20c4b4ece551786117f62452ef6c733606d4a8a91f351ee70f0d09fa3b24a48b95bcab041673961bb59f2e76dab7a21ad827649,CLEAR,DAYLIGHT,DRY,IMPROPER OVERTAKING/PASSING,1.0,37.5,1.0,0.0
17e10d1763879e7b51458f4bd4ff9b00c9171a0f3fa2cee7d16d5b310c29e80dd047bd0bf6699941fea93a57f1977699743cf8daf69aa611dd6dde1d7a842d30,CLEAR,DAYLIGHT,DRY,DRIVING SKILLS/KNOWLEDGE/EXPERIENCE,1.0,37.5,1.0,0.0
17e1177d8a911b96532b2bb9025abdf5ca12313614d4c443a6ab781b895071d404f763baf5dfacaee04576911ca0609115405226464e44c9c5d3b271a1b4621a,CLEAR,DAYLIGHT,DRY,FOLLOWING TOO CLOSELY,1.0,37.5,1.0,0.0
17e12a70f2f15b251f4a8c1a6a7801d8c5837cf96a27f499b5dc6ec6a9ce85fc39519ad8fac0ca499d8354a358ad0b667b9f5596ff03eff869673dce2e32675b,CLEAR,DAYLIGHT,DRY,FAILING TO YIELD RIGHT-OF-WAY,1.0,37.5,1.0,0.0
17e12addc63d73878667569180109ed06298659f3b7b09368eda344ad8bf388d1daa6696c90c7f6aecfffde0070dbace4fe8212fda81eda772ed479533dad343,CLEAR,DAYLIGHT,DRY,HAD BEEN DRINKING (USE WHEN ARREST IS NOT MADE),1.0,37.5,1.0,0.0
17e12edcf3e793fa980ecfafbd6c5fa82b2404d77dd49c3d1c2a461f1cd83a36071b814f66d8594290e5cfce8f7053b717ee0bc39da3d00b16fb9adaca2310f7,CLEAR,DAYLIGHT,DRY,FAILING TO YIELD RIGHT-OF-WAY,1.0,37.5,1.0,0.0
17e130568355679f2236a510e14aa091d90e1309a73bd153d809dbcdaf11cda7bf7a6bc0c52b94121cfc4a6cd53d1f0cadafa27212d732fc3301c78dcaf00e65,CLEAR,"DARKNESS, LIGHTED ROAD",DRY,FAILING TO REDUCE SPEED TO AVOID CRASH,1.0,37.5,1.0,0.0
17e142a8f5199bf1c53158186a6cd7d4a1dfdaf79632b7239b78e59f65a3dfe36f9fb769fbfa353a4ac3f017ab49ca2c22a0f3e8ca0e8b14e2b24a7ae34accdc,CLEAR,DAYLIGHT,DRY,FAILING TO YIELD RIGHT-OF-WAY,1.0,37.5,1.0,0.0
17e153121eb237146f1b5435a47cb986f7678812214e06250032bfae332284703bf13f1b7c37f43b081604d2b2be1ed838a98ccf366954b4bdbcb63ac855b894,CLEAR,DAYLIGHT,UNKNOWN,DRIVING SKILLS/KNOWLEDGE/EXPERIENCE,1.0,37.5,1.0,0.0
17e162af3376298171ca415f7ead4fb1c87e56ee1124b075b2f9bed9e1fe8936c0b932642a2aa0a0d378b417fb8dd5f6ac8191e7392928e2e979def8c01a3cc0,CLEAR,DAYLIGHT,DRY,FAILING TO YIELD RIGHT-OF-WAY,1.0,37.5,1.0,0.0
17e1732ee059a11cc3ed99d43c0065ca1363f3d570c4a238b168658eff460cd592d435af21da2cba39a05923a23e839dba8df6f6b25d5256cc43d68d14704902,CLEAR,DAYLIGHT,DRY,IMPROPER OVERTAKING/PASSING,1.0,37.5,1.0,0.0
17e176d08711b050f815ea3d0aedd79cecdccc0edf07e719ba9076d1df3a1d65b044228c51f3fb52d30e6e6f25beff4e7987176b71059b28997f538440b5fff1,CLEAR,DAYLIGHT,DRY,IMPROPER BACKING,1.0,37.5,1.0,0.0
17e1bd51fd1334d657aad93a11542f0444905b1e5bd42ee7fc971e97c4513e7124d3802618d67cd9309c7c160c290c26bd55290e02df4e47e854d7d396b63295,CLEAR,DAYLIGHT,DRY,IMPROPER BACKING,1.0,37.5,1.0,0.0
17e1bea22a75aa643ef5ea66c1a79e38a91a329e62d0952d7cef649a2a8e2cff80a6218cece45e4508a7dfc85740abfc2c03d37e1baba15d95513eb4c240df23,CLEAR,DAYLIGHT,DRY,FAILING TO YIELD RIGHT-OF-WAY,1.0,37.5,1.0,0.0
17e1cf92814c825642c26dfe960d0d694ebb43f2988759fcd7f56c2b8d6d1acd2d6b4ac93d044fed698c1d324693ac0848c5e7a5102243ed65c1427e72153cc3,CLOUDY/OVERCAST,DAYLIGHT,DRY,PHYSICAL CONDITION OF DRIVER,1.0,37.5,1.0,0.0
17e1e4ec90fdd5038f0d80a8191113df7737d5a2490cdab008ac1dc71b543eb7de83d44bbaf97a1294e3a6dc70ab0086df9fe2eddbdc59b43d5a6a4580401ee2,CLEAR,DAYLIGHT,DRY,DRIVING SKILLS/KNOWLEDGE/EXPERIENCE,1.0,37.5,1.0,0.0
17e1e8aaa73f65483e0e5fad6816d4f6cf741ee924bae8b739007ee5c62aab84a357b6bb17d7ea9f620f45559d047554650757bdad605e0c0a055968c33c8946,CLEAR,"DARKNESS, LIGHTED ROAD",DRY,DISTRACTION - FROM INSIDE VEHICLE,1.0,37.5,1.0,0.0
17e1f4cc0b9c1028c9497cbf25beca8f09528ed43c301bd991966f6edd377ed9998cbdb9dc889be380959df473379beef95e0deaf8a74746ebeffa8a70ec7a50,CLEAR,"DARKNESS, LIGHTED ROAD",DRY,IMPROPER BACKING,1.0,37.5,1.0,0.0
17e1f69ec8e86ef80a253834eb5fa67cde45b42f4688689f614a60ee95b00f8f65034cadf4a2e1baac5ac3893d18bac9372b9c42e4c45a5825ed02af1187ae6c,CLEAR,DAYLIGHT,DRY,DISREGARDING TRAFFIC SIGNALS,1.0,37.5,1.0,0.0
17e20e66b33978404f1257f9c84d285ca36e3c3b226e852add2ea92ae7cdd510b62e61c33409dec3290180cd06f50e465cd1638e84b217c162a32213ea6aded5,CLEAR,DAYLIGHT,UNKNOWN,FAILING TO YIELD RIGHT-OF-WAY,1.0,37.5,1.0,0.0
17e212316e17eff0b677f215869a8f494cd834c69cc545fcbeee5c109e9010b86b7eda3996b5e0b973716ab168099424130a70d7660ef7dfa6cab5368f0cf41d,CLEAR,DAYLIGHT,DRY,IMPROPER BACKING,1.0,37.5,1.0,0.0
17e222553e20e2a46e15031f1a4212737b3f4c53b92b89e7975e26e51f0acc4cfd3616855938c77ba4ac3e897c2bf5e0697c9aaef11111ebfc69cbd9c01d4c89,CLOUDY/OVERCAST,DAYLIGHT,OTHER,"VISION OBSCURED (SIGNS, TREE LIMBS, BUILDINGS, ETC.)",1.0,37.5,1.0,0.0
17e23b83879d1e617adaaccdd63537ddebacc605a05464282677eb257c7e76b0c3060f9e8354dba09c473197eb50782daf03cc62670ae368deb1867eca49fd81,CLEAR,DAYLIGHT,DRY,FAILING TO YIELD RIGHT-OF-WAY,1.0,37.5,1.0,0.0
17e2d375e260f91ae4fbc14ea4640d79a597c0120586a1bd33fb4146d2edce4c86c04b0f87f9e240dfc4402715cb1f986a5223333ed1acf99b627563e962584e,FREEZING RAIN/DRIZZLE,DAYLIGHT,ICE,WEATHER,1.0,37.5,1.0,0.0
17e2ea047a6c826ed4139b59069f3cf4d8640f7246229e9ffffae31371eda78a1d0731b928a52f9abca42782ff58a4cc3e7e1b7b471b2c3e070c5700e94e0351,CLEAR,DAYLIGHT,DRY,FOLLOWING TOO CLOSELY,1.0,37.5,1.0,0.0
17e31644d9124c9ea9b4fcd5ad7fadb8248f52afb9e27469242f8420693d3a1cab307058259eda211423e3e2ada10c5af3e6aa08a0183985a5c56eba1e390ffd,CLOUDY/OVERCAST,DAYLIGHT,DRY,IMPROPER BACKING,1.0,37.5,1.0,0.0
17e318906bcae035ef86db4bdb52d212c6b0915fc0646bf991ac3b9fa8f00219dad78d172060b3847bde8e9b33a716d4eca2dd434f476c0255371d8ec602e24f,CLEAR,DAYLIGHT,DRY,DISREGARDING OTHER TRAFFIC SIGNS,1.0,37.5,1.0,0.0
17e335f8e8b3904c0a035b431aaa4375376f5c59b071dafb120846de3cf23679e28610e0dc0f995e1f7e16f166503364849e0d85b344bb8da1288fa87b10f1aa,CLOUDY/OVERCAST,"DARKNESS, LIGHTED ROAD",WET,PHYSICAL CONDITION OF DRIVER,1.0,37.5,1.0,0.0
17e342a5c97500c6e86b41079844e914e534c571e493a419e6a2e84802e5f614fd70f01b7d35df639db855167496a060cf94d73ab206a0a98386f3ef28939d6a,CLEAR,DAYLIGHT,DRY,IMPROPER BACKING,1.0,37.5,1.0,0.0
17e34419e2938ee1b29d4ca97a76a1e4c514f59761d0e67f83b1e37cf9176c228950abfe9193d0cc0d733e3a6d349379cdb06c016ea6e3617846dcfe73802924,CLEAR,DAYLIGHT,DRY,FOLLOWING TOO CLOSELY,1.0,37.5,1.0,0.0
17e35486c1db8b05d0ef05480eb0036fd8f9ed1fea57c66beef1fba6bbe5132a2e007cef04038b016bbd2a87f0a8bfc4a8ab2ce9bc726b49f527ca73ed9bc7df,CLEAR,DAYLIGHT,DRY,FAILING TO YIELD RIGHT-OF-WAY,1.0,37.5,1.0,0.0
17e3be7c048e1675adaf6af617408fd28d7c3d8420ccdddf038d4538e3bd09ccf6ee650af708c6f4e31a1b96920c52737adbfc1a8a91f0e25689385407b0afe0,CLEAR,"DARKNESS, LIGHTED ROAD",ICE,FOLLOWING TOO CLOSELY,1.0,37.5,1.0,0.0
17e3cc61620311be8c4132ef6763def27de3c3fb832033c5d2c139054469a121f014a3ae6107351d22429ea7df971e6df42d7b51afa2b94166c5e491cfe24c23,RAIN,DAYLIGHT,WET,FAILING TO YIELD RIGHT-OF-WAY,1.0,37.5,1.0,0.0
17e3d474db779f315606809aac71afa41dc529e5453c8a23fd70cd26464140c6c6dc5f81b18017d2c32b0c4ce34dd023f8d5ed8f323e8de98da7739c96a07c7b,CLEAR,DUSK,DRY,DISREGARDING STOP SIGN,1.0,37.5,1.0,0.0
17e418e94c1703b6ca6507690fe8d1584e321447b3d66a537c2c96204faa869780578f9a14de640c53e7396869913ce1af7e0d1a6f3a20254718e71107f061f8,CLEAR,DAYLIGHT,DRY,FOLLOWING TOO CLOSELY,1.0,37.5,1.0,0.0
17e42d1dec14bc91de34de1297098f9e0bd24044cdf238310ac0420787996038f9bd4c03588c062914bfbb14141620aa85884e5a82b280e792014a7d5f398805,CLEAR,DAYLIGHT,DRY,FAILING TO YIELD RIGHT-OF-WAY,1.0,37.5,1.0,0.0
17e452d4d620036289fd85d5c26ad0e05f256d7c41f6a6c9aba851e0d130cebd785a1e7a737dc259944d3903b1bc0113377607b3ad02d7f5c21d31babab86c00,CLEAR,DAYLIGHT,WET,FAILING TO YIELD RIGHT-OF-WAY,1.0,37.5,1.0,0.0
17e48dc79c5f47a42ab18dc1c4533709a2605cf5bec15998cbb2264436d7eaf12d1f091c1e07331b1b31ef2c73377ce45eb49579872edba7546c19940476e5f7,CLEAR,UNKNOWN,UNKNOWN,FAILING TO YIELD RIGHT-OF-WAY,1.0,37.5,1.0,0.0
17e4b9a68b73207f690e08049f6c31bb84ce0319f1d7917aef1273a626728d1afd3aaa3726a6a9650fad27460bf140e16b735aaf0f282ae52dcdabf5fa36a137,CLEAR,DARKNESS,DRY,FAILING TO REDUCE SPEED TO AVOID CRASH,1.0,37.5,1.0,0.0
17e4e347fed5f305f1caf88681b707bf5bc790141343117e05ce09723ab72c5f9a59018d82f300e0c9b4e0c91edbaa9e91f89426aa8d2b26bdd51b444aed8bbd,CLEAR,DAYLIGHT,DRY,FAILING TO YIELD RIGHT-OF-WAY,1.0,37.5,1.0,0.0
17e51ede653911c19aa1a4caf86ef4c2dbe60c41730ca7e667df0ebe1d0918a57687696cc0453a1feb4dcdf095dc44c6c4f899776e6a668cde28cb39684fdda7,CLEAR,DAYLIGHT,DRY,FAILING TO YIELD RIGHT-OF-WAY,1.0,37.5,1.0,0.0
17e52478d999fc4415bf078e2d21a20447a0de2264d97d362763264d6ec21250e38fae2943295f274e1ac66f5db32e39ff3fa02b4bf42a528def6b9be8ec1895,RAIN,DAYLIGHT,DRY,IMPROPER TURNING/NO SIGNAL,1.0,37.5,1.0,0.0
17e548b8cab893f0fe732a7b856a33a7fbc84f3ee17aeaf79b0c25e640449174e24cc0eb7d87591e35fbdc71c03910899e58930e62f332de49f2c9bf24cea41a,CLEAR,DAYLIGHT,DRY,IMPROPER OVERTAKING/PASSING,1.0,37.5,1.0,0.0
17e5818613cc1e98cd95717bf0233a9ec89f3d9d68cd881523e5ff4b1002333e9b7da69e03231cace7401a899efc35445edee63edd214c1dee6bb59037f1f2c8,CLEAR,DAYLIGHT,DRY,FAILING TO YIELD RIGHT-OF-WAY,1.0,37.5,1.0,0.0
17e58a4c8e3bbe1f63cfceffc6f6b9b3ad9af6e2dca4c713dc4024347943882e4cbcc3d44801ec7934f7d9e4836b616157d6f285f58389a4c5e2d3a3d5802d83,CLEAR,DAYLIGHT,DRY,IMPROPER TURNING/NO SIGNAL,1.0,37.5,1.0,0.0
17e5900854d5c777efa099a929d4f284f0505c7b054742353e709081968f5bdae491dab694c14319ba37f7772a7a7f294afe55f030a4ab63d07ddc2bb03e6755,UNKNOWN,DAYLIGHT,UNKNOWN,IMPROPER BACKING,1.0,37.5,1.0,0.0
17e59a9025c3e9f3426ce625a197376061e770a595a02347584fd3f1a6139a0067023ad6423410acf42052aabd70ae3494eda54b10b393f69a4728521cf787d0,RAIN,DARKNESS,WET,FAILING TO YIELD RIGHT-OF-WAY,1.0,37.5,1.0,0.0
17e5c631d3ab9236ca1e02a75c735782cfd8711d1f333e94ea629555682a78639c14a24001417fae96ce057fcd40b9e06046dbc94a408846c6a0bf6541163ec7,CLEAR,DAYLIGHT,DRY,FAILING TO REDUCE SPEED TO AVOID CRASH,1.0,37.5,1.0,0.0
17e61cb5edf7eee4278b30528c9adc263beef9245e3bdaa4a1f178d2cb71e1803855142d9836ad4d80584e5da29762f6fed52f7348930f1fa15921c13b6febae,CLEAR,DAYLIGHT,DRY,DRIVING SKILLS/KNOWLEDGE/EXPERIENCE,1.0,37.5,1.0,0.0
17e61f00b153bb202d915b7ae91678cdb8bc1d18158da9bbc942bbe06805ed12856ac06cef47940cf89f0d7f774122dceb990d83e1876fbef7bd4efd8ddeebce,SNOW,DAYLIGHT,SNOW OR SLUSH,IMPROPER BACKING,1.0,37.5,1.0,0.0
17e644f5c231e44ab712e709ac8ecd2f1e391c4f4066d6b2f8c98b5b1e668075330fb8c7e65e34773d75949b5bee2aab24ff436a394c0372f1180b7c6a0c59c8,CLEAR,DAYLIGHT,DRY,IMPROPER LANE USAGE,1.0,37.5,1.0,0.0
17e677d21419f376407e0a5696446ec3dbce5caf89d8dac37f18ff722e1b42dd1616c3185c155dcbb19959eaa9d26b32b347d9f4b9960473b47ecb9478c7712a,CLOUDY/OVERCAST,DUSK,WET,"OPERATING VEHICLE IN ERRATIC, RECKLESS, CARELESS, NEGLIGENT OR AGGRESSIVE MANNER",1.0,37.5,1.0,0.0
17e67a23bfe8a5cf1cd3e25bec20908fd326bac6ffbad16822fe3cde13d3bd6b6ed8c1e60224b9653249bfb7cf1b1faf67b2bc729a51a535892d9c2c5ede9c28,CLEAR,DAYLIGHT,DRY,IMPROPER OVERTAKING/PASSING,1.0,37.5,1.0,0.0
17e67f70bda2fb37aa62f758fad6e44f4037c4a80a8b0c228e10809e0fde753ca23b2041531559e857aab54d0004d989b2078ee9fd114b3b4bbd8837135e361a,CLEAR,DAYLIGHT,DRY,IMPROPER LANE USAGE,1.0,37.5,1.0,0.0
17e694be8b5387942738e4e86203907f8555ab37c8a6598ff79a517f82e69e9ce7cb7af6cbb56cc1d568030bb9c4117cded31dd6a7e49d488395ffc597cd9a14,CLEAR,DAYLIGHT,DRY,IMPROPER LANE USAGE,1.0,37.5,1.0,0.0
17e6a00a3e76fed2c127b9e2f9b681575cbd98dca4f71c3b52aaed9728bca3233b3339164b6a60456f70134dce3d2376941de0319686fa97a74fb6f6f8372dbe,CLEAR,DARKNESS,DRY,"DISTRACTION - OTHER ELECTRONIC DEVICE (NAVIGATION DEVICE, DVD PLAYER, ETC.)",1.0,37.5,1.0,0.0
17e6dae005f4aa34b160d70223e41814ccb300271ec476f818273086b94ab807832ab2ff953d33d2281660b93d76e8a7b876ba7f68db205e5dac4c4f2ccaf438,CLEAR,DAYLIGHT,DRY,FOLLOWING TOO CLOSELY,1.0,37.5,1.0,0.0
17e6fda39564e881daae6661b3744dd75384f8189fbff0a9d256a6b3a9804fe54fe6cfc757221dadf46684873e06491fb84bb3eb4471dcfd5e75080ac2915abf,CLEAR,"DARKNESS, LIGHTED ROAD",DRY,DISREGARDING TRAFFIC SIGNALS,1.0,37.5,1.0,0.0
17e70fab334f82fd1320b80bb2d5b83223be810fde698b989fa129f20844a76b789a36674586e8496e43fb1a8ac9f3b2395533dce2355df609a0de023b0877d6,CLEAR,"DARKNESS, LIGHTED ROAD",DRY,DISREGARDING TRAFFIC SIGNALS,1.0,37.5,1.0,0.0
17e71f8fb42018c92a0583d71b94a4723e2015066d964458705174597b252d3e0c0af1fb1d31c871e5c3113a569c6f46636f652e1f28ad768556443044309f08,RAIN,DAYLIGHT,WET,IMPROPER TURNING/NO SIGNAL,1.0,37.5,1.0,0.0
17e725a6819b17c70e0bd4314f37b09fdf41e2828cc69516bbbddc3c2e07d9ec35aaed52618eb067855a5b08bc93bfe8ea167c4f4f93c10090bf7385aaa2ca53,UNKNOWN,UNKNOWN,UNKNOWN,DISREGARDING TRAFFIC SIGNALS,1.0,37.5,1.0,0.0
17e74883ebdea6c7283b068b85f120250c2a044b10d6d93b1bf510c4348b6bda94e8ad0c541d48a458b97664514e9c66229a6c6fd8abd1a34d7e4e72f371fcac,CLEAR,DUSK,DRY,FAILING TO YIELD RIGHT-OF-WAY,1.0,37.5,1.0,0.0
17e7a7d9670fda4ea991cc5449202c0e91b20611bee98d85b13e815bb2e046806e0ef19534ce1ae7046d40efd30c3ef16f56a6445de7a14064d337afd37679c5,CLEAR,"DARKNESS, LIGHTED ROAD",DRY,IMPROPER OVERTAKING/PASSING,1.0,37.5,1.0,0.0
17e7b42f480662523c4b9409ea745b4d9e047394951d7433479611b46b51b494c4d631176279c160aedc99e5e730af6ad5e5ab074bb9545f15ad6743bd87e5d0,CLEAR,DAYLIGHT,DRY,IMPROPER LANE USAGE,1.0,37.5,1.0,0.0
17e7ca0db016d2dc60198bca2f0192de86cc3b91768a2ec6e648c7b51546d46e468ac9b95840ab71b6942414bcb58c9a21f5cdf29929a0fef19923af36a6688f,CLEAR,DAYLIGHT,DRY,IMPROPER LANE USAGE,1.0,37.5,1.0,0.0
17e7e0c89dbbb6486a7af136226c315d3187b50c7de5fe4c81aefc5cbc354d96977afc09e27929c188fe181ab4680ac714793d4106a6eef514d5b9ff8c012568,CLEAR,DAYLIGHT,DRY,FOLLOWING TOO CLOSELY,1.0,37.5,1.0,0.0
17e7fdc043996eb549c4e6c1ff3cf1013a28392ce79765e47d7e3a0cca7c65c664d9b0a3f9e3ffcc8fa21808473e291355b86f262c312e918d4e8860b407ee50,CLEAR,DAYLIGHT,DRY,IMPROPER BACKING,1.0,37.5,1.0,0.0
17e81afbd5b2b7949fe492767689fba1a606336dac6bb98676f802a435ea4a9c31da670e3fae226e7e94d423516c099096c3b4c033462f519d79cfac20e4b141,SNOW,DAYLIGHT,WET,WEATHER,1.0,37.5,1.0,0.0
17e82e45b737e14c5f1208b3666fe24de14ba684d222ec3273aa247ad5b57d9c0f8697cee0c5ed831a6eaa4af1b9ec44dbc6695b8595a2eae20dc1a10688e31e,CLEAR,DARKNESS,DRY,IMPROPER OVERTAKING/PASSING,1.0,37.5,1.0,0.0
17e82e6b28e163fc076d801075feac2635fb8944a4f8974c6c73e043bc28c4bb1d41f7d54044dda3f68556d437bebbc3ccdf8dad917a32a123857d1046221484,RAIN,DAYLIGHT,WET,FAILING TO REDUCE SPEED TO AVOID CRASH,1.0,37.5,1.0,0.0
17e83a1acf574a827c40e027971f523fcd71ce1287463c96119a66110edf17a8186ad25979270d4eeb42750dfdfe6693540d503332ea9f2f67fb80be32dae918,CLEAR,DAYLIGHT,DRY,PHYSICAL CONDITION OF DRIVER,1.0,37.5,1.0,0.0
17e83f4251ea81d039e99321545cb7194b2d03ddc7add36e90a18ca01006701422552e723aa8b07b18b6f67ff32559ef4650e180d6a2442d977c82416fd45d66,CLEAR,DARKNESS,DRY,FAILING TO YIELD RIGHT-OF-WAY,1.0,37.5,1.0,0.0
17e8615d24bdafbaea690175387596df2ca7f1c80bed2d4d9de296c8b94dc9424bbcd9f46787037537a3bed278d1a2ce69bbac98b1494d8959b691959411bc72,CLEAR,DAYLIGHT,DRY,FOLLOWING TOO CLOSELY,1.0,37.5,1.0,0.0
17e86255b6702b16094b16abfc89060fae72aa5b6155d0a478422f5517e3728150b60fe801aaab47130a3cd2d3f9f1d5ebf7dba57eddbe7b37d7ebbd9b3adac1,CLEAR,DARKNESS,DRY,FOLLOWING TOO CLOSELY,1.0,37.5,1.0,0.0
17e86865a36d9b4df3bbadd3b2a06181b8e5f4bd0a6e32ad046362a0e9d101ab96a0bb52d89391cf436576d2cee2e60fcd8ca6b95612bfa0dff7e96fb5872e14,SNOW,DAYLIGHT,SNOW OR SLUSH,DISREGARDING TRAFFIC SIGNALS,1.0,37.5,1.0,0.0
17e89ae19c2574f23a7a1f9e62a037879a05022f3485d5ac182f05f1f48afe5accc3d700185e517cc27124deeec50701262aa656e4b363d518bc8bd842b1df07,CLEAR,DAYLIGHT,DRY,ROAD ENGINEERING/SURFACE/MARKING DEFECTS,1.0,37.5,1.0,0.0
17e8a28af7397020969a3da01b801bf90c3b604d180ddff7b7e0873fc7c497b1933b8693c388e19682328a11bf3b82aa34a24c52bd38d4bce43583e87514234b,CLEAR,DAYLIGHT,DRY,DRIVING SKILLS/KNOWLEDGE/EXPERIENCE,1.0,37.5,1.0,0.0
17e8a403cd7cf7654eb9abc328cedb696e12b0d88717402b4419cdf13cce74523a10bba0104f4abae1c4fd4364d70a3f60007d2d64ccc96c808680b902bd7fad,CLEAR,DAYLIGHT,DRY,IMPROPER TURNING/NO SIGNAL,1.0,37.5,1.0,0.0
17e8beedd0862ec0de16afc5ebbfb91abdcd4b4b17ef72b8d3eb8ad438276f853a4ba2b34f25edf42660efee0d8602fa51c692973ce1176ada5f3eca73ef3a3a,CLEAR,DAYLIGHT,DRY,FAILING TO YIELD RIGHT-OF-WAY,1.0,37.5,1.0,0.0
17e92f078a3b2332dd5429b30e9612a9e815498bf68124a10407144dcc1885d1a0158d75666cecb00a1e4a6a7bbf4db8f458667cbf9dccca41c1d2000e4a1ff8,CLEAR,DARKNESS,DRY,FAILING TO REDUCE SPEED TO AVOID CRASH,1.0,37.5,1.0,0.0
17e93033e620b72bc7b432a49ade8d3298e71f6a749b341694a53ebd80a63b1dc1aaf9703f290cff4a6eebeee2429e985726130a14377b051d6b3b58c32ef286,CLEAR,DARKNESS,DRY,IMPROPER BACKING,1.0,37.5,1.0,0.0
17e9319c1f238d7037d12e23478c63684d027f66654e0a1c834049f110ca7d5eac8b863e27f9470a77d0eb76896995d2a4eba0fb975df467b76929d40e698ec6,CLEAR,DAYLIGHT,DRY,FAILING TO YIELD RIGHT-OF-WAY,1.0,37.5,1.0,0.0
17e94e5850177c0e305f2596690669cf7a98d81f7d5db159e6bc3c2746edc43ac3a513dd06f1cbc60508f3c749cea0c00817500d93e693578d8bb2611a21b8c3,CLEAR,DAYLIGHT,DRY,FAILING TO YIELD RIGHT-OF-WAY,1.0,37.5,1.0,0.0
17e96a5ac6a48c7ee659ac33e02ad25f858c70e93b71dde643e0279ae5ed196fe937f383503e96c0d58a70b68ee62beafafbb24c5dd8abe8e9b87d14c69e891a,CLEAR,"DARKNESS, LIGHTED ROAD",DRY,FAILING TO YIELD RIGHT-OF-WAY,1.0,37.5,1.0,0.0
17e99ad59a7e557a6c4872b32b1a8bd94acb8ca7c210e61b1ac3219c833cbe58cc310be3bee6ff175ceaafcf50ec6d92fa378202b9e95360d2c6a6d9b8e5ac99,CLEAR,DAYLIGHT,DRY,DISREGARDING TRAFFIC SIGNALS,1.0,37.5,1.0,0.0
17e9b7bdac6649161990a4860b32db55d6695ab18557a308b276ca58ab482448be6e9b57ec8ceea3c0644b8f441f27ad4d27b34fd937930e422039fe5b026c59,CLOUDY/OVERCAST,"DARKNESS, LIGHTED ROAD",WET,"OPERATING VEHICLE IN ERRATIC, RECKLESS, CARELESS, NEGLIGENT OR AGGRESSIVE MANNER",1.0,37.5,1.0,0.0
17e9d7ae9fd033ff0d1c15d986efbdda3330ff6419ebaa4b6d5e70c7b40dcfadfb5ccfbbe47dd74e2132fcfc0f5949819cbb53e19c3b8d855e3f7d8a62018a14,CLEAR,DAYLIGHT,DRY,FOLLOWING TOO CLOSELY,1.0,37.5,1.0,0.0
17ea0b7adb21d50e698e4d71b36e2c083749e4476863b9e6a4467706553deeecfdba1f4bd7eced155fdfe125d373f06f8a52e09d22db81074917ba46dbee588c,CLEAR,DAWN,WET,IMPROPER BACKING,1.0,37.5,1.0,0.0
17ea366146264eed90679a0bdba017641ecf3b6ef815dcffce0b240cfd2b8aa31189fe21d02bc100cb472ba511577f62904696a148dbd2c85dfea2b48fd83d26,CLEAR,DAYLIGHT,DRY,FAILING TO REDUCE SPEED TO AVOID CRASH,1.0,37.5,1.0,0.0
17ea3d7a05d5a2c17b892c3fa726de3f882b277f652c80eecd7505dddeddcc8e74a5caa52e2c0450ec972f19fc43b6599ab303043a4d2de36c2e1c0dc95bb190,CLEAR,DUSK,DRY,FOLLOWING TOO CLOSELY,1.0,37.5,1.0,0.0
17ea41e6a46928fe309ac8991d3b63c2b57621ef3fcc99b807bd12831412276d678baf624f12282bbc66a2313b9984c03290f02349348292c67691256d90bab7,CLEAR,DAYLIGHT,DRY,IMPROPER TURNING/NO SIGNAL,1.0,37.5,1.0,0.0