crash_record_id,weather_condition,lighting_condition,roadway_surface_cond,prim_contributory_cause,total_vehicles,avg_driver_age,total_people,total_injured
17ea66cd8c82064365d8566cefb3f4f7b25faf9d41a5139d49088fe1d1bd4991bcb25ac4041e46c71b9e7e5c651cef160a355aa678ee8c6b208370fd0c6f2ca0,CLEAR,"DARKNESS, LIGHTED ROAD",DRY,FAILING TO YIELD RIGHT-OF-WAY,1.0,37.5,1.0,0.0
17ea78a03685acc5006393df74b53105f926f775570b75008cadc42f7bff752eaabc4dfa3482f34858f52e4cc4d23ee3937c8d42387aa3acbca33e7bdce85e6b,CLEAR,DAYLIGHT,DRY,DRIVING SKILLS/KNOWLEDGE/EXPERIENCE,1.0,37.5,1.0,0.0
17ea818d42dbe39f8580ace6d756177efe8c00bc5c44df18d572ed5d94dd723accea4de8a300a80297bf7e2a131a1ab7862de3a1923391d8f7b9c723a440b476,CLEAR,"DARKNESS, LIGHTED ROAD",DRY,DISREGARDING STOP SIGN,1.0,37.5,1.0,0.0
17ea98e135c9201aea1fe8cef3a15c8fe7411c2ddd9e64c9e19f62fc5249da812f60c38c6b5e99e4ec1be09297f961a46a8dd67a3610f63b5ae6c0e06bc5c88e,CLEAR,DAYLIGHT,DRY,IMPROPER OVERTAKING/PASSING,1.0,37.5,1.0,0.0
17ea9926932127f491ed483fe974dc9b5abc6824a5aa317809b6825cb430a2e0a1d6a03af3735e681a05995d274efc69a5047af34085f95814454d04a2ac2cae,CLEAR,DAYLIGHT,DRY,IMPROPER OVERTAKING/PASSING,1.0,37.5,1.0,0.0
17eaa3a0cc638c1758a5c8c35107e01c18af8dc9cb9ebbe654b1486a9933b7d03b905324695b9beca0202b64677ffedeb187ddae7a647f6159d8237e4bc0d0c0,SNOW,DAYLIGHT,SNOW OR SLUSH,FOLLOWING TOO CLOSELY,1.0,37.5,1.0,0.0
17eac40d2a5c6153196e7272e2de4474cf12b46d93e596202b192199454383020d287c463ac1103cc49eaa1844a97bbfcf2cf6ed23ebe465a488577453c3e40c,CLEAR,DAYLIGHT,UNKNOWN,IMPROPER BACKING,1.0,37.5,1.0,0.0
17ead321735604b8af3d9e63389cb43c27cd8f5da879719256500705eeea8d44c2b8c4d018f1f5f20f3afa04bcd1e2a369f22cb2661d75217f2a86e47099b68b,CLEAR,DUSK,DRY,FAILING TO YIELD RIGHT-OF-WAY,1.0,37.5,1.0,0.0
17eafe6f4479353a942f370d8420d397fd9291b275d03435488a3479ebf32b6ad632d9a8a41c9d670183c509ef57ede1d5eecea57769868d47b223dc8940066c,RAIN,"DARKNESS, LIGHTED ROAD",WET,FAILING TO YIELD RIGHT-OF-WAY,1.0,37.5,1.0,0.0
17eb09092b968973ad08cf24709b3f439e58f6e66e54fcfa16e1595a651eb75b41d833c0022f3799d04313089c00a63aa4a8289f02df6d9dc3071de24dc995f5,UNKNOWN,DARKNESS,UNKNOWN,FOLLOWING TOO CLOSELY,1.0,37.5,1.0,0.0
17eb097bb039600aec431ec0f503e2ffcc4151b8bee1bf259a17a66d6b01601499fc66855ca36b7fc35b396abee15e794b13f67fa14d763ab5117834f8e9ed55,RAIN,DAYLIGHT,WET,EQUIPMENT - VEHICLE CONDITION,1.0,37.5,1.0,0.0
17eb0d59ccd4ea14459a653a44745ab7aa95e2b3acee6010c328b80d28f4d693582790cdcd41b778e89d114c21e68ceeba4454b293db5e16aeb02914b21e1ba8,CLEAR,DAYLIGHT,DRY,FAILING TO YIELD RIGHT-OF-WAY,1.0,37.5,1.0,0.0
17eb3b41ac09cb48b866cf50fd2b17216624758749a4bd3401f0f182439062a50f8305c4ce7001d600411a44d6aa309ebabd05642a65d4bff0d9305ed4b7b2cd,CLEAR,"DARKNESS, LIGHTED ROAD",DRY,IMPROPER LANE USAGE,1.0,37.5,1.0,0.0
17eb9b7623b989837d387c87c8d708db1f17553b646c706271f17ec43154a0a373d3febf4ab4d264bd4f378b673347397ecba07d6bd98facb63575106a9011b8,CLEAR,DAYLIGHT,DRY,IMPROPER LANE USAGE,1.0,37.5,1.0,0.0
17ebbafc31dc9254c9dd80b08e3a4eafa89c5dc8a62e36ee11d08ffa4b894d1065480fdbf6ebe14e1cc01a2bf8efc9499bd7337bded96fd8651850bd56718bf4,CLEAR,DAYLIGHT,DRY,FAILING TO YIELD RIGHT-OF-WAY,1.0,37.5,1.0,0.0
17ec16d869b156a9d2d473de0d466a10780871e1afc2f549c9c1c5ae5d6c39accbeb30921ff534937ec484ebd6033c508e7bf9a72f274fb800dce789eaafe525,RAIN,DAYLIGHT,WET,DISREGARDING STOP SIGN,1.0,37.5,1.0,0.0
17ec22c637bf500f35ce6f5ff8cdcd352d4c2732991ebf82f83ce551e94b862972c338456bd2c7d2c861636290ad74a7e6e5d4bdf3810c5bfce54abb607cca00,CLEAR,DAYLIGHT,DRY,FAILING TO YIELD RIGHT-OF-WAY,1.0,37.5,1.0,0.0
17ec2b6124a9cd814a0d5945b7ff6938d159b51a2572d37a75ef62b85fa8c3a2b1a2e1401a368cbd988d644cdcf1a88b73adc739ac2c234377859d9d4f05c399,CLEAR,DAYLIGHT,DRY,FOLLOWING TOO CLOSELY,1.0,37.5,1.0,0.0
17ec6a9781c05721b3d23729000784f9ed0097e067068052ce43bbbb3e2447ac1240c091002f2eef0d811f58e6ea4c154b0aedd8ba3bf3659b44166d80eee301,CLEAR,DAYLIGHT,DRY,FAILING TO YIELD RIGHT-OF-WAY,1.0,37.5,1.0,0.0
17ec6bc45a0e594b1a88af6abf333f8e3b422a43f623c15450ee7fbe9debb1e001983b6ef1dc35a40fe5ea5ac6117c85aaa383fac3c7c8645b77874b289da530,CLEAR,"DARKNESS, LIGHTED ROAD",DRY,UNDER THE INFLUENCE OF ALCOHOL/DRUGS (USE WHEN ARREST IS EFFECTED),1.0,37.5,1.0,0.0
17ec7e9c3f16be8d324c406f1d1765c56f78a09103265a0f89af4d130ffbde685ce4872b3be7a37186968ad17c4d187a790d57ea659856d7e8ab56d456f5fa69,CLEAR,DARKNESS,WET,IMPROPER TURNING/NO SIGNAL,1.0,37.5,1.0,0.0
17ec919fc7fb35f21034faf0ffba8129ce216f5a5ee1304b80d3ed34554f5d236673bcf4674fc4f1929c0958bf69c34e538d1a7aad2d3cbf7dee0e8fa56ace99,CLEAR,DAYLIGHT,DRY,FAILING TO YIELD RIGHT-OF-WAY,1.0,37.5,1.0,0.0
17ecd4fe64837497a4b2a399321e0799a8a2ffe18d3e255fd3760d20e6b13db7b9d90378747cc0c6dbdd8ad0693ca2f01975570bde87ab93104ce0b69a19522a,CLEAR,DAYLIGHT,DRY,FAILING TO REDUCE SPEED TO AVOID CRASH,1.0,37.5,1.0,0.0
17ed21de01a66825de213519181b60aa42203ecf98b376327593f1ff28718ef26afc2f2125546d5e73f0ef94482f8e0a89f301d0dcd353e6fc2153f6a1223f92,CLEAR,DAYLIGHT,DRY,FAILING TO YIELD RIGHT-OF-WAY,1.0,37.5,1.0,0.0
17ed4ef368b67337e5de0db1796378f7a659bfccf9e9ae74364658c2f62ce0e6c9c9c5531f7e37b48d3389f6d5555beca1ddf361f70b221b8b467c6adda9b3ea,CLEAR,DAYLIGHT,DRY,FAILING TO REDUCE SPEED TO AVOID CRASH,1.0,37.5,1.0,0.0
17ed6e552ceb1eef1b608e8a41b6e355fc4255b521e8d79de5a43fdf910fadeb1a5a5d073aa3a2dd1be5444d22a937732ac15b21c9c222364abbecc4bef939a4,CLEAR,DAYLIGHT,DRY,FOLLOWING TOO CLOSELY,1.0,37.5,1.0,0.0
17ed7505e9d1e32c064e96f14202cac5779b7f1bc92ef3cabf9f089f48615b74ed71cfa76f21edd64e03b691d87ff81042631236a65f20632d5d28e214f9cf71,CLEAR,UNKNOWN,UNKNOWN,DRIVING SKILLS/KNOWLEDGE/EXPERIENCE,1.0,37.5,1.0,0.0
17ed8752ac4aaf0fd7b35ba9dc2da1081c74112b5965f340133556ff62747255cad2260ef0861ec48a16941c17da3f58eb045e0ffc528309dd17261ccb0fcb5e,CLEAR,"DARKNESS, LIGHTED ROAD",WET,"OPERATING VEHICLE IN ERRATIC, RECKLESS, CARELESS, NEGLIGENT OR AGGRESSIVE MANNER",1.0,37.5,1.0,0.0
17edb3e3db05c312ca905b5b11406eefd3cbb38766c4f25132b75d34ab51db3363ad976136336fa48a266c8237c1986fba634746231b50f87e33679f6c60628d,CLEAR,DUSK,DRY,FAILING TO REDUCE SPEED TO AVOID CRASH,1.0,37.5,1.0,0.0
17ede532ea82054d9338591d02f30d27f6558b3c7d87cde1eb5f4cacc9927847ba54004b30f707286515073d3c1cfe78c16968469c277835d2897725da696e6a,RAIN,DAYLIGHT,WET,FOLLOWING TOO CLOSELY,1.0,37.5,1.0,0.0
17ee021825b944dd173ac980c9f2a1005c41a3cb611faeec1e7c1fa1ac4c365f02d20d946c34f6d063a70eedc15fec7181b324e8cf8e7f5378eb48f05dea2755,CLEAR,"DARKNESS, LIGHTED ROAD",DRY,FAILING TO YIELD RIGHT-OF-WAY,1.0,37.5,1.0,0.0
17ee026e144448a0eecbeebf34c2e0d6207dd6eeb7c2c5bce1df8d6e767e966b984530c440061b144778dd833cbea687b59fee6f98d34b2862fab35c7bee906d,CLEAR,DAYLIGHT,DRY,IMPROPER OVERTAKING/PASSING,1.0,37.5,1.0,0.0
17ee046977408fe72480e9c6ee8a9671713e297fc7cc603aa3ab1247683ab39f54f8d649ef121f0427f8ca12501f4597347e7e0a297c43aef41801c5782ec202,CLEAR,DAYLIGHT,DRY,IMPROPER BACKING,1.0,37.5,1.0,0.0
17ee2848bf60c651d224d870bde2930dc70955ccc772100fdec1c3b94347242e313e03d609ca5844486247aa160b051377be2195915b3ab791ba38f8ea6590d0,CLEAR,DAYLIGHT,DRY,FAILING TO REDUCE SPEED TO AVOID CRASH,1.0,37.5,1.0,0.0
17ee40f3f7c1a60df8cfba554b38d7d6c733baeb092e5053c074e4060c06a8002df70257f93def6da2b4372242eaf782230551c72b2fbab027a71c2824be20da,CLEAR,"DARKNESS, LIGHTED ROAD",DRY,FOLLOWING TOO CLOSELY,1.0,37.5,1.0,0.0
17ee41d993bb4488a9da91b2cf8283d4655f0b86b1bc97c9d4be7ead538bb61694e76f915f38f2cfed8128ff1a4913b0fd59e865a9a0d213ac01988826de91e4,CLEAR,"DARKNESS, LIGHTED ROAD",DRY,FAILING TO REDUCE SPEED TO AVOID CRASH,1.0,37.5,1.0,0.0
17ee5a32e6a2025cb16da615d96bf1208e442ebacd7888e3ac1fb00dbf6501b7ad49a1820ed5de9b589567e112f0705ff58c0513d8200269972a013960af7046,CLEAR,DAYLIGHT,DRY,IMPROPER TURNING/NO SIGNAL,1.0,37.5,1.0,0.0
17ee6b1bf44b8996960c704b2065a05c82c967080081ae115cb43444ec733fc2d6ef233432fc1172fba45970198e379c9eeb855ce5dd6b5d95c5e204bc66a14e,CLEAR,DAYLIGHT,DRY,IMPROPER OVERTAKING/PASSING,1.0,37.5,1.0,0.0
17ee7716726ac340ad789d8b6b9806733689ded67ac8e79cc9a3573d71f7d72c10b155d84cefd602c2ceddba4a6f1a67c71a0dc3ec2fc7d105359770435e7263,CLEAR,DAYLIGHT,DRY,DRIVING SKILLS/KNOWLEDGE/EXPERIENCE,1.0,37.5,1.0,0.0
17ee7fe41f8b53d6c95c2b18164b742ae9e8817745d18c92bc7c5f18af4b70a92a7cb5cfbb59c9435efc9cbb95985aa83e58deabeb4a6bf9998b5eb915ee0707,CLEAR,DAYLIGHT,DRY,IMPROPER LANE USAGE,1.0,37.5,1.0,0.0
17eebec989eb62a6794c4ba514fd9e8c02f5a8d9d32d7074d51162961b8d47a04e9c18b3d6576675357bfc65a750442cf0330b84ca059297bc30032f653a6517,CLEAR,DARKNESS,DRY,DISTRACTION - FROM INSIDE VEHICLE,1.0,37.5,1.0,0.0
17eec3b24a738f48bb8832364a9da83491a255eb5718c469d670103fd78946fa136cc0bfb925b4a3e28fcf7b23aefc2fab47f0fe669d1057dd34f502101f2d0a,CLEAR,DAYLIGHT,DRY,FAILING TO YIELD RIGHT-OF-WAY,1.0,37.5,1.0,0.0
17eec68ffaa643b1ba88bb826757cf1b12c6f856fab895fc006e839e6fac922eea0f275ae649191152d39ac0a45013d83241a7a695ebb1517a92002f682a1575,UNKNOWN,DAYLIGHT,UNKNOWN,FAILING TO REDUCE SPEED TO AVOID CRASH,1.0,37.5,1.0,0.0
17eec90ba9ad4cde9f1575630fc6e4c76968b889f8ebfc6f088a4539912af85c0271fc2a245c2b587ae97627291782c3a7b5bdb641e52753f114d60c5821865c,SNOW,DAYLIGHT,WET,IMPROPER OVERTAKING/PASSING,1.0,37.5,1.0,0.0
17eed1114c338b8bc2870661b1af5cee9a19f2d09cbe31edee11b4315f872f769887f44b6bc76e804c14a6a9526f9e2b07695439cf4fbc91afbe7326f511a973,CLEAR,DAYLIGHT,DRY,DISREGARDING OTHER TRAFFIC SIGNS,1.0,37.5,1.0,0.0
17eedecf1ab82af3c15277b8d50093c0675908d174ca16909a2dff8bf0dc9cce8997aa84dd0070c863f7fa47c85b9aaf25004118bd5ac1d5cd8d3a25b02c97c9,RAIN,DAYLIGHT,WET,IMPROPER LANE USAGE,1.0,37.5,1.0,0.0
17eee6b3e6d7f765597523db5af92a231fefaba01a4ff0d3495a7369df01664119a8ae74ef7445fa709a50351264948b82105f263db956fbc2254448f8958d36,CLEAR,DAYLIGHT,DRY,FOLLOWING TOO CLOSELY,1.0,37.5,1.0,0.0
17eee744c4f5570db57e386408ee894f61e2026d7aaf73d94b57b28282e30e6b5fe136114769706b6e99a823bffad5e3a05b32083e6e9a8685c03ac360df5636,CLEAR,"DARKNESS, LIGHTED ROAD",DRY,DISREGARDING TRAFFIC SIGNALS,1.0,37.5,1.0,0.0
17eee841f4a379b9aead327f2743f675372c0828bba6ec7322e43944a68fafbdfb1a7464e5b786106fac3563e9da92a98f0101bb2e967772e2683d7667eab36d,CLEAR,DAYLIGHT,DRY,RELATED TO BUS STOP,1.0,37.5,1.0,0.0
17eee9410cdbc0888339d29cf955aff8b7df3b23efa1995f11c46cced73fcedaf2598e3381cc0fd2f0488c067b0fd4bbe19e972e6c06a71c5b3a2dce07601d30,RAIN,"DARKNESS, LIGHTED ROAD",WET,DRIVING SKILLS/KNOWLEDGE/EXPERIENCE,1.0,37.5,1.0,0.0
17ef364a2b5208099dc9d1bc9f10bc38a16789843bb618b93a932dc1fe83369f7c57fcc3581b98c355dfdf5977c9632744d47ddaf9018c88d6c51869720da9b8,CLOUDY/OVERCAST,DAYLIGHT,WET,FOLLOWING TOO CLOSELY,1.0,37.5,1.0,0.0
17ef3d67903be948923a2955619dc3540301a16c52f2d92dc58d649e4a01d4b8d3ce71e63c7bf5e78cc466bf750acf6b4827c5467ce1fe20678bb19b1eb97c4a,CLEAR,DAYLIGHT,DRY,FOLLOWING TOO CLOSELY,1.0,37.5,1.0,0.0
17ef438f65f858ad79380aeb955fa01a5258bb0b4d55a80f34536ed5146eaa0def9e29050a061b21812098e3d8432609b370cf5084c4a999844cf9f0c6d645af,CLEAR,DAYLIGHT,DRY,FAILING TO REDUCE SPEED TO AVOID CRASH,1.0,37.5,1.0,0.0
17ef4dd3fa35d7a65ba0023882a882f336ac65dbf632ba0c5d65870ff533609a2f2ce3ea87316523abb71c13637aa8528d57630d2d2ee229aa05c388ac38da7e,RAIN,"DARKNESS, LIGHTED ROAD",WET,IMPROPER LANE USAGE,1.0,37.5,1.0,0.0
17ef6e79d2c091adf1cc0b6257fd78e03811e6a7a3ab93077e2787960b5bf0e17739be2b5cb627fe697626704cd82ec1243506b74441972d0276606991245b5e,CLEAR,"DARKNESS, LIGHTED ROAD",DRY,EXCEEDING SAFE SPEED FOR CONDITIONS,1.0,37.5,1.0,0.0
17ef73a78e3ed011ff0e178a9e4080e2573c0aeb2bb2c1fa7fdb09026dc92503fb5bfc77848c3f2e5ceea76aae07fedef1c1d10aae27336813eda58a7940bbc9,CLEAR,"DARKNESS, LIGHTED ROAD",DRY,FAILING TO REDUCE SPEED TO AVOID CRASH,1.0,37.5,1.0,0.0
17ef918e70ca9a8c92a59bb92ba351f6e247a1f369b4c4cfaec52f45a7986497af42d107ae905b977f4fba5dbc49267c17e1c37c30d9c8d0af078029810d351d,CLEAR,DARKNESS,DRY,FAILING TO YIELD RIGHT-OF-WAY,1.0,37.5,1.0,0.0
17efdbb811abf1fee3242bb0a6f871dee2ae8bf5b0363e43513043adce04430fc9a27e11c35c20d525edd389743e4183dc9b9f0f8f22f826e8ee3a725ab57812,CLEAR,DAYLIGHT,DRY,FOLLOWING TOO CLOSELY,1.0,37.5,1.0,0.0
17f00f38902e66811611982e6a3a42580b9c113292aaa70996c05ceb03198622f26780183cd7ce03c2915b1257491930adcbe625b3cdbf1e2ba454ffa9d2d883,CLEAR,DAYLIGHT,DRY,IMPROPER BACKING,1.0,37.5,1.0,0.0
17f011cffb5e56cf982a611ec528c2a03a7952b0a2c0eb2cf56da264dcce2a94643697baaded185dde40b649209d7094e0c78316df1be817eaffd6f90d9d4049,UNKNOWN,DAYLIGHT,UNKNOWN,FOLLOWING TOO CLOSELY,1.0,37.5,1.0,0.0
17f012c7179de70665d43a96e976b23cfac5cadf03124383f1a86c1aa2bae3d9de7eff5ed9991b9c80e4a2d39c216b39840a87a44b01d21bed2f6eb9b0f4b868,CLEAR,DAYLIGHT,DRY,DISREGARDING TRAFFIC SIGNALS,1.0,37.5,1.0,0.0
17f01bb8b375c8e945d889d89b4b278ec10f3cf72d6a0b3902b258f3074fd325b0e50a2848cf94ea7b2957eb887364f335c9eded5d9d1953755340d7139862c5,CLEAR,DAYLIGHT,DRY,DRIVING SKILLS/KNOWLEDGE/EXPERIENCE,1.0,37.5,1.0,0.0
17f04356a91d869154238cd78d64539400f9d3a8fff40be72c0388d2dc745c3dfb327ac99b65ead0ccc1389a200d1345f7e9ae5cddb08f5b88ac72c4ea303ebd,CLEAR,"DARKNESS, LIGHTED ROAD",DRY,FOLLOWING TOO CLOSELY,1.0,37.5,1.0,0.0
17f045398990042565a2665a67bf3db51791ae37cf586af9b36e4149c0916717173977f95145553efbf61de17f0bf885da6524dbf1dad13991bcda2da9e63bd1,CLEAR,DAYLIGHT,DRY,DISREGARDING TRAFFIC SIGNALS,1.0,37.5,1.0,0.0
17f058ecf915ab73f4dc7478ad09d2a093a4fbb2c6c3a90fa5e020c1458cc83622808146f542c5fd751e0f666a94736557fe4801886946dba0a178018213d07d,CLEAR,DAYLIGHT,DRY,FAILING TO YIELD RIGHT-OF-WAY,1.0,37.5,1.0,0.0
17f064c07e8a8551076bee69cc4d4aa52e0f88f772a85ed5a15e281629ddd44911ce9e5cd72d11e6abd3298a7b7386f57c2090aeca7914e9be4039e39da49bb9,CLEAR,DAWN,DRY,"OPERATING VEHICLE IN ERRATIC, RECKLESS, CARELESS, NEGLIGENT OR AGGRESSIVE MANNER",1.0,37.5,1.0,0.0
17f06ea7dfdcd7d7c5f07cac669f537222407147e1afcb5466e0c0e404e0a4a484ef6a461482fdf3dd4cae976d77fae5b1134535bb4432c28997ea8597fa5e51,CLEAR,DAYLIGHT,DRY,FOLLOWING TOO CLOSELY,1.0,37.5,1.0,0.0
17f09b16dbcc838ed7cd84c95c4b26af96ba6421e91bef45a75a92107996bb16bfa79777b2cbccbab226efb130da673ab52e55fcfda26e4831394d189c2ff193,CLEAR,DAYLIGHT,DRY,IMPROPER BACKING,1.0,37.5,1.0,0.0
17f0acb4021a434d347d1663cd25d18efc3867c6082413bb97d8630a699b8db9a563906ba7c988f05f7fb8f47d26514950ee645053e570e2c5f299482bf32adb,CLEAR,DARKNESS,DRY,FAILING TO REDUCE SPEED TO AVOID CRASH,1.0,37.5,1.0,0.0
17f0c95807a141739fe6d3cc80a835a1efee1b573feb72fff95f5eb98603a3da1f992e7b9316097abe5942f58b98755b2bf3ef5b205c6431d49d8d66982131a7,CLEAR,"DARKNESS, LIGHTED ROAD",SNOW OR SLUSH,FAILING TO REDUCE SPEED TO AVOID CRASH,1.0,37.5,1.0,0.0
17f0d501ab00dd67bca46e37b5a3d7fa4e56d864a3f9122546d3a2a31b1467bf4967d986d04b5b49144bf8a8236b8286715719e1618a4634da193857dae3af70,CLEAR,UNKNOWN,UNKNOWN,FAILING TO YIELD RIGHT-OF-WAY,1.0,37.5,1.0,0.0
17f0e5ff48d1c34eab6929fe1a2d682742251befc4f89da9a4382e5d30065642fc9eb5b3fdd994ac2f462308f028dc07a5ce28acdc949aa64a2aa5fe17dfc239,CLEAR,DAYLIGHT,DRY,IMPROPER OVERTAKING/PASSING,1.0,37.5,1.0,0.0
17f117ba85c093aef038742f3ab4b33a7733bb8937f144020be5113f36c73feeb9585f4c672ee9cccce4ed065fa0bdb9ed02f9e3083ef73262210bf4d7d50de1,CLEAR,DAYLIGHT,DRY,FAILING TO YIELD RIGHT-OF-WAY,1.0,37.5,1.0,0.0
17f14b9d2c992244c2cd2a0cb7409b2d4edbf09443b07ef522734829d2f8ed6f5e96ee89bab5aa2fe088c3b6463d4dc810298fae028a4ce07af4043746bcd905,CLEAR,DAYLIGHT,DRY,FAILING TO YIELD RIGHT-OF-WAY,1.0,37.5,1.0,0.0
17f15a042859242e67236e8c7f3f9ae0b30a28d3b7eea5a5502f5686c95a240846ea075935e775f247ca13898701ce8e0ea5567291150c3f3db2739990047d80,CLEAR,DAYLIGHT,DRY,FOLLOWING TOO CLOSELY,1.0,37.5,1.0,0.0
17f17e87dd16f05d57274c374fe407da7f4825af7a7fd4056a96aa8ac969ac5f62ceaedf2c136bec85d8fce31450db85c948149d24383945c1a4e476d1ab9bc3,CLEAR,DAYLIGHT,DRY,FAILING TO YIELD RIGHT-OF-WAY,1.0,37.5,1.0,0.0
17f19d54348dd1d1f95a689aad501d5bba3cffdb1a8381e408794b9ce5de58e77d60a238f142b59aa4e0b63c8088854fc6bd373fbc86dfe123243cc49c7519be,RAIN,DAYLIGHT,WET,FAILING TO YIELD RIGHT-OF-WAY,1.0,37.5,1.0,0.0
17f1c183ef6d52a012863da9a69dc43009e86e50dc463b11ffdac04a40d0f861c4e6fff53401eebb596f918076b8d20f2b1a12bcf638b95face87c2941cdc46d,SNOW,"DARKNESS, LIGHTED ROAD",SNOW OR SLUSH,IMPROPER TURNING/NO SIGNAL,1.0,37.5,1.0,0.0
17f1c563eb7be1ea5f7c0798da96893a0ebe485451c4623f29deb64a43da9c3e616856114613939f30b0b2a8bb85ed072f54a653643fedb86ff4fef17ea6f8e2,CLEAR,DAYLIGHT,DRY,FAILING TO YIELD RIGHT-OF-WAY,1.0,37.5,1.0,0.0
17f1c59bbd9efe28184f96d30b6d6c30847f9137dba0bc674df2d9ab9385341580fdfe7552359c10ee85d8fac153591afaae1a7bd12a3cceb72e5c31dce5d648,CLEAR,DAYLIGHT,UNKNOWN,FOLLOWING TOO CLOSELY,1.0,37.5,1.0,0.0
17f1c5bd9a94a50fd5d4cec169c5ffa1a0df7363b01aff0f458bdaa61be82bfe1a590fec8c6f3b0b70d826b8e650bf6aa4dcf6d6d72b9c462244db40ec47da14,RAIN,"DARKNESS, LIGHTED ROAD",WET,FOLLOWING TOO CLOSELY,1.0,37.5,1.0,0.0
17f1eaa82f15aebf9a0ac13e93a565bbd1445039835d4b87c30512d303b05139ed62ad101359c643a7348ef467909474b2dc767e7180525e78c4244ad53e11db,CLEAR,DAYLIGHT,DRY,IMPROPER BACKING,1.0,37.5,1.0,0.0
17f1feee8bf27e1788b35f617f29aa2cf1601a1f7aa36b7bbf289f7b61df82ea8f79424789e9a74f0a79509e7c5a4255960378d0cb878767975a28babc3d24b5,CLEAR,DAYLIGHT,DRY,FOLLOWING TOO CLOSELY,1.0,37.5,1.0,0.0
17f1ff0f5b4f179b538f4403166809ae4534df43dd75135acd065ac00b59409b5579af232271954d0fadf1ed79cd0166d2a2cbe3b60cc2df59f396ff035de51e,CLEAR,DAYLIGHT,DRY,FAILING TO YIELD RIGHT-OF-WAY,1.0,37.5,1.0,0.0
17f22b29b76677c6c3bd7cd2cf8715c802f226cdfa01cc98e48c739f4f28e75137ec31a8d1ac505bcd87eb8b9b4806752b5e95afca924c9416de7642ac965e23,CLEAR,"DARKNESS, LIGHTED ROAD",DRY,FAILING TO YIELD RIGHT-OF-WAY,1.0,37.5,1.0,0.0
17f22ef10ff9cdec7f2f6f719ae00ed2900453a1e45e4e5d5e33531dd4b519d93f1fc901f2ebef8d39392c7e58cf08657ee99eb3d361c3f5e75b8c9408805d6a,CLOUDY/OVERCAST,DAYLIGHT,WET,"OPERATING VEHICLE IN ERRATIC, RECKLESS, CARELESS, NEGLIGENT OR AGGRESSIVE MANNER",1.0,37.5,1.0,0.0
17f2457da0c23bb36bc6714ab54b20b7063afdacaf8f9cac490640edbd163f04802dc8e8540b3b2bc17021255e66729c534d3e7dacb04aacb6015ec00829adb3,CLEAR,DAYLIGHT,DRY,IMPROPER OVERTAKING/PASSING,1.0,37.5,1.0,0.0
17f252744fffd0978b9c01b93e90a8897435e878d6a9324e3d4ec4e075e152543a28dacbccee7907f9274538a29853f05ccde8261c5f8a9cdc77228d0d9df7c6,CLEAR,DAYLIGHT,DRY,FAILING TO YIELD RIGHT-OF-WAY,1.0,37.5,1.0,0.0
17f2731e0957176f96091c9e8507e1edee5d3579507c7d01c9f89b70a9a70485becfaa054b44807831269e4501922cceacd55fd9c90e14c94eedc7d6f05f095a,CLEAR,DAYLIGHT,DRY,DRIVING SKILLS/KNOWLEDGE/EXPERIENCE,1.0,37.5,1.0,0.0
17f282e0ca7f209394a5848a1c834776991ebef77f1fd71e3a805a56fcfbfca7289ced32dfd690be6106043dffdf60596f444f7103132b663f4cb466c2f5b281,CLEAR,DAYLIGHT,WET,FOLLOWING TOO CLOSELY,1.0,37.5,1.0,0.0
17f2ac09fb4c0623462dd65f4d693fbca80180842d5c6f59543de749372301a0ebeb6a1a224a37bff6db03bb545f86c87d37b70108ac2630b11230dd55790727,CLEAR,DAYLIGHT,DRY,FOLLOWING TOO CLOSELY,1.0,37.5,1.0,0.0
17f2ad06f5f5f0d458da3000682db9aad8ed78e640fc3de03da38ba2b28bd45b0ac6fd963d43e7b416216ebfcb4b390dee7d141e17bbd0f110cba5dbbe9863d1,SNOW,"DARKNESS, LIGHTED ROAD",WET,ROAD ENGINEERING/SURFACE/MARKING DEFECTS,1.0,37.5,1.0,0.0
17f2bf2867c9e8357a8bd9cac461652f49644c5fe9cf8b7e664cb36f61466b65335ecbef95b9667edbb7f4d35979d3d167dcf90fb37b6bfd79a1d62b61e0fa73,CLEAR,DARKNESS,DRY,FOLLOWING TOO CLOSELY,1.0,37.5,1.0,0.0
17f2c8089d70b8a6fd125e0fcbd68adeff427dc0472f74cf7d9f6ceddea2e5bf1c17e549eb57592fd22b65a2e2d3a874f3a69fe9c75f5f5f99861ef6bf0fa339,CLEAR,DAYLIGHT,DRY,FOLLOWING TOO CLOSELY,1.0,37.5,1.0,0.0
17f2dec2c20fdd371943bf12fcb1640a1f8d1853ed7536a7120c613206a67bd25a8ef85861e0900fb95bdb932a23d6e30abfc3433865cb11caba731fba47c6da,CLEAR,DAYLIGHT,DRY,FAILING TO YIELD RIGHT-OF-WAY,1.0,37.5,1.0,0.0
17f2f1dcfb8ba463f7b3b2bbeeb72860823e1ecbd19220731fc2c5cb2245d4da09b66793efc4567ec99be7a796abfd2878a67fede43d3ed697f3fb87950a8f65,CLEAR,DAYLIGHT,DRY,DISREGARDING TRAFFIC SIGNALS,1.0,37.5,1.0,0.0
17f303648856707c5de36a6574f68a8cd17cadd823f7564c9b4bb4f55fa484981c331cd625d8d928fa1de2296b7bf896d9617e9fc2a4e761fe52f13e7eb3eac1,CLEAR,DAYLIGHT,DRY,FAILING TO YIELD RIGHT-OF-WAY,1.0,37.5,1.0,0.0