crash_record_id,weather_condition,lighting_condition,roadway_surface_cond,prim_contributory_cause,total_vehicles,avg_driver_age,total_people,total_injured
17f304f535ded7baefbaeedc79a9d609e4368ff83354627c39c620b5fcb500d6af73891b56b0b08be0209c0a7167f9803b7b02f9225140effc35771d177e00ee,CLEAR,DAYLIGHT,DRY,FAILING TO YIELD RIGHT-OF-WAY,1.0,37.5,1.0,0.0
17f349933b3bb7d70b48c76e081adb4914d84c17107d5a8d0f90b9ea6b7bea23e19a1359c98d07455d18ec88edfdf6d8834968be785a95e83392221c8f87d007,CLEAR,DAYLIGHT,DRY,DISTRACTION - FROM INSIDE VEHICLE,1.0,37.5,1.0,0.0
17f38d6f9dc8621cc8b7b0a15f846d81eb8041d18f235883ad2e89e75527bc56153e09f848fcca51d8ddf59c9c351aa366ef6d845026d49b773fdca83f3eb2e5,CLOUDY/OVERCAST,DAWN,DRY,"EVASIVE ACTION DUE TO ANIMAL, OBJECT, NONMOTORIST",1.0,37.5,1.0,0.0
17f38db343142654c4ed3d34db9c5e572d7c7f67704e56a8d34a7086a3d41f727d6655d9f9430da74e2bbeacc7b6eec3f2c782e5a71c19f1e7c09ea11d1120b4,CLEAR,DAYLIGHT,DRY,IMPROPER TURNING/NO SIGNAL,1.0,37.5,1.0,0.0
17f3b5321b4c21952d7fdd7cd6086293a869dfb5ec5d4075cc3a6fae7257fdf21930f7625ecbc16a6141cfae0a1a012275ee6afb369a76219000268c43adeb99,CLEAR,DAYLIGHT,DRY,FOLLOWING TOO CLOSELY,1.0,37.5,1.0,0.0
17f3bc8a25b45c940753c8c0dd5ae39f891880a3bb7d1689b5ed1850ab02c43b3a13712b89f701c79452dd44d50df6035ef2604a18e03bd4da06440f331fed06,CLEAR,DAYLIGHT,DRY,FAILING TO REDUCE SPEED TO AVOID CRASH,1.0,37.5,1.0,0.0
17f3d231c5cc6098523deaace0890a3c5f909bd540c8f72ff186b507edbbd65e510499d3a6b1b4186c487e588fe971b9e0f46cf864f88f988111f3d57ed8c12d,CLEAR,DARKNESS,DRY,HAD BEEN DRINKING (USE WHEN ARREST IS NOT MADE),1.0,37.5,1.0,0.0
17f3d9016d157810be31903ca49c5d5206b76a3e2e08a6e3a42ac759976f4bd774ad750d87f19c1ff7125b39309fadeb7e7bd624eead97982c45f1b61161a67f,UNKNOWN,"DARKNESS, LIGHTED ROAD",UNKNOWN,IMPROPER TURNING/NO SIGNAL,1.0,37.5,1.0,0.0
17f3e10377d93041a4161d14dca41d7afc1ba50499b432a95ddb13160bab059e33c74cde0bbaf4aef925304a6fe0b7df48558f21a1c037bd21a4958d23a7297c,CLEAR,DAYLIGHT,DRY,FOLLOWING TOO CLOSELY,1.0,37.5,1.0,0.0
17f41a2fd847f9cffda731b6d6b34684510f1e0f421ebdd42617d3099efbc19bc8beb3e35ae210547d3836183e4e2cfa9e7458b81a5d475c467d58f7cb5ed843,CLEAR,DAYLIGHT,DRY,FAILING TO REDUCE SPEED TO AVOID CRASH,1.0,37.5,1.0,0.0
17f4c34254e70851f96fa7263599787fc036d0ad8a621e8a119d3f723c40ecb7b55ab33400ab36009ba074e073393451e03c2eb5119151db0b413c916e1afc98,CLEAR,DAYLIGHT,DRY,DRIVING SKILLS/KNOWLEDGE/EXPERIENCE,1.0,37.5,1.0,0.0
17f4f7b1146af80ed14f7ca9d975532b7fa357eab6621384b2c7a910de127f77fad291df2f93eca66db4cfafa6cfc7c613a22514452022cb884a117aba15d3f1,RAIN,DAYLIGHT,WET,FAILING TO YIELD RIGHT-OF-WAY,1.0,37.5,1.0,0.0
17f4fe1c84ee20b504c4110c2f04ff8ae55d1673d0c283ef63637ab71e921bf61457e0270fe80012c6200986064790ca7569e33aa5dd53a50d7423109f5190ce,CLEAR,DARKNESS,DRY,IMPROPER OVERTAKING/PASSING,1.0,37.5,1.0,0.0
17f5179a10630582c8d3a27ca6ef2a1789583b7845fa118de5391b80add19fed75e1dfb8f29c1042e3b0eec12b2acb77e0bb5edf8d3b42a8c6903e5837584900,CLEAR,DAYLIGHT,UNKNOWN,PHYSICAL CONDITION OF DRIVER,1.0,37.5,1.0,0.0
17f53b2c50e6046e68c2c49604a2f6f251df0488cfe38b133d9570f3bf70d692edfe1e304cab8f1d6a945507c724bf425afd0f395a547da4ed2ce1b0726f3fa6,CLEAR,DAYLIGHT,WET,FOLLOWING TOO CLOSELY,1.0,37.5,1.0,0.0
17f5af898bc64d9cf32fa6068481e56bd5d997b6990e53ea821a56b3de35a67f6d8b929d77aed410f1cbe71349fce3fc7c5fc711195f38e8f558c5d375031ff2,CLEAR,DAYLIGHT,DRY,FAILING TO YIELD RIGHT-OF-WAY,1.0,37.5,1.0,0.0
17f5b7b7027b382a87ab6a2878f7fc26fbff8bc34560191dea09ed0afd65e444ab812097b9179690b4fccc50c50ef9a63a6de9de51117a00cc913d3e18022429,CLEAR,DAYLIGHT,DRY,DRIVING SKILLS/KNOWLEDGE/EXPERIENCE,1.0,37.5,1.0,0.0
17f5d4c0bbe6880b6918b24acb75c5bf4b934b0e749802f12e521c836cb4b17020b6a0f8100a5b4b646272fc031818a1acb2baf9fcffcd458f9532f09d05c04e,CLEAR,DAYLIGHT,DRY,IMPROPER LANE USAGE,1.0,37.5,1.0,0.0
17f5f2324787e49de861306db5c37d35967bbc78985689a6bb657692aa58fabfd42bcb206e484a81ac9e12662d83d723411e5ca66a0b5bd7d1e3961932fd0bf4,CLEAR,"DARKNESS, LIGHTED ROAD",DRY,FAILING TO REDUCE SPEED TO AVOID CRASH,1.0,37.5,1.0,0.0
17f5fcdbc5768f61df2babdf5a2c7fa888ed997fa213e30747d4e84bbce356645f3e127bbf01839dba79c59c4e34036257be86551a5b4142faafbcb8069d01fa,CLEAR,"DARKNESS, LIGHTED ROAD",DRY,IMPROPER LANE USAGE,1.0,37.5,1.0,0.0
17f621aac4349444a450e70b08829baaa8e91e38ab7a92e65b80c7e960eca1b058d825c16bbd879322bdd88c4bdf219172a08ed48eb2ea13c867e07e4ea8d7a8,UNKNOWN,UNKNOWN,UNKNOWN,FAILING TO YIELD RIGHT-OF-WAY,1.0,37.5,1.0,0.0
17f69030e7acbcb5a2b62a45308c2456b7808852c04de6b7d90a94ae47908fb0ac9ca24861dac4a8595011acaf586c47b533ebff8e40bc9304e1f037b3f507fa,CLOUDY/OVERCAST,DAYLIGHT,DRY,DRIVING SKILLS/KNOWLEDGE/EXPERIENCE,1.0,37.5,1.0,0.0
17f694e11ba3d9300101064aec1e4a2487d4f899bd2ed044e68d2ee3c9952653d66c05ffa4a5fb5389612ccb673cbe2ae6cf850278a1f19dca49da491a477ec0,CLEAR,DUSK,DRY,IMPROPER TURNING/NO SIGNAL,1.0,37.5,1.0,0.0
17f6a22a37348fd0acec1f3f15edc477a03b3498f8196c4ac85994a17de00f8101888c16643451b40ee3ed8e88e4184c8018c95b9bb568f939a735b2ea43b25e,CLEAR,DAYLIGHT,DRY,FAILING TO YIELD RIGHT-OF-WAY,1.0,37.5,1.0,0.0
17f6bc449350debd1ef4dde96b80e64bc223f8c61e830ed698c6582ce1bcd9673934aecdb55e445b316b469c92347a2b58bde05c20980caa7257ac3e6c24a0d7,CLEAR,DARKNESS,DRY,"DISTRACTION - OTHER ELECTRONIC DEVICE (NAVIGATION DEVICE, DVD PLAYER, ETC.)",1.0,37.5,1.0,0.0
17f6e5d9750239ab4b404db1ceb75879322da3324e9abc025ee49d273d4c5f8e041bf2ce8ef426b8ccdcb1beda27daad7e22b01e6baba30b57c31eaea37084ca,RAIN,DAYLIGHT,WET,FOLLOWING TOO CLOSELY,1.0,37.5,1.0,0.0
17f6e772f0a438c8502c9b4cbbbe919b29ac01727496bf4deb5d54a85d52560373108865433e318316c5789ccf41a9b73f01ca88c2456b8bf1850e3efcb758a8,CLEAR,DAYLIGHT,DRY,FOLLOWING TOO CLOSELY,1.0,37.5,1.0,0.0
17f6fdb9879c8a2eac25ad494729da36d567958b61d291fe476d8669fae62f5128bdefaa42118d0a7c85f161df8f8534c25e3532c86edc124a24dda63e210cef,CLEAR,DAYLIGHT,DRY,IMPROPER OVERTAKING/PASSING,1.0,37.5,1.0,0.0
17f7001adf5c95ba5109ca4a344a3babe1a4926cd124f10603ee6be26f0790489025a3a6e34afe2e6c22bf58631ae557525e0adf71941bd8fddab2d65c523716,CLOUDY/OVERCAST,DAYLIGHT,SNOW OR SLUSH,FAILING TO YIELD RIGHT-OF-WAY,1.0,37.5,1.0,0.0
17f72ad4907b1d2bba599906953fbda9e7ccdd4be640683484c3cccc09f30786eb8f6efff8ac6ba0d0829a5ef1e14aee1f46198513e25fb987ba6ae9cc3bf5b0,RAIN,DAYLIGHT,WET,IMPROPER TURNING/NO SIGNAL,1.0,37.5,1.0,0.0
17f73f3c5c621330240472e79d41ee557ebf3f9f69214e3eb5b3602db3aee420b4ac2d2f5f237aaaf3490dad035d66672d39d45b11a3c8d47dc215a8b18f87f7,SNOW,DAYLIGHT,SNOW OR SLUSH,FAILING TO REDUCE SPEED TO AVOID CRASH,1.0,37.5,1.0,0.0
17f7403ef725789338d408ca8d95ea443fdc4aeb66fa9f200c2ab694a2b7d7dddb0a7f9940ca729366e5b287e5bcf672aed30f9beaf98c8e7840ea64f89ecbbe,CLEAR,DAYLIGHT,DRY,FAILING TO YIELD RIGHT-OF-WAY,1.0,37.5,1.0,0.0
17f75083d3533b6da2c74639c516b14d5a0c471587abd101986def08d9fbedfe8fe6a8f8c3916bb2838c820d10deb5087fd59462902632111ab4658eedc1920c,CLEAR,DAYLIGHT,DRY,FAILING TO YIELD RIGHT-OF-WAY,1.0,37.5,1.0,0.0
17f78f19002f806e4e69e40bd1be772f5bb505cf7bbdfb1367b80ea2171d189dab0bc46d88b69e403054dc3561d88e5475ddb0eee88e97ba13b6a60545dc276d,UNKNOWN,UNKNOWN,UNKNOWN,DRIVING SKILLS/KNOWLEDGE/EXPERIENCE,1.0,37.5,1.0,0.0
17f7abe118f4892396e9b947e451145e8c66931991c5715a8fbbb72f83490eb254f3be50bdcbc3e58a89c76702a5b02438cca926fd65811c8b995b7a7fbfcfe6,CLEAR,DAYLIGHT,DRY,DRIVING SKILLS/KNOWLEDGE/EXPERIENCE,1.0,37.5,1.0,0.0
17f7b4d9bd912d3f36b150439c44dff81e452a320d95efd766be8e63b88df5244e4b0a0c75071054036046b8039450ffc39041811580ae71aa0c1e9855e86917,CLEAR,DAYLIGHT,DRY,IMPROPER BACKING,1.0,37.5,1.0,0.0
17f7b55553c08e78616550572a7e4920e8407682f6f32b9441191110c995191ff71c85f2fc22429e44a9155c2e45e0b36c5c4ce4df5ab6891a6c1e54976b9c1b,CLEAR,DAYLIGHT,DRY,FOLLOWING TOO CLOSELY,1.0,37.5,1.0,0.0
17f7de805a5b915ca3de046feb73d30c428b2f972426951a3528b00bc4d318b291151d8b0877dd67cda9d30c3d91a33fc1cd4d4bd7ae2077ecaf5fd82f1acb1d,CLEAR,DAYLIGHT,DRY,IMPROPER BACKING,1.0,37.5,1.0,0.0
17f7f6cfb7239915280d4f57c868008a33154419b418e108d5e8602a10518e0f32a8aaa5ad216971bfdcbdde3805c21b38c501d04fc4955e976603bfa840da71,SNOW,DAYLIGHT,SNOW OR SLUSH,FAILING TO YIELD RIGHT-OF-WAY,1.0,37.5,1.0,0.0
17f7fefd75de75fb0d66013dc127b136d25b9696496001b74509c59800fa5c91486906bad320491494f7bd7384aca3a8e2052302586fb10d1bec78349700e9a8,CLEAR,DAYLIGHT,DRY,IMPROPER BACKING,1.0,37.5,1.0,0.0
17f815ed37237fc505e7e94ebc5b4284b3a1833da1545599ce2b9b59e81dc3f48c4828c5d7081c587683a88b72c00ddb4132a1fdd62aeaef810af32103e91885,CLEAR,"DARKNESS, LIGHTED ROAD",DRY,IMPROPER TURNING/NO SIGNAL,1.0,37.5,1.0,0.0
17f82d54edd5b4c2794c565235711658f92471665e25bc5d8c7e87c374bed56ab27a4448d8c408ef0d640fb8cff36fc7dd12c247866ad7c791ac68bd9cfa909c,SNOW,DUSK,SNOW OR SLUSH,IMPROPER OVERTAKING/PASSING,1.0,37.5,1.0,0.0
17f8363f798c597e1c740bbf2fc7ac595fb6dbc7da487bb7caafb599d48a5671c25ace82d78f3b2ad99176cb563f93c7df35753fe88a1b34e47d318ef35cab75,CLEAR,DAYLIGHT,DRY,FOLLOWING TOO CLOSELY,1.0,37.5,1.0,0.0
17f83e83cb7dbb3bcd48579ec60300de7f5a5910dadc47f4f1b238765d01dfe9ab5c4210b94ed2ce89b3fd80fd6772396af323f9981e754e1b7b64496fcfc9be,CLEAR,"DARKNESS, LIGHTED ROAD",DRY,IMPROPER BACKING,1.0,37.5,1.0,0.0
17f8582f2e35884cf59e7cb786a38ceb9b9875c6de20fae578140f0bab2ea2e8a160a193feba1b146734dd8744556e359bfaf994e45045320c2fc52c8e5e0b01,CLEAR,DAYLIGHT,DRY,FAILING TO YIELD RIGHT-OF-WAY,1.0,37.5,1.0,0.0
17f8d0b1612aadf7357f1b04e3df215705564e25ddd31e0a437eb271c2a67736e4f3bd0ffce97df073b83dafef9c3912bd115a0481d3c7325833454b75cfb62d,CLEAR,DAYLIGHT,DRY,FAILING TO REDUCE SPEED TO AVOID CRASH,1.0,37.5,1.0,0.0
17f8eeb45bf3778b853c07fc4791539036b7cc775d6d534951119990a33210108b6b78a6d3c443085ef16d4408797c238990b6c4112f2559b0c3b5e55851d124,RAIN,"DARKNESS, LIGHTED ROAD",DRY,FAILING TO YIELD RIGHT-OF-WAY,1.0,37.5,1.0,0.0
17f9136a56ce2d7c439492b4512f6577eeb4cf6d467dc3f4b7103ffd598c1f4836934cb44d3a1211debb547120f09a52ae5808e9ace7c4b739303012f7491fa0,RAIN,"DARKNESS, LIGHTED ROAD",WET,FOLLOWING TOO CLOSELY,1.0,37.5,1.0,0.0
17f9315d313276e199b473122f9e5d30fabef76904e71a0c59a095e6e4b71c31b9a2478077afc311e24136b10355e4028be493aea7b26c9b35aeda2250b59830,CLEAR,DUSK,DRY,IMPROPER TURNING/NO SIGNAL,1.0,37.5,1.0,0.0
17f955d50e3ef24f17b7bd0f5677bd88780a858b77f7fd194fd297280ea713dcf65c69804e0d375477a38fd43e16e98736fef94219a05a19ffcb6384930ea907,CLEAR,DAYLIGHT,DRY,IMPROPER OVERTAKING/PASSING,1.0,37.5,1.0,0.0
17f968bb793ee508aa0656b05d2c5ee82563aee1045127d12f61eea1ae2e484b3f3d79420e5661a22882b71e4739f955b676ee2e4f0cdfe866ba06a1e22d1a55,CLEAR,DAYLIGHT,DRY,FAILING TO YIELD RIGHT-OF-WAY,1.0,37.5,1.0,0.0
17f9770b18c5ef9520d086f24b60e7ddd5917a5247328e4ca960020fcdab835a70d70b36b9182ae8f57fb502c2208e645fea9e4b7cba9e0f2d058d273a52cacb,UNKNOWN,DAYLIGHT,WET,FAILING TO YIELD RIGHT-OF-WAY,1.0,37.5,1.0,0.0
17f9acc23126aabd0b4926b7826ff295ff46b36f4182c26a2c1d743b580fe1f0d7c6b44e9d3772899a9d6632cdabad1eb5b04ad428b561082cf15e7f2c5588f4,CLEAR,DAYLIGHT,DRY,FAILING TO YIELD RIGHT-OF-WAY,1.0,37.5,1.0,0.0
17f9e38687e715ee3325646f681199edfabd09286800a1a6cda371354022546016d56408b578109eea2c88ab10c8e5a82522b19e488509260ef74f02f652e38c,CLEAR,"DARKNESS, LIGHTED ROAD",DRY,FAILING TO YIELD RIGHT-OF-WAY,1.0,37.5,1.0,0.0
17f9fd4b4bbfce9a6e89064424877060b46022e75618ea42835255fa9d3d207f8c60668e1da5ee99829fa017a8dba235991e7bea39e5b46d275f847243e01455,CLOUDY/OVERCAST,DAYLIGHT,WET,DISREGARDING TRAFFIC SIGNALS,1.0,37.5,1.0,0.0
17fa08054840ecf8e6222afb814237230fb61f72a05fbc26727ac0ac3bb254e4afafe8aadda28af01ce66a701b2807dc3b8f31dfd272c4f3307cd7a45112dffd,CLOUDY/OVERCAST,DAYLIGHT,DRY,DRIVING SKILLS/KNOWLEDGE/EXPERIENCE,1.0,37.5,1.0,0.0
17fa1e29a6c57c03418478a5178a64f76065c6ab00c5e96932e78f8a34771bf4a607b8fd283a241f187fbb2a194b05b17863b5abb27c600d96a1591a9acf1227,CLOUDY/OVERCAST,DAYLIGHT,WET,FOLLOWING TOO CLOSELY,1.0,37.5,1.0,0.0
17fa2c489e885f5b578c1b6c13b90a496f2124069e563d7582a0a22fa07abbc08a8f0454e1e781670245166cda7ae212c96b7ed25901126f8faf19d2c137d48c,CLEAR,DAYLIGHT,DRY,FAILING TO REDUCE SPEED TO AVOID CRASH,1.0,37.5,1.0,0.0
17fa383e371b91e0b99220239cf7fbba59d8c6a32af1d4c97c2a7627b32b2c952334911f3cb304b143f816569b2f3f88bcd486d34fdba72bfffbfb7b3b8365aa,UNKNOWN,UNKNOWN,UNKNOWN,DRIVING SKILLS/KNOWLEDGE/EXPERIENCE,1.0,37.5,1.0,0.0
17fa4858e5ae92233c36177e9c016e5d2840db3a6e29195e156e2fd292660127ce2bb2b8828a2d976d0d46c8a947ad89e666754ab3b5e2461e5e61680734d304,CLEAR,"DARKNESS, LIGHTED ROAD",DRY,PHYSICAL CONDITION OF DRIVER,1.0,37.5,1.0,0.0
17fa9297a3677a33aa04ce5b27540ba293d7b2d4e2bcc57eca33b3406487d5c4449fff076e256b1d5edab058eebb9edfa865a13e350317338a801f8e2513f18c,OTHER,"DARKNESS, LIGHTED ROAD",WET,UNDER THE INFLUENCE OF ALCOHOL/DRUGS (USE WHEN ARREST IS EFFECTED),1.0,37.5,1.0,0.0
17fabc06e77327cd029b0fa5259c92fb6652d8acb76f177ec706c81a496ffc93ccff04cc38fba0338c1e15517949be2d9956830eb4932fa8239a32dc68cbc42f,CLEAR,DAYLIGHT,DRY,DISREGARDING TRAFFIC SIGNALS,1.0,37.5,1.0,0.0
17facaea5aefcf881e47684e4d12034c845b1c9c5942da8304483a4bbef7c6ac4689b9c23e33418bcd30f378e2bb4e0a711998f223d7e39224e26441a13f8d6f,RAIN,"DARKNESS, LIGHTED ROAD",WET,FOLLOWING TOO CLOSELY,1.0,37.5,1.0,0.0
17fad8755b4aa51a065a16dd477debaee4c85296ccb586eb45f4da2347c67bd4b444a6298fd7b7339369f752337c11a5d14e0119df3e393e59b89f0d33b0dd2b,CLEAR,DAYLIGHT,DRY,FAILING TO YIELD RIGHT-OF-WAY,1.0,37.5,1.0,0.0
17fae089c795645a28251341e76ad1d6e8b1c160973618268767ac262de2aec07b0edca38c5f8a1cbbe7d68a915d22e91fda0e7e920f7121ac2bcce68e5f2ca4,CLEAR,"DARKNESS, LIGHTED ROAD",DRY,FAILING TO YIELD RIGHT-OF-WAY,1.0,37.5,1.0,0.0
17faeb956e3a1f19e694405326b553b67315de566f52eaf86708a41d3174ee3584dfb15d81120807dd8b197122da0347a8828975e7a1351f357cc53275715ef7,RAIN,"DARKNESS, LIGHTED ROAD",WET,FAILING TO YIELD RIGHT-OF-WAY,1.0,37.5,1.0,0.0
17fb063f8896c93a36b5cc0f1ce0b37144e1bf6ffb0c97bb14d5641075af6eebc5b65fd061279649062c5d363e1a4242a8ee8bd94f6b747f557e7d77b4b661b9,OTHER,DAYLIGHT,ICE,WEATHER,1.0,37.5,1.0,0.0
17fb28bddf32c8ec4deb6d313f777f8236b1a5f5f8129aa8a982e6f205ac6a0158509f0c6918a79c60542dab3522ce5caa994e3a6b6e6b94ace44c4c2f355cc2,CLEAR,DAYLIGHT,DRY,FOLLOWING TOO CLOSELY,1.0,37.5,1.0,0.0
17fb553406c29b815f7dd7cc209df4a87d120ff21170107df63d77093a4053e73608776276a841229f74d6ab3cd807476e9513584cfa9629c4bac2248ddc2b80,CLEAR,DAYLIGHT,DRY,IMPROPER LANE USAGE,1.0,37.5,1.0,0.0
17fb56848f9204f5ccf91780dc77ec52a07483e99bb4c6aec93b289b07ce550b608d8076ebccf54d00c367cf676b99705b0e25f17e2b78506f9dbe238e0fc1ff,RAIN,"DARKNESS, LIGHTED ROAD",WET,IMPROPER TURNING/NO SIGNAL,1.0,37.5,1.0,0.0
17fb66bbb25a5ef6fad1c2a4e8e91c3a99fa1395d5ba27baa43292c7dbb312e0d5ee9badf2e5f3efcb3cf596905c84674d21c6d2204cd9870a19558f919ba70f,CLEAR,DARKNESS,DRY,IMPROPER BACKING,1.0,37.5,1.0,0.0
17fb8026e6a4566c74eb9d28eaa9d452b2210553c7ac44a2155caa47938003347cc1b67cf725485ec6b475e5ff66cd9459b0dd4bc8ee59addf1a75cc817dfc4f,CLEAR,"DARKNESS, LIGHTED ROAD",DRY,FAILING TO YIELD RIGHT-OF-WAY,1.0,37.5,1.0,0.0
17fbb1c348b1276a8dc0e7ed608f1e00c61d389bc7c05a5dff12ebb43c5197b3814bd559f0e09e9d8f8d9020bd37673d46157feb315a4b8bf04b7852fa0295d4,CLEAR,DAYLIGHT,DRY,FOLLOWING TOO CLOSELY,1.0,37.5,1.0,0.0
17fbb6b0f5e46192ca1feccf85d86f0af7b1bc2a3f97fd6d676b27acca44717f7174b47b554e85dc56c0ddbcb0edffdf94ee2d84752245ed1b06539a92e368b8,CLEAR,DAYLIGHT,DRY,DISREGARDING STOP SIGN,1.0,37.5,1.0,0.0
17fbc400c04908b1b0f4bd26e53a0ea33922378f426dd22fc25c2c6c1654f04ca7ba3271253093782d849a8507451816d0db46ba6a6d8ba07f4c53a976d73ba2,CLEAR,DAYLIGHT,DRY,FAILING TO YIELD RIGHT-OF-WAY,1.0,37.5,1.0,0.0
17fbc565d889c646aab65cc0ace8d4ef866c78c5ecb4d99eb5dc9dffbe56bce1da8899f7a61105a67cf9cb9c1e5c302126524f65c03c1abf70ae5cc5a98e3251,CLEAR,DAYLIGHT,DRY,FOLLOWING TOO CLOSELY,1.0,37.5,1.0,0.0
17fbde77f4d124fd1b06bb1880435ed3a7ef3c196867b7f86151d66b20d6e658896770375f0a4468b30a7f7d466a787b165cc75f89c40f624671c9c3a92b3114,CLEAR,DAYLIGHT,UNKNOWN,IMPROPER TURNING/NO SIGNAL,1.0,37.5,1.0,0.0
17fbefd9e8d03feacc9a68a95a6fbe65a811803693de84519b42f4cb78ff889ce4f71e21ae4f582a98f108628f01857f3e74838f7bb4bd2adf6393ee53ec5efa,CLEAR,DAYLIGHT,DRY,FAILING TO YIELD RIGHT-OF-WAY,1.0,37.5,1.0,0.0
17fc1a0bd7b3cf39f606d1d64a0dd2701a86cc2a30a172ad1e2c1428b0e2459d4d8520800daf119960621149bc26ef2f2e19f3e787d6a8cbab9a094cd83c8658,CLEAR,DAYLIGHT,DRY,IMPROPER TURNING/NO SIGNAL,1.0,37.5,1.0,0.0
17fc3548985969caa4acb61a1ea3460fff58101c6b92b3eb26e4af852a785023e70aaac8ed9edb21fff314adc902931cd27746e375f925d9ef7d294b23f7fa58,CLEAR,DAYLIGHT,SNOW OR SLUSH,FOLLOWING TOO CLOSELY,1.0,37.5,1.0,0.0
17fc4ad24d20b74950e04d777beff985f5d9471747c42ad8b50c6a60471cc2fe5356e1e00bacc76afd38cf75a06b45be5bd27bdb2810bef138cfaa8fbf610e79,CLEAR,"DARKNESS, LIGHTED ROAD",DRY,IMPROPER OVERTAKING/PASSING,1.0,37.5,1.0,0.0
17fc665ccbcf2f0e2ad1c28f79669d7ac6386e1c504550dfe6e9b3cd0f0ccd2034865c3e1bbf606f42ca9c24e243b4d85202a81c6b7679b30920f5310da6c8fa,CLEAR,DUSK,DRY,DRIVING SKILLS/KNOWLEDGE/EXPERIENCE,1.0,37.5,1.0,0.0
17fcac8755c5e0991f33048c217855c073edd24f73a499c84d6346133eb70b6a57ef09d066f67cd78d1a665a424d8ed25ad554fe26f0defe97bf354249c0eaa9,CLEAR,DAYLIGHT,DRY,IMPROPER OVERTAKING/PASSING,1.0,37.5,1.0,0.0
17fcf92ea3a4013a479c9013dd3f1b53491b867719bdc18fe685c356aeb0d8550d96e7d019cf635f1ac6650d68f64f23aa10e420cc381943efe5960b65a5f75a,RAIN,"DARKNESS, LIGHTED ROAD",WET,FAILING TO YIELD RIGHT-OF-WAY,1.0,37.5,1.0,0.0
17fd5b10b6265c0429e6ccc8c1374f77440df03ee02dc88bd83b47e9cf4cd2e718179cf0f8ebc6df24f18b335bc2dab9aea39fc78fe42b038071717fa16eb3a2,CLEAR,DAYLIGHT,WET,FAILING TO YIELD RIGHT-OF-WAY,1.0,37.5,1.0,0.0
17fd698f5480f1769d72dea224eeb7647d7e070e163290b4e15c857be4a47816023bbaac6df404e5e3a0a864b54568928b3aacc5d877a50e47256a90c4dd6a05,CLEAR,"DARKNESS, LIGHTED ROAD",DRY,IMPROPER TURNING/NO SIGNAL,1.0,37.5,1.0,0.0
17fdc917601cd31fa02a8153091131ad8e966646fb551552dfeb764e24346520201fcbabd52a2c0e91a91f1d6b80bc6cc85246cf240a1878d8a51db192391863,CLEAR,DAYLIGHT,DRY,FAILING TO YIELD RIGHT-OF-WAY,1.0,37.5,1.0,0.0
17fe04e1471b1b2f1c3e25ec05a5bb9406e4ec731d75a7dd2408a2fc367139d339434851a71d83313977c0f2e578c8feeecc08101cb33a1b38c88aaf6e5c8db3,CLEAR,DAYLIGHT,DRY,FAILING TO REDUCE SPEED TO AVOID CRASH,1.0,37.5,1.0,0.0
17fe2c2c808ba0e66c1af379a73ee25185063bbdf462359cd8ec1b5ae234b0895a23f08cac9c2f0a6b96a8b3fe4016ade1d3488b97d28f7b61c3bd55062786cb,CLEAR,"DARKNESS, LIGHTED ROAD",DRY,EXCEEDING SAFE SPEED FOR CONDITIONS,1.0,37.5,1.0,0.0
17fe30e91d16143c8cc5a6ba2a8609b74a3247b852a31911b09a15bfa2c90a593d87d8a61dfccdad016774f0ba7328e30b6b52706aa10c886e0f3855d824eecc,CLEAR,"DARKNESS, LIGHTED ROAD",DRY,IMPROPER LANE USAGE,1.0,37.5,1.0,0.0
17fe41cef984b269d2866bc46641b49367ba103ce70bcb63286a93d1127cf6d46371b16ee5a30df68a4e76c7ca7af4c70bab47baaa044c140d29d1a5fa39c11e,CLEAR,DAYLIGHT,DRY,"VISION OBSCURED (SIGNS, TREE LIMBS, BUILDINGS, ETC.)",1.0,37.5,1.0,0.0
17fe5e9ab8dd49213fb81b98a5c597b156b562b0aacbcc9e5894a87d829dc6737887c9bef2498f117b8101ffa10115ff2ed34e8e6c3a870866df9e75ad6aa28a,RAIN,DARKNESS,WET,FAILING TO YIELD RIGHT-OF-WAY,1.0,37.5,1.0,0.0
17fe6c88760e0ea216143cf5b33de1725a947aaeee3dcbf0e242fd4ba6503fa285514914911d78aa381a126522480b9607eab6d169a2dbc0efbaff8965ca72dc,CLEAR,"DARKNESS, LIGHTED ROAD",DRY,IMPROPER TURNING/NO SIGNAL,1.0,37.5,1.0,0.0
17fe855d5ad65d8f21cdf6ba3f2ac061290d3ac20972965490b620fcd059b56def1b08a22ff96967983396f890ca54367169e77d4ae40c81a2d2d98369b257b5,CLEAR,"DARKNESS, LIGHTED ROAD",DRY,IMPROPER TURNING/NO SIGNAL,1.0,37.5,1.0,0.0
17fea8abee1ad7564a4cf41bfab1cf06eab7669e3c5d22dc9ce4398a64fe8fa6493e884a062a3bec0e6e2040a582bc2c5bc920130d22b9f17298cfbc6352e43c,CLEAR,DAYLIGHT,DRY,FOLLOWING TOO CLOSELY,1.0,37.5,1.0,0.0
17feb9bb06f78c7312ce97f36cf8454c27ecc8b5676e3b2745df967a03e65085a6801fc4a09f02e5a5996f3757ac966f2d5cd43367e1689c36531ed86cf19127,RAIN,DAYLIGHT,WET,DRIVING SKILLS/KNOWLEDGE/EXPERIENCE,1.0,37.5,1.0,0.0