crash_record_id,weather_condition,lighting_condition,roadway_surface_cond,prim_contributory_cause,total_vehicles,avg_driver_age,total_people,total_injured
17fec6589c80366faffc423dd3d353e6730c0b25bcdc705793d4654b8ca2896559dc8fda5b94f2b587ddd0ecad4ab371189c3ce74394770f5385c01b3a4d10c5,RAIN,DAYLIGHT,WET,FAILING TO REDUCE SPEED TO AVOID CRASH,1.0,37.5,1.0,0.0
17fec6da4b5c93428c2d5c99419871a4b32c62a49911867c04491f23176024975859829d1414a2099a9ed777d0dba038fbc7eab2eaa5ed8ee0459ce660b45cb5,CLOUDY/OVERCAST,"DARKNESS, LIGHTED ROAD",WET,EXCEEDING AUTHORIZED SPEED LIMIT,1.0,37.5,1.0,0.0
17fecd8bd4903a1fa470d11e56fbb4ebad107f2c3faec8d55c742a4d54890f5406d7734d99e74610e39043ea8490687df81e29294281cbd3cd5ad96cba02d21c,CLEAR,DAYLIGHT,DRY,DISREGARDING OTHER TRAFFIC SIGNS,1.0,37.5,1.0,0.0
17fed40c2f2ffdcb0cccb21b38c3ece458cc004b11dbc4e707806da542e254d974c56ef4fd6a97fdd806907698850516558fe02afb07038868a7ea175c712e59,CLEAR,DARKNESS,DRY,EXCEEDING AUTHORIZED SPEED LIMIT,1.0,37.5,1.0,0.0
17feffcd01d1db14f5966fd98f23d0b54810b8b44df602dbe75957b1c0d2339143b70bdf5f5077e54457af2d5509abae541966dbb3c91c6ca276a91a81263fc4,CLEAR,DAYLIGHT,DRY,FAILING TO YIELD RIGHT-OF-WAY,1.0,37.5,1.0,0.0
17ff1a051001b4c0d86fd76b3c48b994817248bac41f8b3743ff286f01a5d82480fcc7e5760417ca1b6061c79c3cababe7aa04f3d99b79c96d66f62a6ec76a9f,OTHER,DAYLIGHT,SNOW OR SLUSH,FAILING TO YIELD RIGHT-OF-WAY,1.0,37.5,1.0,0.0
17ff2e010dac5ab98c92454a22d2700a271208f0a13daa0a4081cef68ff0a82b8e07597ba3e0a2628b8ed6e6162411838e1f220669d4b0ccbdfc2a4653ab2770,CLEAR,DAYLIGHT,DRY,IMPROPER OVERTAKING/PASSING,1.0,37.5,1.0,0.0
17ff3fec1d3e5c41a1e4cf37ea07d9cf9e7b78eb3259d5f49a48a338b1e5c51f91951abb9fe8a3131573d58f854c94fb54e1308dfe73e7579ade505c05e97545,CLEAR,"DARKNESS, LIGHTED ROAD",DRY,FAILING TO YIELD RIGHT-OF-WAY,1.0,37.5,1.0,0.0
17ff5eb01d1e9111d3368d0520af3b736e3d4517a3f3dc61517624c9367ebcff054ac968aad78c6eb19356bcb38f0650d2e0e1e4d0ee46fef43e49d9d16f98c3,RAIN,"DARKNESS, LIGHTED ROAD",WET,IMPROPER TURNING/NO SIGNAL,1.0,37.5,1.0,0.0
17ff87ac3a5e3156d5cdb567928ca743c81aba751f44d83a864dcb26e6132d0c4d4ca9b94a07055cd3567e144258f1b0dea31665fe7b938a94ba9d0f5c3f4a35,CLEAR,DAYLIGHT,DRY,FAILING TO YIELD RIGHT-OF-WAY,1.0,37.5,1.0,0.0
17ffb30edb2997737590794a6bd49fe963b9047fc6b4283cd76c5a5b3e77736543edf09320da396ae5d236ead832f4403147950548dfeb4c447ad9697a021cd1,CLEAR,DAYLIGHT,DRY,FAILING TO REDUCE SPEED TO AVOID CRASH,1.0,37.5,1.0,0.0
17ffbd999bf34e54e1e60b502d2afc80c6ada45e4cd80b3111810bf185180564a1a5a56abfec132329d77758ac20aaf1c8c9b0ed80123ae7092aaa8d9bf07ec9,CLEAR,"DARKNESS, LIGHTED ROAD",DRY,FAILING TO YIELD RIGHT-OF-WAY,1.0,37.5,1.0,0.0
17ffeb014c685d5deb8066f205dd43bac4484e7d8e5a67476c9190c1322a9529bc4189e4eb7e0a86c04610e089794bd8717419a6158bb0df7670f4f40630e6cd,RAIN,DARKNESS,WET,WEATHER,1.0,37.5,1.0,0.0
17ffee0e05d0cb5b2eb494534f8b61c361c33f73ed8a445e15ac5cd5f0938e5f574d3a2a911acacfaf1650cf89d10e7e5fd7d28068bd6b85b3181c810b35dece,CLEAR,DAYLIGHT,DRY,IMPROPER TURNING/NO SIGNAL,1.0,37.5,1.0,0.0
18000806cf8972d7f3766234fbb158d4f89db2c7a43f797db6350e6b847131197fa530ca33c92088643fdf851086bf32db8870131a3e29920000902be7a82690,CLEAR,"DARKNESS, LIGHTED ROAD",DRY,IMPROPER TURNING/NO SIGNAL,1.0,37.5,1.0,0.0
180042d9e39b342757dfc3c37d8e3a9d35575b74779e1895035550a1b9790dbff4350406e615f3dba312fab52eaf7233efa63f2798625ce7feb635f7d3a54cc0,CLEAR,DAYLIGHT,DRY,IMPROPER LANE USAGE,1.0,37.5,1.0,0.0
18005776b2ea8ccfb84ff0ac3fc36ee143f2e784823042ba4357c6a9fd56513ecfe67a803ebe27f4c0ea76e01f90ad7567ec36e13835e8d69fbc2a8ebbb8c330,CLEAR,DAYLIGHT,DRY,FOLLOWING TOO CLOSELY,1.0,37.5,1.0,0.0
1800677dabb7cad1702f48d5b2895ce128716437e0b90fd7858e340566c0d4132e3cb99efa4089268a27874de11b62c35c09e13d675712862d9dbef17c8c9bfe,CLEAR,DAYLIGHT,DRY,DRIVING SKILLS/KNOWLEDGE/EXPERIENCE,1.0,37.5,1.0,0.0
1800b42315234d6b3be4fb0e0e1641fd70392fd6264f35b55bf56dac51c73fb6aa3c2466cbf9bcb2b4b783d5af62ab9fcacffc2e92ab83e45cb799bb65fbb698,CLEAR,DAYLIGHT,DRY,FAILING TO YIELD RIGHT-OF-WAY,1.0,37.5,1.0,0.0
1800d99007d7ba928941faecdedb179079f36e88115dce6bf51e5e32095b29f6481920dccd962ebc71cd7dd685edc8cd8c63b01ba11823bd4a5ce4a427eeafad,SLEET/HAIL,"DARKNESS, LIGHTED ROAD",ICE,IMPROPER TURNING/NO SIGNAL,1.0,37.5,1.0,0.0
180116808564ae247a7ca1c5dcb78d48b1f90a376d03c6ade8924ba5f56f40926b59673f9301745b9470e182d182fb8b147f35b77ddb7aad4d60bfb314ca9d72,CLEAR,DAYLIGHT,DRY,CELL PHONE USE OTHER THAN TEXTING,1.0,37.5,1.0,0.0
1801174974e501f481d1abbd86672d27161f14d028ca1dbead192491deb8bb36df7727a3f810c27e94d72a7924f664b28a7c3fb2f09c154e61494b43276fee69,CLEAR,DUSK,DRY,FAILING TO YIELD RIGHT-OF-WAY,1.0,37.5,1.0,0.0
18011f0e8229c6e515c4bcbf585b9beead6b568c8d778668c2b84c80413e317864a2bd4c5975c133febbedc621f3de4b758a992159d6a32f3a9417d6cce9b853,CLEAR,DAYLIGHT,DRY,IMPROPER LANE USAGE,1.0,37.5,1.0,0.0
1801473f382e85eeb43b7961ac2286b1e62a5841752f813a8eda20bd30572157c109ad704337c9b6795a9a47310459f974e5bbed039007a6cecf7278f1484bc4,CLEAR,DAYLIGHT,DRY,UNDER THE INFLUENCE OF ALCOHOL/DRUGS (USE WHEN ARREST IS EFFECTED),1.0,37.5,1.0,0.0
1801633bc57e79552f782b694ab4e3deb767960ec2dc46dfa3cecc62dbcf28a64c31a1e27aca27356ca00e90daf920ce217a96862b71e17ee39af2817dd130df,CLEAR,DAYLIGHT,DRY,FAILING TO REDUCE SPEED TO AVOID CRASH,1.0,37.5,1.0,0.0
180173ccdbe9af60460a312ca98037baaee9fafb7474953a0a7c6bf30a61a943c2c666a1b45592224dfd3e337cd6f040cde82d774efd48905031851e2f035711,CLOUDY/OVERCAST,DAYLIGHT,WET,FOLLOWING TOO CLOSELY,1.0,37.5,1.0,0.0
18017a15f72a61b20bf0b9c472a77ce31e7d87a5f063ead57d52ece0c4081d80df899d4791615fe82290f283aa4eee0b1041978a7190600c7afd5452aecd692b,CLEAR,DAYLIGHT,DRY,IMPROPER OVERTAKING/PASSING,1.0,37.5,1.0,0.0
180189282e62d132cb17fc13d265f923d6a2290e57a212486b1cd11900f856a9169e9c57d871a63faf8261c94aff4c5ccf89335ed29055f86c301da316c7373f,CLEAR,DAYLIGHT,DRY,FAILING TO YIELD RIGHT-OF-WAY,1.0,37.5,1.0,0.0
1801951e5b703e2a58896a1c2a60bfaeee69d8b05f52e3051f0f80a21023ead67b81df298345e4f8b318ea10267c384458d6b20b7f33b193d3c42f91aa78f770,CLEAR,DAYLIGHT,DRY,FAILING TO REDUCE SPEED TO AVOID CRASH,1.0,37.5,1.0,0.0
1801bfbadfcda63eeeff71f22b162b3dbdd00fe88b932407f33e2a47bf026ec36692fb70fcd40a5ecca7a43f7c743dc67780333eda007612dac2a92a62949c4d,CLEAR,DAYLIGHT,DRY,FAILING TO YIELD RIGHT-OF-WAY,1.0,37.5,1.0,0.0
1801da902f46e7ce82aa0f4b2b3835bf420a264fe6f22d10ddb656c7f6189646d0aa716a35ae249a873380f4d44c358400a5ecbbf5b44ad974605c5b56a286d5,CLOUDY/OVERCAST,"DARKNESS, LIGHTED ROAD",DRY,DISREGARDING STOP SIGN,1.0,37.5,1.0,0.0
1801eee532a13a80ae3188f7174bcc663c9c1ac507a88af3a3fa8afe097d94271dffc581c921998254f3e18a81d6d927c7b1df23dd4170ec3cc5c8c3a1b5e8b3,RAIN,"DARKNESS, LIGHTED ROAD",WET,DISREGARDING TRAFFIC SIGNALS,1.0,37.5,1.0,0.0
18020812d22a793f743e722ed5e96c20b542bc1a34ff27d6935a48bac11cc05d6a1602c5b628cf0338f43292e46eacdbab6902696587eb4097250731055a67c7,CLEAR,DARKNESS,DRY,IMPROPER BACKING,1.0,37.5,1.0,0.0
1802131a46bfdbab4c27ae13e47e169309ba077f57416c792e890c7e2e5c85a9164a7f5a78100ab690c215a16269c8c58f5f094bf326908dae20176f7f5fa156,CLEAR,DAYLIGHT,DRY,IMPROPER BACKING,1.0,37.5,1.0,0.0
180248409a879e90394163805249aca6bff24a9407cb1dbf1c9d8c2c407c3fa88df53d5d0a3502251018bf31a5d79180c300644d0c71a2fb1dc3dee4bc669cb7,CLEAR,DAYLIGHT,DRY,FAILING TO REDUCE SPEED TO AVOID CRASH,1.0,37.5,1.0,0.0
18026365cd76ef7105a4e65da34daa27a3dc4981f49030a64476c159d825f7cb1f8bc9b61262abea0cf8b96bb3a52bfacfcb203c92578e0aaac11256d30e71e1,CLEAR,DAYLIGHT,DRY,IMPROPER LANE USAGE,1.0,37.5,1.0,0.0
1802708feb9935f1e9ce3916533d8ffc75fb49ee096221d80f9030748847381239e3d25a566a373cc884c1ab20a2e4590fc812c3b1529be940a4e6a9752b1c53,CLEAR,DAYLIGHT,DRY,IMPROPER OVERTAKING/PASSING,1.0,37.5,1.0,0.0
180277f170fd51f5344eec05b15a8c28e8057adbea7cf9a9eff7440e6e95e05355136dd839291b879cbfc710eb81582572e3621896c77a02326d20919b960a56,CLEAR,DAYLIGHT,DRY,BICYCLE ADVANCING LEGALLY ON RED LIGHT,1.0,37.5,1.0,0.0
18027fd2751dcb0d34a5a1c47ea7d52e2e6cf8e2456c84dbf3bde4ba492feae935c75736bcd31016d27f13fc1e88b6139917e3e370280f5a6387ecf8d63aa933,CLEAR,DAYLIGHT,DRY,FAILING TO YIELD RIGHT-OF-WAY,1.0,37.5,1.0,0.0
1802be9508fc8071da65e767ceb783f4eae2b15ec46ef9586822a6604c8ca8292dbe60d99ea3d92a0c833f78ba832c0c5fda132b34f22271ba78d188d03982c3,RAIN,DARKNESS,WET,WEATHER,1.0,37.5,1.0,0.0
1802c9618c3bacbf0e580931ad9f5398ee702345ac1774d5999098fc31ffa10b016ec7da2ea5e4a0509de16c23eef2d325be9fffea49e7565005b06a62ea0994,CLEAR,DAWN,DRY,"OPERATING VEHICLE IN ERRATIC, RECKLESS, CARELESS, NEGLIGENT OR AGGRESSIVE MANNER",1.0,37.5,1.0,0.0
1802f028bb4f856a612acf34a116e9bf3c7b78ac7c417981e12f9a8079ea41d28ea0b23f88aaa3bc34ce7455c0753935d03025b34eaa2b1bbfbc3d3c2bdd6d59,CLEAR,DAYLIGHT,UNKNOWN,FOLLOWING TOO CLOSELY,1.0,37.5,1.0,0.0
1802fef07463effb4dfab72f5c4c719f28f995055cc273e0327b9ac20bfde0488918e98a1bba9408c7db0a6fd6eb29abb31a0578746e1ebb314b2d9e2e4b01da,CLEAR,DAYLIGHT,DRY,FAILING TO YIELD RIGHT-OF-WAY,1.0,37.5,1.0,0.0
180302b8fd8b52940313c44dc91b144d265a7508f857ff3ab6af14b35f1ac768e2c5ffe48c8eef10ab419802d15c2da165ca9548ba5d57be5e93ef4a48d30b67,CLEAR,DAYLIGHT,DRY,IMPROPER OVERTAKING/PASSING,1.0,37.5,1.0,0.0
180309a94d9be6bae0aa1c7fb248abfd2ce7867f777e6c036a7de3a6f9acf95da265bb0f8d45ff5c676eb9d71fb6f24a1e5014ef89eeaf9b2a88b1e4208c43bb,CLEAR,"DARKNESS, LIGHTED ROAD",SNOW OR SLUSH,FAILING TO REDUCE SPEED TO AVOID CRASH,1.0,37.5,1.0,0.0
180317665a2afe9b88961dee3a5bafa2386edf1298bca7503f658a1a6e658feab754ef1793096c563c5a6a24381957f323ab9d44becfa00242429cac45a1413a,CLEAR,DAYLIGHT,DRY,FAILING TO YIELD RIGHT-OF-WAY,1.0,37.5,1.0,0.0
18034953be47346ec994cd101d9b8ee972c06eeb15c3fb87f28acbafddcb14e0ddac3f778dcd0ff78e3be6ae6c8baf30b0e174c869ac3a266f92ae213116f09c,UNKNOWN,UNKNOWN,UNKNOWN,IMPROPER BACKING,1.0,37.5,1.0,0.0
180351e87a627efee7ae69fbdedc43c729112c084d48aa2cdadf7acd6374aa1b82997c7bf1143786ea6763ccf563f972d4d1c168fac353f8a54a8ca37f1347d4,RAIN,"DARKNESS, LIGHTED ROAD",WET,FAILING TO YIELD RIGHT-OF-WAY,1.0,37.5,1.0,0.0
18037d68bef450d26f0574a7fe692b026669d4f92893aa42bfe48e28db62eb2e5ae513d0748cf57bacddc35db6e520b0d7b26f4405e463b12903a56f4e464760,CLEAR,DAYLIGHT,DRY,FAILING TO YIELD RIGHT-OF-WAY,1.0,37.5,1.0,0.0
180385f5b24e85eb253f2fe856a939b6a1537d9dd3ef4e4791ae491155296ce107d817c24a6ad439bbae8ec8a05841799213c5b3cf65d8f5e82041b6b8a0d2ac,CLEAR,DAYLIGHT,DRY,IMPROPER LANE USAGE,1.0,37.5,1.0,0.0
18044c2ddc080de3cc7b0598b1987c9ee08805bb0bd506fc40d501c911c4b7021598ab0e041e579ce4869fdd44538b701a3e65f2d3c58c41b7f2f815db59456b,CLEAR,DAYLIGHT,DRY,FAILING TO YIELD RIGHT-OF-WAY,1.0,37.5,1.0,0.0
18048418034f193262b8dca7f62f98d060bcae4c778eef8a0e1628e9aed66042e2babaf5e7c0c0bf9ecff10d9ae04881a6ec3d0b6e9b8f11da06d79c0552d335,CLEAR,"DARKNESS, LIGHTED ROAD",DRY,IMPROPER TURNING/NO SIGNAL,1.0,37.5,1.0,0.0
1804a6fca0f5e44351f30ad83f9c3db9a4569933091f151eb71c087fd5c54393bae11542396e4adab4123011617612a9079a1e69c96cc6261981ff8b0264ffaf,RAIN,"DARKNESS, LIGHTED ROAD",WET,DISREGARDING TRAFFIC SIGNALS,1.0,37.5,1.0,0.0
1804afee725525359a71b9248b382ed300c03a9c22142b64e16902304e26a6cc5b1454d85b7904ada0697165fddcdd655b6e24784ec727f5a7d772734f5bf95f,CLOUDY/OVERCAST,DAYLIGHT,WET,DRIVING SKILLS/KNOWLEDGE/EXPERIENCE,1.0,37.5,1.0,0.0
1804b450a32cc23439c66594b473043c01f9b7e802daabb5568c430522fbb66e4568afee579f68e919d0a2f88423661276908b216d3e7a677fecad278692b826,RAIN,"DARKNESS, LIGHTED ROAD",WET,TEXTING,1.0,37.5,1.0,0.0
1804e83528e6bb192ea2ad00b3cead18c526a8d6376f3aebb0da785ecf33a478f92c4a3fef6e6eae8dc55d2d861d2a396029cc4b90fdf8e9cc85bb31fbe90fd9,CLEAR,"DARKNESS, LIGHTED ROAD",DRY,IMPROPER TURNING/NO SIGNAL,1.0,37.5,1.0,0.0
18051f379c17b3fd563477f6d212eb3da1c3d00b957097d38782afe0848b41fdc09bae7fcc01cd4c34e5cab5ee5e3650a0136a6fbfdd3f3aa68920b0d806fa43,CLEAR,"DARKNESS, LIGHTED ROAD",DRY,FAILING TO REDUCE SPEED TO AVOID CRASH,1.0,37.5,1.0,0.0
180538a1cb779cee0dc855e764101e3689f7548e0676add352e62f2c60a779564662ab5d57cc0f7703f7291baf6af05fb43d87802dcf23801088a823cf032da2,CLEAR,DAYLIGHT,DRY,FAILING TO REDUCE SPEED TO AVOID CRASH,1.0,37.5,1.0,0.0
18053daf2c9e54e9e2d38cb7f4a756593a892abb9c0db5b339c837838040c1dde48239b402a4fa283bb79233170368ed7a83d33d580e5e181c1cab42d7f1a7da,CLOUDY/OVERCAST,DAYLIGHT,WET,FAILING TO YIELD RIGHT-OF-WAY,1.0,37.5,1.0,0.0
18055dc182af59f8b48adb31efa9f54979748697c3c3fadcd973ce9ca6990d2eb4f3656fb00ccfaee38d5a64e4f4f91d1fcfa5388e7261797fd1dee5de5d386b,CLEAR,"DARKNESS, LIGHTED ROAD",DRY,IMPROPER OVERTAKING/PASSING,1.0,37.5,1.0,0.0
18057420886f64f8d9d7487a93f48cdf010d1dbccaa43db92664f42375c4765819f81b0647495c990624f44b2b07f34ec53b3a016a722d1f4e53509f458a2d0c,CLEAR,DAYLIGHT,DRY,FAILING TO YIELD RIGHT-OF-WAY,1.0,37.5,1.0,0.0
1805852a3dbb066c6bf1ecb9db285d918e5c8bf9e651d77fcfac70b25f2ea431a2a6bb478bb47e42e88775a2ca5e091d9ba89c7fc617125b4b3784abce9d545e,CLEAR,DAYLIGHT,DRY,FAILING TO YIELD RIGHT-OF-WAY,1.0,37.5,1.0,0.0
18059602ebdd2df5d062ec8e2006a184c3fbce755fc8454621b27b38090bbdd5d774a205178956b241c9c5a998393186e46459dc31e71f74cc3509c53ac9182f,UNKNOWN,UNKNOWN,UNKNOWN,FAILING TO YIELD RIGHT-OF-WAY,1.0,37.5,1.0,0.0
1805aacab809c0858f62065c5e1e14683698c9f7b5d9c258945f9dcadc0f1fb4b6a79807c4bd6d786e3b05cf09fd19f7d456fbb46e62926a8e4785a2c25d31ef,CLEAR,DAYLIGHT,DRY,DRIVING SKILLS/KNOWLEDGE/EXPERIENCE,1.0,37.5,1.0,0.0
1805bf272aed227565909af12f83d7d9bab420192d693ff479f7ca288be5a2f05b463c592bf0b4d1c629c0277aa6b9a0c7abdb11ae4f5dc4b52f28d28632c9bb,RAIN,DAYLIGHT,WET,DISREGARDING STOP SIGN,1.0,37.5,1.0,0.0
1805e156c3e17fbad2c9ffaf9a9a96c606072d439af8e614ce0888791f4f040235d89ad5ca96c3c8ef2c89ba8c37d7518f6069fc41b58c5529e798195af6d35d,CLEAR,DAYLIGHT,DRY,FAILING TO YIELD RIGHT-OF-WAY,1.0,37.5,1.0,0.0
1805ed23d0b8b7b033a64f5bbe9dc1fe27d6745a998de97309e52a175eedebe76de9faa56343200df38fb5e324e58605d0617f3df53dd4a0673ee44a6fbc2944,CLEAR,"DARKNESS, LIGHTED ROAD",DRY,UNDER THE INFLUENCE OF ALCOHOL/DRUGS (USE WHEN ARREST IS EFFECTED),1.0,37.5,1.0,0.0
1805fe313c86d7284c1449947caae50303e19ae9edff426ea004e2cca3d4fc70afd334871b5cadd348284b464ce0228e9d53942ec667c0dbdd92025c9a0233c8,CLEAR,"DARKNESS, LIGHTED ROAD",UNKNOWN,IMPROPER TURNING/NO SIGNAL,1.0,37.5,1.0,0.0
180608699cea61fb36fa6bc24bc7bb0787683d0402e8fe550ccd02930e7c78347c718a739243f41b9174f184e797090c20e03a56b1ca89a11aba805da77f7f72,UNKNOWN,DAYLIGHT,UNKNOWN,IMPROPER BACKING,1.0,37.5,1.0,0.0
180608739d77440be8b1ef3ab8ca1c640eae7c8c6ea26cf07869e73d2e18e77337e27c00069c212f66707736a2d1008d7d440498e7abad2b4b21aac82d9fe59c,CLEAR,DAYLIGHT,DRY,FAILING TO YIELD RIGHT-OF-WAY,1.0,37.5,1.0,0.0
1806528b2949886cc0e49ebf47ddbd1b81a50fa43408adfa58db3778d83262885daf1194791b1b1edfb8d034e5fd44dccc97a4bc595d861d8bf2e9a35f14a620,SNOW,"DARKNESS, LIGHTED ROAD",SNOW OR SLUSH,DISREGARDING TRAFFIC SIGNALS,1.0,37.5,1.0,0.0
18066f1b4a2a55efe71648a6efae165b61da762c5eb1ebd21787fa028cb80f3ff860c157fc925f557f32f4dab73da38633b46bad6ac895329c8340f6756c7204,CLEAR,DAYLIGHT,DRY,FAILING TO YIELD RIGHT-OF-WAY,1.0,37.5,1.0,0.0
18067c954ab11523e38ad39584ab348ac0e336f8dfbc7a8b8c4f1993d54a321555a3c039521400400c1f3bb432eb4e23c917ff03baea3bbf58e51f0ba4713570,CLEAR,DAYLIGHT,DRY,IMPROPER OVERTAKING/PASSING,1.0,37.5,1.0,0.0
1806879b7f79e9cdbce4796aaef2561fec493bcf25385a299f0d80d946e3082c08031587d84f4c8d0b0f6723bd0e5fbd58fa97609802482214686e0c28cf3395,CLEAR,DAYLIGHT,DRY,FOLLOWING TOO CLOSELY,1.0,37.5,1.0,0.0
1806ae366568feb84af5db9af69b72823f1bd3248c125f7cc5f666d4f00e22bde7cf9d6ef15a9513e1d2529c5b8b66f736d17b12b5bd93bd5b7d949c04631a4a,CLEAR,DAYLIGHT,DRY,FOLLOWING TOO CLOSELY,1.0,37.5,1.0,0.0
1806e3e27743690ccc3564942b05018691c548d004222756ccc83303b439edd70faa5d5280266c517c72012a6e4081850951b9c69f21f91ae440fa26ed4413ba,CLEAR,DAYLIGHT,DRY,FOLLOWING TOO CLOSELY,1.0,37.5,1.0,0.0
18073b2d34dce998353e2795d2e19f46a41ba2a67e5e9533c4ef5a58be7f39bf17147561c568b01311dc19d580fe6f2381e22c5b65200104fa87e3e53796a7f5,CLEAR,DAYLIGHT,DRY,WEATHER,1.0,37.5,1.0,0.0
180757f6276d4fcaa50ae902ea93353fda509300cda3c7709882a421b3a28239460440462717ed440ba85ea08299d81f04f0e21abf327a4f1f54659000586840,CLEAR,DAYLIGHT,DRY,PHYSICAL CONDITION OF DRIVER,1.0,37.5,1.0,0.0
180762dab4687d4a99c6b018fa6658360de4980ced0ba87aad46d9cb1da796506bb2190b442cea5f6839ba36277ca6894e0ef618e0c61fa71d56dd060d6917d9,CLEAR,DAYLIGHT,DRY,FAILING TO YIELD RIGHT-OF-WAY,1.0,37.5,1.0,0.0
1807b48775fd71af2d73b6f1021073ee3f0d19623b2caa632f42b2310d873001e54aa1bb87498ed06e50589f0962403ef891fcecdacdb39b32f64e4b21ef6291,CLEAR,DAYLIGHT,DRY,FAILING TO YIELD RIGHT-OF-WAY,1.0,37.5,1.0,0.0
1807c25b0edc868867e1e147280df6a58277f7401e1e796d1665128be6cec0be3789ef6c634c36c9b7d33c8c7afab1c0a1341d203d3d66aac99f09723d43a486,CLOUDY/OVERCAST,DAYLIGHT,UNKNOWN,FAILING TO YIELD RIGHT-OF-WAY,1.0,37.5,1.0,0.0
1807d8cee27db731b0339e6a3b9fca27f7aa87a8b100da838eb6736e69dc59c68e351cf40dc7bdaff908f705f240435dccf67c32d8e76ab4e1ab52f8b164ff9b,CLEAR,DAYLIGHT,DRY,IMPROPER BACKING,1.0,37.5,1.0,0.0
1807f23fdf800b8a0677b19fd5a639dd603dd1dcafbd3be798ce4b79715e86036e0032810322bf33349e062a6f0bdba899f6e5eee9f0c6d287b11adbe5d95935,CLEAR,DAYLIGHT,DRY,FOLLOWING TOO CLOSELY,1.0,37.5,1.0,0.0
18080b8ef097a5bddadb94fb6e3f834c1145c603b32d9d8fb79dd137b70010323b288e68472720973121a8230392490e74110f6fd26f03dbead16d98a54e807e,CLEAR,DAYLIGHT,UNKNOWN,IMPROPER LANE USAGE,1.0,37.5,1.0,0.0
1808265fa453135280de3d30d12a20f6defa5f9382921475d7f232a81c3fda23e35d64050f785ddbc1ec7d2aed6ce8a48dc1b87278f98315329c592954de250e,CLEAR,DAYLIGHT,DRY,IMPROPER BACKING,1.0,37.5,1.0,0.0
18088b01cf04cba526ed51983e3f7bc8c48a16c20f8963d78586aa830b0eba1eec184a7dc4de1042baf035230f6e7da67612610ee88c634175a717b4c7e51eb1,CLEAR,DAYLIGHT,DRY,FOLLOWING TOO CLOSELY,1.0,37.5,1.0,0.0
1808b46dd57d7102b6892a1ec21d6bfe2cad0183d26be146fd66f6b7029532f1d75eda2d5f6a67b2000aca5af6a1bb7a1775e3df916723d84e9c98d4db5b5f08,CLEAR,DAYLIGHT,DRY,DRIVING SKILLS/KNOWLEDGE/EXPERIENCE,1.0,37.5,1.0,0.0
1808c37b0904bff0f7610aa57b5d322284d061ba80b5a201a2f46db16cb5021bb86605f02f2396d490817ea6281677acb173a59a8abf49148cfa5f2df9a5d7b0,CLEAR,DARKNESS,DRY,"OPERATING VEHICLE IN ERRATIC, RECKLESS, CARELESS, NEGLIGENT OR AGGRESSIVE MANNER",1.0,37.5,1.0,0.0
1808e2a9a0a53d1885062b1314af162b09aa2626401b1818120e2cb0fb5b24202ba3cc6d56ce8c09b76ac5999e56779485d4d69627f0cd59fdf8f8306f13aab5,CLEAR,DAYLIGHT,WET,FOLLOWING TOO CLOSELY,1.0,37.5,1.0,0.0
1808fd777a99d218801d2b5180f7f63aa2e8cac9d43a2176cfc2957876961f8c96bc8ca47ae76be5208faed917d8c862be6c1a590a2eda598fcc3bf13517afb0,CLEAR,DAYLIGHT,DRY,FAILING TO YIELD RIGHT-OF-WAY,1.0,37.5,1.0,0.0
18092fb105aa6fff94711602eeddb8b29dae4d623cea1f3fea2cd82e2bfaa829555fb8fcf50297239c338f08c8029b23bd58c08671dd0b2870ef2c4ab7b0569c,CLEAR,DAYLIGHT,DRY,IMPROPER TURNING/NO SIGNAL,1.0,37.5,1.0,0.0
1809319fb66761e832b869a5a23b51f7359b608d1ecdf3cb52df21cf1da9b9376d1e4792c5516027ca2fb5cc8081855ee69bf28c2be9ada4ddb47f86cd987d4e,CLEAR,DUSK,DRY,FOLLOWING TOO CLOSELY,1.0,37.5,1.0,0.0
18097737d951c867e85fdbc589aa328e621eb868cc003c0492f6ba7063416258d41a4e2607726cceb86dd802a7c854aa1d56b1ac3b351ebf96f4049117c951d9,CLEAR,DAYLIGHT,DRY,IMPROPER BACKING,1.0,37.5,1.0,0.0
1809987cec0da2c232abad126a99023f1ea5aa1f1f3bd1331025e0731c92bbe0c6919e06259811c8411f618ec3188137d9222ed780df29abc6da19eaa3bc9d90,CLEAR,"DARKNESS, LIGHTED ROAD",DRY,EQUIPMENT - VEHICLE CONDITION,1.0,37.5,1.0,0.0
1809efe63f410eeb5ecfe2b8825c4f8ab052aaa613d64ce843bf6b74554a533665a1ac7b967a9c0751ca5a81cd81489f6e269126aa258302ff95f5ccb673752f,SNOW,DAYLIGHT,SNOW OR SLUSH,WEATHER,1.0,37.5,1.0,0.0
1809f493b3fb8f9d222670c704eba010bbb07322f7f11aab883afd6d117326741674f7d182fffcd2c3ad6995c34e731d69486926948b5378173f7714c8c1f0e3,CLEAR,DAYLIGHT,DRY,FAILING TO YIELD RIGHT-OF-WAY,1.0,37.5,1.0,0.0
1809fb7418a24ea45bcd23cdd6171fe97529508e09c0d50c5fcd303b38d48db0044c478e7e1196a0427b4fcce522999c5a9ef5fce0f7f4eaf1c879aa8c56e958,RAIN,DAYLIGHT,WET,FOLLOWING TOO CLOSELY,1.0,37.5,1.0,0.0
180a36cfb8b723761dadf89597acb16da1ec71d681422b6b51e711b4107c5357e4b8312c6ae60f2f9f5587067a794346637273db2fc340fdaedf88dbbbeec706,RAIN,DAYLIGHT,WET,WEATHER,1.0,37.5,1.0,0.0