crash_record_id,weather_condition,lighting_condition,roadway_surface_cond,prim_contributory_cause,total_vehicles,avg_driver_age,total_people,total_injured
180a446bbe1f86799bc93c4a46ec664533bd30adc17cae8987147f10bcfaccc0524574327538736193ba9e70091e076297a09b96e82567324a34bad051c022ff,CLEAR,DAYLIGHT,DRY,FOLLOWING TOO CLOSELY,1.0,37.5,1.0,0.0
180a5a92c65f0532ec360162bbba7d34740ef8d7ebab4bcf02f87aa7a0fadc6506244b948ae304f9d64cb7235f8d3b10e264973a89a4e19d3e7d6597fae21c2b,CLEAR,DAYLIGHT,DRY,IMPROPER TURNING/NO SIGNAL,1.0,37.5,1.0,0.0
180a629ef79beb3fcc9ec6b5f1a3df673f2e0558ba6725a92129d08504ce5662cca1e786da235dfc7a6f21b57e2170326d160950e861e5db5166ab811fdd4834,CLEAR,DAYLIGHT,DRY,FAILING TO YIELD RIGHT-OF-WAY,1.0,37.5,1.0,0.0
180a7275f3509b7a1f5cce134d95347a821334fb871b5cfd2677cf19d0a9638ab7af06c6a84b15102073b0e9ed516ceef127d3f1c02e8bc144a6cb1e24c8eb12,CLEAR,DAYLIGHT,DRY,DRIVING SKILLS/KNOWLEDGE/EXPERIENCE,1.0,37.5,1.0,0.0
180a9eed3e3a91c88c12bf57ee26d6816a315d88ac1ef92d29a551d8a137931a7ac9b0bdbc45c2171d6d63b1dbd93bf8c297c57adab64313326694267a858bf6,CLEAR,"DARKNESS, LIGHTED ROAD",DRY,FAILING TO REDUCE SPEED TO AVOID CRASH,1.0,37.5,1.0,0.0
180ac214bf422ae629a53535bac241f31b161c0a284398ffbf88792eb2fbfec2f966eace8fb6b6e06b70c8edb35035b4a85b590b7701386b69f2201b2d3ac917,CLOUDY/OVERCAST,DAYLIGHT,SNOW OR SLUSH,"VISION OBSCURED (SIGNS, TREE LIMBS, BUILDINGS, ETC.)",1.0,37.5,1.0,0.0
180ac8a8e71cdfe54f15548983fde0783f4aa300c736282bcfc729ef1f76790e4493076e7564dc83308f8b3b839331e4ae7a30801fae981f84518120722d4fc6,CLEAR,DAYLIGHT,DRY,FAILING TO REDUCE SPEED TO AVOID CRASH,1.0,37.5,1.0,0.0
180ad327c1b5a93bd7f803d4cc7b2a8923cc225787fddae8954552a032219987d3798defe5f54965d6a589c502f349d1c5e9a6472f8340b9b57198a79dce9c67,CLEAR,DAYLIGHT,DRY,FOLLOWING TOO CLOSELY,1.0,37.5,1.0,0.0
180adaf48803ae694bcc77d4b57b924a09a85917de9fac7471289c8b728eb7908183f6747be0c51143a6de28efc7256164c55470a81681a3e8cd807dbbaa605d,CLEAR,DAYLIGHT,WET,FAILING TO REDUCE SPEED TO AVOID CRASH,1.0,37.5,1.0,0.0
180afbbc03f2ab4ebe63c0d27ae11b79bbccbc3468cc7c43cc623eb23e8fc23c49308edefa25411e7fbf0617e5a61434bba0fdf0f8298572b3c1ea16a18d233a,CLEAR,DAYLIGHT,DRY,FAILING TO YIELD RIGHT-OF-WAY,1.0,37.5,1.0,0.0
180b11b5267797ed2abc4ca4582c2fdaeddf85b8b04ac94f365082c1cbbb73485cb334840bc179bce575d0f8bbbde3d1fa99305563aade61231b4c6a35ee6e9f,CLEAR,DAWN,DRY,IMPROPER LANE USAGE,1.0,37.5,1.0,0.0
180b2a306f1088ffce524fe8ebe963f34bbf6d8abe67a9b34c8e66e971f1238010525c89b59ff1d8815bca2642a5637414cb81d35754525bd6945e0c89dabb18,CLEAR,DAYLIGHT,DRY,FAILING TO YIELD RIGHT-OF-WAY,1.0,37.5,1.0,0.0
180b3f6283d8b61283423d07df4744f32b1359a0f8dd5b1839aee0aaa58c540a38e0813908eb13c36cc6311ad99aa37996e0a02a759d03d93469bee1fd09d34c,CLEAR,DAYLIGHT,DRY,"OPERATING VEHICLE IN ERRATIC, RECKLESS, CARELESS, NEGLIGENT OR AGGRESSIVE MANNER",1.0,37.5,1.0,0.0
180b5138ddc1d8349e14b61e017994e9be135c74635e8ccc056daac6cccb23d768d57e9ef58adcf7b0bcb40315681493a71bce23ff839fabda84c58b4a9118f1,CLEAR,"DARKNESS, LIGHTED ROAD",WET,DRIVING SKILLS/KNOWLEDGE/EXPERIENCE,1.0,37.5,1.0,0.0
180b70b43e1d250d4b3fbab3bd941195bdb323aa114112c94599d69837c9d8710948926558ee200ff91b8fda5071a57aa23e6236c66ed6e340411a77e311b9db,RAIN,DAYLIGHT,WET,FAILING TO YIELD RIGHT-OF-WAY,1.0,37.5,1.0,0.0
180b83ee8a9b4063978fb47496a54d33a5ae4b4944b9161bdb0819690785fed7b38eac39dd6129bc509a0887ed0eae6cbf84a83c74a69334305b7bdb99f8b08f,CLEAR,"DARKNESS, LIGHTED ROAD",DRY,FOLLOWING TOO CLOSELY,1.0,37.5,1.0,0.0
180bf2716e117e7fb98530131752d871ff4bf32bccdba9e6bceb5fcad0d62fbf4b468e126b4455327259933fc4e18191670418b58b72c42991609041d3b2b9f3,CLEAR,DAYLIGHT,DRY,"OPERATING VEHICLE IN ERRATIC, RECKLESS, CARELESS, NEGLIGENT OR AGGRESSIVE MANNER",1.0,37.5,1.0,0.0
180c07a1799b45fb0ab9265883134d8ad94dc20c7ced30f7ab2da2851919a9c25a4fdb2ae58bf75302d01d75d429c271960877cedfe0707f48a1a007bfec77fc,RAIN,DAYLIGHT,WET,DISTRACTION - FROM INSIDE VEHICLE,1.0,37.5,1.0,0.0
180c119dd9cab8246655cd026d972a3d0778a9619f6ebb46bd391aa963eb37c68cace154217e9692d3119f5bb87932aca1365cfffbc76fb105ae78b4aa97f0bc,SNOW,DAYLIGHT,SNOW OR SLUSH,FAILING TO YIELD RIGHT-OF-WAY,1.0,37.5,1.0,0.0
180c11d0c3648cc73b59264d83675b9be62a209f9f4e3d34b163d8965141c593673c3f72a69c16ba17988f2ebfd866edd3065614d15e1abf61fa7a5c86e67108,OTHER,DAWN,ICE,WEATHER,1.0,37.5,1.0,0.0
180c2c9bc0d215aa411c5bffa13216948df66478ac97a90340c9697f690e1b3f0d9b97c057da4feae8950b3baa98ac0a864039b59461ba21994ab83f0a8831db,CLOUDY/OVERCAST,DAYLIGHT,DRY,FAILING TO YIELD RIGHT-OF-WAY,1.0,37.5,1.0,0.0
180c3475e299a4f4fd551da79aabd30e9e10a7d285a0b722446f478bbf564bb94346be04b89d85e1fa3aca5334115f17cd219c772199d6fa7a245f8f87b77621,CLEAR,DARKNESS,DRY,FAILING TO REDUCE SPEED TO AVOID CRASH,1.0,37.5,1.0,0.0
180c8ab88d0233d405aaa1d7462939250119406182185dfd5723ea1b10f8c631e8e9a5f19f130dced43932ce64d59133091ca72bfbdaab01e446a611a4774d0a,CLEAR,DAYLIGHT,DRY,IMPROPER LANE USAGE,1.0,37.5,1.0,0.0
180c92c48861eae4277c7978d0657e657d71e72924e83d1a388655e398d8d78ee918a32abc72c41362622efb71635833e50cef4cb53b263368863f8b28429fa1,RAIN,DARKNESS,UNKNOWN,IMPROPER OVERTAKING/PASSING,1.0,37.5,1.0,0.0
180ca8c0f4fab0acf450f3343b4fad472e54fc4729eb0823483869026c9f253eb0a3c8ff065f2a8b7ef131d5a146b5a18a8fb9d91acc58ca1df6a40e5ce60c00,CLEAR,DAYLIGHT,DRY,FAILING TO YIELD RIGHT-OF-WAY,1.0,37.5,1.0,0.0
180cba8c624422aac0132dc583e5f560952989f4aaea95b8ef478c9cffd556232c7f350e1af9db374805ac498d3b92f4ab2ac4f7a110ade901b62390a81d0dab,CLEAR,"DARKNESS, LIGHTED ROAD",DRY,IMPROPER LANE USAGE,1.0,37.5,1.0,0.0
180cde67d7972397935f03b5b034feab788446c4055da080675a7fcf0fc2ad373bdd37513956bdf2b19a0e895ef784e51a6ad3236091b3b8b0fe1554a1bd4da4,FREEZING RAIN/DRIZZLE,DUSK,WET,WEATHER,1.0,37.5,1.0,0.0
180d1ba8b3130a34e242d690f504c4d0e509a5e84b5a3b236603cb709175b7e3909b808dfeb2c5ffdc4fc66cc56e5fd54e3110a13d0a823a206308fe689cf207,CLEAR,DAYLIGHT,DRY,FOLLOWING TOO CLOSELY,1.0,37.5,1.0,0.0
180d6d8a22628adb1d95628b3dba0cb7fd33a552a14c943fbef12e5f431df1737bfa5b1110fea11d2700932afee291a9e45abc4435ce06959452169589a85967,CLEAR,UNKNOWN,UNKNOWN,IMPROPER LANE USAGE,1.0,37.5,1.0,0.0
180d96affc81279facfe77062f5b99bea5bbe207dba3dd531651e1f63b69a2fc06b2259b2eb85404ce6eb365f56f2b6d1c8cefbf05f521243d37c11f35031e63,CLEAR,DAYLIGHT,DRY,DISTRACTION - FROM INSIDE VEHICLE,1.0,37.5,1.0,0.0
180d9db04654260b0ec910b0b7db717c8908a1480c0dd0df29fe7905fc9a630ee2608295d39154fa5b29a75fa7510d28da8e5eb6213bfd23fd23dd430c2ae864,CLEAR,DAYLIGHT,DRY,FAILING TO YIELD RIGHT-OF-WAY,1.0,37.5,1.0,0.0
180dbb4da1ed50e93ab1f20e46515e1b4b70762f742141a5e3f13caec331a9914129efd767ab67de1e4c74193fa103bfe53cb9945f3714e61a99411b9b487b76,CLEAR,"DARKNESS, LIGHTED ROAD",DRY,IMPROPER OVERTAKING/PASSING,1.0,37.5,1.0,0.0
180dc036c767c82ae96ebdf8507380416da38b16e654377c445ceca385f9c28662fc0048a76e99e474598b1198bbfc6cb1a65ad524a9e1eb043b47539017f81b,CLEAR,DAYLIGHT,DRY,DRIVING SKILLS/KNOWLEDGE/EXPERIENCE,1.0,37.5,1.0,0.0
180dd27614e874d713001240df3086e1f977455bbd4f58b5f76e95967206aa2d06e582c8a6ad8dbf6ecd612ac6c49c85417166588b26ae65593d7ce4b3d2b2d5,CLEAR,DAYLIGHT,DRY,ROAD CONSTRUCTION/MAINTENANCE,1.0,37.5,1.0,0.0
180dd6e1bc767e1228ed1b0d60f58a845eb3623f432cd994294c684138a434d79f7648cc3f7579fffc13e36a55fae96a84f3eedc0c458ffc7b8cf3c1d7860b9e,CLEAR,"DARKNESS, LIGHTED ROAD",DRY,FOLLOWING TOO CLOSELY,1.0,37.5,1.0,0.0
180dd7c85101b78ce05dca6adabce05fee0e9e1214685feee2c45e5daae8b9ad6523f2ae0149023f2cff66120d4fd7b51df691ef994b7a35b2ce4c5130fec71f,CLOUDY/OVERCAST,"DARKNESS, LIGHTED ROAD",WET,IMPROPER OVERTAKING/PASSING,1.0,37.5,1.0,0.0
180dd7e49607ba07598b91d0b92b3fffd9a60398fa26c4abb2c49999e528675da7b2823f01843810b7d3523cac33e0cdd95deeed56ff2998475eb59aa627f234,SNOW,"DARKNESS, LIGHTED ROAD",SNOW OR SLUSH,WEATHER,1.0,37.5,1.0,0.0
180ddf73f8814ce11eb04041d1cf1c66eceb61536c30f138fb03e31b2119cf84c3158b2e084a19e412da4b7a4c59c85db6ae39aa2e52e4486fa98e9557023f0b,CLEAR,DAYLIGHT,DRY,DRIVING SKILLS/KNOWLEDGE/EXPERIENCE,1.0,37.5,1.0,0.0
180deb0765cea9c26b37a919ec182d1c903ae6e199a9b2a95d3666d62de891784844d346481e0339e949f8f1b56d8f7f10f98034481d96b4401181f998370a61,CLEAR,"DARKNESS, LIGHTED ROAD",DRY,IMPROPER TURNING/NO SIGNAL,1.0,37.5,1.0,0.0
180ded16168ab8b2da1b9529ecb6aae09ad54f324e241433f9dfff2015a0748bcb25291c6ec8b3899f18241e06b4deaa7b08bcfdf27b32cadda4aa868096284e,CLEAR,DAYLIGHT,DRY,FAILING TO YIELD RIGHT-OF-WAY,1.0,37.5,1.0,0.0
180dfee647061c0f8efae2734d3c680259b937ec343fb037d587990a145130392a2826a4bc2f595ef3d1563f612b7c426c13e4c25b4ffabc0763f5793d34a449,CLEAR,DAYLIGHT,DRY,IMPROPER LANE USAGE,1.0,37.5,1.0,0.0
180e02d3d69dbb83ce6b10f91e765e93b9f219e79f7171abb0e6334475d5af8a9ef286d028615ab6b3fe6e04401bbe55185a3ce53535ba8aab8fde4023a3408a,CLEAR,DAYLIGHT,DRY,EQUIPMENT - VEHICLE CONDITION,1.0,37.5,1.0,0.0
180e0c6fea09ae5604c0eeeba835212f43b040f3410450c54a2edfc881018dec4a3167d1bb37beb38d2647323ca92ab773275b8c78e08ed2fd6440574caae7d7,CLEAR,DAYLIGHT,DRY,DRIVING SKILLS/KNOWLEDGE/EXPERIENCE,1.0,37.5,1.0,0.0
180e162892dbc638db2b29fc891b2cca593c62e1cdfe9caa5cd2bf116af1d1389e35001a614d6132bb5d3ebb02932110ff5f4cef012025900fad50b62391220e,CLEAR,DAYLIGHT,DRY,IMPROPER TURNING/NO SIGNAL,1.0,37.5,1.0,0.0
180e2075e997fd923a82605aa3f1fb42769589e189aaf92f24f130a785905e2cb01e5f7516161c2a2d8416551ea80288fdc170c5c53d6143348d6af88149a277,CLEAR,DAYLIGHT,DRY,FAILING TO YIELD RIGHT-OF-WAY,1.0,37.5,1.0,0.0
180e27259919fd34c260f4466f1048e0a163cc7fae39792e0dd61a68112ce0305f479e3d8a144aee5dfb90846e0b7c51f240a544d218c7a58a68a69f66267c86,CLEAR,DAYLIGHT,DRY,IMPROPER BACKING,1.0,37.5,1.0,0.0
180e272e5190dd9bdd86508b32db38586e01475ee1e5579a32a365ac7f9d683db0c8bdfd0b06017c45f8e0f51814de67b068d89fe028314aba5c74c1f1eb4546,CLEAR,"DARKNESS, LIGHTED ROAD",DRY,FAILING TO REDUCE SPEED TO AVOID CRASH,1.0,37.5,1.0,0.0
180e44d5787c706174eaaffb8ef9f3f9673dd2ef79609754ab54c1d369e731c41a63e92c7dedd77a90bf42ab35f1a7bf6aa27b00e2b7c0a3374d1e58005877e1,CLEAR,"DARKNESS, LIGHTED ROAD",ICE,IMPROPER OVERTAKING/PASSING,1.0,37.5,1.0,0.0
180e7d09249dbf0f5bafa26a0cc3ce8770f4fb20397faf8c04ca310292e6c528a5be06ff9d9b3bc7087965395f2fb96b59603f45df8be2df390fdc00a6f25da5,CLEAR,"DARKNESS, LIGHTED ROAD",DRY,IMPROPER LANE USAGE,1.0,37.5,1.0,0.0
180e8e0eeba2167b8bbc7e0bd16ccabc6405065fea4c8fcabb4c9a9b9b93c5c60f0e707a93f29a60b95ccd8488a454c2a2290d8f3f5b1339c320cad1414e608b,CLEAR,DAYLIGHT,DRY,IMPROPER LANE USAGE,1.0,37.5,1.0,0.0
180ea0a0cd2b99c1512ed2c34d629485b854ee65c1ed66987f6c3b1b5c514116897a0fea277c22032ef41bd51528294a26c254b69e7bded2957a79def93e859e,CLOUDY/OVERCAST,DAYLIGHT,DRY,EQUIPMENT - VEHICLE CONDITION,1.0,37.5,1.0,0.0
180ec44c2c7fc97c502bfeea8a4d0f4e67b10e94bd925e86838119fbbfee1a568bf33273c74b1550bea0d5527fbb475c3b6408e5d7e4904b81e7844b248ab68c,CLEAR,DAYLIGHT,DRY,FAILING TO YIELD RIGHT-OF-WAY,1.0,37.5,1.0,0.0
180ec66d57b0c19caf7a58f3f64841848fb5bfd9e6f89913e0f393d4c21480231be6157079eba48ccb2fe178acb3f946d6cba161b6bf903cea61cd189cc2b649,RAIN,"DARKNESS, LIGHTED ROAD",WET,DISREGARDING STOP SIGN,1.0,37.5,1.0,0.0
180ef7f57fa73b5792a5416d60332e23a00f03d9ea8223ecdca0a995e244a057aed11fe2f687ec14cc16398b7c4de041de117a4ed4f0d90f64cd020197266451,RAIN,"DARKNESS, LIGHTED ROAD",WET,FAILING TO REDUCE SPEED TO AVOID CRASH,1.0,37.5,1.0,0.0
180f1308ff795177c6f1a19c226b07cc83eb52c8d3cfb8defb2ee386c2df4211774597eaae42db918fa3fae41a445c9fd91b512ee99fa0b3edba9effe5481022,CLEAR,DAYLIGHT,UNKNOWN,IMPROPER OVERTAKING/PASSING,1.0,37.5,1.0,0.0
180f2249c59cfb31aac5d9f0292f6b8c2ee475b3896178ae215e2f9b4518b22933293ced60ec943fbfc9d24f2b4467cd2e7267869d8bed321e68183a5c10ce9c,SNOW,"DARKNESS, LIGHTED ROAD",SNOW OR SLUSH,FAILING TO YIELD RIGHT-OF-WAY,1.0,37.5,1.0,0.0
180f36b5ba9b130e80f3f5ae5aa2deab11c0c648a83fde362595b51265c7ca2c2a55c7f9020509878e940730485a294dcaaeb4e48af8d80ff321329a5a9ecd6c,CLEAR,DAYLIGHT,ICE,IMPROPER OVERTAKING/PASSING,1.0,37.5,1.0,0.0
180f393af06fef30f45054f775bf40fe421c7d24985d3c2580714b69cbc244797d89139a101c259ac5ea8bc0021f92cd771478347d0f52ae984532781ddaa11d,CLOUDY/OVERCAST,"DARKNESS, LIGHTED ROAD",DRY,FAILING TO REDUCE SPEED TO AVOID CRASH,1.0,37.5,1.0,0.0
180f3fef023a290f8ca2b857afffb355945a68069b125e485f22364f4f9ad85874f5ba0cc287d0eda1a2a28c29b6c7bdc15232efc085d20af0cbae5ed5be1081,RAIN,DAWN,WET,FOLLOWING TOO CLOSELY,1.0,37.5,1.0,0.0
180f45d42a31849558afd58c5106ce6ce557e874cd08999a442cb7427ef7656f931b5bc4c2e89a65189bbc145225252db9e6c5ff80e3c8a4e6b0f446526870de,CLEAR,DAYLIGHT,DRY,FOLLOWING TOO CLOSELY,1.0,37.5,1.0,0.0
180fa28fb9a947ea9b1810b0c5e9f7dc826b2b3ad9fd6e7e640fcb5d99c536cdd704d7be09e85deeca1c51ade4a276fb03a2329e886cdb012454fe2bff52d912,CLEAR,DAYLIGHT,DRY,FAILING TO YIELD RIGHT-OF-WAY,1.0,37.5,1.0,0.0
180fc98ad4ae26d14834a17480ee6548c5be15bedde747687861f701d24ffd59d72a6a23507fe0457ee3bb2781464d21f5931ccea2b136aeea0ef35370f1d56c,CLEAR,"DARKNESS, LIGHTED ROAD",DRY,IMPROPER LANE USAGE,1.0,37.5,1.0,0.0
180fdac61c69703f0f1463a165f687bded50b4f39a9f0eb3ee2a1917bccb0ad4a6aa1f076663a3a6bffb43608e985c2fe6301cf55177cdb17100e2a43fb280fb,CLEAR,DAYLIGHT,DRY,FAILING TO YIELD RIGHT-OF-WAY,1.0,37.5,1.0,0.0
181003f6df118db6d458a8c2a06ca8337a4f7cc33983b7e0111af6be68996d4a024d6d0c6b43db570c3b3d68f8055142239d9c5fa08b1abb34a26f08cfe8337e,UNKNOWN,"DARKNESS, LIGHTED ROAD",UNKNOWN,FAILING TO YIELD RIGHT-OF-WAY,1.0,37.5,1.0,0.0
181039182f00396a2b545832aaa8324b5812f625b16c72903492b405be7c13cf53693899d4de7a9b21e794a9a9f98c2abbe37322d16d560193f9a97ace91f676,CLEAR,DARKNESS,DRY,FOLLOWING TOO CLOSELY,1.0,37.5,1.0,0.0
181048794d4bb44963f12bbec45673cb8e3e4603f5c496793476fbc05ed121452cd5265dfd2d0dcd8464411a035bd58f01a4ff0b7601409da433dd3a082e0ed3,CLEAR,DAYLIGHT,WET,FAILING TO YIELD RIGHT-OF-WAY,1.0,37.5,1.0,0.0
18105a03afff415dcdffb83989e13369c10d1f15744d681faed60ea6a07cc4b47e378285036ecf6812e4092c6139964e52d8e54d98141bf0934d502dd09392b1,CLEAR,DAYLIGHT,DRY,FOLLOWING TOO CLOSELY,1.0,37.5,1.0,0.0
18107aa1b3d3c6d91c17963f883e8c71d3f1bdba378ed78a239d2e0eb971357edb52dd02032cfd0bcd7fb69f56ff9422775f0254eb13ecf1b582e7ead4903d26,CLEAR,DAYLIGHT,UNKNOWN,IMPROPER LANE USAGE,1.0,37.5,1.0,0.0
181096e8874b102fbe39510ef46ea9a7d5909023979f9ce769d40791d6d159cbee0803b2a6ea4254c0dd67d99d900b523d1cfbae7411268d70457b05d8d6fe09,CLEAR,DAYLIGHT,DRY,FAILING TO YIELD RIGHT-OF-WAY,1.0,37.5,1.0,0.0
1810bcfec57bcc3178a1f596c4cdbf1356819dfd469e6ca704a4fd72d9cc61efb623894598f133702812ca138563a9674d4299b53b0980d2772fa5d0483691f8,CLEAR,DAYLIGHT,DRY,FOLLOWING TOO CLOSELY,1.0,37.5,1.0,0.0
1811157afda154999db4a98a5051881dc38260cf9e92ea149094d2a818cacb5e376db68d1e0fbda65d838f905ba3bf53ae544f5c731937f0187a031bca5ec7c9,CLEAR,DAYLIGHT,DRY,FOLLOWING TOO CLOSELY,1.0,37.5,1.0,0.0
181148f18db4250346ff967b4b23c3a0bb4bfb7a826e264ee7a5a0752e4188816402179a0a34e5e3e2c0363ac9cd5d1287ae548e70e2bd51d686a59290ecd5f0,CLEAR,DAYLIGHT,DRY,FAILING TO YIELD RIGHT-OF-WAY,1.0,37.5,1.0,0.0
18114b54a5a60c2f7d42cc9c65606253273bebf585c74f6b836dbfcc81e07f224e7226ed315766bdf4560480d3c764befb30c3cd5f5fece42fb76219ac101adf,CLEAR,DAYLIGHT,DRY,IMPROPER BACKING,1.0,37.5,1.0,0.0
181152ff4716400510a806f6470d4177e7132388e03bdd3f0b3396ff4f5f26535768b8beeec8beed0ac3fe8664786d0cadd5ecf954a687499cc626076f29f0c5,CLOUDY/OVERCAST,DAYLIGHT,DRY,IMPROPER LANE USAGE,1.0,37.5,1.0,0.0
18117c76b59ae9aa6a8a3313bb908497d6095a86b925b51bec5626276eed65a042dfa8e7ebd463fc8f5aa3153d502309466fc05679405376ea4467292cf792b9,CLEAR,DAYLIGHT,DRY,IMPROPER OVERTAKING/PASSING,1.0,37.5,1.0,0.0
1811c7b8a7bf9ba3d791f2d258ff2e8323f83bf14d8e1221cd378e015487c642181433d7885aa9d50b8079850fea265243a07ba57eb6c8830ac91a2f892e85c1,RAIN,DAYLIGHT,WET,FAILING TO REDUCE SPEED TO AVOID CRASH,1.0,37.5,1.0,0.0
1811c92e11010ba37c0fe8aafcd29b4468429e551ae91ee52517c106130db11f37d1c0dffb0f654a640e568133ec47387af788a24af38a6e97caf075319bfc56,CLEAR,DAYLIGHT,DRY,IMPROPER OVERTAKING/PASSING,1.0,37.5,1.0,0.0
1811e3d9f06c6bdc51e5ac13f863b929608e852282e437a43e40897b3bfa33cbe8a11b6d0271079b7517809b69c3f2a3d2d98bf071d42b1501a697f3bdeaf302,CLEAR,DAYLIGHT,UNKNOWN,FAILING TO YIELD RIGHT-OF-WAY,1.0,37.5,1.0,0.0
1811f7e9fedcacb4c2c2f945d9894038042e5ceec54240f748e85048f980e1c82277279789327000da696b34644824fac0163f203969667844e7578f6da538f4,RAIN,DAYLIGHT,WET,FAILING TO YIELD RIGHT-OF-WAY,1.0,37.5,1.0,0.0
1811f8924bbee0810c1464f6bce83b91cd6575e16eb94be5c691904f391a10838870f4bd2181931d202f6aa06a43cfbbc81bc3454efb9685d1353ceb50a4c482,CLEAR,DAYLIGHT,DRY,IMPROPER OVERTAKING/PASSING,1.0,37.5,1.0,0.0
1812081b2eb362570ff3c7a8dbcef6c913f84caa97202061dd8c441b20c643e192cb864f2702dddb92513870114c1194c0f56aded0cccfe23a50b5cb2be93c64,CLEAR,"DARKNESS, LIGHTED ROAD",DRY,FAILING TO YIELD RIGHT-OF-WAY,1.0,37.5,1.0,0.0
18120a251d97e5967f3111b5cbb1b51cfc902b54c0a72546adb309c82225f47bd770f3a7e691508c021b7e4cafa2e66de2a2892f5fdc730af37e207245daf724,CLEAR,DAYLIGHT,DRY,FAILING TO YIELD RIGHT-OF-WAY,1.0,37.5,1.0,0.0
1812113af9340403d1633a0a110d56e70c540d99e23ddafd6787da92cd1b1ffa7466a76372af9efa7d8a7c9ae8c98f2527cd10d25096df03b4728aab79524f0c,CLEAR,DAYLIGHT,DRY,DRIVING SKILLS/KNOWLEDGE/EXPERIENCE,1.0,37.5,1.0,0.0
18121822f7e5923269175bbafe41aadae32a2b2df5f83a30cb709d09f23929504995357cd34303fc5c7aece55e8f7750a2c6cd54ee867735dc56fe8c7c5dc06f,CLEAR,DAYLIGHT,DRY,FOLLOWING TOO CLOSELY,1.0,37.5,1.0,0.0
18121aa4d1b646e1c80a88331f57c64fd3a24ff47f7b402056dfe846b9da92b59a6062495a31d96348f7bbfdf8d4242dfe388c8a564aa4eb708b882ab1061f8e,CLEAR,DAYLIGHT,DRY,IMPROPER LANE USAGE,1.0,37.5,1.0,0.0
1812286e9678c24dcc92b5fc690ca7a30670bece72afc20949fd68a7ffe9943f6d87c780fe59ca30a97357677b4ca99b69682e7c7ab501ade464fb0387f809bc,UNKNOWN,"DARKNESS, LIGHTED ROAD",UNKNOWN,FOLLOWING TOO CLOSELY,1.0,37.5,1.0,0.0
1812664bf10c282163eaeefd456c9735ec3e0e610d5f4e6ba1b509aaaa94dee3e8adbf41771625e08556c9cce69367d0ab2e4f754eb069d9429f6cfb0cb7f1ba,CLEAR,DAYLIGHT,DRY,IMPROPER LANE USAGE,1.0,37.5,1.0,0.0
18128f97602dccc5948a18a735d59311539177692b9530c05159d2b43b12b20dbe9dfd1d165e4f745ff7faff509359e33e5e9ab0eee9bd75537d14876adf374f,CLEAR,DAYLIGHT,DRY,FOLLOWING TOO CLOSELY,1.0,37.5,1.0,0.0
181294a17152726dae822332f4a6e8ae525439b22790ecf679dbc91953fa69ea1d29bb871358c4af7d757ecd762d7f8702b2b62ab40b8af9913b88dfe0217751,CLEAR,DARKNESS,DRY,FAILING TO REDUCE SPEED TO AVOID CRASH,1.0,37.5,1.0,0.0
1812c15c3e5c4f9c9be91390ba1035130b781efa3cc8460d4aaa048f79dd196c056b3307e831212d58d0806852df210d2c3de5b88074fa934281677f3428daba,CLEAR,DAYLIGHT,ICE,FOLLOWING TOO CLOSELY,1.0,37.5,1.0,0.0
1812ee4931d35359fe25c16a9704d30d031c1b4f5258841eca679eeb24158129967d7cf9cff6ac466a8e5f2463d3151dfdeaceb3f2d8c2244e0819035bd3b41d,RAIN,DAYLIGHT,WET,IMPROPER TURNING/NO SIGNAL,1.0,37.5,1.0,0.0
1812f7b58f74b73fddd6295d8804c1312b677c1cfc844b445421dc94d993a23418100f000d517fbd1ff0d1532c62c873d01420f8f1de405711d538da855327f6,CLEAR,DAYLIGHT,DRY,FAILING TO REDUCE SPEED TO AVOID CRASH,1.0,37.5,1.0,0.0
1812f9c7f8ec0e49dc2e64fd0c5fe0c7b42603ae9bdd9deb8bf365cd8788d2026a6b16fd0cad7efacf07faddc33f62215c88640fb6c7a26bf20c17a41752b8c2,CLEAR,DAYLIGHT,DRY,FOLLOWING TOO CLOSELY,1.0,37.5,1.0,0.0
181300fe5e9563819c2538282b7210b6c870abb3d382fcef9d62266986944a25dcea9f3c9c52495cb4b947ab2c1d46fa9af63475936150bd37c40644b46980a1,CLEAR,DARKNESS,DRY,IMPROPER BACKING,1.0,37.5,1.0,0.0
18130aca7ad1a22c2042fbda706eb7a5d6ea8038a324249dc20725ab7a3d2d290c7e6673f0dd7217898c7bc0aa287b313d4e093ebc46bc4c2637a09c23358e2e,CLEAR,"DARKNESS, LIGHTED ROAD",DRY,FOLLOWING TOO CLOSELY,1.0,37.5,1.0,0.0
18130ba986d67fd048e4ae84a4f5f2a764c4d8271d3de91f2eb89e5df959bbefac4735bf3d64ae328c720968740f78d8116598bc7485944ba4422c1ca0df4d73,CLEAR,DAYLIGHT,DRY,IMPROPER LANE USAGE,1.0,37.5,1.0,0.0
18133177c61aec194aa09d6b291227a6fc0f1c2cfd37fcabe1c5986f475550f48c0899a2a1795fabe70238a0f56266370a4139cdffe62c932adf4a8ac5f0355d,CLEAR,"DARKNESS, LIGHTED ROAD",DRY,DRIVING SKILLS/KNOWLEDGE/EXPERIENCE,1.0,37.5,1.0,0.0