crash_record_id,weather_condition,lighting_condition,roadway_surface_cond,prim_contributory_cause,total_vehicles,avg_driver_age,total_people,total_injured
181349b2e6c0efde8cb577a4ac9168bda2117ae9df77db5a0dea79e4e7bce77fb1964db058613c2a9cd86c07340afbdfc38450928469b7ac164491f152d34ee8,SNOW,DAYLIGHT,WET,FAILING TO REDUCE SPEED TO AVOID CRASH,1.0,37.5,1.0,0.0
18134c9672a1730130822bc17d8889661c44e6f39c7615db859c47a65c7b42bb36cf08ab69db0e4410ee7c2b4a6451a0dcb1e69a7841bcf37960120db91d83cf,CLEAR,DARKNESS,DRY,IMPROPER LANE USAGE,1.0,37.5,1.0,0.0
18137108be59faf8dd4fe63afbafe618d2c52da4ff8cf0c874e566b137edaefec28b2d439ac59090e27e71ca139682b9732140b9fd82d6f5f8427ee184d543a3,CLEAR,DAYLIGHT,DRY,IMPROPER OVERTAKING/PASSING,1.0,37.5,1.0,0.0
18138d043d625acfc7eb46dabc495be733c6975a57a1c2bd4992ad33deab0f9126f6dcebda6567d8422d5563bf886c3b13a4d5b5435ae3341478d37fbe82a37b,CLEAR,DARKNESS,DRY,FAILING TO YIELD RIGHT-OF-WAY,1.0,37.5,1.0,0.0
18139f8029e4bb68cd192763d56670f265a0cb31365a6ccb121336b126c223c0b0aafb0ea31df807d875e81feba510c9b0ce012fa87b24b74c5b8f7a907035aa,RAIN,"DARKNESS, LIGHTED ROAD",WET,IMPROPER OVERTAKING/PASSING,1.0,37.5,1.0,0.0
1813a9638c206caba6eaf2fc5c4b11d420d1e9769736ffc550d4c5d557e927657b6fd650d19aaf80229028a092a15a1397de6182739374f849f4a1fa301e80bb,CLEAR,"DARKNESS, LIGHTED ROAD",DRY,FOLLOWING TOO CLOSELY,1.0,37.5,1.0,0.0
1813b9ad93af261284f0bd9c71dfb853b2393bbfd23be4efb12e76bbea3a0f72c538d61b60cde1c79e99f4b6ee7f00fda59bb3f4dc72b832e9e76c3a6663eace,CLEAR,"DARKNESS, LIGHTED ROAD",DRY,"OPERATING VEHICLE IN ERRATIC, RECKLESS, CARELESS, NEGLIGENT OR AGGRESSIVE MANNER",1.0,37.5,1.0,0.0
1813c1101193efbc133412816aa2bdf8da164b21c7650c419d4632bf1f3e1fe3444155ee76993e250a91501683663f175deb5aa577995285526fbe4bc1863447,CLEAR,"DARKNESS, LIGHTED ROAD",DRY,IMPROPER LANE USAGE,1.0,37.5,1.0,0.0
1813dee508dd08c7ccee97fdf163e356470ab39124d0598b5291cf360fd5ff0fa00df6ad80c5d79b38dd591fcd71ca8da115552321850241634b53ca49af0a7d,CLEAR,"DARKNESS, LIGHTED ROAD",DRY,FAILING TO REDUCE SPEED TO AVOID CRASH,1.0,37.5,1.0,0.0
1813e7c5d7f5f1431965366c6fabd6004348795702a8a259804eb5c608ca612e1960c3a39a3620366ddb05a8acb9458ccf630ec82a872412e1f443475560d556,CLEAR,"DARKNESS, LIGHTED ROAD",DRY,"EVASIVE ACTION DUE TO ANIMAL, OBJECT, NONMOTORIST",1.0,37.5,1.0,0.0
18143061ceec297352f8899dac4ef52cbc39b3ab383342e029139512482d05f37d842676567f0740d820e4fb1b8ab53571bd9be0fd31ff847091dc51688bc6bc,SNOW,"DARKNESS, LIGHTED ROAD",SNOW OR SLUSH,DISREGARDING STOP SIGN,1.0,37.5,1.0,0.0
181452f2af3548106d0e44f47073120060e460746d90e536e7ff3b28868643d92d337619895ca6610d770b36c8c2a3a2cff7eb348e8a7aaa92b47687be6442d9,CLEAR,"DARKNESS, LIGHTED ROAD",DRY,IMPROPER LANE USAGE,1.0,37.5,1.0,0.0
18145bc6b3d57a6af76041e2547409c41cfa4f22c964c9f2f9d260e77af8e1b7b8c39d8da6dd8f9366787f306750829a6a295b28e281e8192f08ff4a5c8638e5,CLEAR,DAYLIGHT,DRY,IMPROPER OVERTAKING/PASSING,1.0,37.5,1.0,0.0
18145d51449ff3d1030ab6284cbb274d4ddf88fb88932aa89a0395be8b66dc7d65b7db89a7f9020e5cbc39e92039bda07415295465e9b7d1b7872a21765baf3c,CLEAR,DAYLIGHT,UNKNOWN,IMPROPER TURNING/NO SIGNAL,1.0,37.5,1.0,0.0
1814ecac5ae892953383c27d2cccc7fc1113f0486b161211742de9095926837551bb1109b82d1c30cb1f4257d5b35eede487e2b4c36e446ecb17839358965638,CLEAR,DAYLIGHT,DRY,FAILING TO YIELD RIGHT-OF-WAY,1.0,37.5,1.0,0.0
1814fd79015d063f7b59056aa24ce2f55a80ca5b09e9676f44d3e63deb66fa5f8f18b0167868607a13ffb338c0d4c606fb4384ccaa911e3859779bbad0b9c21f,CLEAR,DAYLIGHT,DRY,FAILING TO YIELD RIGHT-OF-WAY,1.0,37.5,1.0,0.0
18151c5caf66cb134458898daa501973b8abb63fc0f09cd937c3b638973dd88d6281bc69e903dc8b207a35b9cd77129906f36f0faf4183d43e54fd30f56b134b,CLEAR,DAYLIGHT,DRY,FAILING TO YIELD RIGHT-OF-WAY,1.0,37.5,1.0,0.0
18152e33e8034f1bf91ef0f5f0aef66fb73766d3fdac038b0540321c0a45fa96e9ca070e22a28709cb821e1b753782557c1c49c9b0855e4cd4ea85c6902e2fd5,CLEAR,DAYLIGHT,DRY,IMPROPER BACKING,1.0,37.5,1.0,0.0
181535c4a8d046f04bf3faed320e788b39ec848b70ad24eca61f404d9afcb238998db950bf0eccafdf8214c24d1c7627e5a247030e992a8c693c0f20a5707fd3,CLEAR,DAYLIGHT,DRY,IMPROPER OVERTAKING/PASSING,1.0,37.5,1.0,0.0
1815365bddb66681b806b8ec4c418beaa9299d2cdb8b9170292a32407f3a306387b21a576d9b8370cbbfc0741d5f2b2672df1a85f19bd6361aca138229196172,CLEAR,DAYLIGHT,UNKNOWN,IMPROPER LANE USAGE,1.0,37.5,1.0,0.0
1815639eec2334983fc0bbd377fa37d0d419162572d2afc07e3856cd1adf46404be1ed81940569753e1d920a2e281623bd3fb06b6cb2abbd3fc13d20d68e37a0,CLEAR,"DARKNESS, LIGHTED ROAD",DRY,FAILING TO YIELD RIGHT-OF-WAY,1.0,37.5,1.0,0.0
1815817354d265890bb13264e32696c454d3218983e2dcb25c1c1610a03f1dca7ed0b1cd43a14f7c313249e0ded9140073a89044d0a906c8ae019d5831d0ab05,CLEAR,DAYLIGHT,DRY,IMPROPER TURNING/NO SIGNAL,1.0,37.5,1.0,0.0
181598a36471997d4d0747a55bc94d18df30f53e3e36e5f43b483ae4027c2a2d8f63904b7597b0afa17d39cb45ba553e8a8216a1f5ca7a0d9818c3c487aeb9c6,CLEAR,DAYLIGHT,DRY,FAILING TO YIELD RIGHT-OF-WAY,1.0,37.5,1.0,0.0
181598bff91d4cdfc2ec617d24be06115889c388d9e2ba0b63b4094b70bf55ee6dfa372d99951adaa8a02ab1911a492182cff30c4ff97109b53a2a9955f2e392,CLEAR,DAYLIGHT,DRY,FOLLOWING TOO CLOSELY,1.0,37.5,1.0,0.0
1815a9ebaefd8978fee85b59e0bca0173a8ce7e253f576d474e9bb875fec6675249714ebbb03a9c41cdf1307b443b9e4ab91de70d8a9f09a068bcdfb21d70ee4,CLEAR,"DARKNESS, LIGHTED ROAD",DRY,FAILING TO YIELD RIGHT-OF-WAY,1.0,37.5,1.0,0.0
1815b80fd09f393ddc7134c261f3d2714b9f4b9d415c3d3560541ed8c95d26c18f9e1e4d5911b946ef8e057c18f7f31e1b11d2234eb5a68ccc6025eec0b7e751,CLEAR,DAYLIGHT,DRY,FOLLOWING TOO CLOSELY,1.0,37.5,1.0,0.0
1816138cb69a8b50ff88ccac86bbc3406150b2abe0c75ebedce294bae6e806ea9372e7cc147ddab675c6dfc9ea461ec9a70ecb7b3143f5c1a61c26f98a9d99c0,CLEAR,DAYLIGHT,DRY,IMPROPER BACKING,1.0,37.5,1.0,0.0
181614c7cbdcffdebc1e2455efc41a7ca74d508cf52f309bb5e771071059f8b3be65f7369346387b20f70a711b730bd3388544437153c3b45355d6a8f58d084c,CLEAR,DAYLIGHT,DRY,EQUIPMENT - VEHICLE CONDITION,1.0,37.5,1.0,0.0
18162cec7bb7b39229d0fc296a735471c4ef6c942657db49043b1ccd69c3be86c27ad97370c532ed0dab4aca5d6aa69a75e390cce10a8af879e76dde899c6f7e,CLEAR,"DARKNESS, LIGHTED ROAD",DRY,FOLLOWING TOO CLOSELY,1.0,37.5,1.0,0.0
18163fedd49eceb1a673440c9c91eed068215fa3eee7c36cf862c5e9ead6fcdef8cc3f76be64a5ab6c4119271c748473dd7935a97c0f35989ed749c14edee697,CLEAR,DAYLIGHT,DRY,IMPROPER OVERTAKING/PASSING,1.0,37.5,1.0,0.0
181648164eebefd7851cec45374a23d3388c0e0788927f47978a63639325e64ef1866c8fa772cd6704a222c2bbffb74984496881661a926e2cbc062d618458a3,CLEAR,"DARKNESS, LIGHTED ROAD",DRY,FOLLOWING TOO CLOSELY,1.0,37.5,1.0,0.0
18166327281e2b30d7585d899b0133f9d1cbf1640c13a7aa6fddaa271b52f892ab4bda3642337e7c7d1716ecf1be4b06db979cd6254b6470c38d714bc59906fd,CLEAR,DAYLIGHT,DRY,FAILING TO REDUCE SPEED TO AVOID CRASH,1.0,37.5,1.0,0.0
18168267c917049c6698c61112d61424591e09449d98d40a5e03017ebe2557c0f76ce09805bd72a29628e5decedb3d4e7a8604c58b515380facdddba13a094e3,CLEAR,"DARKNESS, LIGHTED ROAD",DRY,DISREGARDING TRAFFIC SIGNALS,1.0,37.5,1.0,0.0
1816918a5ce20387935e478f86d1a6fdbdbfb384ef373ad353cf2facd238594ab8affe7ffdb75e408efe0dd4ff30de7ccf9c01bf945fcd1f4e5b9010c687a04c,CLEAR,DAYLIGHT,DRY,FOLLOWING TOO CLOSELY,1.0,37.5,1.0,0.0
181691a9da18e0066f062d34245a45b10d98362d5e4fca51bbec3da0f95fa04c0ed6a1fe248a077d0fb0337e1cb58f95ebca227431cbdf37112247baf62a5187,CLEAR,DAYLIGHT,DRY,DISREGARDING STOP SIGN,1.0,37.5,1.0,0.0
1816a96017214a6aa5b766117f7b2a2a04815d8aed5ce3a9fedf72bee6c3a02c3b7aff76db7042bddb3dcea5d1dd0743bd5ea8f678e53a495875b21f5961f8f5,CLEAR,DAYLIGHT,DRY,IMPROPER TURNING/NO SIGNAL,1.0,37.5,1.0,0.0
1816d4955a765329a6628ca3ae21e28270644f344ba75da172525c847568371e393e1f64d824fa1b9da2e2a5329ce1e00c6358f5ff93d2385ff5e59939ecb865,CLOUDY/OVERCAST,DAYLIGHT,DRY,IMPROPER OVERTAKING/PASSING,1.0,37.5,1.0,0.0
1816d7323513ae4cafd15c8347afdb469ade72b843058e465c4687d05205da5cb04f035f5bc2f704e06c82314c711fa586f20c11f12ec0ce0116e025c7cff41d,CLEAR,DAYLIGHT,DRY,EQUIPMENT - VEHICLE CONDITION,1.0,37.5,1.0,0.0
1816f3f63af340e6a809ea873e64df133d2f6614012a11dcd4e291e92ad4354d3658bb2455591143e60f40734e5968eb0db612b2387ace675e1984d9d9307c46,CLEAR,DAYLIGHT,DRY,IMPROPER BACKING,1.0,37.5,1.0,0.0
1816ff4fe5514f5f1e04c88d28d7f9b1c93a5f001f32ca914f4bcf88957cb8676ffaf23c8aac84e188039b191a4c3562d6c0b18bf417e7d746eb987841bd6b89,CLEAR,DAYLIGHT,DRY,IMPROPER LANE USAGE,1.0,37.5,1.0,0.0
181710e840fea175d3e113c79982cde7c194ba5436434e15e3248ca0f0e3a497ec6db37192cbe31c95dd9d741481b038b0be8b6eff7ca11df97ece3fd4d8d7b4,CLEAR,DAYLIGHT,DRY,FAILING TO YIELD RIGHT-OF-WAY,1.0,37.5,1.0,0.0
18171811af626742299410673a26ed1822c75ec6cd547df406dad0c67673a65a5afab70b7bf59a6c450acee942fbff82d8e0b12a847bb2fbb185d558f93628ef,CLEAR,"DARKNESS, LIGHTED ROAD",DRY,IMPROPER OVERTAKING/PASSING,1.0,37.5,1.0,0.0
18172b55b954f6ffd41af69ff79ba50b4d83a962cddc065912b643cb8b473b020fa000d5131b36a588b304e095a44052ffceecf74229187aff34bb24edb978fc,CLEAR,"DARKNESS, LIGHTED ROAD",DRY,IMPROPER LANE USAGE,1.0,37.5,1.0,0.0
1817799e904a4fb5ccdac55749aefec3b2bdfeb82171bbd8442e51108a95959b229c00e38d9a2b0ffc6eb46a461e14ed8d007abea1078955138dd40f89b57c79,CLEAR,DAYLIGHT,UNKNOWN,FAILING TO YIELD RIGHT-OF-WAY,1.0,37.5,1.0,0.0
18178a02722c728f4ed2cd957648ce0a4fd61e82ad47123daf2a132e6bb422dac178a71b2e8e88305dbb87df15baaf555baf708b36425ce9b5cce884aef6bdbb,CLEAR,DAYLIGHT,DRY,IMPROPER OVERTAKING/PASSING,1.0,37.5,1.0,0.0
1817abc44eba10b207b405bbcc7d03955bbf04ca906f21a25b7aa9d6e306130266fe9739198d98a45e00117627b71d442ee0debd24c5f6a4be6b03d60e49af25,CLEAR,DAYLIGHT,DRY,"OPERATING VEHICLE IN ERRATIC, RECKLESS, CARELESS, NEGLIGENT OR AGGRESSIVE MANNER",1.0,37.5,1.0,0.0
1817c2b4362a83337ef28489f06a90901904b6210612f91ffb133b0dd39fdbf02b36c02c8da9caea84eb1d8f1a1195bb0ced549c459b97389fc677ee1644a2d3,CLEAR,DAYLIGHT,WET,FOLLOWING TOO CLOSELY,1.0,37.5,1.0,0.0
1817c8c0beb44df5aab02071d26e9b8fdef0de30124c2a431dbeb3ffade24da8149db1b7667c9e2825aa07e8b81393d2cabb0b7fc3042989e1d3e17fa5c3f4ac,RAIN,DAYLIGHT,WET,FOLLOWING TOO CLOSELY,1.0,37.5,1.0,0.0
1817cc0f3c295a4337da83ed178b8914b3b131419232b33666b559cb38de471b5141d617f8a239de49d191b3097db90aabc8ffb1ef37e65e05fe2d852fd8d151,CLEAR,DAYLIGHT,DRY,FOLLOWING TOO CLOSELY,1.0,37.5,1.0,0.0
1817d5d2ab6e8364f89953247634dd42c5eeb278e24b4de5b7e700939bae2f53603c20c561a691898c1d3fdfdb76250a2eca5aae0a1ea253b84b2c3774d3e565,CLEAR,DAWN,DRY,"OPERATING VEHICLE IN ERRATIC, RECKLESS, CARELESS, NEGLIGENT OR AGGRESSIVE MANNER",1.0,37.5,1.0,0.0
1817fa09ea87287260aad3d455c98a42bab392a1e8482cdab917bc7904fe2af82b5d457d988341ec7b0365442aa7b0d67a3cd5aa7f544b2cf8f4516b6b9462e4,CLEAR,DAYLIGHT,DRY,IMPROPER OVERTAKING/PASSING,1.0,37.5,1.0,0.0
18183eaf5ea433031458bf21dcd84ebe9731316e18515845bec9f9fea567ea28878a1fb47c796778d9efb1311a18ba703f460b49df95f5e383d07a6b4393f9bc,CLEAR,DAYLIGHT,DRY,EQUIPMENT - VEHICLE CONDITION,1.0,37.5,1.0,0.0
181891ab12ae260d3b58abdbede4c9437e9507c696e0b69314c72f646bb95f4db69d8e982573b4aaaa72028e625621375d655374dc4d332dffadba38d54d806f,CLEAR,"DARKNESS, LIGHTED ROAD",DRY,UNDER THE INFLUENCE OF ALCOHOL/DRUGS (USE WHEN ARREST IS EFFECTED),1.0,37.5,1.0,0.0
1818a4efd8138e9b2e1596748c83c84f68352295aa66d34d77871ffa634090f02d8a0ab0ef451345f56443db9dfb482a5fdd6d9e1f3e84b7de065dec5af60523,CLEAR,DAYLIGHT,DRY,DISREGARDING OTHER TRAFFIC SIGNS,1.0,37.5,1.0,0.0
1818a923d09028c56bb8b793ddcbdc47a5c287b2e6b62b129367fccb24a91031e4257f755b218e3bac08a81ff483ac46ada3809512a64e4d7cd48eb2de1567a5,RAIN,"DARKNESS, LIGHTED ROAD",WET,FAILING TO YIELD RIGHT-OF-WAY,1.0,37.5,1.0,0.0
1818bdad2c72b9ef0059a0fcff85a1f48c3619f186b101720d214457f8ed6fd776685ef5269d05c168dde058f586fac78ec5b559404f38ab991babb701afa5c8,CLOUDY/OVERCAST,DAYLIGHT,WET,FOLLOWING TOO CLOSELY,1.0,37.5,1.0,0.0
1818e3df0f9c77a124e6636f3eb09be96c7b0f9a08ef1dd28474f9c7cb59650389c3bd24c377095cc5cf1c86e5ebf0505e7cba38bb5ce1792a7182af848a0ca0,RAIN,DAWN,WET,"VISION OBSCURED (SIGNS, TREE LIMBS, BUILDINGS, ETC.)",1.0,37.5,1.0,0.0
18199782a8c32fa22329074c2dea019e612e929e0dbe564736edc6d48de73ac6ab71ddbf677985c500ec128bc618daf4b98c73ed2516d1815720fdbeee7c39c4,CLEAR,DAYLIGHT,DRY,DISREGARDING TRAFFIC SIGNALS,1.0,37.5,1.0,0.0
1819c81492ffa95940676b07bc54528845278fc2b5595f710dd7171313f1c308caed8a901ad1db75f2e20b6ecda265596c472bdc7af9b09918da899b4c128ccc,CLEAR,"DARKNESS, LIGHTED ROAD",DRY,FOLLOWING TOO CLOSELY,1.0,37.5,1.0,0.0
1819cda177c5deb14fe171fe056b8ec0e106dfcc709361fe0b3d88b94269d7034253150df1d36fe1d103da4bc0e85764f00c5136a9181abef5a940db1115965f,CLEAR,DAYLIGHT,DRY,IMPROPER OVERTAKING/PASSING,1.0,37.5,1.0,0.0
181a14c0c55f091489dc0b440d7bd9fc76f4bb6f4f7977c601d7b2980d74ceb13834ea857ab0de6881866af390cb0a67e9bba73898a5525c4e7d1c4b23ea0939,CLEAR,DAYLIGHT,DRY,DRIVING SKILLS/KNOWLEDGE/EXPERIENCE,1.0,37.5,1.0,0.0
181a5d9c927170dbd6f8e941dc66be516f7bcb72ccb666d383509934fe45c72f5fc2cd15f94a08df16836db2cafebaef9e07ceea30ba97d9134249ed955e2ef5,CLEAR,"DARKNESS, LIGHTED ROAD",WET,FAILING TO YIELD RIGHT-OF-WAY,1.0,37.5,1.0,0.0
181a65f309e4d87edb35666eecea6b088211e3adf8f0b7f4b265703914ed69a05c4167da650ed949d4babfd5c9c1eb93bf2b795dbe4f9c2c0a8f8c4dc13374b6,CLEAR,"DARKNESS, LIGHTED ROAD",DRY,PHYSICAL CONDITION OF DRIVER,1.0,37.5,1.0,0.0
181a661c72eb858629fe2253ef2a9d1b6208eb2471048ceda186903805f1557d8f8279510d6ba7ab7a1e649b33028c3c50a7f3100ae5c61d0d5007de0e55d9a1,CLEAR,DARKNESS,DRY,IMPROPER OVERTAKING/PASSING,1.0,37.5,1.0,0.0
181a6f05a12596ce5e42f38732283125437e3e182cbfd4a9d136b44c1a50517d2e53046e399080c48feed8cdc044ac3a9f40abc4d8eab19c798284d3dd6efe5f,CLEAR,DAYLIGHT,DRY,FAILING TO YIELD RIGHT-OF-WAY,1.0,37.5,1.0,0.0
181a71a520daeb60206fecf4fd2daefe04918c73b4fdfdd5f444a0b488f75d5d98d96fa8615521dc5638603e2e973e0eba829dce439ddb7edc6cd018be2e372f,RAIN,"DARKNESS, LIGHTED ROAD",UNKNOWN,FAILING TO REDUCE SPEED TO AVOID CRASH,1.0,37.5,1.0,0.0
181a82f297a10c14c18c06ad07ee822fc5612534ac3cb8327d6096837f3f67f7ffe6df46d7152d8bf671e80e09633032f7f8912ff0410414be78719b057cd7c7,RAIN,DAYLIGHT,WET,IMPROPER TURNING/NO SIGNAL,1.0,37.5,1.0,0.0
181a830ce1981cc0579edff94525f1cde840f88586f9646b66097c688ce1612e9480a905e37816a6618265c12591a24e56b35ba546074c37a19fc3fc58be4a6a,CLEAR,DAWN,DRY,FAILING TO YIELD RIGHT-OF-WAY,1.0,37.5,1.0,0.0
181a8a451d635bc5d7955f2fce8c8007997ba0c01c09943fef057a4b4de9f20ba079c2a35f556aac1a09341439ab1b5a6869e1d22b013784c206b7fd267d406e,CLEAR,DAYLIGHT,DRY,IMPROPER BACKING,1.0,37.5,1.0,0.0
181ac2bb0a34317414550ac0871fe4adf01268c7068b9e9bf003b35fd23133c4ac32e50981c4e1fca240a3abc47897b680220f7896f499b470f79d0827ff74fc,CLOUDY/OVERCAST,DAYLIGHT,WET,IMPROPER TURNING/NO SIGNAL,1.0,37.5,1.0,0.0
181ae60ef60c7180724d15f6021a6f1536356919ef3cd017d4eb7ce88489eb7c70248d72b43fd1d5d8f20bc13ba31d7e6288d48f6bc162a1c01ac941dcd61ad4,CLEAR,DAYLIGHT,DRY,FAILING TO YIELD RIGHT-OF-WAY,1.0,37.5,1.0,0.0
181ae7da92cdfc9b692650e9d47bd402d5a126d9c296dcecf63ffb7aa7a3b490769d8eaaa3c9ff09d9200478210b2db760faea71fadda3d20ad2662343231a84,CLEAR,DAYLIGHT,DRY,FOLLOWING TOO CLOSELY,1.0,37.5,1.0,0.0
181b3200129c8f9a57801c839b4215370047c239724b8a3b6e48588da598768e43522015c6fa4ac9f0483dd14eaa93a054d48efe3a9ba8bfe408cf459ff537f4,CLEAR,DAYLIGHT,DRY,FAILING TO YIELD RIGHT-OF-WAY,1.0,37.5,1.0,0.0
181ba23dceb51cdca052178c7f5a226f3afc566e3425bb90e577691a06a8612ec6af228ad65e59f5ba59a3671d73557039d6ac24f812821727d029f34e06f7f8,CLEAR,DAYLIGHT,DRY,IMPROPER OVERTAKING/PASSING,1.0,37.5,1.0,0.0
181bb2479032023785f63aaf85a00edcb1f3a5c53628b42a5ddac1be241f3b019c815f582e89380b4f58e774504405e2f86d13dcc781f27c32e7de1f2cfed2f5,CLEAR,DARKNESS,DRY,FAILING TO REDUCE SPEED TO AVOID CRASH,1.0,37.5,1.0,0.0
181bebf759493486fa8b752bd44818af71b6472695823eef928e79d2c0ab9517dc3e26fd0af035c87dad0b87c106a4861875f99770ec60574ad69ef6e7e4d842,CLEAR,DAYLIGHT,DRY,DISREGARDING TRAFFIC SIGNALS,1.0,37.5,1.0,0.0
181c049e37950b3fa20b7f7f672759cb855cee529e16bd0a10313736834000c0aca74342d460e00e2d836899a4b4a135ea72f6fbe8e97f0c364d3c793b5a03e5,CLEAR,DAYLIGHT,DRY,FOLLOWING TOO CLOSELY,1.0,37.5,1.0,0.0
181c492272e06c61cff36bb1655b1513d48d9d5bc1919ade483f77b6bdafc7d5eaa629c0b126f6530080bfaf0a8e9c736cc2b51d3529517441a0015eb7acdb3b,CLEAR,DAYLIGHT,DRY,IMPROPER LANE USAGE,1.0,37.5,1.0,0.0
181c586cbe33a37ad9eba4ebf29ade06cb98d428384c53ae27ff58587b3ba4c11f59ed10cc3d2d5beae9459599881e7dd4936fa02ce3c74956b7bf9978649c41,CLEAR,DARKNESS,DRY,IMPROPER TURNING/NO SIGNAL,1.0,37.5,1.0,0.0
181c6d2ed0015ef061464dbbd7767de599a24d091431cd74a1d4f75e19f78983ea4d46ebb7ab29b924e2bfec3b72790e2ac782b11ed0f1bcde8b8b51eeb6061f,CLEAR,DAYLIGHT,DRY,IMPROPER OVERTAKING/PASSING,1.0,37.5,1.0,0.0
181c8581d51ae02db08104e072f922a14fd61d7167494a213d44ed0106b974aad04dd154bf3b69ca42aa625df4a83959b22ddeefac752acc7c6d811e46d6d939,CLEAR,DAYLIGHT,DRY,FAILING TO YIELD RIGHT-OF-WAY,1.0,37.5,1.0,0.0
181cde8029c031ae4e6fe0a6241864eb160b67520f915c6934c88a8b65f9148071657af9ffd128d9dcb2ced2adb0df28d967784da824cb2701e3a0bad2774e38,CLEAR,DARKNESS,DRY,HAD BEEN DRINKING (USE WHEN ARREST IS NOT MADE),1.0,37.5,1.0,0.0
181cdf2be97ab24c71890a0b955f5f6d48c53831323b6391f083a322a6284e356f0f580d5de15d31ab76cdb2a204fe724ac21c0e3b5875394af0e1ac35b8d61b,CLEAR,DAYLIGHT,DRY,IMPROPER OVERTAKING/PASSING,1.0,37.5,1.0,0.0
181cdf4ac21c303fcc4ef1f909758a0a69a58d66f77996af077a034a4db1571b2dc2bc9ea2fc42b33b0eb02de65960dcc7753d9199e1bc681263c1781f3ffd1e,CLEAR,DAYLIGHT,DRY,IMPROPER LANE USAGE,1.0,37.5,1.0,0.0
181ce0e91b7e91233e7c5b358c8807abb12744db020052cda7f0e09dc4e48485a631681545bd0e641e184a8db0c7ee50f0bd74ff6e4ff2b942ea787de20a8882,CLEAR,"DARKNESS, LIGHTED ROAD",DRY,FOLLOWING TOO CLOSELY,1.0,37.5,1.0,0.0
181ce682ab93580f1f66aefbbebf74657bfcecf8dd803211892dd4012616e89948e7efd42b05421e02fe22de806d5e9632e1affe45523606bc37f0c82a2dbbd9,CLEAR,"DARKNESS, LIGHTED ROAD",DRY,IMPROPER BACKING,1.0,37.5,1.0,0.0
181cfb74a276d32d05714b6a530308ca734576345ae857c08ee7082c4adaf617511222b80af288bb455c89890b6845ade4193d6c3356345a27b43fad47f48631,CLEAR,UNKNOWN,DRY,FAILING TO YIELD RIGHT-OF-WAY,1.0,37.5,1.0,0.0
181d0878beb16b5166cdef400185ed5f790a2308c2cced9092e6829c33ad95c04f486efb4e3a7da1098dccc100cc7255f211a7b9dc5f70b7e2d18d170474582c,UNKNOWN,UNKNOWN,UNKNOWN,FOLLOWING TOO CLOSELY,1.0,37.5,1.0,0.0
181d2f898d85f0f9a3b656cb58b97fd08de1eff539f95a7ea9174b433a3ff8d5db76497e2bc2e6fdcf5cfdf5708ab726065a097f649a49769a87b8ac7bcb629a,CLEAR,DAYLIGHT,DRY,IMPROPER OVERTAKING/PASSING,1.0,37.5,1.0,0.0
181d47d655143732a8200a74a76fefacd416f34cc3da5edf890f3677cb9eea4bb3e9b5fc4f65d8b87a6c498353e709e192c763908e6b58a9f9ea55b75eaaa614,CLEAR,DAYLIGHT,DRY,FAILING TO YIELD RIGHT-OF-WAY,1.0,37.5,1.0,0.0
181d61d9380ff22742332473d75e90e159cba7a71c20945d732676c2d1d3d03ff0e47081ae041666d3d18097762d98d7a797d4c251cc6eae7cdbd60a365482d3,CLEAR,DAYLIGHT,DRY,IMPROPER LANE USAGE,1.0,37.5,1.0,0.0
181d808234029c2513e4edb2566b084378b11490765eee07f42d4134b35c448a978319c00858ee1ee2ae0fd5166aab4fa8b0fe2bc45dad86f8af433b3c02895a,CLEAR,DAYLIGHT,DRY,FOLLOWING TOO CLOSELY,1.0,37.5,1.0,0.0
181ddf988c115e2f720a10c67925689462e7fc7ae76de47c4e88a58aad8d9a771987858f518a4a341ffa80e5f403a2fbb40d4fac8e28718042d1c7dbf866862f,CLEAR,DAYLIGHT,DRY,FAILING TO REDUCE SPEED TO AVOID CRASH,1.0,37.5,1.0,0.0
181df5195eeb4e0994f203f95dc86b8a2aac69aec851596e4c03f91d3b71cc54f16ffe36a1c0de5d79f8b6df6f93fadfc514cafaa9f5d1372a8c5751ed81eb3d,CLEAR,DARKNESS,DRY,FOLLOWING TOO CLOSELY,1.0,37.5,1.0,0.0
181e0155a5d9fab4337120a9627a22603740d9f8cc8eb940e5818a78524dd41e74e4690ba147a88dd4941a08b055465c4509210293571d84e774e8519b9dc4fb,CLEAR,DAYLIGHT,DRY,DRIVING SKILLS/KNOWLEDGE/EXPERIENCE,1.0,37.5,1.0,0.0
181e30723f3009f62db9b5128a56586c724bdad15626335c633e1eecf9301bf40c5dd98fd132ae030267d07c1a321cfcdece104ec83400866376fea9ba1d563d,CLEAR,DAYLIGHT,ICE,IMPROPER OVERTAKING/PASSING,1.0,37.5,1.0,0.0
181e4130adb38bd3689146402664b3335997f00d47e839f66ed5e897214e3a9c458f16a9ff11ee02d6e182b925aba5c7e08e5cd4c7ab81d7379cc1d271688cf9,CLEAR,DAYLIGHT,SNOW OR SLUSH,FAILING TO YIELD RIGHT-OF-WAY,1.0,37.5,1.0,0.0