crash_record_id,weather_condition,lighting_condition,roadway_surface_cond,prim_contributory_cause,total_vehicles,avg_driver_age,total_people,total_injured
181e487c322004677a11219d786b7859d378a78305ec4747ab1dee021c0fef9faa3bf30a7e9298500758d7c052e77b99a30dee3434286c271322eef91e1129a8,CLEAR,DAYLIGHT,DRY,IMPROPER BACKING,1.0,37.5,1.0,0.0
181e4e20658b7d52d46853527c27ed44c86429413c8aa7b98e0ff0e7bdcfc9e6092f6b3f290f2ee69cd95ef66b1dfa0b0c40d5ace604afa72557f9e44e96264d,CLEAR,"DARKNESS, LIGHTED ROAD",DRY,IMPROPER OVERTAKING/PASSING,1.0,37.5,1.0,0.0
181e4ed17fd3900889bf308a121ee440e0b578aafc1780f8cc9a436b40d5142f5c6d8c0af1da0376ed023ebaf480a1ab33b19daea826b7ef9d6f393f45fba52a,CLEAR,DAYLIGHT,DRY,FOLLOWING TOO CLOSELY,1.0,37.5,1.0,0.0
181e744d11a80966cb7c8e72ef9aaa4abc72bc8e13246aaaed6990ecfbe3085072c6e39667935531fb30b0c1027d3683d19ceb806cb1d2f7a937b36a7dea09fe,CLEAR,DARKNESS,DRY,FOLLOWING TOO CLOSELY,1.0,37.5,1.0,0.0
181e911098d5d4449430892a20537a641e070ebd2ee178a4020b1504850de0f2c80a92e046e58de1f4c5589befec2bff86545d435fd9d01200e35e6220c83b27,RAIN,DAYLIGHT,WET,FOLLOWING TOO CLOSELY,1.0,37.5,1.0,0.0
181e972a32caabfb56602175aa6e0d84f01c2c69130750b671ea3480f0b3d15b7bec3b0656867e636bf590b35d123d349df062a1e80dcf4fa484ad63bee7b060,CLEAR,"DARKNESS, LIGHTED ROAD",DRY,FAILING TO REDUCE SPEED TO AVOID CRASH,1.0,37.5,1.0,0.0
181ea30f9dc921559adb66d860c21835a54f100abc5c45f8d31cbdcb6a8e4936e0f95d9eb91f8698c85dda0fbb22e7b8b6211c4babce8dce5525a2b1db7e77cf,CLEAR,DAYLIGHT,DRY,IMPROPER OVERTAKING/PASSING,1.0,37.5,1.0,0.0
181edfd623a0bd56c9252c6003c6387f1329d64101019bea41c793f2181e2774ba98c586a230814162c10594bdc69cc12072017fb597208da5a2f4d85cc2f1f0,CLEAR,DAYLIGHT,DRY,FAILING TO REDUCE SPEED TO AVOID CRASH,1.0,37.5,1.0,0.0
181ee3c013fd8bf0148c6061312f298a8dd2f427d2ca3053df1d31e8ae35ce1b6209cd16a26b14ca7a507af9ff8a95b741f3f2392df3e8a86afa6714471bdc52,CLEAR,DAYLIGHT,DRY,IMPROPER LANE USAGE,1.0,37.5,1.0,0.0
181ee93281f06d1e71ee6e5b865e0d518fc87385bb04ab3043b0b97797664a529a7f6f7c5df9ab1e5f5bc06d41940ae8a17d91ea61adaedb6cb902233690b627,CLEAR,DAWN,WET,FAILING TO YIELD RIGHT-OF-WAY,1.0,37.5,1.0,0.0
181efa0ea59d2f0d61843cc2930a1ab94f17fb9143d0be5576b618fe14a2a7474c2e01a99be9703fda4e5b12ecd54b8a901fc39cd089232d78a1b524ab614449,CLEAR,DAYLIGHT,DRY,FAILING TO YIELD RIGHT-OF-WAY,1.0,37.5,1.0,0.0
181f011f4f2df9d45ddd879c3815c4960f2effdcaedc0ce7e37d1611d1b9ec917ffb757a44d607e6b9a6fe877d26ecd35b89c3823cb9d24fd0236ef373ca669b,CLEAR,"DARKNESS, LIGHTED ROAD",DRY,FAILING TO YIELD RIGHT-OF-WAY,1.0,37.5,1.0,0.0
181f1b546cd0c1b951f9db5c3dbcf54f537eff6b888a3f9b3b00e97cc0eaa5ca303a033d3f8031c04f539685b39f73ed33a449f3d12a4de22645eb20bc6e4915,CLEAR,DAYLIGHT,DRY,IMPROPER BACKING,1.0,37.5,1.0,0.0
181f40522e2c57011449d386186d2fa1e8eadc3c6cd0aff02a85e9e2497103285f87193a80bc68ac372475c3db521ce4c30039b71a9fe8ebcf2514b43303d627,RAIN,DAYLIGHT,WET,IMPROPER TURNING/NO SIGNAL,1.0,37.5,1.0,0.0
181f79152b96eb0cd28e492bd48329376f6b28be6fd87758b9a326f0fca44ede840d2cdaba8dec2eadf5e2d0a6887d79303a5ec41b0525fac64d8cdcae5fd2d4,FOG/SMOKE/HAZE,DUSK,UNKNOWN,FAILING TO YIELD RIGHT-OF-WAY,1.0,37.5,1.0,0.0
181f8065170e0f6129ab65d4aa52a5325fc830d2ba194080b89d0d1408643890f4b407a1ae0c04fc373cb5f43b3a6c0feb2662692cb4861b02d5a51767c4863b,SEVERE CROSS WIND GATE,DAYLIGHT,DRY,WEATHER,1.0,37.5,1.0,0.0
181f8c838ee2a7d5539170116494c8d39ab5b4e7e99a5468e3b086fde9a0894322aa13568d19437928efa8e64e91e9b01b16d72bdf1b0548d1f9767d855b9d68,CLEAR,DAYLIGHT,DRY,FAILING TO YIELD RIGHT-OF-WAY,1.0,37.5,1.0,0.0
181fa5e65510e735a29d1f1a61235697c537530bdb8625a10eccf39c9a02ca1bac350b5df2ae896eee8540a9e2777101110cbaf1d88e32312f18aded424a0062,RAIN,"DARKNESS, LIGHTED ROAD",WET,EXCEEDING AUTHORIZED SPEED LIMIT,1.0,37.5,1.0,0.0
181fb35c4187de7c9f506b0b0bea6899f9f114519f3493088860d5990c9d516ee246883264118d971d287befedc5490ff16ab4b653e6f6589ed693a18470d3e8,CLEAR,DAYLIGHT,SNOW OR SLUSH,IMPROPER BACKING,1.0,37.5,1.0,0.0
1820399c3ca63b1c6c3856c0f7fb1a50e6f3384df13d6ad45d81b258ceda1c2712c3f5605f86845ffc24cabb0bd912fec2d3db5a790282dd41ba766e15cc6e1b,CLEAR,"DARKNESS, LIGHTED ROAD",UNKNOWN,FOLLOWING TOO CLOSELY,1.0,37.5,1.0,0.0
182065c289714153d3e1878a28a4000ef33c8703b956c0ff0ec1ba6f5f3fee0a60191d71d3fa5aed9266685477869fcd46de4eafacd87baf81571f5ba69c8b18,CLEAR,DUSK,DRY,DRIVING SKILLS/KNOWLEDGE/EXPERIENCE,1.0,37.5,1.0,0.0
182082e3be1e88e7405f1513fe145e2387a890424d89599c2c97111b46364ce87bdf1cc1c982f0099fa9c1e4129f271c020240ecc67054092cb9efd9f1bfb55a,CLEAR,DAYLIGHT,DRY,IMPROPER TURNING/NO SIGNAL,1.0,37.5,1.0,0.0
18208c41e915e13212b24bde559ce593de2e44e2895e88aab9031905d981075fbadb117884031d7e2b2c727e39660db95fef1f4cd53061749f1cb9706194d272,CLEAR,DAYLIGHT,DRY,FAILING TO YIELD RIGHT-OF-WAY,1.0,37.5,1.0,0.0
1820b54805214a9fab968b31bfbb5db711e92b4106417fd32d85698204534e06901b7759e14b6bc777a21628481a7c45e1275b445615a1ac09f280132d596896,CLEAR,DAYLIGHT,DRY,IMPROPER OVERTAKING/PASSING,1.0,37.5,1.0,0.0
1820cfe968c8a7d5a2ba01cf4b9339edc27dba541e7fab4663ec0c5b230bd0b7f1c817d09ad0986e1e6413b143e216d52628d8aeb62a25c6d027d7d93b1580fd,CLOUDY/OVERCAST,DAYLIGHT,WET,FOLLOWING TOO CLOSELY,1.0,37.5,1.0,0.0
1820e14b85dfd05db8450f57d1957a244424b449910e7863f88f4c1001cc4803eb3840fd85470b65a6851f0a88dec6899d8a356b13164ccb69b99d3f4ebc13ac,CLEAR,"DARKNESS, LIGHTED ROAD",DRY,DRIVING SKILLS/KNOWLEDGE/EXPERIENCE,1.0,37.5,1.0,0.0
182107758dfb05c726ab203eb37484ae6850dfdb1575e38a12367f69f792844e123e7f9f6296b4bd7cceec40d67fc6dd2f78cc4dcd62767d9d7cf09c6b4e89c7,CLEAR,DAYLIGHT,DRY,IMPROPER TURNING/NO SIGNAL,1.0,37.5,1.0,0.0
182125ab06883e2b22a8a7618909f4a3999ede9255ef1562233446f36991615b951b7f8505a4a863c2b78437dc394f4e61468840c3debfd84a9f80ab924f160b,RAIN,DAYLIGHT,WET,FAILING TO YIELD RIGHT-OF-WAY,1.0,37.5,1.0,0.0
18212645a638648607db09142b4d92ad498cead8091c23b6047f1e5774b85084842ceb15f5e5d952ae1958c06f0090595c33053c71e19ab06c67aafec387f878,CLEAR,DAYLIGHT,DRY,IMPROPER LANE USAGE,1.0,37.5,1.0,0.0
18212b757a31184c6cd4d55457f31f0a388ebdd941fa80b473b558dfc4c2a17474a6f763d845a35e0c51976682b5469926432671e4842f2e75e997fd1314d42d,CLEAR,DAYLIGHT,DRY,IMPROPER OVERTAKING/PASSING,1.0,37.5,1.0,0.0
18212ffddcd45959576c5fefacfa1f24ff9b99bc1ea360c42e27397ca75cb13d3b63a37fd5b1681f78543296f3e393a03967b9e7a1319c4dd0a2287642cc20a7,SNOW,"DARKNESS, LIGHTED ROAD",DRY,DRIVING ON WRONG SIDE/WRONG WAY,1.0,37.5,1.0,0.0
18213b61f8a3dd399d8f8485dab1e6f02a8987a55126c4063f5e687548de572ada9a3a82f65774267531b4b5c975a451e41f8f66b7906182ce5b5467b2ef9e5d,RAIN,DARKNESS,WET,WEATHER,1.0,37.5,1.0,0.0
18216c39dfb4305a86182a8b75576fbc21ae528393c4ed6f4dcc6c687e892c24c9670ede81742d58552cc20ab9226c12d5838c5fa26b20db9d500960d14007c5,CLEAR,DAYLIGHT,DRY,DISTRACTION - FROM OUTSIDE VEHICLE,1.0,37.5,1.0,0.0
18216ea2df0ffba67aa115e5ebe142085ec5446e7a93f61b7f7e23401ecfeb6cd3f393e74b3b8c0a98e52131accaea4681bc1503ea8dc9b9ae897e9e14247ef8,CLOUDY/OVERCAST,DAYLIGHT,DRY,FAILING TO YIELD RIGHT-OF-WAY,1.0,37.5,1.0,0.0
182172bdf6c14046c56b2c687dd19d8835ca517f02ac782b8493655bef67690db84cf2d73b95ddf44249caa1d353464c08ee931af6798acd1a90e8e6b8de1369,RAIN,DAYLIGHT,WET,FOLLOWING TOO CLOSELY,1.0,37.5,1.0,0.0
18219031a6a561a55858ae83a2d440590a5612f851cfc64b5c045cdd1946bf5f86154f3d17476df431384e1bcf3e3eba749cfff9c20b32a612108bd5440f6ffe,CLEAR,DAWN,DRY,IMPROPER BACKING,1.0,37.5,1.0,0.0
18219dd4d582956da1327fd55d12d8c683bfaf858cfa3dc59f113ec32bc1e7f30f3d45c0206836be1251d9326032d8acb2018ad68727bc2208663685f3a6f2b4,CLEAR,"DARKNESS, LIGHTED ROAD",DRY,FAILING TO REDUCE SPEED TO AVOID CRASH,1.0,37.5,1.0,0.0
1821c4377ec7275027d1ed5fe01b29ce644c881bbaca6706e3848c1daf613870aaa2b6970d52e1b0180ed10d131228feef0d8c6ea463508069a7e159af8becbf,CLEAR,DAYLIGHT,DRY,DISREGARDING TRAFFIC SIGNALS,1.0,37.5,1.0,0.0
1822062b2d5281df787d37178c476c7b1d65ef92144e990269dd116a51d36dd0324c9a9c8aed0983c2e3452c9618bee45a23c66f64e6bad70c1b93ac5d8d0a02,CLEAR,"DARKNESS, LIGHTED ROAD",DRY,DISTRACTION - FROM OUTSIDE VEHICLE,1.0,37.5,1.0,0.0
18221c212c8633c0b0ee1f1f249acc1055dd36b4fbab33c59f65036aff8258bf25d9aa623017edd86121dc12e3c4c4a181a7dfd4f952ed750bc55aa544a7d4ec,CLEAR,DAYLIGHT,DRY,FAILING TO REDUCE SPEED TO AVOID CRASH,1.0,37.5,1.0,0.0
18224032eab8f8775be1ab3681d2dba4adf1f20266e049229e405b2f7778bbb62680702ce397fcda8e9fcc7dc2301870c4db3c2a54181fa2a9befe9588b801a3,CLEAR,DAYLIGHT,DRY,FAILING TO YIELD RIGHT-OF-WAY,1.0,37.5,1.0,0.0
18224832770cd30d01769bf7ca0fd7202c5c55f4fad09ac509473837d3991d6c373e2c3d3cd329e1d86f30f925ac80bd20ca0f9f6b59669b525eea4ebcbc7901,CLEAR,DAYLIGHT,DRY,FOLLOWING TOO CLOSELY,1.0,37.5,1.0,0.0
18224b53f6328f404282261fb216f9d1ae9b3e84388233347e51481594a68f0923f0878c00d180d6d86a3ce931a5796909c0562abfec915fb20a719eeb8a8301,CLEAR,"DARKNESS, LIGHTED ROAD",DRY,FOLLOWING TOO CLOSELY,1.0,37.5,1.0,0.0
182257d183c6ea666a32aab070a0e2c4ccff298dbe5c3823a4fa9cf7ab6e94d4189b6735d82ec2d6cebd3bbbcdcb8d0b7173e8a1cd3775d679be158e59e2eada,CLEAR,DAYLIGHT,DRY,IMPROPER OVERTAKING/PASSING,1.0,37.5,1.0,0.0
182274fec95d5d17363475c45d2a9cb0d9c9c37246d42e5cabdbdf89ff44be9be2930c4afced061bbad1ff9bec5aa5033c76170ab6e896c836637fa2c9b6f9d8,CLEAR,DAYLIGHT,DRY,IMPROPER TURNING/NO SIGNAL,1.0,37.5,1.0,0.0
182278a08c78733ffc610bb0dd64c23aa4a20de4aff48358221dbac9ea42aba9d9b694fe9f40c306106e496d7e1d40859849f683f8ae83bee8b145051e574c61,CLEAR,DAYLIGHT,SNOW OR SLUSH,FOLLOWING TOO CLOSELY,1.0,37.5,1.0,0.0
18229696260b0cde17ea34f345f87a921c576758d874bdb7dac3e9d24b1cafc921826d3088af69930b73e91f12011afb395dc0bf74da31b68788509cb50aee81,UNKNOWN,UNKNOWN,UNKNOWN,IMPROPER LANE USAGE,1.0,37.5,1.0,0.0
1822bd2d718005c27aa907ff1a0d8b0b0c8ca0e38e89396ce3305e8d7d5ce6661b554228595e207267eda4ecdd1e5c766d6eb2a403792dc2d873c924ea699c60,CLEAR,DAYLIGHT,DRY,FOLLOWING TOO CLOSELY,1.0,37.5,1.0,0.0
1822c5078041204f73461987a8f63e8641511204e55e2c7530016c2f2cbf2015ef56dd02f58e54ce4c0c4d2a98440d5ee76c09ab371687e647a85baf50337a8d,CLEAR,DAYLIGHT,DRY,IMPROPER TURNING/NO SIGNAL,1.0,37.5,1.0,0.0
1822cfb27a003899cd44cbe6bc4c0f35cf7ff8ef75796b85e39f533da609ad5a257f17d36d145a1ea9625749349845feac8832a257d7dbb1a4ddc32406792afb,CLEAR,"DARKNESS, LIGHTED ROAD",DRY,DISREGARDING STOP SIGN,1.0,37.5,1.0,0.0
1822def9d11e5fd787093658d9a2f499156318414097ed48d1252ff56147ffa51ba7c74bc7e76ac903f154287d70f759bd7a2786a2a6dbe2de79258ea3a7d230,CLEAR,DAYLIGHT,DRY,DISREGARDING TRAFFIC SIGNALS,1.0,37.5,1.0,0.0
1822f505123f023510759787d9b1c3fabe843796543ff73b8116dbd75fad180be9c163d5ce3b0cf9a8dd77ca8ea80723806d64c4a25aea03254e663f19b61f27,CLEAR,"DARKNESS, LIGHTED ROAD",DRY,DISREGARDING TRAFFIC SIGNALS,1.0,37.5,1.0,0.0
1823072a1d95eb03a46681dbf625c5bff4256290b282270315ffd046f6f2fff1d9fa6303f60c361d2f4f5f8f1614d496ec9f88ccb0f93c62494da0b25e6d9988,SNOW,"DARKNESS, LIGHTED ROAD",ICE,WEATHER,1.0,37.5,1.0,0.0
182307c9ac3cb6625b46e31f31d9c55027bab1d2028f344f90eaa6a94fb16e38391d8d1571422d4331a26253ae2272dcb8f212f722c564230e2b2c15116bbdce,CLEAR,DARKNESS,DRY,IMPROPER BACKING,1.0,37.5,1.0,0.0
182372484ea0bd1878fcf61372b24dc5e9184b6fb18b8b2f431d9afcf1a346dd77f8c81fe022f3b6e1fd23031ab51fe1dc445589abca27794c1dbd77d73fd857,CLEAR,DAYLIGHT,DRY,IMPROPER BACKING,1.0,37.5,1.0,0.0
1823868a5b911fcc0c3fe0e91e870e4457bc59355e42ab10b6d216a44c807773c15642196fc2870c6629a6407431da699044978c07e6bcbe127dc20dbaab925e,CLEAR,DAYLIGHT,DRY,FAILING TO YIELD RIGHT-OF-WAY,1.0,37.5,1.0,0.0
1823c2fcb63c67c1c954dd0e432cf7fca75b4120680c96b7d5dfb66b52e01d1304c346f07d6ef5590c02e40fb81054fdd4c0892ae8f965c41e7e39e8b0905ccb,RAIN,"DARKNESS, LIGHTED ROAD",WET,FOLLOWING TOO CLOSELY,1.0,37.5,1.0,0.0
1823c429acc683ecb905ce34f5ae45046a120f10c71620b353b5d408106c8726ac4a6ac76fbe54c5aa3bb646bdf333c30b9fd2efd1fcf9bbc88aaaf223621c46,CLEAR,DAYLIGHT,DRY,FAILING TO YIELD RIGHT-OF-WAY,1.0,37.5,1.0,0.0
1823cf6fa4a37cfbd2f4d1dc3e04c89ed2ee08ac859c31f15d7b9e60a44d551f47308026ee85dcd49d061a46e68cf5f72c27035a1cf2fa2fd1b490920f5baad5,RAIN,"DARKNESS, LIGHTED ROAD",WET,DISTRACTION - FROM INSIDE VEHICLE,1.0,37.5,1.0,0.0
1823effe3d6ff6721d696c447df6cc2359764dfde8cf91a0d2f816ac5913fe5625edbafd1c5719e8660359748a71e2edfb77b6b63c6bfdc75b9f52f968c888fb,UNKNOWN,UNKNOWN,UNKNOWN,FOLLOWING TOO CLOSELY,1.0,37.5,1.0,0.0
1823fd5f785db1ce2e9d49ec724a32a1c580d57e5e4c0c8685736bb36d2b9cab78f1e3a2509b64f396bb1189c207d2099a8c5b723a340411bd099ee35a1752e6,CLEAR,DARKNESS,DRY,FOLLOWING TOO CLOSELY,1.0,37.5,1.0,0.0
18243b939cdf31a0e6c545a5669438aad0d4aa43014a149812becb9738f0b17ec0b4b2d07f14b505eaa0f9632a008d87924211452dcffb876b0528080bae0a37,CLEAR,DAYLIGHT,DRY,FOLLOWING TOO CLOSELY,1.0,37.5,1.0,0.0
18244b316d1d790fadeaa666d137cf9967071cb10eb6d96db52398dac17c809672d17530f1d589f21d8a906a931767e5717146cb17e106b5937cdedb394d4206,CLEAR,DAYLIGHT,DRY,DRIVING SKILLS/KNOWLEDGE/EXPERIENCE,1.0,37.5,1.0,0.0
18246b4b8121aaeaf105cc3a5429500c19622c20424a240b9c6c8477946f7409f177abf284426982ee9b6824e6d5684df58e8549f707f4eda3fb100aca8abb61,CLEAR,DAYLIGHT,DRY,FOLLOWING TOO CLOSELY,1.0,37.5,1.0,0.0
1824876528e688eba90e5fd987fa19eaddfc3c4108b1e0e6c05236efb9d0897eb2696ad7e8d1c5c95256b144563923857d648dfc29a165d9e72a47cec4e3c14d,CLEAR,DAYLIGHT,DRY,FOLLOWING TOO CLOSELY,1.0,37.5,1.0,0.0
1824a8769254c58f7c4d9481d84aca76f1044ca62092d4370e99063be86e045eb9f3d7231455d1c09cf5622362ae7123a5d6e2600d3dca1580f04676af6a6326,CLEAR,DAYLIGHT,DRY,IMPROPER OVERTAKING/PASSING,1.0,37.5,1.0,0.0
1824aeaab4ad972ea5d277a0568c7bcc3823cadaad9bab69892be13822026e65867c540a245e19f568602a995caa324f558b3e3d91d9c58764b402756da25dea,RAIN,DAYLIGHT,WET,IMPROPER BACKING,1.0,37.5,1.0,0.0
1824bf94bd88c5590227ac8b02549ae18490ea5c7d2984a25544b761b62777bc60d034520bde0da54bb42173a34b8bf2a79a433588454216e7d80d57805f682c,CLEAR,"DARKNESS, LIGHTED ROAD",DRY,FAILING TO YIELD RIGHT-OF-WAY,1.0,37.5,1.0,0.0
1824ce8ebec3b47ac154ba1147455e930a1bb5aa48abf4813ea62a0132e2213f571db9561b64ff00063af92f5dc0cca87baf57a0df8c2022d5b688548cd1e436,CLEAR,DAYLIGHT,DRY,DISTRACTION - FROM OUTSIDE VEHICLE,1.0,37.5,1.0,0.0
1824ee227eb3b6fac559c3f5e1f3cb981224ccd2eb4e099ccab2d07a2456ab95a391ebc08bb2e8379b3c5a5517df4c9af0da746e8d8f3e3f483ee7860e76d99d,CLEAR,DAYLIGHT,DRY,IMPROPER TURNING/NO SIGNAL,1.0,37.5,1.0,0.0
1824fbc11aca63986fe90c4f9d6611de00f5589d0707a22dafa5e4729138682d521528365d12479d1a3949ed8d77d457b12b9dcd385a6f63884d2babd2f8dd01,CLEAR,"DARKNESS, LIGHTED ROAD",WET,FOLLOWING TOO CLOSELY,1.0,37.5,1.0,0.0
18253d12f79f78afd16f95e096b329985749e2202132d080f6d4c5a931d990be8e1722c737d4bf22648e48c00f001f2f52f05aea47c3b402511340fa1b17f91c,CLEAR,DAYLIGHT,DRY,FAILING TO REDUCE SPEED TO AVOID CRASH,1.0,37.5,1.0,0.0
18254d3ba7687acd7b1c6a730e3654cf146b2f2ef8b61cf77f0d8dd57ae11ab1d810332c3ff5b8590aed5e0e090aa6660b2ba6d4b3bc20ab0e40d588a4797094,CLEAR,"DARKNESS, LIGHTED ROAD",DRY,DISREGARDING TRAFFIC SIGNALS,1.0,37.5,1.0,0.0
1825762a20e56c3b7ba63eb9bc86093c3f55705f449b7f5e312475fe3c52d7b110612df7706fb58f75f670e9df98dcc398a80685cb8e23d5aed8512cf1179f3a,CLEAR,DAYLIGHT,DRY,IMPROPER LANE USAGE,1.0,37.5,1.0,0.0
182578cda631d4d6be72e51344ba4d5484ce0542840655f2072a51f66672684377e8ea68216ff1cdcd0f4e69904a90d8315fa4a5a61b5dac8adff1c338cdc942,CLEAR,DAYLIGHT,DRY,DISREGARDING TRAFFIC SIGNALS,1.0,37.5,1.0,0.0
18259f2e88e77531a922763191a95f90b8f148c02aeaebc4a5c3c8ce7b553f6bf29378296c2f1e27b88d847522b89101675b2505464b5518ae79d4383901324a,CLEAR,"DARKNESS, LIGHTED ROAD",DRY,IMPROPER BACKING,1.0,37.5,1.0,0.0
1825b260f9376da7de4fb06f890ce79fdc586f6e717cd1c128b87c11e1160f73cd28364eec3b91ee62ee84e702ffbaffc47c0a04c84a52b6a46a16510a85326c,CLEAR,"DARKNESS, LIGHTED ROAD",DRY,DRIVING SKILLS/KNOWLEDGE/EXPERIENCE,1.0,37.5,1.0,0.0
1825b5ce0409bdfeb681b97d61b0abb70975cb562b75eea88b7b1663d41de7ad873a03bd1e1a61d2ebaf221e798b11b73b76ae086e79ab511e8ab167183969ff,CLEAR,DUSK,DRY,FOLLOWING TOO CLOSELY,1.0,37.5,1.0,0.0
182642ad055fc864180cdd4af9150ebfdd7cbe87db114c8132b6da29e221b5a3f1c50b2ebe861c18f494bf37bf3beb5ae89e57c7ea230546536ba7e1dbd55e9f,BLOWING SNOW,DARKNESS,UNKNOWN,FAILING TO YIELD RIGHT-OF-WAY,1.0,37.5,1.0,0.0
18265aab4535d6583dae40ebce1f6351525be4251dd312141764870ffd24cca39d81db498400bdec13ea6b57866dc92c299a5508c7485e5b5aeb8f3045c24668,CLEAR,"DARKNESS, LIGHTED ROAD",DRY,"OPERATING VEHICLE IN ERRATIC, RECKLESS, CARELESS, NEGLIGENT OR AGGRESSIVE MANNER",1.0,37.5,1.0,0.0
18267d1163a1e174179c42b196fad881b8bf0b97d6c225ed0a41b10cbc5e6e5f961ccf332a3c701080a5d6e3193bf906f8bca51791cf9f6efea49e64c2ecc012,CLEAR,"DARKNESS, LIGHTED ROAD",SNOW OR SLUSH,FOLLOWING TOO CLOSELY,1.0,37.5,1.0,0.0
182685a072fc8b2efd92d9e7758fbe72f711535027c509995c006c1eb44bcb841975a83a4a64d965786ceb06cf78b3dd6c83252ad487b711861e595a20b1d7b2,UNKNOWN,UNKNOWN,UNKNOWN,FAILING TO REDUCE SPEED TO AVOID CRASH,1.0,37.5,1.0,0.0
18268db12cdae0afa64d08676c6db2aee13214267b966ebd05fd8bc5213a26c18becdc2c5cd12418290648a88a43503610b459b856a43146c5affe34b69bab0d,CLEAR,DAYLIGHT,DRY,DRIVING ON WRONG SIDE/WRONG WAY,1.0,37.5,1.0,0.0
1826c9cb971e70146ea6e3720cbd2da7c30cdd8dc7403df3a5ccd4775c1113ae142d5caa01c1dcf521e1fb7e5cd790cdac93f5e99d2e87ced101fac041b73344,CLEAR,DAYLIGHT,DRY,ROAD ENGINEERING/SURFACE/MARKING DEFECTS,1.0,37.5,1.0,0.0
1826cea8c2c16a9510aee2540d8e8627a0488b5ba402f73da4898e44893a47b889c95d984abf7788bd624d951041d6e94c99620822e0c9c5380cc6e784059ad3,CLEAR,DUSK,DRY,FAILING TO REDUCE SPEED TO AVOID CRASH,1.0,37.5,1.0,0.0
1826d1f8d346409782f83b32a9d4bf0843049933d721d9048eb6d587fcc4638036a8e483fe657507855f0b22bb8284695f923e53007a5707955db3f19b899914,CLEAR,"DARKNESS, LIGHTED ROAD",DRY,IMPROPER LANE USAGE,1.0,37.5,1.0,0.0
1826d3eb88f0c4c69fd2af761de87a8934756714902ca25ec0a61ae0de5a49944b4ac0561ea63f833e6ab9d896162b125ee5549c8b1ae2bdd8592474bd1990a0,CLEAR,DAYLIGHT,DRY,FOLLOWING TOO CLOSELY,1.0,37.5,1.0,0.0
1826e031aaca0b4d753c5fb9ccd7ad2b3ccc8dccc7f05d66463d99b2abc40df14c22906f02c96960fe3edfa0cb8d39bcff138fcb18b136f461a7a87e4c552b9f,CLEAR,DAYLIGHT,DRY,DISREGARDING OTHER TRAFFIC SIGNS,1.0,37.5,1.0,0.0
18273eab1d7fe12d44ab8817f65a7f9c5f15a2c5538e8d26c88931200a6b100744e2f70c3c23d06fcf5b64a17da015282eb545dd62eef4c59be6c57653b6be29,CLEAR,"DARKNESS, LIGHTED ROAD",DRY,FAILING TO YIELD RIGHT-OF-WAY,1.0,37.5,1.0,0.0
182740f61ff529953d0609f79b4186289284846fef30b67ff7beb4f40ba8aff4e9c4e3f48c22da2815eed3a220b96a8570a487e1887db0a1e46dcb56263400c2,CLEAR,DAYLIGHT,DRY,DISREGARDING STOP SIGN,1.0,37.5,1.0,0.0
18274e89925954eefc2a0f7a1cb3e65649ba7940e39b86628b509ef864a759915b068dac74d57df33aa5f32a4bee0e550d02e2559a41201b4074b7d1e4789dcb,CLEAR,DAYLIGHT,DRY,IMPROPER TURNING/NO SIGNAL,1.0,37.5,1.0,0.0
182761f508f6734bff7d43e7e05af16574648073bf295e32dd15ae2910539eab8d33b33a5e43d806d4c290b8d3cbd1d90808b4da1ab87ad2a37f96251ea19db6,CLEAR,DAYLIGHT,DRY,IMPROPER BACKING,1.0,37.5,1.0,0.0
18277859d9c2c7a7224e9204c4e8640f7458c0bb0b16d367f742f00c5a14b8fc2bf4581c389ef82aa8f49e62287a92123156cf653a79a992a40df5cc75a75550,CLEAR,DAYLIGHT,DRY,IMPROPER BACKING,1.0,37.5,1.0,0.0
18284bb596f04cb2bd44e5f2d4bc416aec67cc80c3497fb1e6ecbcbe23d0396becdf6a66543ccbf84f7101df65b5fa26e1111124550532196a406737f1867a35,CLEAR,DAYLIGHT,DRY,FOLLOWING TOO CLOSELY,1.0,37.5,1.0,0.0
18289e1af095597a7c9180cb3ceb65ef9d0ec209ea7baccfdf2a03822231e7ee83ddf366fd851b7d28b1c14a6914902ddfd84c567ee1b798b8e6d460c949b42f,SLEET/HAIL,DAYLIGHT,SNOW OR SLUSH,DISREGARDING TRAFFIC SIGNALS,1.0,37.5,1.0,0.0
1829170ac9a6f77bd52eac3f437f33a85032f49d3d777229272b4cb9f759a9e94d888487fd16fc068eb3af94a748a2dc81674a375a5a9acfea4fe51e1ac91f08,CLEAR,DARKNESS,SNOW OR SLUSH,FAILING TO YIELD RIGHT-OF-WAY,1.0,37.5,1.0,0.0
1829305cdce159ae011ec0180a17c7569e8aeecbc8f68a15c88bc010038a7cc5e5764da6c66d3925975c6ea085b7771d918e98fab341d803f3b0385ef4d5897d,CLOUDY/OVERCAST,DAYLIGHT,WET,"VISION OBSCURED (SIGNS, TREE LIMBS, BUILDINGS, ETC.)",1.0,37.5,1.0,0.0
1829391127247f4a1cef1f5cb403d7f49f925adca554c525e8f0d8225ca7f6e1174aaa4acf0c64f0c2b991ae9f3a710de5d5f57b31fde9559d93e0788a04bbff,CLEAR,DAYLIGHT,DRY,DRIVING SKILLS/KNOWLEDGE/EXPERIENCE,1.0,37.5,1.0,0.0